rate_row_id,sellable_unit_id,unit_name,pricing_plan_id,is_base,date,max_stay
d7960a6b-e9eb-4707-8034-de218af4520d,dcad839e-9e6e-4be5-bd28-37c3baef5deb,1006 - Two Bedroom Apartment,0a69b523-45ae-40c9-a403-658d65557581,true,2026-07-05,31
844ec889-0063-4fe7-baa9-811e39734d9a,dcad839e-9e6e-4be5-bd28-37c3baef5deb,1006 - Two Bedroom Apartment,0a69b523-45ae-40c9-a403-658d65557581,true,2026-07-06,31
1d1e6a13-c6ea-4d82-9ed8-3002813bae0d,dcad839e-9e6e-4be5-bd28-37c3baef5deb,1006 - Two Bedroom Apartment,0a69b523-45ae-40c9-a403-658d65557581,true,2026-07-07,31
6b759000-a851-44b8-97ce-1200d8a15e43,dcad839e-9e6e-4be5-bd28-37c3baef5deb,1006 - Two Bedroom Apartment,0a69b523-45ae-40c9-a403-658d65557581,true,2026-07-08,31
40d2e065-d48d-49d2-b671-35d0fae5a029,dcad839e-9e6e-4be5-bd28-37c3baef5deb,1006 - Two Bedroom Apartment,0a69b523-45ae-40c9-a403-658d65557581,true,2026-07-09,31
b297488a-a84d-493a-9517-9b69d7f383ce,dcad839e-9e6e-4be5-bd28-37c3baef5deb,1006 - Two Bedroom Apartment,0a69b523-45ae-40c9-a403-658d65557581,true,2026-07-10,7
30623fe3-7fd2-4f7d-a8ed-00f34aab6af1,dcad839e-9e6e-4be5-bd28-37c3baef5deb,1006 - Two Bedroom Apartment,0a69b523-45ae-40c9-a403-658d65557581,true,2026-07-11,7
ba7c0e2d-58c7-4746-9198-f37fbf7b1b2d,dcad839e-9e6e-4be5-bd28-37c3baef5deb,1006 - Two Bedroom Apartment,0a69b523-45ae-40c9-a403-658d65557581,true,2026-07-12,7
12037b91-df8b-4b67-85d3-04f18510c84f,dcad839e-9e6e-4be5-bd28-37c3baef5deb,1006 - Two Bedroom Apartment,0a69b523-45ae-40c9-a403-658d65557581,true,2026-07-13,7
bc5c87d2-2dfd-4135-aa11-124297d76c01,dcad839e-9e6e-4be5-bd28-37c3baef5deb,1006 - Two Bedroom Apartment,0a69b523-45ae-40c9-a403-658d65557581,true,2026-07-14,7
b5bba4e6-dad3-4fc5-994c-4fb9a59809d3,dcad839e-9e6e-4be5-bd28-37c3baef5deb,1006 - Two Bedroom Apartment,0a69b523-45ae-40c9-a403-658d65557581,true,2026-07-15,7
eba7c856-171f-46c6-ae26-962c0584eb1b,dcad839e-9e6e-4be5-bd28-37c3baef5deb,1006 - Two Bedroom Apartment,0a69b523-45ae-40c9-a403-658d65557581,true,2026-07-16,7
8d60e019-e57b-440c-b55d-49e2758d820b,dcad839e-9e6e-4be5-bd28-37c3baef5deb,1006 - Two Bedroom Apartment,0a69b523-45ae-40c9-a403-658d65557581,true,2026-07-17,7
724fceb2-c72e-46cb-9fbd-c4c2d861203b,dcad839e-9e6e-4be5-bd28-37c3baef5deb,1006 - Two Bedroom Apartment,0a69b523-45ae-40c9-a403-658d65557581,true,2026-07-18,7
df24817c-d141-4cbe-b0c4-b81a3f41e2e8,dcad839e-9e6e-4be5-bd28-37c3baef5deb,1006 - Two Bedroom Apartment,0a69b523-45ae-40c9-a403-658d65557581,true,2026-07-19,31
078f4cce-3e1d-4666-9ef7-3728ce853d80,dcad839e-9e6e-4be5-bd28-37c3baef5deb,1006 - Two Bedroom Apartment,0a69b523-45ae-40c9-a403-658d65557581,true,2026-07-20,31
ff173144-4fc7-4613-9351-0fbb9903120d,dcad839e-9e6e-4be5-bd28-37c3baef5deb,1006 - Two Bedroom Apartment,0a69b523-45ae-40c9-a403-658d65557581,true,2026-07-21,31
b741dd5c-88ba-4b70-a6bb-d9b37756f1d0,dcad839e-9e6e-4be5-bd28-37c3baef5deb,1006 - Two Bedroom Apartment,0a69b523-45ae-40c9-a403-658d65557581,true,2026-07-22,31
565647d7-cda6-4fa2-86d4-f799b3223f93,dcad839e-9e6e-4be5-bd28-37c3baef5deb,1006 - Two Bedroom Apartment,0a69b523-45ae-40c9-a403-658d65557581,true,2026-07-23,31
a2def2ee-52a0-4cfe-a657-4611645463fb,dcad839e-9e6e-4be5-bd28-37c3baef5deb,1006 - Two Bedroom Apartment,0a69b523-45ae-40c9-a403-658d65557581,true,2026-07-24,31
5ff8c276-e3ba-4e76-8569-d145f55fe254,dcad839e-9e6e-4be5-bd28-37c3baef5deb,1006 - Two Bedroom Apartment,0a69b523-45ae-40c9-a403-658d65557581,true,2026-07-25,31
0cbd26ec-8d44-4991-93a9-415b51e31c72,dcad839e-9e6e-4be5-bd28-37c3baef5deb,1006 - Two Bedroom Apartment,0a69b523-45ae-40c9-a403-658d65557581,true,2026-07-26,31
cfb33782-f47a-48ac-9f46-53e074b46418,dcad839e-9e6e-4be5-bd28-37c3baef5deb,1006 - Two Bedroom Apartment,0a69b523-45ae-40c9-a403-658d65557581,true,2026-07-27,31
01baa3e3-b33b-4bb5-9c3d-3531b5a2e921,dcad839e-9e6e-4be5-bd28-37c3baef5deb,1006 - Two Bedroom Apartment,0a69b523-45ae-40c9-a403-658d65557581,true,2026-07-28,31
02848dd4-0430-4699-a744-1e52bde8549f,dcad839e-9e6e-4be5-bd28-37c3baef5deb,1006 - Two Bedroom Apartment,0a69b523-45ae-40c9-a403-658d65557581,true,2026-07-29,31
f6ea2db6-43f9-4606-96ef-ca1dbac65a9b,dcad839e-9e6e-4be5-bd28-37c3baef5deb,1006 - Two Bedroom Apartment,0a69b523-45ae-40c9-a403-658d65557581,true,2026-07-30,31
d395d8fb-5f9d-42ca-a916-f4241bb1380b,dcad839e-9e6e-4be5-bd28-37c3baef5deb,1006 - Two Bedroom Apartment,0a69b523-45ae-40c9-a403-658d65557581,true,2026-07-31,31
41f55d9d-b35d-4dae-a8e9-58b909abf174,dcad839e-9e6e-4be5-bd28-37c3baef5deb,1006 - Two Bedroom Apartment,0a69b523-45ae-40c9-a403-658d65557581,true,2026-08-01,31
df34994c-8936-4640-b376-efa7c5d499d7,dcad839e-9e6e-4be5-bd28-37c3baef5deb,1006 - Two Bedroom Apartment,0a69b523-45ae-40c9-a403-658d65557581,true,2026-08-02,31
9a6c26bf-d3d8-4f1a-b3d1-3c62e5aa6176,dcad839e-9e6e-4be5-bd28-37c3baef5deb,1006 - Two Bedroom Apartment,0a69b523-45ae-40c9-a403-658d65557581,true,2026-08-03,31
3d4d3a23-c7a6-4724-8501-c8a08d5fe400,dcad839e-9e6e-4be5-bd28-37c3baef5deb,1006 - Two Bedroom Apartment,0a69b523-45ae-40c9-a403-658d65557581,true,2026-08-04,31
b66fd2db-2e9e-4380-b4c6-24e390824daa,dcad839e-9e6e-4be5-bd28-37c3baef5deb,1006 - Two Bedroom Apartment,0a69b523-45ae-40c9-a403-658d65557581,true,2026-08-05,31
b3a23a59-0083-4554-944d-a4488c5324cd,dcad839e-9e6e-4be5-bd28-37c3baef5deb,1006 - Two Bedroom Apartment,0a69b523-45ae-40c9-a403-658d65557581,true,2026-08-06,31
136011f5-5814-449f-b645-a97a7ba1d449,dcad839e-9e6e-4be5-bd28-37c3baef5deb,1006 - Two Bedroom Apartment,0a69b523-45ae-40c9-a403-658d65557581,true,2026-08-07,31
072baa28-1751-4e90-9011-88536e36217b,dcad839e-9e6e-4be5-bd28-37c3baef5deb,1006 - Two Bedroom Apartment,0a69b523-45ae-40c9-a403-658d65557581,true,2026-08-08,31
2ccf4868-59a4-46e1-ab81-e5b2e90a5564,dcad839e-9e6e-4be5-bd28-37c3baef5deb,1006 - Two Bedroom Apartment,0a69b523-45ae-40c9-a403-658d65557581,true,2026-08-09,31
951c0629-6318-477c-8ec7-0acbac6435a0,dcad839e-9e6e-4be5-bd28-37c3baef5deb,1006 - Two Bedroom Apartment,0a69b523-45ae-40c9-a403-658d65557581,true,2026-08-10,31
c2ada9b8-ad47-4481-8e88-b6aad7daec2d,dcad839e-9e6e-4be5-bd28-37c3baef5deb,1006 - Two Bedroom Apartment,0a69b523-45ae-40c9-a403-658d65557581,true,2026-08-11,31
b1f75781-6801-4074-8d56-81a0ed8b3b23,dcad839e-9e6e-4be5-bd28-37c3baef5deb,1006 - Two Bedroom Apartment,0a69b523-45ae-40c9-a403-658d65557581,true,2026-08-12,31
614510ae-65bf-4bef-8120-b1918188d9b3,dcad839e-9e6e-4be5-bd28-37c3baef5deb,1006 - Two Bedroom Apartment,0a69b523-45ae-40c9-a403-658d65557581,true,2026-08-13,31
2436a12b-d0ee-4f00-97a4-f3b5b357a8ae,dcad839e-9e6e-4be5-bd28-37c3baef5deb,1006 - Two Bedroom Apartment,0a69b523-45ae-40c9-a403-658d65557581,true,2026-08-14,31
c2afa9d0-4bb4-48ff-a11e-623d5f2c835f,dcad839e-9e6e-4be5-bd28-37c3baef5deb,1006 - Two Bedroom Apartment,0a69b523-45ae-40c9-a403-658d65557581,true,2026-08-15,31
8f0ac0cc-039f-44fb-adbc-aa105cf07098,dcad839e-9e6e-4be5-bd28-37c3baef5deb,1006 - Two Bedroom Apartment,0a69b523-45ae-40c9-a403-658d65557581,true,2026-08-16,31
ba1111a2-69d0-422a-bb1c-18069af6a277,dcad839e-9e6e-4be5-bd28-37c3baef5deb,1006 - Two Bedroom Apartment,0a69b523-45ae-40c9-a403-658d65557581,true,2026-08-17,31
c05670cc-650f-468d-8fad-3035264d3118,dcad839e-9e6e-4be5-bd28-37c3baef5deb,1006 - Two Bedroom Apartment,0a69b523-45ae-40c9-a403-658d65557581,true,2026-08-18,31
54e7cc1f-c5a1-4338-b520-33498b810267,dcad839e-9e6e-4be5-bd28-37c3baef5deb,1006 - Two Bedroom Apartment,0a69b523-45ae-40c9-a403-658d65557581,true,2026-08-19,31
19fc015e-5b8e-493b-abce-1777a65b8c24,dcad839e-9e6e-4be5-bd28-37c3baef5deb,1006 - Two Bedroom Apartment,0a69b523-45ae-40c9-a403-658d65557581,true,2026-08-20,31
d435d1d7-4ad1-4599-aa9d-d6ccfc7efae9,dcad839e-9e6e-4be5-bd28-37c3baef5deb,1006 - Two Bedroom Apartment,0a69b523-45ae-40c9-a403-658d65557581,true,2026-08-21,31
463e9237-428f-49eb-b44c-41b5f1330749,dcad839e-9e6e-4be5-bd28-37c3baef5deb,1006 - Two Bedroom Apartment,0a69b523-45ae-40c9-a403-658d65557581,true,2026-08-22,31
46e02b8e-0d28-4869-a041-4a8abcafd90b,dcad839e-9e6e-4be5-bd28-37c3baef5deb,1006 - Two Bedroom Apartment,0a69b523-45ae-40c9-a403-658d65557581,true,2026-08-23,31
65e93121-3b95-4687-9a4a-16cb740ae72d,dcad839e-9e6e-4be5-bd28-37c3baef5deb,1006 - Two Bedroom Apartment,0a69b523-45ae-40c9-a403-658d65557581,true,2026-08-24,31
f2d8d483-69be-4931-bd3c-03b108b6cd20,dcad839e-9e6e-4be5-bd28-37c3baef5deb,1006 - Two Bedroom Apartment,0a69b523-45ae-40c9-a403-658d65557581,true,2026-08-25,31
ea7bb664-f4fa-40b6-b6df-3e1e5738d259,dcad839e-9e6e-4be5-bd28-37c3baef5deb,1006 - Two Bedroom Apartment,0a69b523-45ae-40c9-a403-658d65557581,true,2026-08-26,31
f30057ff-a9b7-4beb-984e-bd94076c8d40,dcad839e-9e6e-4be5-bd28-37c3baef5deb,1006 - Two Bedroom Apartment,0a69b523-45ae-40c9-a403-658d65557581,true,2026-08-27,31
9c484f22-b419-49dd-b031-3d91c59eca03,dcad839e-9e6e-4be5-bd28-37c3baef5deb,1006 - Two Bedroom Apartment,0a69b523-45ae-40c9-a403-658d65557581,true,2026-08-28,31
b826a2c3-2528-4ba3-844b-0bf3ae8700de,dcad839e-9e6e-4be5-bd28-37c3baef5deb,1006 - Two Bedroom Apartment,0a69b523-45ae-40c9-a403-658d65557581,true,2026-08-29,31
3ff9909b-1846-44cb-9569-2d62aafff12c,dcad839e-9e6e-4be5-bd28-37c3baef5deb,1006 - Two Bedroom Apartment,0a69b523-45ae-40c9-a403-658d65557581,true,2026-08-30,31
3b9b96b3-690d-42a0-b5fe-4e8903c82c71,dcad839e-9e6e-4be5-bd28-37c3baef5deb,1006 - Two Bedroom Apartment,0a69b523-45ae-40c9-a403-658d65557581,true,2026-08-31,31
77cfa29b-70f0-4f1a-b4cd-2eeeaefc99a6,dcad839e-9e6e-4be5-bd28-37c3baef5deb,1006 - Two Bedroom Apartment,0a69b523-45ae-40c9-a403-658d65557581,true,2026-09-01,31
e9fe0cce-72dd-4a1b-b682-9f78490ee0ba,dcad839e-9e6e-4be5-bd28-37c3baef5deb,1006 - Two Bedroom Apartment,0a69b523-45ae-40c9-a403-658d65557581,true,2026-09-02,31
ed56ccff-75f1-4566-b270-d5392662360f,dcad839e-9e6e-4be5-bd28-37c3baef5deb,1006 - Two Bedroom Apartment,0a69b523-45ae-40c9-a403-658d65557581,true,2026-09-03,31
64bee694-3198-4eae-83f8-ec733219487f,dcad839e-9e6e-4be5-bd28-37c3baef5deb,1006 - Two Bedroom Apartment,0a69b523-45ae-40c9-a403-658d65557581,true,2026-09-04,31
44e4d474-7674-40f2-9ea0-f06623c00ef2,dcad839e-9e6e-4be5-bd28-37c3baef5deb,1006 - Two Bedroom Apartment,0a69b523-45ae-40c9-a403-658d65557581,true,2026-09-05,31
b07cf785-e949-437b-82f8-2fb7109a4754,dcad839e-9e6e-4be5-bd28-37c3baef5deb,1006 - Two Bedroom Apartment,0a69b523-45ae-40c9-a403-658d65557581,true,2026-09-06,31
9ef94c72-e6aa-47c2-a26b-5c703c81dd0a,dcad839e-9e6e-4be5-bd28-37c3baef5deb,1006 - Two Bedroom Apartment,0a69b523-45ae-40c9-a403-658d65557581,true,2026-09-07,31
92a386d4-1f24-403a-b03e-e7656e93506c,dcad839e-9e6e-4be5-bd28-37c3baef5deb,1006 - Two Bedroom Apartment,0a69b523-45ae-40c9-a403-658d65557581,true,2026-09-08,31
6021f8ae-d945-4214-b0dd-5d7b2c94b715,dcad839e-9e6e-4be5-bd28-37c3baef5deb,1006 - Two Bedroom Apartment,0a69b523-45ae-40c9-a403-658d65557581,true,2026-09-09,31
44d7f99d-ea66-4282-8115-180f93597371,dcad839e-9e6e-4be5-bd28-37c3baef5deb,1006 - Two Bedroom Apartment,0a69b523-45ae-40c9-a403-658d65557581,true,2026-09-10,31
9b71d076-34e7-489f-b8c1-a1811bc78052,dcad839e-9e6e-4be5-bd28-37c3baef5deb,1006 - Two Bedroom Apartment,0a69b523-45ae-40c9-a403-658d65557581,true,2026-09-11,31
60e863aa-26a5-4acf-82d1-60c8bf4dc8cf,dcad839e-9e6e-4be5-bd28-37c3baef5deb,1006 - Two Bedroom Apartment,0a69b523-45ae-40c9-a403-658d65557581,true,2026-09-12,31
a8f094c2-c97b-4e0a-a401-562af4bc1df5,dcad839e-9e6e-4be5-bd28-37c3baef5deb,1006 - Two Bedroom Apartment,0a69b523-45ae-40c9-a403-658d65557581,true,2026-09-13,31
20b87ba6-9928-4e36-9838-71e1d5aa3067,dcad839e-9e6e-4be5-bd28-37c3baef5deb,1006 - Two Bedroom Apartment,0a69b523-45ae-40c9-a403-658d65557581,true,2026-09-14,31
2d25ced1-1f1c-41b2-8a2f-5d20c7e3d9c7,dcad839e-9e6e-4be5-bd28-37c3baef5deb,1006 - Two Bedroom Apartment,0a69b523-45ae-40c9-a403-658d65557581,true,2026-09-15,31
6b6371cd-85fb-48dc-bf65-5b908c498a93,dcad839e-9e6e-4be5-bd28-37c3baef5deb,1006 - Two Bedroom Apartment,0a69b523-45ae-40c9-a403-658d65557581,true,2026-09-16,31
a4e6af0e-e0f5-494e-871a-568964e722b4,dcad839e-9e6e-4be5-bd28-37c3baef5deb,1006 - Two Bedroom Apartment,0a69b523-45ae-40c9-a403-658d65557581,true,2026-09-17,31
00b1da76-1075-4863-b800-b6256bb098e5,dcad839e-9e6e-4be5-bd28-37c3baef5deb,1006 - Two Bedroom Apartment,0a69b523-45ae-40c9-a403-658d65557581,true,2026-09-18,31
67f773c5-411a-4fd7-a412-38625d8b5afa,dcad839e-9e6e-4be5-bd28-37c3baef5deb,1006 - Two Bedroom Apartment,0a69b523-45ae-40c9-a403-658d65557581,true,2026-09-19,31
581b7780-fd67-44d2-870e-9f56f288d4a9,dcad839e-9e6e-4be5-bd28-37c3baef5deb,1006 - Two Bedroom Apartment,0a69b523-45ae-40c9-a403-658d65557581,true,2026-09-20,31
c9fe5511-d8fc-45cb-8875-4c0e8f9da722,dcad839e-9e6e-4be5-bd28-37c3baef5deb,1006 - Two Bedroom Apartment,0a69b523-45ae-40c9-a403-658d65557581,true,2026-09-21,31
bdd6a1bf-ec9b-4aef-bba4-02db4c9a50a1,dcad839e-9e6e-4be5-bd28-37c3baef5deb,1006 - Two Bedroom Apartment,0a69b523-45ae-40c9-a403-658d65557581,true,2026-09-22,31
f3eeab76-755f-45be-a4c8-072a51df5df5,dcad839e-9e6e-4be5-bd28-37c3baef5deb,1006 - Two Bedroom Apartment,0a69b523-45ae-40c9-a403-658d65557581,true,2026-09-23,31
418c50da-e849-4dbf-89c9-f5d54da69835,dcad839e-9e6e-4be5-bd28-37c3baef5deb,1006 - Two Bedroom Apartment,0a69b523-45ae-40c9-a403-658d65557581,true,2026-09-24,31
85aa7215-fcda-4673-919b-8635b5192e5d,dcad839e-9e6e-4be5-bd28-37c3baef5deb,1006 - Two Bedroom Apartment,0a69b523-45ae-40c9-a403-658d65557581,true,2026-09-25,31
d6e8c016-e35f-4455-af30-5950aa74adae,dcad839e-9e6e-4be5-bd28-37c3baef5deb,1006 - Two Bedroom Apartment,0a69b523-45ae-40c9-a403-658d65557581,true,2026-09-26,31
a3914eb3-5852-4833-8ffc-13987fa76bf3,dcad839e-9e6e-4be5-bd28-37c3baef5deb,1006 - Two Bedroom Apartment,0a69b523-45ae-40c9-a403-658d65557581,true,2026-09-27,31
4e47f04f-f608-4694-9a2c-d4fa78d6721f,dcad839e-9e6e-4be5-bd28-37c3baef5deb,1006 - Two Bedroom Apartment,0a69b523-45ae-40c9-a403-658d65557581,true,2026-09-28,31
0ccdf03a-6c02-4d19-bacf-bfbd6c53da95,dcad839e-9e6e-4be5-bd28-37c3baef5deb,1006 - Two Bedroom Apartment,0a69b523-45ae-40c9-a403-658d65557581,true,2026-09-29,31
ef76926b-ad7d-48c9-b57b-d49eaf039bfd,dcad839e-9e6e-4be5-bd28-37c3baef5deb,1006 - Two Bedroom Apartment,0a69b523-45ae-40c9-a403-658d65557581,true,2026-09-30,31
83683e8b-ae89-4310-95a4-0f358856f7fb,dcad839e-9e6e-4be5-bd28-37c3baef5deb,1006 - Two Bedroom Apartment,0a69b523-45ae-40c9-a403-658d65557581,true,2026-10-01,31
394bced4-2fe1-48cc-a3dd-b542647323b3,dcad839e-9e6e-4be5-bd28-37c3baef5deb,1006 - Two Bedroom Apartment,0a69b523-45ae-40c9-a403-658d65557581,true,2026-10-02,31
edb26e14-5deb-48f0-a0d7-d9b8846e6c71,dcad839e-9e6e-4be5-bd28-37c3baef5deb,1006 - Two Bedroom Apartment,0a69b523-45ae-40c9-a403-658d65557581,true,2026-10-03,31
644ca0f3-fbfb-4c14-8bcd-2f6b2638b845,dcad839e-9e6e-4be5-bd28-37c3baef5deb,1006 - Two Bedroom Apartment,0a69b523-45ae-40c9-a403-658d65557581,true,2026-10-04,31
54d3406e-766c-4ff9-8214-fa16c9a315e3,dcad839e-9e6e-4be5-bd28-37c3baef5deb,1006 - Two Bedroom Apartment,0a69b523-45ae-40c9-a403-658d65557581,true,2026-10-05,31
1cf99845-76c6-44eb-aa10-abab6f118261,dcad839e-9e6e-4be5-bd28-37c3baef5deb,1006 - Two Bedroom Apartment,0a69b523-45ae-40c9-a403-658d65557581,true,2026-10-06,31
15c41b0d-1d58-468e-a267-cdad3a7abc07,dcad839e-9e6e-4be5-bd28-37c3baef5deb,1006 - Two Bedroom Apartment,0a69b523-45ae-40c9-a403-658d65557581,true,2026-10-07,31
1a743814-8539-4313-9e21-92b5afe990e4,dcad839e-9e6e-4be5-bd28-37c3baef5deb,1006 - Two Bedroom Apartment,0a69b523-45ae-40c9-a403-658d65557581,true,2026-10-08,31
e9a624cb-8d82-4f43-816b-5f53b3b5eafa,dcad839e-9e6e-4be5-bd28-37c3baef5deb,1006 - Two Bedroom Apartment,0a69b523-45ae-40c9-a403-658d65557581,true,2026-10-09,31
8947b320-5d90-4f3c-a793-8622e16a8fb2,dcad839e-9e6e-4be5-bd28-37c3baef5deb,1006 - Two Bedroom Apartment,0a69b523-45ae-40c9-a403-658d65557581,true,2026-10-10,31
03da44bd-5948-478b-8cab-94d84227cb94,dcad839e-9e6e-4be5-bd28-37c3baef5deb,1006 - Two Bedroom Apartment,0a69b523-45ae-40c9-a403-658d65557581,true,2026-10-11,31
eff3ae2f-4e4d-43f7-ab80-9091d03f8551,dcad839e-9e6e-4be5-bd28-37c3baef5deb,1006 - Two Bedroom Apartment,0a69b523-45ae-40c9-a403-658d65557581,true,2026-10-12,31
912162ff-6a00-4947-8154-6d4a8efb61bd,dcad839e-9e6e-4be5-bd28-37c3baef5deb,1006 - Two Bedroom Apartment,0a69b523-45ae-40c9-a403-658d65557581,true,2026-10-13,31
7eb171d1-c9c9-4aa5-8e25-0ffc21f9ebc9,dcad839e-9e6e-4be5-bd28-37c3baef5deb,1006 - Two Bedroom Apartment,0a69b523-45ae-40c9-a403-658d65557581,true,2026-10-14,31
2111781d-3d22-4edf-989f-967d07affe67,dcad839e-9e6e-4be5-bd28-37c3baef5deb,1006 - Two Bedroom Apartment,0a69b523-45ae-40c9-a403-658d65557581,true,2026-10-15,31
a5c59a45-d6f3-4551-8f7e-c3bff46bb7dc,dcad839e-9e6e-4be5-bd28-37c3baef5deb,1006 - Two Bedroom Apartment,0a69b523-45ae-40c9-a403-658d65557581,true,2026-10-16,31
380264be-d84d-4f8c-9506-e8a11f5cc0c0,dcad839e-9e6e-4be5-bd28-37c3baef5deb,1006 - Two Bedroom Apartment,0a69b523-45ae-40c9-a403-658d65557581,true,2026-10-17,31
d926fa5b-ee98-43e0-ac66-eec743c8ac93,dcad839e-9e6e-4be5-bd28-37c3baef5deb,1006 - Two Bedroom Apartment,0a69b523-45ae-40c9-a403-658d65557581,true,2026-10-18,31
31834d7e-f152-455c-b6b3-7169b29e3993,dcad839e-9e6e-4be5-bd28-37c3baef5deb,1006 - Two Bedroom Apartment,0a69b523-45ae-40c9-a403-658d65557581,true,2026-10-19,31
e528c67d-a33a-406f-b5e6-80d3c3c0cefe,dcad839e-9e6e-4be5-bd28-37c3baef5deb,1006 - Two Bedroom Apartment,0a69b523-45ae-40c9-a403-658d65557581,true,2026-10-20,31
51c7e551-4b3a-4cf4-8137-90ba7c4f1393,dcad839e-9e6e-4be5-bd28-37c3baef5deb,1006 - Two Bedroom Apartment,0a69b523-45ae-40c9-a403-658d65557581,true,2026-10-21,31
89ecbec1-82c5-4111-8db9-9d7aa5dd548b,dcad839e-9e6e-4be5-bd28-37c3baef5deb,1006 - Two Bedroom Apartment,0a69b523-45ae-40c9-a403-658d65557581,true,2026-10-22,31
4cdea75a-c7dc-4e72-940b-06384aef7366,dcad839e-9e6e-4be5-bd28-37c3baef5deb,1006 - Two Bedroom Apartment,0a69b523-45ae-40c9-a403-658d65557581,true,2026-10-23,31
c397426f-5672-41a1-93d7-536e7d4aaa61,dcad839e-9e6e-4be5-bd28-37c3baef5deb,1006 - Two Bedroom Apartment,0a69b523-45ae-40c9-a403-658d65557581,true,2026-10-24,31
1c150a5b-dd0c-4794-9894-da738f7efb28,dcad839e-9e6e-4be5-bd28-37c3baef5deb,1006 - Two Bedroom Apartment,0a69b523-45ae-40c9-a403-658d65557581,true,2026-10-25,31
21356517-56ff-46f4-9c36-39f4ff94bbc3,dcad839e-9e6e-4be5-bd28-37c3baef5deb,1006 - Two Bedroom Apartment,0a69b523-45ae-40c9-a403-658d65557581,true,2026-10-26,31
bd6c3176-cc8e-4d8f-acde-9af536f26e64,dcad839e-9e6e-4be5-bd28-37c3baef5deb,1006 - Two Bedroom Apartment,0a69b523-45ae-40c9-a403-658d65557581,true,2026-10-27,31
9bc39d07-0d6c-4be7-a7ac-ed8f5c76823f,dcad839e-9e6e-4be5-bd28-37c3baef5deb,1006 - Two Bedroom Apartment,0a69b523-45ae-40c9-a403-658d65557581,true,2026-10-28,31
c97b955a-7142-4df6-8b2a-2ef2f5adc305,dcad839e-9e6e-4be5-bd28-37c3baef5deb,1006 - Two Bedroom Apartment,0a69b523-45ae-40c9-a403-658d65557581,true,2026-10-29,31
5125e802-3578-440a-bcb9-099fcd27eee7,dcad839e-9e6e-4be5-bd28-37c3baef5deb,1006 - Two Bedroom Apartment,0a69b523-45ae-40c9-a403-658d65557581,true,2026-10-30,31
2d3ab568-a331-4bd8-b744-389e410cbbf1,dcad839e-9e6e-4be5-bd28-37c3baef5deb,1006 - Two Bedroom Apartment,0a69b523-45ae-40c9-a403-658d65557581,true,2026-10-31,31
ee44071a-dbfc-465b-be9b-9b363b8d806f,dcad839e-9e6e-4be5-bd28-37c3baef5deb,1006 - Two Bedroom Apartment,0a69b523-45ae-40c9-a403-658d65557581,true,2026-11-01,31
e8ea91ca-b18f-4e3c-afb2-e77b3d990a6e,dcad839e-9e6e-4be5-bd28-37c3baef5deb,1006 - Two Bedroom Apartment,0a69b523-45ae-40c9-a403-658d65557581,true,2026-11-02,31
1a022ea4-59b5-4fbd-a411-e03878528efe,dcad839e-9e6e-4be5-bd28-37c3baef5deb,1006 - Two Bedroom Apartment,0a69b523-45ae-40c9-a403-658d65557581,true,2026-11-03,31
a940ad5f-633a-4815-8208-14b911e8fe06,dcad839e-9e6e-4be5-bd28-37c3baef5deb,1006 - Two Bedroom Apartment,0a69b523-45ae-40c9-a403-658d65557581,true,2026-11-04,31
427fa4aa-539c-4fb6-a99b-9dda38222dd0,dcad839e-9e6e-4be5-bd28-37c3baef5deb,1006 - Two Bedroom Apartment,0a69b523-45ae-40c9-a403-658d65557581,true,2026-11-05,31
f11a32e1-e617-4ccd-b329-e5bca1a8246a,dcad839e-9e6e-4be5-bd28-37c3baef5deb,1006 - Two Bedroom Apartment,0a69b523-45ae-40c9-a403-658d65557581,true,2026-11-06,31
04e7197a-4cda-4513-ba2f-5e7cf228e781,dcad839e-9e6e-4be5-bd28-37c3baef5deb,1006 - Two Bedroom Apartment,0a69b523-45ae-40c9-a403-658d65557581,true,2026-11-07,31
2ad425ab-6020-4efd-90b8-a692cc926355,dcad839e-9e6e-4be5-bd28-37c3baef5deb,1006 - Two Bedroom Apartment,0a69b523-45ae-40c9-a403-658d65557581,true,2026-11-08,31
67217760-ebc4-4fd1-9abb-338a9bf7e8a2,dcad839e-9e6e-4be5-bd28-37c3baef5deb,1006 - Two Bedroom Apartment,0a69b523-45ae-40c9-a403-658d65557581,true,2026-11-09,31
81cb816b-5884-4cfc-96fe-d001994cb52e,dcad839e-9e6e-4be5-bd28-37c3baef5deb,1006 - Two Bedroom Apartment,0a69b523-45ae-40c9-a403-658d65557581,true,2026-11-10,31
803edbc5-54f8-4b24-9c9e-9e24bbf363a9,dcad839e-9e6e-4be5-bd28-37c3baef5deb,1006 - Two Bedroom Apartment,0a69b523-45ae-40c9-a403-658d65557581,true,2026-11-11,31
bcaad3c1-99d8-4788-a772-e0942df49952,dcad839e-9e6e-4be5-bd28-37c3baef5deb,1006 - Two Bedroom Apartment,0a69b523-45ae-40c9-a403-658d65557581,true,2026-11-12,31
95a38a9a-9c3c-40ab-9eff-abd47d355819,dcad839e-9e6e-4be5-bd28-37c3baef5deb,1006 - Two Bedroom Apartment,0a69b523-45ae-40c9-a403-658d65557581,true,2026-11-13,31
e30bf73c-0895-4ffa-839e-e18b33af5e31,dcad839e-9e6e-4be5-bd28-37c3baef5deb,1006 - Two Bedroom Apartment,0a69b523-45ae-40c9-a403-658d65557581,true,2026-11-14,31
aaa313c6-ffc8-4d7e-a594-d59d1816123c,dcad839e-9e6e-4be5-bd28-37c3baef5deb,1006 - Two Bedroom Apartment,0a69b523-45ae-40c9-a403-658d65557581,true,2026-11-15,31
3f9d2d4e-4580-4d4e-ba97-3e144dadf478,dcad839e-9e6e-4be5-bd28-37c3baef5deb,1006 - Two Bedroom Apartment,0a69b523-45ae-40c9-a403-658d65557581,true,2026-11-16,31
faddf2ca-0c5d-42a6-b592-d97f3f157e2c,dcad839e-9e6e-4be5-bd28-37c3baef5deb,1006 - Two Bedroom Apartment,0a69b523-45ae-40c9-a403-658d65557581,true,2026-11-17,31
235f8894-360a-4dbc-a02e-7361907c5e0a,dcad839e-9e6e-4be5-bd28-37c3baef5deb,1006 - Two Bedroom Apartment,0a69b523-45ae-40c9-a403-658d65557581,true,2026-11-18,31
894ee357-7141-49e1-97cd-c7329e42da8d,dcad839e-9e6e-4be5-bd28-37c3baef5deb,1006 - Two Bedroom Apartment,0a69b523-45ae-40c9-a403-658d65557581,true,2026-11-19,31
51e0cd71-746a-4301-806c-a13f1fbc0478,dcad839e-9e6e-4be5-bd28-37c3baef5deb,1006 - Two Bedroom Apartment,0a69b523-45ae-40c9-a403-658d65557581,true,2026-11-20,31
0b90d5a8-bbe4-44f3-b1b6-19e205070351,dcad839e-9e6e-4be5-bd28-37c3baef5deb,1006 - Two Bedroom Apartment,0a69b523-45ae-40c9-a403-658d65557581,true,2026-11-21,31
691fdb14-9fe8-4f15-a52d-52c27d664627,dcad839e-9e6e-4be5-bd28-37c3baef5deb,1006 - Two Bedroom Apartment,0a69b523-45ae-40c9-a403-658d65557581,true,2026-11-22,31
2931a474-277e-4e2a-afa1-b373396991a4,dcad839e-9e6e-4be5-bd28-37c3baef5deb,1006 - Two Bedroom Apartment,0a69b523-45ae-40c9-a403-658d65557581,true,2026-11-23,31
da7ef8a8-a9c7-477f-8e0a-a8d2ac1cf58e,dcad839e-9e6e-4be5-bd28-37c3baef5deb,1006 - Two Bedroom Apartment,0a69b523-45ae-40c9-a403-658d65557581,true,2026-11-24,31
646163e0-4b3d-48cb-b708-e2b974fdc678,dcad839e-9e6e-4be5-bd28-37c3baef5deb,1006 - Two Bedroom Apartment,0a69b523-45ae-40c9-a403-658d65557581,true,2026-11-25,31
e955bd6e-7d09-4887-8e56-b9f5599a70f7,dcad839e-9e6e-4be5-bd28-37c3baef5deb,1006 - Two Bedroom Apartment,0a69b523-45ae-40c9-a403-658d65557581,true,2026-11-26,31
bc136773-6978-4dfd-810a-19daeee1b3b5,dcad839e-9e6e-4be5-bd28-37c3baef5deb,1006 - Two Bedroom Apartment,0a69b523-45ae-40c9-a403-658d65557581,true,2026-11-27,31
7648e184-f82f-40eb-a3b1-3dc70eea04bb,dcad839e-9e6e-4be5-bd28-37c3baef5deb,1006 - Two Bedroom Apartment,0a69b523-45ae-40c9-a403-658d65557581,true,2026-11-28,31
5c34f260-9134-4389-8e0e-bb768798d23c,dcad839e-9e6e-4be5-bd28-37c3baef5deb,1006 - Two Bedroom Apartment,0a69b523-45ae-40c9-a403-658d65557581,true,2026-11-29,31
bb4e4ff7-9f0d-4e58-9f9d-5a5ccea9b064,dcad839e-9e6e-4be5-bd28-37c3baef5deb,1006 - Two Bedroom Apartment,0a69b523-45ae-40c9-a403-658d65557581,true,2026-11-30,31
2d0da218-0a3c-4011-9c25-49904686326d,dcad839e-9e6e-4be5-bd28-37c3baef5deb,1006 - Two Bedroom Apartment,0a69b523-45ae-40c9-a403-658d65557581,true,2026-12-01,31
24180895-4017-48cf-b06a-b0518353943a,dcad839e-9e6e-4be5-bd28-37c3baef5deb,1006 - Two Bedroom Apartment,0a69b523-45ae-40c9-a403-658d65557581,true,2026-12-02,31
dc7d7375-cf55-4da1-a2f3-e418181177f6,dcad839e-9e6e-4be5-bd28-37c3baef5deb,1006 - Two Bedroom Apartment,0a69b523-45ae-40c9-a403-658d65557581,true,2026-12-03,31
359a4aca-4195-4161-820c-b7ed896a727b,dcad839e-9e6e-4be5-bd28-37c3baef5deb,1006 - Two Bedroom Apartment,0a69b523-45ae-40c9-a403-658d65557581,true,2026-12-04,31
b15557e7-8630-468b-b2c6-9d9273d56aee,dcad839e-9e6e-4be5-bd28-37c3baef5deb,1006 - Two Bedroom Apartment,0a69b523-45ae-40c9-a403-658d65557581,true,2026-12-05,31
13f43938-6c4f-4411-998e-f13a036d2860,dcad839e-9e6e-4be5-bd28-37c3baef5deb,1006 - Two Bedroom Apartment,0a69b523-45ae-40c9-a403-658d65557581,true,2026-12-06,31
cd1acd13-5e4f-4303-b4c6-5266d2bece24,dcad839e-9e6e-4be5-bd28-37c3baef5deb,1006 - Two Bedroom Apartment,0a69b523-45ae-40c9-a403-658d65557581,true,2026-12-07,31
02c8d8d2-6dda-4a84-be5e-35237408d991,dcad839e-9e6e-4be5-bd28-37c3baef5deb,1006 - Two Bedroom Apartment,0a69b523-45ae-40c9-a403-658d65557581,true,2026-12-08,31
0424fde5-8cb9-4313-a2d3-69077f3cda3a,dcad839e-9e6e-4be5-bd28-37c3baef5deb,1006 - Two Bedroom Apartment,0a69b523-45ae-40c9-a403-658d65557581,true,2026-12-09,31
05e7c365-5d95-4937-8947-6deadcd8b87c,dcad839e-9e6e-4be5-bd28-37c3baef5deb,1006 - Two Bedroom Apartment,0a69b523-45ae-40c9-a403-658d65557581,true,2026-12-10,31
02d5cf3b-99d3-4077-9843-0cad11fb50d2,dcad839e-9e6e-4be5-bd28-37c3baef5deb,1006 - Two Bedroom Apartment,0a69b523-45ae-40c9-a403-658d65557581,true,2026-12-11,31
dab36a8c-3072-42db-89cf-b76521804a65,dcad839e-9e6e-4be5-bd28-37c3baef5deb,1006 - Two Bedroom Apartment,0a69b523-45ae-40c9-a403-658d65557581,true,2026-12-12,31
06b7038c-f07e-4a1c-9746-4dbb40054c8e,dcad839e-9e6e-4be5-bd28-37c3baef5deb,1006 - Two Bedroom Apartment,0a69b523-45ae-40c9-a403-658d65557581,true,2026-12-13,31
47b50f54-1d34-4312-beb3-52e5741b4d38,dcad839e-9e6e-4be5-bd28-37c3baef5deb,1006 - Two Bedroom Apartment,0a69b523-45ae-40c9-a403-658d65557581,true,2026-12-14,31
2555beb5-2420-489b-bf5e-0ffdb3451c31,dcad839e-9e6e-4be5-bd28-37c3baef5deb,1006 - Two Bedroom Apartment,0a69b523-45ae-40c9-a403-658d65557581,true,2026-12-15,31
386e94fa-50d1-4310-a8cc-f33fcfdd3f78,dcad839e-9e6e-4be5-bd28-37c3baef5deb,1006 - Two Bedroom Apartment,0a69b523-45ae-40c9-a403-658d65557581,true,2026-12-16,31
9445b95d-e0b0-4772-99bd-c21b89851db8,dcad839e-9e6e-4be5-bd28-37c3baef5deb,1006 - Two Bedroom Apartment,0a69b523-45ae-40c9-a403-658d65557581,true,2026-12-17,31
78240b75-fb0e-4918-b01d-ee32278ec955,dcad839e-9e6e-4be5-bd28-37c3baef5deb,1006 - Two Bedroom Apartment,0a69b523-45ae-40c9-a403-658d65557581,true,2026-12-18,31
89f164d0-d3ad-4a79-b08c-ee01afbc53cc,dcad839e-9e6e-4be5-bd28-37c3baef5deb,1006 - Two Bedroom Apartment,0a69b523-45ae-40c9-a403-658d65557581,true,2026-12-19,31
ae645718-1dd0-4b1c-919f-7ddeeeff276a,dcad839e-9e6e-4be5-bd28-37c3baef5deb,1006 - Two Bedroom Apartment,0a69b523-45ae-40c9-a403-658d65557581,true,2026-12-20,31
3c03577d-ef2c-4012-97bc-4941976aafc0,dcad839e-9e6e-4be5-bd28-37c3baef5deb,1006 - Two Bedroom Apartment,0a69b523-45ae-40c9-a403-658d65557581,true,2026-12-21,31
6e7f3b6b-eaca-4ef6-ac35-52965f1b558f,dcad839e-9e6e-4be5-bd28-37c3baef5deb,1006 - Two Bedroom Apartment,0a69b523-45ae-40c9-a403-658d65557581,true,2026-12-22,31
8430e09c-457e-4fe5-8f4d-49198b33ebd2,dcad839e-9e6e-4be5-bd28-37c3baef5deb,1006 - Two Bedroom Apartment,0a69b523-45ae-40c9-a403-658d65557581,true,2026-12-23,31
04644710-4d90-4cf6-bcfc-873c3e09d945,dcad839e-9e6e-4be5-bd28-37c3baef5deb,1006 - Two Bedroom Apartment,0a69b523-45ae-40c9-a403-658d65557581,true,2026-12-24,31
afce8d02-d5fd-4495-bee6-5f2ac68d30dd,dcad839e-9e6e-4be5-bd28-37c3baef5deb,1006 - Two Bedroom Apartment,0a69b523-45ae-40c9-a403-658d65557581,true,2026-12-25,31
92d8f0d2-acc7-49e6-9db6-7bb3aa19ba85,dcad839e-9e6e-4be5-bd28-37c3baef5deb,1006 - Two Bedroom Apartment,0a69b523-45ae-40c9-a403-658d65557581,true,2026-12-26,31
40ccf7bf-4846-46ce-8528-6fbaa0ca4c27,dcad839e-9e6e-4be5-bd28-37c3baef5deb,1006 - Two Bedroom Apartment,0a69b523-45ae-40c9-a403-658d65557581,true,2026-12-27,31
cddb3f00-f7ac-4134-a0e8-6254ebe68331,dcad839e-9e6e-4be5-bd28-37c3baef5deb,1006 - Two Bedroom Apartment,0a69b523-45ae-40c9-a403-658d65557581,true,2026-12-28,31
6cc25576-83c5-4df4-98d5-ba9721f381bf,dcad839e-9e6e-4be5-bd28-37c3baef5deb,1006 - Two Bedroom Apartment,0a69b523-45ae-40c9-a403-658d65557581,true,2026-12-29,31
34c47ecf-483d-4886-aa75-efc69d4df2ab,dcad839e-9e6e-4be5-bd28-37c3baef5deb,1006 - Two Bedroom Apartment,0a69b523-45ae-40c9-a403-658d65557581,true,2026-12-30,31
4fe53451-d93d-4755-aa25-b2d1e698a9a5,dcad839e-9e6e-4be5-bd28-37c3baef5deb,1006 - Two Bedroom Apartment,0a69b523-45ae-40c9-a403-658d65557581,true,2026-12-31,31
3c6bfd23-0a34-4ee2-87fc-013e3987b675,dcad839e-9e6e-4be5-bd28-37c3baef5deb,1006 - Two Bedroom Apartment,0a69b523-45ae-40c9-a403-658d65557581,true,2027-01-01,31
0603fdf0-178f-4f2b-ba04-c7b3600d8016,dcad839e-9e6e-4be5-bd28-37c3baef5deb,1006 - Two Bedroom Apartment,0a69b523-45ae-40c9-a403-658d65557581,true,2027-01-02,31
b040f075-6c52-47b3-8195-d5d83fcb342d,dcad839e-9e6e-4be5-bd28-37c3baef5deb,1006 - Two Bedroom Apartment,0a69b523-45ae-40c9-a403-658d65557581,true,2027-01-03,31
3a7b2196-03ad-4913-9e6e-dee57f2b16b5,dcad839e-9e6e-4be5-bd28-37c3baef5deb,1006 - Two Bedroom Apartment,0a69b523-45ae-40c9-a403-658d65557581,true,2027-01-04,31
9b3ee268-bd75-4a0c-8d22-ad0c0b3e610d,dcad839e-9e6e-4be5-bd28-37c3baef5deb,1006 - Two Bedroom Apartment,0a69b523-45ae-40c9-a403-658d65557581,true,2027-01-05,31
ab8d3160-3f5c-4cb9-a8d4-0a2cf207d8f7,dcad839e-9e6e-4be5-bd28-37c3baef5deb,1006 - Two Bedroom Apartment,0a69b523-45ae-40c9-a403-658d65557581,true,2027-01-06,31
da4b2f54-39fd-437d-938e-ef0e0fd5c719,dcad839e-9e6e-4be5-bd28-37c3baef5deb,1006 - Two Bedroom Apartment,0a69b523-45ae-40c9-a403-658d65557581,true,2027-01-07,31
313c51e9-275b-42bb-bc89-7b73481a6e1e,dcad839e-9e6e-4be5-bd28-37c3baef5deb,1006 - Two Bedroom Apartment,0a69b523-45ae-40c9-a403-658d65557581,true,2027-01-08,31
e8501189-fe22-46bb-9b76-81aa3d1f7ce5,dcad839e-9e6e-4be5-bd28-37c3baef5deb,1006 - Two Bedroom Apartment,0a69b523-45ae-40c9-a403-658d65557581,true,2027-01-09,31
890eeaa1-2d4d-4aa1-97bf-d7f6615caca1,dcad839e-9e6e-4be5-bd28-37c3baef5deb,1006 - Two Bedroom Apartment,0a69b523-45ae-40c9-a403-658d65557581,true,2027-01-10,31
3a19e3e7-c693-444a-be22-35fb3aa93f25,dcad839e-9e6e-4be5-bd28-37c3baef5deb,1006 - Two Bedroom Apartment,0a69b523-45ae-40c9-a403-658d65557581,true,2027-01-11,31
dab38280-ef00-4b3a-a1fc-9be8eb51212c,dcad839e-9e6e-4be5-bd28-37c3baef5deb,1006 - Two Bedroom Apartment,0a69b523-45ae-40c9-a403-658d65557581,true,2027-01-12,31
00084a43-6dc5-4673-bb48-2e549d7fa13f,dcad839e-9e6e-4be5-bd28-37c3baef5deb,1006 - Two Bedroom Apartment,0a69b523-45ae-40c9-a403-658d65557581,true,2027-01-13,31
956b3cb4-23ea-4a49-8eaf-8613250dfe61,dcad839e-9e6e-4be5-bd28-37c3baef5deb,1006 - Two Bedroom Apartment,0a69b523-45ae-40c9-a403-658d65557581,true,2027-01-14,31
063f0d59-cd78-44c6-a71d-3527b5c44b7e,dcad839e-9e6e-4be5-bd28-37c3baef5deb,1006 - Two Bedroom Apartment,0a69b523-45ae-40c9-a403-658d65557581,true,2027-01-15,31
30c4f82e-b88e-49bc-b6e8-28e268189775,dcad839e-9e6e-4be5-bd28-37c3baef5deb,1006 - Two Bedroom Apartment,0a69b523-45ae-40c9-a403-658d65557581,true,2027-01-16,31
e281b796-f4f3-4cb6-9f7d-15169fa42cb1,dcad839e-9e6e-4be5-bd28-37c3baef5deb,1006 - Two Bedroom Apartment,0a69b523-45ae-40c9-a403-658d65557581,true,2027-01-17,31
6e50f447-4fd8-42d4-b18d-a2f859874afd,dcad839e-9e6e-4be5-bd28-37c3baef5deb,1006 - Two Bedroom Apartment,0a69b523-45ae-40c9-a403-658d65557581,true,2027-01-18,31
698948ae-ceed-4fac-b8d1-16d5db95e6bf,dcad839e-9e6e-4be5-bd28-37c3baef5deb,1006 - Two Bedroom Apartment,0a69b523-45ae-40c9-a403-658d65557581,true,2027-01-19,31
dadab8b7-1319-4326-a1df-5a69a4e42c8c,dcad839e-9e6e-4be5-bd28-37c3baef5deb,1006 - Two Bedroom Apartment,0a69b523-45ae-40c9-a403-658d65557581,true,2027-01-20,31
b852f9c5-3139-409d-a10f-e6205861c8ab,dcad839e-9e6e-4be5-bd28-37c3baef5deb,1006 - Two Bedroom Apartment,0a69b523-45ae-40c9-a403-658d65557581,true,2027-01-21,31
2fa69e8f-b455-402e-b6ba-8082e075c1c0,dcad839e-9e6e-4be5-bd28-37c3baef5deb,1006 - Two Bedroom Apartment,0a69b523-45ae-40c9-a403-658d65557581,true,2027-01-22,31
88f63138-29e1-4b8d-8489-48cbb930fc18,dcad839e-9e6e-4be5-bd28-37c3baef5deb,1006 - Two Bedroom Apartment,0a69b523-45ae-40c9-a403-658d65557581,true,2027-01-23,31
da420e53-8c4c-4650-a596-7a54cab8a5cf,dcad839e-9e6e-4be5-bd28-37c3baef5deb,1006 - Two Bedroom Apartment,0a69b523-45ae-40c9-a403-658d65557581,true,2027-01-24,31
7d20343c-a65f-427e-a83d-32e7db5e9f96,dcad839e-9e6e-4be5-bd28-37c3baef5deb,1006 - Two Bedroom Apartment,0a69b523-45ae-40c9-a403-658d65557581,true,2027-01-25,31
ff5e47fd-4686-452e-b7b4-ae9202c394c7,dcad839e-9e6e-4be5-bd28-37c3baef5deb,1006 - Two Bedroom Apartment,0a69b523-45ae-40c9-a403-658d65557581,true,2027-01-26,31
3ffec44c-79b7-4d02-bab5-8de6c7a05c89,dcad839e-9e6e-4be5-bd28-37c3baef5deb,1006 - Two Bedroom Apartment,0a69b523-45ae-40c9-a403-658d65557581,true,2027-01-27,31
4ab3c062-1a34-4d06-a721-9d2cc3f27c97,dcad839e-9e6e-4be5-bd28-37c3baef5deb,1006 - Two Bedroom Apartment,0a69b523-45ae-40c9-a403-658d65557581,true,2027-01-28,31
9f076184-a52c-427b-b470-e638ba1525e1,dcad839e-9e6e-4be5-bd28-37c3baef5deb,1006 - Two Bedroom Apartment,0a69b523-45ae-40c9-a403-658d65557581,true,2027-01-29,31
a3a2713f-ec76-4546-90a8-3d8ef904dff9,dcad839e-9e6e-4be5-bd28-37c3baef5deb,1006 - Two Bedroom Apartment,0a69b523-45ae-40c9-a403-658d65557581,true,2027-01-30,31
814dcbe9-5850-423b-9ecf-dd1ce0f77803,dcad839e-9e6e-4be5-bd28-37c3baef5deb,1006 - Two Bedroom Apartment,0a69b523-45ae-40c9-a403-658d65557581,true,2027-01-31,31
259c19d6-b435-4cf3-bb81-345998a70aef,dcad839e-9e6e-4be5-bd28-37c3baef5deb,1006 - Two Bedroom Apartment,0a69b523-45ae-40c9-a403-658d65557581,true,2027-02-01,31
76375bd0-fc55-4ee0-abcd-073484f7df2e,dcad839e-9e6e-4be5-bd28-37c3baef5deb,1006 - Two Bedroom Apartment,0a69b523-45ae-40c9-a403-658d65557581,true,2027-02-02,31
955257ff-89f1-4572-b41f-6bc025432c3a,dcad839e-9e6e-4be5-bd28-37c3baef5deb,1006 - Two Bedroom Apartment,0a69b523-45ae-40c9-a403-658d65557581,true,2027-02-03,31
af406dd8-0108-43f7-b0e4-2510bd16307d,dcad839e-9e6e-4be5-bd28-37c3baef5deb,1006 - Two Bedroom Apartment,0a69b523-45ae-40c9-a403-658d65557581,true,2027-02-04,31
73c0a3e9-c839-4066-b60e-bd4840b2e8c8,dcad839e-9e6e-4be5-bd28-37c3baef5deb,1006 - Two Bedroom Apartment,0a69b523-45ae-40c9-a403-658d65557581,true,2027-02-05,31
efa0b7d2-bfc3-49b9-9f90-5bd5cd7ea476,dcad839e-9e6e-4be5-bd28-37c3baef5deb,1006 - Two Bedroom Apartment,0a69b523-45ae-40c9-a403-658d65557581,true,2027-02-06,31
7b6c3133-c40b-444a-a647-5ab4629d0cc8,dcad839e-9e6e-4be5-bd28-37c3baef5deb,1006 - Two Bedroom Apartment,0a69b523-45ae-40c9-a403-658d65557581,true,2027-02-07,31
e211f36d-44aa-40c8-9a19-d68d3af4e112,dcad839e-9e6e-4be5-bd28-37c3baef5deb,1006 - Two Bedroom Apartment,0a69b523-45ae-40c9-a403-658d65557581,true,2027-02-08,31
1a4af769-7e36-49b8-a1c0-f8b47f8665bd,dcad839e-9e6e-4be5-bd28-37c3baef5deb,1006 - Two Bedroom Apartment,0a69b523-45ae-40c9-a403-658d65557581,true,2027-02-09,31
ffad49e7-1fb1-4307-9fa6-11756804f58c,dcad839e-9e6e-4be5-bd28-37c3baef5deb,1006 - Two Bedroom Apartment,0a69b523-45ae-40c9-a403-658d65557581,true,2027-02-10,31
3261fdb4-4f0d-4fd2-a59c-2041680c9465,dcad839e-9e6e-4be5-bd28-37c3baef5deb,1006 - Two Bedroom Apartment,0a69b523-45ae-40c9-a403-658d65557581,true,2027-02-11,31
2ba21b3d-cce3-42f6-8d74-4ad3914aaa02,dcad839e-9e6e-4be5-bd28-37c3baef5deb,1006 - Two Bedroom Apartment,0a69b523-45ae-40c9-a403-658d65557581,true,2027-02-12,31
26444bd7-0a64-49e3-9582-373d4884f7b2,dcad839e-9e6e-4be5-bd28-37c3baef5deb,1006 - Two Bedroom Apartment,0a69b523-45ae-40c9-a403-658d65557581,true,2027-02-13,31
1c9f8985-9a8e-407b-a4bc-bc8d61a92293,dcad839e-9e6e-4be5-bd28-37c3baef5deb,1006 - Two Bedroom Apartment,0a69b523-45ae-40c9-a403-658d65557581,true,2027-02-14,31
23465486-1a83-4a98-afef-714116fe9ea7,dcad839e-9e6e-4be5-bd28-37c3baef5deb,1006 - Two Bedroom Apartment,0a69b523-45ae-40c9-a403-658d65557581,true,2027-02-15,31
97974a65-9ed8-4bb7-8ebe-b27cb45e166b,dcad839e-9e6e-4be5-bd28-37c3baef5deb,1006 - Two Bedroom Apartment,0a69b523-45ae-40c9-a403-658d65557581,true,2027-02-16,31
6304c4f6-f975-4206-99d3-5a78fa5aa901,dcad839e-9e6e-4be5-bd28-37c3baef5deb,1006 - Two Bedroom Apartment,0a69b523-45ae-40c9-a403-658d65557581,true,2027-02-17,31
5617a46a-1962-4a22-8162-bb62b5e09ebf,dcad839e-9e6e-4be5-bd28-37c3baef5deb,1006 - Two Bedroom Apartment,0a69b523-45ae-40c9-a403-658d65557581,true,2027-02-18,31
55426b04-0a91-4a94-bbf4-f2e03a4bfd49,dcad839e-9e6e-4be5-bd28-37c3baef5deb,1006 - Two Bedroom Apartment,0a69b523-45ae-40c9-a403-658d65557581,true,2027-02-19,31
e905a006-2e38-4d8d-a9f1-51fc94bbeba0,dcad839e-9e6e-4be5-bd28-37c3baef5deb,1006 - Two Bedroom Apartment,0a69b523-45ae-40c9-a403-658d65557581,true,2027-02-20,31
43a2f562-7f55-43a7-ad8e-217e1fc42edb,dcad839e-9e6e-4be5-bd28-37c3baef5deb,1006 - Two Bedroom Apartment,0a69b523-45ae-40c9-a403-658d65557581,true,2027-02-21,31
80cba07a-ba61-4c7e-92fe-3d5d544a393f,dcad839e-9e6e-4be5-bd28-37c3baef5deb,1006 - Two Bedroom Apartment,0a69b523-45ae-40c9-a403-658d65557581,true,2027-02-22,31
09f17eda-4e09-4302-b958-135382495e74,dcad839e-9e6e-4be5-bd28-37c3baef5deb,1006 - Two Bedroom Apartment,0a69b523-45ae-40c9-a403-658d65557581,true,2027-02-23,31
06932018-7009-4226-8f10-daee2f380020,dcad839e-9e6e-4be5-bd28-37c3baef5deb,1006 - Two Bedroom Apartment,0a69b523-45ae-40c9-a403-658d65557581,true,2027-02-24,31
497a68db-6291-463f-963f-245051825a71,dcad839e-9e6e-4be5-bd28-37c3baef5deb,1006 - Two Bedroom Apartment,0a69b523-45ae-40c9-a403-658d65557581,true,2027-02-25,31
f43c6d1d-0a37-442b-8867-759d8582cca1,dcad839e-9e6e-4be5-bd28-37c3baef5deb,1006 - Two Bedroom Apartment,0a69b523-45ae-40c9-a403-658d65557581,true,2027-02-26,31
c1e8837b-2f57-48d4-8c79-f189b11c82b4,dcad839e-9e6e-4be5-bd28-37c3baef5deb,1006 - Two Bedroom Apartment,0a69b523-45ae-40c9-a403-658d65557581,true,2027-02-27,31
8e88edf1-0c55-4a3a-ac0e-a48be2d6289e,dcad839e-9e6e-4be5-bd28-37c3baef5deb,1006 - Two Bedroom Apartment,0a69b523-45ae-40c9-a403-658d65557581,true,2027-02-28,31
3792ead3-5b82-45fb-89c3-170cf7ed0aee,dcad839e-9e6e-4be5-bd28-37c3baef5deb,1006 - Two Bedroom Apartment,0a69b523-45ae-40c9-a403-658d65557581,true,2027-03-01,31
397229f1-f000-4eab-865d-6494eda94cfa,dcad839e-9e6e-4be5-bd28-37c3baef5deb,1006 - Two Bedroom Apartment,0a69b523-45ae-40c9-a403-658d65557581,true,2027-03-02,31
208899e8-847b-4c06-bb0a-dc43b89fcbe4,dcad839e-9e6e-4be5-bd28-37c3baef5deb,1006 - Two Bedroom Apartment,0a69b523-45ae-40c9-a403-658d65557581,true,2027-03-03,31
84b9a3e8-ab44-41ed-a480-20e35835691b,dcad839e-9e6e-4be5-bd28-37c3baef5deb,1006 - Two Bedroom Apartment,0a69b523-45ae-40c9-a403-658d65557581,true,2027-03-04,31
0e79e91a-b49a-4240-8a85-4d352320e2d9,dcad839e-9e6e-4be5-bd28-37c3baef5deb,1006 - Two Bedroom Apartment,0a69b523-45ae-40c9-a403-658d65557581,true,2027-03-05,31
38c5f24b-f029-4ec8-ba8d-74ec726c789a,dcad839e-9e6e-4be5-bd28-37c3baef5deb,1006 - Two Bedroom Apartment,0a69b523-45ae-40c9-a403-658d65557581,true,2027-03-06,31
7e13f96c-7c6c-4031-abfd-ca025b16e7ca,dcad839e-9e6e-4be5-bd28-37c3baef5deb,1006 - Two Bedroom Apartment,0a69b523-45ae-40c9-a403-658d65557581,true,2027-03-07,31
ba9221c4-95cf-4e8d-8316-1f078f161d9a,dcad839e-9e6e-4be5-bd28-37c3baef5deb,1006 - Two Bedroom Apartment,0a69b523-45ae-40c9-a403-658d65557581,true,2027-03-08,31
f57501cc-b1fb-49c7-8d87-c281a5c2b71b,dcad839e-9e6e-4be5-bd28-37c3baef5deb,1006 - Two Bedroom Apartment,0a69b523-45ae-40c9-a403-658d65557581,true,2027-03-09,31
dfdd1341-2ef9-4781-b6da-f72e048ed178,dcad839e-9e6e-4be5-bd28-37c3baef5deb,1006 - Two Bedroom Apartment,0a69b523-45ae-40c9-a403-658d65557581,true,2027-03-10,31
150f2797-d54c-4422-86d0-0ecc9805f44b,dcad839e-9e6e-4be5-bd28-37c3baef5deb,1006 - Two Bedroom Apartment,0a69b523-45ae-40c9-a403-658d65557581,true,2027-03-11,31
e6d9ca95-abfe-4935-82df-b84db110c81a,dcad839e-9e6e-4be5-bd28-37c3baef5deb,1006 - Two Bedroom Apartment,0a69b523-45ae-40c9-a403-658d65557581,true,2027-03-12,31
086dbf19-fb43-4f26-8552-9ee464580e7b,dcad839e-9e6e-4be5-bd28-37c3baef5deb,1006 - Two Bedroom Apartment,0a69b523-45ae-40c9-a403-658d65557581,true,2027-03-13,31
b7ebc064-0dad-4744-937e-c917af18e5d2,dcad839e-9e6e-4be5-bd28-37c3baef5deb,1006 - Two Bedroom Apartment,0a69b523-45ae-40c9-a403-658d65557581,true,2027-03-14,31
048c9c07-4351-4310-a378-dc8ad34f0cf2,dcad839e-9e6e-4be5-bd28-37c3baef5deb,1006 - Two Bedroom Apartment,0a69b523-45ae-40c9-a403-658d65557581,true,2027-03-15,31
7d6f26e5-ab60-4b1c-b640-b20564a20af1,dcad839e-9e6e-4be5-bd28-37c3baef5deb,1006 - Two Bedroom Apartment,0a69b523-45ae-40c9-a403-658d65557581,true,2027-03-16,31
0864cb7a-ad35-4429-ae5f-33d6ebdb508f,dcad839e-9e6e-4be5-bd28-37c3baef5deb,1006 - Two Bedroom Apartment,0a69b523-45ae-40c9-a403-658d65557581,true,2027-03-17,31
43de2cf5-469c-40c9-973b-0444cd583582,dcad839e-9e6e-4be5-bd28-37c3baef5deb,1006 - Two Bedroom Apartment,0a69b523-45ae-40c9-a403-658d65557581,true,2027-03-18,31
4221270a-75ee-4fa5-a632-bcbb8f25cdbb,dcad839e-9e6e-4be5-bd28-37c3baef5deb,1006 - Two Bedroom Apartment,0a69b523-45ae-40c9-a403-658d65557581,true,2027-03-19,31
3d20ae01-4dce-46bf-a737-05181fa8ec6c,dcad839e-9e6e-4be5-bd28-37c3baef5deb,1006 - Two Bedroom Apartment,0a69b523-45ae-40c9-a403-658d65557581,true,2027-03-20,31
23ffb511-390c-450d-a575-d3e1c6703894,dcad839e-9e6e-4be5-bd28-37c3baef5deb,1006 - Two Bedroom Apartment,0a69b523-45ae-40c9-a403-658d65557581,true,2027-03-21,31
bb86ecc4-145b-4aa8-8788-87c2b38a5f2a,dcad839e-9e6e-4be5-bd28-37c3baef5deb,1006 - Two Bedroom Apartment,0a69b523-45ae-40c9-a403-658d65557581,true,2027-03-22,31
f1005671-8dd8-4a86-b115-ed8ed0d0ffca,dcad839e-9e6e-4be5-bd28-37c3baef5deb,1006 - Two Bedroom Apartment,0a69b523-45ae-40c9-a403-658d65557581,true,2027-03-23,31
89321b7e-2f80-4772-9d12-eed49cdcaad8,dcad839e-9e6e-4be5-bd28-37c3baef5deb,1006 - Two Bedroom Apartment,0a69b523-45ae-40c9-a403-658d65557581,true,2027-03-24,31
31dbcc37-3df9-4dbb-a687-b8869ae3450c,dcad839e-9e6e-4be5-bd28-37c3baef5deb,1006 - Two Bedroom Apartment,0a69b523-45ae-40c9-a403-658d65557581,true,2027-03-25,31
fe7182f4-b528-471c-87a9-41dcb794ecdd,dcad839e-9e6e-4be5-bd28-37c3baef5deb,1006 - Two Bedroom Apartment,0a69b523-45ae-40c9-a403-658d65557581,true,2027-03-26,31
41ded362-f249-4c31-8352-44f38aa30544,dcad839e-9e6e-4be5-bd28-37c3baef5deb,1006 - Two Bedroom Apartment,0a69b523-45ae-40c9-a403-658d65557581,true,2027-03-27,31
21c34c59-5066-4432-9577-e8259d0db1a3,dcad839e-9e6e-4be5-bd28-37c3baef5deb,1006 - Two Bedroom Apartment,0a69b523-45ae-40c9-a403-658d65557581,true,2027-03-28,31
2202f947-3caa-41c7-a0f2-6c76cc54bdf1,dcad839e-9e6e-4be5-bd28-37c3baef5deb,1006 - Two Bedroom Apartment,0a69b523-45ae-40c9-a403-658d65557581,true,2027-03-29,31
4459bc7b-9bbc-43dc-863c-a08c17ad0c67,dcad839e-9e6e-4be5-bd28-37c3baef5deb,1006 - Two Bedroom Apartment,0a69b523-45ae-40c9-a403-658d65557581,true,2027-03-30,31
074000fb-ba80-4f91-ab06-6c17fed447eb,dcad839e-9e6e-4be5-bd28-37c3baef5deb,1006 - Two Bedroom Apartment,0a69b523-45ae-40c9-a403-658d65557581,true,2027-03-31,31
48c4cdb7-999d-430b-a7bb-8cf0cd7e8903,dcad839e-9e6e-4be5-bd28-37c3baef5deb,1006 - Two Bedroom Apartment,0a69b523-45ae-40c9-a403-658d65557581,true,2027-04-01,31
3303bbb1-3626-4943-a3cf-7dff62d4f8e8,dcad839e-9e6e-4be5-bd28-37c3baef5deb,1006 - Two Bedroom Apartment,0a69b523-45ae-40c9-a403-658d65557581,true,2027-04-02,31
04ffc01a-db18-47fb-aeeb-0df78f5f8949,dcad839e-9e6e-4be5-bd28-37c3baef5deb,1006 - Two Bedroom Apartment,0a69b523-45ae-40c9-a403-658d65557581,true,2027-04-03,31
f95c1609-679a-485d-8653-b642cd8347d8,dcad839e-9e6e-4be5-bd28-37c3baef5deb,1006 - Two Bedroom Apartment,0a69b523-45ae-40c9-a403-658d65557581,true,2027-04-04,31
d9763ce2-79c1-4c64-9c3c-2d1a0583d1af,dcad839e-9e6e-4be5-bd28-37c3baef5deb,1006 - Two Bedroom Apartment,0a69b523-45ae-40c9-a403-658d65557581,true,2027-04-05,31
cf6b27c4-e17b-48a8-b65b-713011d5a90e,dcad839e-9e6e-4be5-bd28-37c3baef5deb,1006 - Two Bedroom Apartment,0a69b523-45ae-40c9-a403-658d65557581,true,2027-04-06,31
c812226c-345a-4da6-8431-b5ae27cea0fe,dcad839e-9e6e-4be5-bd28-37c3baef5deb,1006 - Two Bedroom Apartment,0a69b523-45ae-40c9-a403-658d65557581,true,2027-04-07,31
31f06156-2c88-41b4-8cbd-53b4a920f9c5,dcad839e-9e6e-4be5-bd28-37c3baef5deb,1006 - Two Bedroom Apartment,0a69b523-45ae-40c9-a403-658d65557581,true,2027-04-08,31
f0c9cc9d-6810-453e-98bc-9591e3fc0410,dcad839e-9e6e-4be5-bd28-37c3baef5deb,1006 - Two Bedroom Apartment,0a69b523-45ae-40c9-a403-658d65557581,true,2027-04-09,31
7f9d86c9-2175-451c-bcee-5cf4cc31ae38,dcad839e-9e6e-4be5-bd28-37c3baef5deb,1006 - Two Bedroom Apartment,0a69b523-45ae-40c9-a403-658d65557581,true,2027-04-10,31
318a7ebc-1134-4d74-acfa-880db71ecc29,dcad839e-9e6e-4be5-bd28-37c3baef5deb,1006 - Two Bedroom Apartment,0a69b523-45ae-40c9-a403-658d65557581,true,2027-04-11,31
610cc5c7-f888-4570-9c8f-03456e81a99e,dcad839e-9e6e-4be5-bd28-37c3baef5deb,1006 - Two Bedroom Apartment,0a69b523-45ae-40c9-a403-658d65557581,true,2027-04-12,31
cf97ef95-2faa-49a0-a27e-1a913d894f9a,dcad839e-9e6e-4be5-bd28-37c3baef5deb,1006 - Two Bedroom Apartment,0a69b523-45ae-40c9-a403-658d65557581,true,2027-04-13,31
23ebb958-06c7-4022-af23-abef88a85b2b,dcad839e-9e6e-4be5-bd28-37c3baef5deb,1006 - Two Bedroom Apartment,0a69b523-45ae-40c9-a403-658d65557581,true,2027-04-14,31
9426d8e0-a50f-4e0f-8d8f-ab472e393c57,dcad839e-9e6e-4be5-bd28-37c3baef5deb,1006 - Two Bedroom Apartment,0a69b523-45ae-40c9-a403-658d65557581,true,2027-04-15,31
e97e319c-9e07-4618-86b1-bf74ff16ac1e,dcad839e-9e6e-4be5-bd28-37c3baef5deb,1006 - Two Bedroom Apartment,0a69b523-45ae-40c9-a403-658d65557581,true,2027-04-16,31
0c547e7d-20fa-4765-9718-0121eae10624,dcad839e-9e6e-4be5-bd28-37c3baef5deb,1006 - Two Bedroom Apartment,0a69b523-45ae-40c9-a403-658d65557581,true,2027-04-17,31
23d3dba8-eb84-452c-904f-d255fc2bb526,dcad839e-9e6e-4be5-bd28-37c3baef5deb,1006 - Two Bedroom Apartment,0a69b523-45ae-40c9-a403-658d65557581,true,2027-04-18,31
5fca2054-719e-42e8-8a09-cf03e84f5ae8,dcad839e-9e6e-4be5-bd28-37c3baef5deb,1006 - Two Bedroom Apartment,0a69b523-45ae-40c9-a403-658d65557581,true,2027-04-19,31
43ac878c-b20f-4a0f-bb4d-387455e6bca6,dcad839e-9e6e-4be5-bd28-37c3baef5deb,1006 - Two Bedroom Apartment,0a69b523-45ae-40c9-a403-658d65557581,true,2027-04-20,31
e0fbd16b-5598-4c1b-9f6b-6fedd3644655,dcad839e-9e6e-4be5-bd28-37c3baef5deb,1006 - Two Bedroom Apartment,0a69b523-45ae-40c9-a403-658d65557581,true,2027-04-21,31
ae90991c-96c6-4d98-b5f0-3a46f69f5dde,dcad839e-9e6e-4be5-bd28-37c3baef5deb,1006 - Two Bedroom Apartment,0a69b523-45ae-40c9-a403-658d65557581,true,2027-04-22,31
108873fb-a045-4ea5-9948-915d6459d102,dcad839e-9e6e-4be5-bd28-37c3baef5deb,1006 - Two Bedroom Apartment,0a69b523-45ae-40c9-a403-658d65557581,true,2027-04-23,31
ac1f3d55-bc9b-40db-95ad-be033ef50c50,dcad839e-9e6e-4be5-bd28-37c3baef5deb,1006 - Two Bedroom Apartment,0a69b523-45ae-40c9-a403-658d65557581,true,2027-04-24,31
d0a71495-4b17-426b-ac26-cede39b156c7,dcad839e-9e6e-4be5-bd28-37c3baef5deb,1006 - Two Bedroom Apartment,0a69b523-45ae-40c9-a403-658d65557581,true,2027-04-25,31
0d0e8bff-b467-49a4-8246-74009ed08242,dcad839e-9e6e-4be5-bd28-37c3baef5deb,1006 - Two Bedroom Apartment,0a69b523-45ae-40c9-a403-658d65557581,true,2027-04-26,31
768a36e5-e018-4588-bc66-67cf82ed8605,dcad839e-9e6e-4be5-bd28-37c3baef5deb,1006 - Two Bedroom Apartment,0a69b523-45ae-40c9-a403-658d65557581,true,2027-04-27,31
7bbf134e-847b-4963-a213-2e7512b93ea0,dcad839e-9e6e-4be5-bd28-37c3baef5deb,1006 - Two Bedroom Apartment,0a69b523-45ae-40c9-a403-658d65557581,true,2027-04-28,31
ffab26af-b72e-45e5-b7f5-f2dd8dd83018,dcad839e-9e6e-4be5-bd28-37c3baef5deb,1006 - Two Bedroom Apartment,0a69b523-45ae-40c9-a403-658d65557581,true,2027-04-29,31
c85c175f-8630-44b6-a73e-0c3c90473b31,dcad839e-9e6e-4be5-bd28-37c3baef5deb,1006 - Two Bedroom Apartment,0a69b523-45ae-40c9-a403-658d65557581,true,2027-04-30,31
94db6c3c-49b0-492f-a4d9-f946fc897552,dcad839e-9e6e-4be5-bd28-37c3baef5deb,1006 - Two Bedroom Apartment,0a69b523-45ae-40c9-a403-658d65557581,true,2027-05-01,31
e63116b6-fb70-42da-9ba7-629da3f084bf,dcad839e-9e6e-4be5-bd28-37c3baef5deb,1006 - Two Bedroom Apartment,0a69b523-45ae-40c9-a403-658d65557581,true,2027-05-02,31
c71ca41f-c4cd-4ec6-8365-a12578109da2,dcad839e-9e6e-4be5-bd28-37c3baef5deb,1006 - Two Bedroom Apartment,0a69b523-45ae-40c9-a403-658d65557581,true,2027-05-03,31
8503650b-6f3f-40b7-b75d-6955e9b6d728,dcad839e-9e6e-4be5-bd28-37c3baef5deb,1006 - Two Bedroom Apartment,0a69b523-45ae-40c9-a403-658d65557581,true,2027-05-04,31
0d898a92-491a-45a1-a816-1c14e13a879e,dcad839e-9e6e-4be5-bd28-37c3baef5deb,1006 - Two Bedroom Apartment,0a69b523-45ae-40c9-a403-658d65557581,true,2027-05-05,31
8ea3593d-29c9-43b8-9675-55958f39da7c,dcad839e-9e6e-4be5-bd28-37c3baef5deb,1006 - Two Bedroom Apartment,0a69b523-45ae-40c9-a403-658d65557581,true,2027-05-06,31
12debd75-9b56-4e4a-94ac-f9bca12df9ab,dcad839e-9e6e-4be5-bd28-37c3baef5deb,1006 - Two Bedroom Apartment,0a69b523-45ae-40c9-a403-658d65557581,true,2027-05-07,31
40ea7b07-910e-499b-85bd-a60ab02d2717,dcad839e-9e6e-4be5-bd28-37c3baef5deb,1006 - Two Bedroom Apartment,0a69b523-45ae-40c9-a403-658d65557581,true,2027-05-08,31
4893d526-28f0-45ca-8a5e-8fec66c0f456,dcad839e-9e6e-4be5-bd28-37c3baef5deb,1006 - Two Bedroom Apartment,0a69b523-45ae-40c9-a403-658d65557581,true,2027-05-09,31
b76f5e63-d27a-4997-8ccc-153b958f07bf,dcad839e-9e6e-4be5-bd28-37c3baef5deb,1006 - Two Bedroom Apartment,0a69b523-45ae-40c9-a403-658d65557581,true,2027-05-10,31
a3647391-aea1-4f63-bc9f-64b0c60e07e5,dcad839e-9e6e-4be5-bd28-37c3baef5deb,1006 - Two Bedroom Apartment,0a69b523-45ae-40c9-a403-658d65557581,true,2027-05-11,31
efad54e2-3b7c-476e-8bfb-9f922f0c93e4,dcad839e-9e6e-4be5-bd28-37c3baef5deb,1006 - Two Bedroom Apartment,0a69b523-45ae-40c9-a403-658d65557581,true,2027-05-12,31
2fcbf3dd-ea7a-48ef-9ef0-bae6c3964c68,dcad839e-9e6e-4be5-bd28-37c3baef5deb,1006 - Two Bedroom Apartment,0a69b523-45ae-40c9-a403-658d65557581,true,2027-05-13,31
bcfb9362-cf03-4023-8279-0a64ce3458bb,dcad839e-9e6e-4be5-bd28-37c3baef5deb,1006 - Two Bedroom Apartment,0a69b523-45ae-40c9-a403-658d65557581,true,2027-05-14,31
f21bc5a8-a789-412b-ac96-117267398f34,dcad839e-9e6e-4be5-bd28-37c3baef5deb,1006 - Two Bedroom Apartment,0a69b523-45ae-40c9-a403-658d65557581,true,2027-05-15,31
b5e15905-ddb2-4270-a282-bb928a2b2496,dcad839e-9e6e-4be5-bd28-37c3baef5deb,1006 - Two Bedroom Apartment,0a69b523-45ae-40c9-a403-658d65557581,true,2027-05-16,31
9ee11e65-42d8-4614-9bf8-c9e4da489fe2,dcad839e-9e6e-4be5-bd28-37c3baef5deb,1006 - Two Bedroom Apartment,0a69b523-45ae-40c9-a403-658d65557581,true,2027-05-17,31
18202311-7e12-4525-bbba-c9558e0af68d,dcad839e-9e6e-4be5-bd28-37c3baef5deb,1006 - Two Bedroom Apartment,0a69b523-45ae-40c9-a403-658d65557581,true,2027-05-18,31
05155458-2ce0-45e8-9d5e-72ffbc48e202,dcad839e-9e6e-4be5-bd28-37c3baef5deb,1006 - Two Bedroom Apartment,0a69b523-45ae-40c9-a403-658d65557581,true,2027-05-19,31
77011f47-07b3-4928-8eba-bb6b7e3f01c2,dcad839e-9e6e-4be5-bd28-37c3baef5deb,1006 - Two Bedroom Apartment,0a69b523-45ae-40c9-a403-658d65557581,true,2027-05-20,31
38bd9741-3f0c-400e-80a2-2876033bc429,dcad839e-9e6e-4be5-bd28-37c3baef5deb,1006 - Two Bedroom Apartment,0a69b523-45ae-40c9-a403-658d65557581,true,2027-05-21,31
10ddfb13-782b-4971-886e-7e498aefd75d,dcad839e-9e6e-4be5-bd28-37c3baef5deb,1006 - Two Bedroom Apartment,0a69b523-45ae-40c9-a403-658d65557581,true,2027-05-22,31
4c025d17-46be-497e-9962-d79e00a63966,dcad839e-9e6e-4be5-bd28-37c3baef5deb,1006 - Two Bedroom Apartment,0a69b523-45ae-40c9-a403-658d65557581,true,2027-05-23,31
c0e7a260-1dcc-4909-8633-9dd4504ee07f,dcad839e-9e6e-4be5-bd28-37c3baef5deb,1006 - Two Bedroom Apartment,0a69b523-45ae-40c9-a403-658d65557581,true,2027-05-24,31
11e63616-f983-439a-b7a9-26bbc9ed9654,dcad839e-9e6e-4be5-bd28-37c3baef5deb,1006 - Two Bedroom Apartment,0a69b523-45ae-40c9-a403-658d65557581,true,2027-05-25,31
cc92bb01-be22-4c2f-9b64-011500af8c24,dcad839e-9e6e-4be5-bd28-37c3baef5deb,1006 - Two Bedroom Apartment,0a69b523-45ae-40c9-a403-658d65557581,true,2027-05-26,31
0eff7029-3803-43e2-8707-828bbce899af,dcad839e-9e6e-4be5-bd28-37c3baef5deb,1006 - Two Bedroom Apartment,0a69b523-45ae-40c9-a403-658d65557581,true,2027-05-27,31
ad626a51-c846-4457-9349-9ff793056594,dcad839e-9e6e-4be5-bd28-37c3baef5deb,1006 - Two Bedroom Apartment,0a69b523-45ae-40c9-a403-658d65557581,true,2027-05-28,31
c7ff3fc0-2f4b-417d-8973-401f88e6e42a,dcad839e-9e6e-4be5-bd28-37c3baef5deb,1006 - Two Bedroom Apartment,0a69b523-45ae-40c9-a403-658d65557581,true,2027-05-29,31
7b2f5ef2-4a03-4361-a8c2-2475d3ecb68c,dcad839e-9e6e-4be5-bd28-37c3baef5deb,1006 - Two Bedroom Apartment,0a69b523-45ae-40c9-a403-658d65557581,true,2027-05-30,31
fc00fb96-c295-4983-afc6-766910536ec2,dcad839e-9e6e-4be5-bd28-37c3baef5deb,1006 - Two Bedroom Apartment,0a69b523-45ae-40c9-a403-658d65557581,true,2027-05-31,31
1b8e692d-4493-4323-9d2b-b348cff7039f,dcad839e-9e6e-4be5-bd28-37c3baef5deb,1006 - Two Bedroom Apartment,0a69b523-45ae-40c9-a403-658d65557581,true,2027-06-01,31
0880ff97-efc0-4d9b-8df6-383b53cc43e7,dcad839e-9e6e-4be5-bd28-37c3baef5deb,1006 - Two Bedroom Apartment,0a69b523-45ae-40c9-a403-658d65557581,true,2027-06-02,31
e1c88256-4f38-4809-a7e6-c9caa015f5f0,dcad839e-9e6e-4be5-bd28-37c3baef5deb,1006 - Two Bedroom Apartment,0a69b523-45ae-40c9-a403-658d65557581,true,2027-06-03,31
c5ca2bdf-f530-40d6-ab8c-2eb50f7e65c7,dcad839e-9e6e-4be5-bd28-37c3baef5deb,1006 - Two Bedroom Apartment,0a69b523-45ae-40c9-a403-658d65557581,true,2027-06-04,31
037850d1-9e78-45c4-9caa-6a27b97e7c52,dcad839e-9e6e-4be5-bd28-37c3baef5deb,1006 - Two Bedroom Apartment,0a69b523-45ae-40c9-a403-658d65557581,true,2027-06-05,31
4b20bdca-1637-4979-9f74-56dcaa3479d4,dcad839e-9e6e-4be5-bd28-37c3baef5deb,1006 - Two Bedroom Apartment,0a69b523-45ae-40c9-a403-658d65557581,true,2027-06-06,31
05e77c15-03de-4c30-9b14-68cf88537026,dcad839e-9e6e-4be5-bd28-37c3baef5deb,1006 - Two Bedroom Apartment,0a69b523-45ae-40c9-a403-658d65557581,true,2027-06-07,31
e69f5690-2ea0-48ac-abf6-a2f501f1612a,dcad839e-9e6e-4be5-bd28-37c3baef5deb,1006 - Two Bedroom Apartment,0a69b523-45ae-40c9-a403-658d65557581,true,2027-06-08,31
e3fc2337-6fc9-4458-8194-30b0ccfa2881,dcad839e-9e6e-4be5-bd28-37c3baef5deb,1006 - Two Bedroom Apartment,0a69b523-45ae-40c9-a403-658d65557581,true,2027-06-09,31
f38c9d1e-8a53-4696-be94-1c535b8ba44f,dcad839e-9e6e-4be5-bd28-37c3baef5deb,1006 - Two Bedroom Apartment,0a69b523-45ae-40c9-a403-658d65557581,true,2027-06-10,31
07887ac7-61b0-4aff-b4f9-268bb47bb02b,dcad839e-9e6e-4be5-bd28-37c3baef5deb,1006 - Two Bedroom Apartment,0a69b523-45ae-40c9-a403-658d65557581,true,2027-06-11,31
9b960644-d422-4d15-8926-b51ef1bde15c,dcad839e-9e6e-4be5-bd28-37c3baef5deb,1006 - Two Bedroom Apartment,0a69b523-45ae-40c9-a403-658d65557581,true,2027-06-12,31
2df4f608-975f-4c91-a34b-a783c24692f3,dcad839e-9e6e-4be5-bd28-37c3baef5deb,1006 - Two Bedroom Apartment,0a69b523-45ae-40c9-a403-658d65557581,true,2027-06-13,31
2a0ba99f-f615-4235-abe4-3027f8ca8edc,dcad839e-9e6e-4be5-bd28-37c3baef5deb,1006 - Two Bedroom Apartment,0a69b523-45ae-40c9-a403-658d65557581,true,2027-06-14,31
040942a0-8214-4317-9ebe-e2ef92d2d5ab,dcad839e-9e6e-4be5-bd28-37c3baef5deb,1006 - Two Bedroom Apartment,0a69b523-45ae-40c9-a403-658d65557581,true,2027-06-15,31
1e849e11-67f5-495d-a85c-8d6c0bb21126,dcad839e-9e6e-4be5-bd28-37c3baef5deb,1006 - Two Bedroom Apartment,0a69b523-45ae-40c9-a403-658d65557581,true,2027-06-16,31
2dbc1dc1-ae5f-4a7c-a8fe-ba99c0f819ee,dcad839e-9e6e-4be5-bd28-37c3baef5deb,1006 - Two Bedroom Apartment,0a69b523-45ae-40c9-a403-658d65557581,true,2027-06-17,31
bf14b4c4-54bd-4372-92c1-fbcc6779df82,dcad839e-9e6e-4be5-bd28-37c3baef5deb,1006 - Two Bedroom Apartment,0a69b523-45ae-40c9-a403-658d65557581,true,2027-06-18,31
964429b2-c905-4777-9198-d66ec89bae82,dcad839e-9e6e-4be5-bd28-37c3baef5deb,1006 - Two Bedroom Apartment,0a69b523-45ae-40c9-a403-658d65557581,true,2027-06-19,31
db47b911-5d7d-4118-a91a-8064457504c1,dcad839e-9e6e-4be5-bd28-37c3baef5deb,1006 - Two Bedroom Apartment,0a69b523-45ae-40c9-a403-658d65557581,true,2027-06-20,31
d3c25000-d3a4-48b6-9cff-8801b8e58417,dcad839e-9e6e-4be5-bd28-37c3baef5deb,1006 - Two Bedroom Apartment,0a69b523-45ae-40c9-a403-658d65557581,true,2027-06-21,31
904671cb-7ca3-4ac0-8fd1-d5a98aff93ab,dcad839e-9e6e-4be5-bd28-37c3baef5deb,1006 - Two Bedroom Apartment,0a69b523-45ae-40c9-a403-658d65557581,true,2027-06-22,31
d022a761-48a0-448f-8c08-d5a99c9c5868,dcad839e-9e6e-4be5-bd28-37c3baef5deb,1006 - Two Bedroom Apartment,0a69b523-45ae-40c9-a403-658d65557581,true,2027-06-23,31
54861373-4e82-48e9-8d47-ff04dae5f327,dcad839e-9e6e-4be5-bd28-37c3baef5deb,1006 - Two Bedroom Apartment,0a69b523-45ae-40c9-a403-658d65557581,true,2027-06-24,31
d31eabbc-d290-432b-b7d0-5fc3dde9771a,dcad839e-9e6e-4be5-bd28-37c3baef5deb,1006 - Two Bedroom Apartment,0a69b523-45ae-40c9-a403-658d65557581,true,2027-06-25,31
727c0470-bcbc-4351-9ef8-07832b1d8889,dcad839e-9e6e-4be5-bd28-37c3baef5deb,1006 - Two Bedroom Apartment,0a69b523-45ae-40c9-a403-658d65557581,true,2027-06-26,31
f6ebeef3-dc54-4edb-9fe5-299834faa191,dcad839e-9e6e-4be5-bd28-37c3baef5deb,1006 - Two Bedroom Apartment,0a69b523-45ae-40c9-a403-658d65557581,true,2027-06-27,31
042a8d0f-ea70-4bbd-b59f-5977f9327274,dcad839e-9e6e-4be5-bd28-37c3baef5deb,1006 - Two Bedroom Apartment,0a69b523-45ae-40c9-a403-658d65557581,true,2027-06-28,31
75ed5200-6603-42bc-b530-f1f52d8c7439,dcad839e-9e6e-4be5-bd28-37c3baef5deb,1006 - Two Bedroom Apartment,0a69b523-45ae-40c9-a403-658d65557581,true,2027-06-29,31
828af34a-8dfc-4576-bcd7-4f0c1ba030af,dcad839e-9e6e-4be5-bd28-37c3baef5deb,1006 - Two Bedroom Apartment,0a69b523-45ae-40c9-a403-658d65557581,true,2027-06-30,31
3359b28a-16e2-4df3-ac03-569cfe4263d9,dcad839e-9e6e-4be5-bd28-37c3baef5deb,1006 - Two Bedroom Apartment,0a69b523-45ae-40c9-a403-658d65557581,true,2027-07-01,31
546daefa-2efc-47ea-9eb4-6178419c4ff1,dcad839e-9e6e-4be5-bd28-37c3baef5deb,1006 - Two Bedroom Apartment,0a69b523-45ae-40c9-a403-658d65557581,true,2027-07-02,31
8d63cff8-8fec-428d-8d20-c2dd651e4895,dcad839e-9e6e-4be5-bd28-37c3baef5deb,1006 - Two Bedroom Apartment,0a69b523-45ae-40c9-a403-658d65557581,true,2027-07-03,31
78a58fae-cb97-4ab2-8069-b5ae8e8c6cf8,dcad839e-9e6e-4be5-bd28-37c3baef5deb,1006 - Two Bedroom Apartment,0a69b523-45ae-40c9-a403-658d65557581,true,2027-07-04,31
d558b859-7958-4725-95e7-59153e692087,dcad839e-9e6e-4be5-bd28-37c3baef5deb,1006 - Two Bedroom Apartment,0a69b523-45ae-40c9-a403-658d65557581,true,2027-07-05,31
ff955a33-f420-41dc-a5a9-072cf00c5941,dcad839e-9e6e-4be5-bd28-37c3baef5deb,1006 - Two Bedroom Apartment,0a69b523-45ae-40c9-a403-658d65557581,true,2027-07-06,31
09776107-4013-4cb2-9478-5c6b63d9080f,dcad839e-9e6e-4be5-bd28-37c3baef5deb,1006 - Two Bedroom Apartment,0a69b523-45ae-40c9-a403-658d65557581,true,2027-07-07,31
0573437b-2e61-4e62-8b09-6c39a2bdac1e,dcad839e-9e6e-4be5-bd28-37c3baef5deb,1006 - Two Bedroom Apartment,0a69b523-45ae-40c9-a403-658d65557581,true,2027-07-08,31
e032549b-150f-4493-adea-22ac2ef33042,dcad839e-9e6e-4be5-bd28-37c3baef5deb,1006 - Two Bedroom Apartment,0a69b523-45ae-40c9-a403-658d65557581,true,2027-07-09,31
aa6a39db-eb30-474e-8d5d-cb8545e8b7d6,dcad839e-9e6e-4be5-bd28-37c3baef5deb,1006 - Two Bedroom Apartment,0a69b523-45ae-40c9-a403-658d65557581,true,2027-07-10,31
9964cc16-0826-41f6-aec6-818441b7115f,dcad839e-9e6e-4be5-bd28-37c3baef5deb,1006 - Two Bedroom Apartment,0a69b523-45ae-40c9-a403-658d65557581,true,2027-07-11,31
460f2465-59e1-4716-bcd5-d801f17d83cc,dcad839e-9e6e-4be5-bd28-37c3baef5deb,1006 - Two Bedroom Apartment,0a69b523-45ae-40c9-a403-658d65557581,true,2027-07-12,31
b8ea93b6-7c81-4546-b79b-97a2fb672902,dcad839e-9e6e-4be5-bd28-37c3baef5deb,1006 - Two Bedroom Apartment,0a69b523-45ae-40c9-a403-658d65557581,true,2027-07-13,31
b6ad4e49-0b6a-4c99-b720-0bfd5a46e56b,dcad839e-9e6e-4be5-bd28-37c3baef5deb,1006 - Two Bedroom Apartment,0a69b523-45ae-40c9-a403-658d65557581,true,2027-07-14,31
c72cf10f-c715-4d52-92aa-e0cf5602c4e1,dcad839e-9e6e-4be5-bd28-37c3baef5deb,1006 - Two Bedroom Apartment,0a69b523-45ae-40c9-a403-658d65557581,true,2027-07-15,31
f0f48e69-64d6-4258-aac2-1e8019d6b602,dcad839e-9e6e-4be5-bd28-37c3baef5deb,1006 - Two Bedroom Apartment,0a69b523-45ae-40c9-a403-658d65557581,true,2027-07-16,31
249a2e6e-4e2d-41cf-b767-2a625348a4ed,dcad839e-9e6e-4be5-bd28-37c3baef5deb,1006 - Two Bedroom Apartment,0a69b523-45ae-40c9-a403-658d65557581,true,2027-07-17,31
9c578790-4285-4017-8e82-103c57164894,dcad839e-9e6e-4be5-bd28-37c3baef5deb,1006 - Two Bedroom Apartment,0a69b523-45ae-40c9-a403-658d65557581,true,2027-07-18,31
79904834-01c6-412f-b57f-ea76eb43e515,dcad839e-9e6e-4be5-bd28-37c3baef5deb,1006 - Two Bedroom Apartment,0a69b523-45ae-40c9-a403-658d65557581,true,2027-07-19,31
fcd1769c-1825-498a-88e7-099a485f58fb,dcad839e-9e6e-4be5-bd28-37c3baef5deb,1006 - Two Bedroom Apartment,0a69b523-45ae-40c9-a403-658d65557581,true,2027-07-20,31
d91a64b0-97cc-4922-9093-41f12d347857,dcad839e-9e6e-4be5-bd28-37c3baef5deb,1006 - Two Bedroom Apartment,0a69b523-45ae-40c9-a403-658d65557581,true,2027-07-21,31
a40feff7-2d90-408c-96c7-af12d9b1d8ed,dcad839e-9e6e-4be5-bd28-37c3baef5deb,1006 - Two Bedroom Apartment,0a69b523-45ae-40c9-a403-658d65557581,true,2027-07-22,31
cde60188-9509-4471-bcc5-fc1d0608b8fd,dcad839e-9e6e-4be5-bd28-37c3baef5deb,1006 - Two Bedroom Apartment,0a69b523-45ae-40c9-a403-658d65557581,true,2027-07-23,31
63891641-727e-41c2-b141-88a0324d2218,dcad839e-9e6e-4be5-bd28-37c3baef5deb,1006 - Two Bedroom Apartment,0a69b523-45ae-40c9-a403-658d65557581,true,2027-07-24,31
4f5f12fe-e735-401a-8c24-37176069d1ae,dcad839e-9e6e-4be5-bd28-37c3baef5deb,1006 - Two Bedroom Apartment,0a69b523-45ae-40c9-a403-658d65557581,true,2027-07-25,31
c462d25f-bf4d-4f7c-9294-7732c8d16124,dcad839e-9e6e-4be5-bd28-37c3baef5deb,1006 - Two Bedroom Apartment,0a69b523-45ae-40c9-a403-658d65557581,true,2027-07-26,31
fb8033b0-02fa-4162-aa5c-371639967449,dcad839e-9e6e-4be5-bd28-37c3baef5deb,1006 - Two Bedroom Apartment,0a69b523-45ae-40c9-a403-658d65557581,true,2027-07-27,31
c4fb814a-eb56-4aaa-a7d9-0301dee23e60,dcad839e-9e6e-4be5-bd28-37c3baef5deb,1006 - Two Bedroom Apartment,0a69b523-45ae-40c9-a403-658d65557581,true,2027-07-28,31
9cf1273e-eecb-48b1-b7e0-71bc4bbc2657,dcad839e-9e6e-4be5-bd28-37c3baef5deb,1006 - Two Bedroom Apartment,0a69b523-45ae-40c9-a403-658d65557581,true,2027-07-29,31
86a78d0b-a20b-4c81-800d-a0d248782e33,dcad839e-9e6e-4be5-bd28-37c3baef5deb,1006 - Two Bedroom Apartment,0a69b523-45ae-40c9-a403-658d65557581,true,2027-07-30,31
930fd0b7-18c5-43fb-90e8-56b200f56aaf,dcad839e-9e6e-4be5-bd28-37c3baef5deb,1006 - Two Bedroom Apartment,0a69b523-45ae-40c9-a403-658d65557581,true,2027-07-31,31
2ddfbc25-415d-41b7-b27e-0787e7b25bed,dcad839e-9e6e-4be5-bd28-37c3baef5deb,1006 - Two Bedroom Apartment,0a69b523-45ae-40c9-a403-658d65557581,true,2027-08-01,31
724dca2b-8c33-4d99-9dff-c3ac634d7482,dcad839e-9e6e-4be5-bd28-37c3baef5deb,1006 - Two Bedroom Apartment,0a69b523-45ae-40c9-a403-658d65557581,true,2027-08-02,31
a6b20ccf-d59c-48a1-a0d8-350e9ea33676,dcad839e-9e6e-4be5-bd28-37c3baef5deb,1006 - Two Bedroom Apartment,0a69b523-45ae-40c9-a403-658d65557581,true,2027-08-03,31
7dc40103-e31a-4e77-80ed-286f75d794e0,3037b082-49ea-4a8d-80ea-ecce359fe656,1102 - One Bedroom Apartment Sea,97e076ce-d3f4-45ab-af65-0631b9f58e3c,true,2026-07-05,31
a6a525c9-6783-4ff3-a2b8-fc2d5aa6156a,3037b082-49ea-4a8d-80ea-ecce359fe656,1102 - One Bedroom Apartment Sea,97e076ce-d3f4-45ab-af65-0631b9f58e3c,true,2026-07-06,31
7e7c2745-44b5-4856-896c-77d4fd20dc74,3037b082-49ea-4a8d-80ea-ecce359fe656,1102 - One Bedroom Apartment Sea,97e076ce-d3f4-45ab-af65-0631b9f58e3c,true,2026-07-07,31
1a7cc42a-198a-472f-859d-88035ff40bec,3037b082-49ea-4a8d-80ea-ecce359fe656,1102 - One Bedroom Apartment Sea,97e076ce-d3f4-45ab-af65-0631b9f58e3c,true,2026-07-08,31
9311ee08-781e-4f11-8418-f8323d7187de,3037b082-49ea-4a8d-80ea-ecce359fe656,1102 - One Bedroom Apartment Sea,97e076ce-d3f4-45ab-af65-0631b9f58e3c,true,2026-07-09,31
ee4c8184-62a1-412b-96e2-2cfe2f7f4ff2,3037b082-49ea-4a8d-80ea-ecce359fe656,1102 - One Bedroom Apartment Sea,97e076ce-d3f4-45ab-af65-0631b9f58e3c,true,2026-07-10,31
4c25eb24-d287-4321-a960-55d97d4d6042,3037b082-49ea-4a8d-80ea-ecce359fe656,1102 - One Bedroom Apartment Sea,97e076ce-d3f4-45ab-af65-0631b9f58e3c,true,2026-07-11,31
5f5ccf08-dff8-4d35-b095-d300cb524814,3037b082-49ea-4a8d-80ea-ecce359fe656,1102 - One Bedroom Apartment Sea,97e076ce-d3f4-45ab-af65-0631b9f58e3c,true,2026-07-12,31
04037e41-d59c-41d0-9157-2e250b98d1b6,3037b082-49ea-4a8d-80ea-ecce359fe656,1102 - One Bedroom Apartment Sea,97e076ce-d3f4-45ab-af65-0631b9f58e3c,true,2026-07-13,31
2d30a0b8-d3e8-4772-b99f-2f8d1de657ab,3037b082-49ea-4a8d-80ea-ecce359fe656,1102 - One Bedroom Apartment Sea,97e076ce-d3f4-45ab-af65-0631b9f58e3c,true,2026-07-14,31
be72e075-9dbd-4e23-ac03-0d0cf5b45b40,3037b082-49ea-4a8d-80ea-ecce359fe656,1102 - One Bedroom Apartment Sea,97e076ce-d3f4-45ab-af65-0631b9f58e3c,true,2026-07-15,31
99227b41-a41f-46b5-b6fb-c765dd67b567,3037b082-49ea-4a8d-80ea-ecce359fe656,1102 - One Bedroom Apartment Sea,97e076ce-d3f4-45ab-af65-0631b9f58e3c,true,2026-07-16,31
9064e628-d91d-4eb2-9d8e-d9ba2176ac5d,3037b082-49ea-4a8d-80ea-ecce359fe656,1102 - One Bedroom Apartment Sea,97e076ce-d3f4-45ab-af65-0631b9f58e3c,true,2026-07-17,31
116956df-f602-4b75-9cca-4c411b4d3e70,3037b082-49ea-4a8d-80ea-ecce359fe656,1102 - One Bedroom Apartment Sea,97e076ce-d3f4-45ab-af65-0631b9f58e3c,true,2026-07-18,31
42ac2ee2-7b85-4380-b323-19349003f0b7,3037b082-49ea-4a8d-80ea-ecce359fe656,1102 - One Bedroom Apartment Sea,97e076ce-d3f4-45ab-af65-0631b9f58e3c,true,2026-07-19,31
d2180a6a-3739-43a5-ab81-cb99ed98287f,3037b082-49ea-4a8d-80ea-ecce359fe656,1102 - One Bedroom Apartment Sea,97e076ce-d3f4-45ab-af65-0631b9f58e3c,true,2026-07-20,31
08af3d6e-8709-4c9d-870d-ecaddb77b390,3037b082-49ea-4a8d-80ea-ecce359fe656,1102 - One Bedroom Apartment Sea,97e076ce-d3f4-45ab-af65-0631b9f58e3c,true,2026-07-21,31
498c495f-a65a-43f3-80ee-b4561dfdfd7c,3037b082-49ea-4a8d-80ea-ecce359fe656,1102 - One Bedroom Apartment Sea,97e076ce-d3f4-45ab-af65-0631b9f58e3c,true,2026-07-22,31
c5c5f19e-cf21-4395-87a1-b9370bb10e7d,3037b082-49ea-4a8d-80ea-ecce359fe656,1102 - One Bedroom Apartment Sea,97e076ce-d3f4-45ab-af65-0631b9f58e3c,true,2026-07-23,31
5e35366e-a911-4994-b792-8b53434d1158,3037b082-49ea-4a8d-80ea-ecce359fe656,1102 - One Bedroom Apartment Sea,97e076ce-d3f4-45ab-af65-0631b9f58e3c,true,2026-07-24,31
e9c38396-36b6-418e-8987-a8665c364a5f,3037b082-49ea-4a8d-80ea-ecce359fe656,1102 - One Bedroom Apartment Sea,97e076ce-d3f4-45ab-af65-0631b9f58e3c,true,2026-07-25,31
0acb3fcc-af1d-435b-902f-a8e4349a2bc2,3037b082-49ea-4a8d-80ea-ecce359fe656,1102 - One Bedroom Apartment Sea,97e076ce-d3f4-45ab-af65-0631b9f58e3c,true,2026-07-26,31
a01c83b5-e843-424e-a7ea-e294b1f0f05e,3037b082-49ea-4a8d-80ea-ecce359fe656,1102 - One Bedroom Apartment Sea,97e076ce-d3f4-45ab-af65-0631b9f58e3c,true,2026-07-27,31
24fc5ec4-df7f-4c05-8ac3-353d75181ec9,3037b082-49ea-4a8d-80ea-ecce359fe656,1102 - One Bedroom Apartment Sea,97e076ce-d3f4-45ab-af65-0631b9f58e3c,true,2026-07-28,31
786719f4-d139-4069-96c2-b6168320904e,3037b082-49ea-4a8d-80ea-ecce359fe656,1102 - One Bedroom Apartment Sea,97e076ce-d3f4-45ab-af65-0631b9f58e3c,true,2026-07-29,31
fa7b15cc-1fd5-443d-8b63-8c41bea2442a,3037b082-49ea-4a8d-80ea-ecce359fe656,1102 - One Bedroom Apartment Sea,97e076ce-d3f4-45ab-af65-0631b9f58e3c,true,2026-07-30,31
88de1da1-495a-4f14-ac5c-0baec1c3980d,3037b082-49ea-4a8d-80ea-ecce359fe656,1102 - One Bedroom Apartment Sea,97e076ce-d3f4-45ab-af65-0631b9f58e3c,true,2026-07-31,31
f3d1b287-e845-4dc1-bb08-224e900cf0de,3037b082-49ea-4a8d-80ea-ecce359fe656,1102 - One Bedroom Apartment Sea,97e076ce-d3f4-45ab-af65-0631b9f58e3c,true,2026-08-01,31
72ffd60e-d2fb-45b0-b681-d8d83403ed9b,3037b082-49ea-4a8d-80ea-ecce359fe656,1102 - One Bedroom Apartment Sea,97e076ce-d3f4-45ab-af65-0631b9f58e3c,true,2026-08-02,31
8f2c1a1d-6ece-48e7-a15e-0ce23652df72,3037b082-49ea-4a8d-80ea-ecce359fe656,1102 - One Bedroom Apartment Sea,97e076ce-d3f4-45ab-af65-0631b9f58e3c,true,2026-08-03,31
a18c0d2c-55e8-493e-871a-ac4b90fcfaea,3037b082-49ea-4a8d-80ea-ecce359fe656,1102 - One Bedroom Apartment Sea,97e076ce-d3f4-45ab-af65-0631b9f58e3c,true,2026-08-04,31
2c9b5088-4de0-46ea-987d-2f1006cd8a47,3037b082-49ea-4a8d-80ea-ecce359fe656,1102 - One Bedroom Apartment Sea,97e076ce-d3f4-45ab-af65-0631b9f58e3c,true,2026-08-05,31
ac0fed4d-8f01-43ac-ad72-6d2253157db6,3037b082-49ea-4a8d-80ea-ecce359fe656,1102 - One Bedroom Apartment Sea,97e076ce-d3f4-45ab-af65-0631b9f58e3c,true,2026-08-06,31
e93243e9-11a2-4ee7-89f4-44cad381e9c5,3037b082-49ea-4a8d-80ea-ecce359fe656,1102 - One Bedroom Apartment Sea,97e076ce-d3f4-45ab-af65-0631b9f58e3c,true,2026-08-07,31
6c3b6456-d61e-47ab-a77b-80d767698863,3037b082-49ea-4a8d-80ea-ecce359fe656,1102 - One Bedroom Apartment Sea,97e076ce-d3f4-45ab-af65-0631b9f58e3c,true,2026-08-08,31
c7500426-207b-4a34-8c18-d50ae89f6d42,3037b082-49ea-4a8d-80ea-ecce359fe656,1102 - One Bedroom Apartment Sea,97e076ce-d3f4-45ab-af65-0631b9f58e3c,true,2026-08-09,31
238be219-9d34-48a7-bef0-e3cfd441acc0,3037b082-49ea-4a8d-80ea-ecce359fe656,1102 - One Bedroom Apartment Sea,97e076ce-d3f4-45ab-af65-0631b9f58e3c,true,2026-08-10,31
ac6a4fa3-25e3-4fd2-a461-4220839a5382,3037b082-49ea-4a8d-80ea-ecce359fe656,1102 - One Bedroom Apartment Sea,97e076ce-d3f4-45ab-af65-0631b9f58e3c,true,2026-08-11,31
adc60ec6-4789-455c-97a3-3356c145322f,3037b082-49ea-4a8d-80ea-ecce359fe656,1102 - One Bedroom Apartment Sea,97e076ce-d3f4-45ab-af65-0631b9f58e3c,true,2026-08-12,31
cc8024e5-99c3-44fe-84b6-03e496b13103,3037b082-49ea-4a8d-80ea-ecce359fe656,1102 - One Bedroom Apartment Sea,97e076ce-d3f4-45ab-af65-0631b9f58e3c,true,2026-08-13,31
4317a62d-0582-402a-bf20-9a9872e8152a,3037b082-49ea-4a8d-80ea-ecce359fe656,1102 - One Bedroom Apartment Sea,97e076ce-d3f4-45ab-af65-0631b9f58e3c,true,2026-08-14,31
f9bf7d21-6e31-4594-bfad-83c283ecbd01,3037b082-49ea-4a8d-80ea-ecce359fe656,1102 - One Bedroom Apartment Sea,97e076ce-d3f4-45ab-af65-0631b9f58e3c,true,2026-08-15,31
c2b6dc9e-5d56-4ea4-93da-258be398330e,3037b082-49ea-4a8d-80ea-ecce359fe656,1102 - One Bedroom Apartment Sea,97e076ce-d3f4-45ab-af65-0631b9f58e3c,true,2026-08-16,31
2786bb2c-072d-4d18-b7e5-5a4cab952544,3037b082-49ea-4a8d-80ea-ecce359fe656,1102 - One Bedroom Apartment Sea,97e076ce-d3f4-45ab-af65-0631b9f58e3c,true,2026-08-17,31
be197417-bdf4-4188-98f3-f0d0246338b8,3037b082-49ea-4a8d-80ea-ecce359fe656,1102 - One Bedroom Apartment Sea,97e076ce-d3f4-45ab-af65-0631b9f58e3c,true,2026-08-18,31
5e08d81d-a6fa-4467-9924-9f61f4308ce7,3037b082-49ea-4a8d-80ea-ecce359fe656,1102 - One Bedroom Apartment Sea,97e076ce-d3f4-45ab-af65-0631b9f58e3c,true,2026-08-19,31
a61be882-02f6-4877-bd46-3f288a769c91,3037b082-49ea-4a8d-80ea-ecce359fe656,1102 - One Bedroom Apartment Sea,97e076ce-d3f4-45ab-af65-0631b9f58e3c,true,2026-08-20,31
45cb5e39-4411-4cd6-b3d1-51cb2f55a54a,3037b082-49ea-4a8d-80ea-ecce359fe656,1102 - One Bedroom Apartment Sea,97e076ce-d3f4-45ab-af65-0631b9f58e3c,true,2026-08-21,31
1ad0ce04-8d29-407e-82f3-7380b085df7a,3037b082-49ea-4a8d-80ea-ecce359fe656,1102 - One Bedroom Apartment Sea,97e076ce-d3f4-45ab-af65-0631b9f58e3c,true,2026-08-22,31
9491555f-2cc6-46dd-8088-de9213f24c8a,3037b082-49ea-4a8d-80ea-ecce359fe656,1102 - One Bedroom Apartment Sea,97e076ce-d3f4-45ab-af65-0631b9f58e3c,true,2026-08-23,31
a164e7dd-1d16-4064-9b3f-08321c7e3189,3037b082-49ea-4a8d-80ea-ecce359fe656,1102 - One Bedroom Apartment Sea,97e076ce-d3f4-45ab-af65-0631b9f58e3c,true,2026-08-24,31
e0575173-db14-4fa6-bf16-5191dd48942d,3037b082-49ea-4a8d-80ea-ecce359fe656,1102 - One Bedroom Apartment Sea,97e076ce-d3f4-45ab-af65-0631b9f58e3c,true,2026-08-25,31
af5240f9-0839-4f73-a560-18a3e0e1b76e,3037b082-49ea-4a8d-80ea-ecce359fe656,1102 - One Bedroom Apartment Sea,97e076ce-d3f4-45ab-af65-0631b9f58e3c,true,2026-08-26,31
2f8dc5ef-2e1f-4d19-ade7-c227fc4e9926,3037b082-49ea-4a8d-80ea-ecce359fe656,1102 - One Bedroom Apartment Sea,97e076ce-d3f4-45ab-af65-0631b9f58e3c,true,2026-08-27,31
d4f1545d-4ca8-432a-a36c-df5a0de9dd0f,3037b082-49ea-4a8d-80ea-ecce359fe656,1102 - One Bedroom Apartment Sea,97e076ce-d3f4-45ab-af65-0631b9f58e3c,true,2026-08-28,31
d99bce0b-2860-4f5b-8238-012a0569a2e1,3037b082-49ea-4a8d-80ea-ecce359fe656,1102 - One Bedroom Apartment Sea,97e076ce-d3f4-45ab-af65-0631b9f58e3c,true,2026-08-29,31
ab46c71b-d454-4458-9856-895d6f36d2bd,3037b082-49ea-4a8d-80ea-ecce359fe656,1102 - One Bedroom Apartment Sea,97e076ce-d3f4-45ab-af65-0631b9f58e3c,true,2026-08-30,31
94788297-5949-4431-bf99-1c03eac2fedf,3037b082-49ea-4a8d-80ea-ecce359fe656,1102 - One Bedroom Apartment Sea,97e076ce-d3f4-45ab-af65-0631b9f58e3c,true,2026-08-31,31
ad9bb648-99d9-482c-adbe-8db36bc633bf,3037b082-49ea-4a8d-80ea-ecce359fe656,1102 - One Bedroom Apartment Sea,97e076ce-d3f4-45ab-af65-0631b9f58e3c,true,2026-09-01,31
d420edc7-3316-4d4d-abc2-65ba879ec145,3037b082-49ea-4a8d-80ea-ecce359fe656,1102 - One Bedroom Apartment Sea,97e076ce-d3f4-45ab-af65-0631b9f58e3c,true,2026-09-02,31
af27a9dd-fb22-4759-b95f-268584473182,3037b082-49ea-4a8d-80ea-ecce359fe656,1102 - One Bedroom Apartment Sea,97e076ce-d3f4-45ab-af65-0631b9f58e3c,true,2026-09-03,31
22205b6e-acfb-47d2-a69a-190756c5347b,3037b082-49ea-4a8d-80ea-ecce359fe656,1102 - One Bedroom Apartment Sea,97e076ce-d3f4-45ab-af65-0631b9f58e3c,true,2026-09-04,31
31f66e01-56bb-4c81-ae96-30ad3083103e,3037b082-49ea-4a8d-80ea-ecce359fe656,1102 - One Bedroom Apartment Sea,97e076ce-d3f4-45ab-af65-0631b9f58e3c,true,2026-09-05,31
621942a0-4175-42f8-870e-22e5aad1875d,3037b082-49ea-4a8d-80ea-ecce359fe656,1102 - One Bedroom Apartment Sea,97e076ce-d3f4-45ab-af65-0631b9f58e3c,true,2026-09-06,31
f30a4721-c4b2-43ab-ad9d-be0bb93b0f06,3037b082-49ea-4a8d-80ea-ecce359fe656,1102 - One Bedroom Apartment Sea,97e076ce-d3f4-45ab-af65-0631b9f58e3c,true,2026-09-07,31
4b9bf188-b868-4137-8539-f6839d8bea49,3037b082-49ea-4a8d-80ea-ecce359fe656,1102 - One Bedroom Apartment Sea,97e076ce-d3f4-45ab-af65-0631b9f58e3c,true,2026-09-08,31
718f5a65-4759-4fe1-b35a-78285aac5037,3037b082-49ea-4a8d-80ea-ecce359fe656,1102 - One Bedroom Apartment Sea,97e076ce-d3f4-45ab-af65-0631b9f58e3c,true,2026-09-09,31
9f5f0136-9c66-4c53-963b-4bd466cfe76e,3037b082-49ea-4a8d-80ea-ecce359fe656,1102 - One Bedroom Apartment Sea,97e076ce-d3f4-45ab-af65-0631b9f58e3c,true,2026-09-10,31
affee3c7-ebb6-49e4-8c9d-68f037fcc54e,3037b082-49ea-4a8d-80ea-ecce359fe656,1102 - One Bedroom Apartment Sea,97e076ce-d3f4-45ab-af65-0631b9f58e3c,true,2026-09-11,31
c44e522e-284d-4a63-a745-16e751c336f0,3037b082-49ea-4a8d-80ea-ecce359fe656,1102 - One Bedroom Apartment Sea,97e076ce-d3f4-45ab-af65-0631b9f58e3c,true,2026-09-12,31
3c287c2a-2698-4abb-bfa8-035d83712993,3037b082-49ea-4a8d-80ea-ecce359fe656,1102 - One Bedroom Apartment Sea,97e076ce-d3f4-45ab-af65-0631b9f58e3c,true,2026-09-13,31
3f7e39ca-dbe2-462e-b77f-ec25441c35ed,3037b082-49ea-4a8d-80ea-ecce359fe656,1102 - One Bedroom Apartment Sea,97e076ce-d3f4-45ab-af65-0631b9f58e3c,true,2026-09-14,31
c4037e56-3d82-4e9c-98f4-86ea8d331047,3037b082-49ea-4a8d-80ea-ecce359fe656,1102 - One Bedroom Apartment Sea,97e076ce-d3f4-45ab-af65-0631b9f58e3c,true,2026-09-15,31
6025ba68-f387-4f5c-9aeb-9a0ebdea31d9,3037b082-49ea-4a8d-80ea-ecce359fe656,1102 - One Bedroom Apartment Sea,97e076ce-d3f4-45ab-af65-0631b9f58e3c,true,2026-09-16,31
762ed9c6-f511-4163-a107-a6ed1927f149,3037b082-49ea-4a8d-80ea-ecce359fe656,1102 - One Bedroom Apartment Sea,97e076ce-d3f4-45ab-af65-0631b9f58e3c,true,2026-09-17,31
9acd6415-1b60-4b9b-bd83-d11094e33b8c,3037b082-49ea-4a8d-80ea-ecce359fe656,1102 - One Bedroom Apartment Sea,97e076ce-d3f4-45ab-af65-0631b9f58e3c,true,2026-09-18,31
38883f44-238d-47f7-8017-6f73bca6bc50,3037b082-49ea-4a8d-80ea-ecce359fe656,1102 - One Bedroom Apartment Sea,97e076ce-d3f4-45ab-af65-0631b9f58e3c,true,2026-09-19,31
1e29302f-963a-4691-9f42-a95f7b68ae55,3037b082-49ea-4a8d-80ea-ecce359fe656,1102 - One Bedroom Apartment Sea,97e076ce-d3f4-45ab-af65-0631b9f58e3c,true,2026-09-20,31
305b345b-1eb9-4b6f-a6f5-faf445c13654,3037b082-49ea-4a8d-80ea-ecce359fe656,1102 - One Bedroom Apartment Sea,97e076ce-d3f4-45ab-af65-0631b9f58e3c,true,2026-09-21,31
1fb33f00-76c4-41c0-b9fc-d447bc6779e1,3037b082-49ea-4a8d-80ea-ecce359fe656,1102 - One Bedroom Apartment Sea,97e076ce-d3f4-45ab-af65-0631b9f58e3c,true,2026-09-22,31
b574866a-fd30-4a58-85fd-830be584721c,3037b082-49ea-4a8d-80ea-ecce359fe656,1102 - One Bedroom Apartment Sea,97e076ce-d3f4-45ab-af65-0631b9f58e3c,true,2026-09-23,31
33dbfaa1-fe8b-42e2-8987-dd82ec59a48d,3037b082-49ea-4a8d-80ea-ecce359fe656,1102 - One Bedroom Apartment Sea,97e076ce-d3f4-45ab-af65-0631b9f58e3c,true,2026-09-24,31
8dbf0b22-2aaa-49d3-a9f6-d4ffad0b497a,3037b082-49ea-4a8d-80ea-ecce359fe656,1102 - One Bedroom Apartment Sea,97e076ce-d3f4-45ab-af65-0631b9f58e3c,true,2026-09-25,31
92361ff1-eaa3-4506-9eeb-59c763815731,3037b082-49ea-4a8d-80ea-ecce359fe656,1102 - One Bedroom Apartment Sea,97e076ce-d3f4-45ab-af65-0631b9f58e3c,true,2026-09-26,31
5e140c7b-9e33-4bec-b725-3a886257a4ac,3037b082-49ea-4a8d-80ea-ecce359fe656,1102 - One Bedroom Apartment Sea,97e076ce-d3f4-45ab-af65-0631b9f58e3c,true,2026-09-27,31
3f0205f0-b379-48a2-9a91-32ff4daf18ac,3037b082-49ea-4a8d-80ea-ecce359fe656,1102 - One Bedroom Apartment Sea,97e076ce-d3f4-45ab-af65-0631b9f58e3c,true,2026-09-28,31
0a14ed38-f01e-4569-95a4-7087916d057b,3037b082-49ea-4a8d-80ea-ecce359fe656,1102 - One Bedroom Apartment Sea,97e076ce-d3f4-45ab-af65-0631b9f58e3c,true,2026-09-29,31
51634fef-3901-40ee-8b3f-ae5dd86261c0,3037b082-49ea-4a8d-80ea-ecce359fe656,1102 - One Bedroom Apartment Sea,97e076ce-d3f4-45ab-af65-0631b9f58e3c,true,2026-09-30,31
6cd5f5dc-cbe3-4a20-a950-357f2446067e,3037b082-49ea-4a8d-80ea-ecce359fe656,1102 - One Bedroom Apartment Sea,97e076ce-d3f4-45ab-af65-0631b9f58e3c,true,2026-10-01,31
b95eeaa8-2c16-4002-a06a-e138e27957f1,3037b082-49ea-4a8d-80ea-ecce359fe656,1102 - One Bedroom Apartment Sea,97e076ce-d3f4-45ab-af65-0631b9f58e3c,true,2026-10-02,31
d2249284-f62f-43b7-ba78-43debe41e6f3,3037b082-49ea-4a8d-80ea-ecce359fe656,1102 - One Bedroom Apartment Sea,97e076ce-d3f4-45ab-af65-0631b9f58e3c,true,2026-10-03,31
17b3d1a2-6a3f-4156-a908-9be5910550b0,3037b082-49ea-4a8d-80ea-ecce359fe656,1102 - One Bedroom Apartment Sea,97e076ce-d3f4-45ab-af65-0631b9f58e3c,true,2026-10-04,31
c5728cbd-11ee-440b-b3d3-28be290df934,3037b082-49ea-4a8d-80ea-ecce359fe656,1102 - One Bedroom Apartment Sea,97e076ce-d3f4-45ab-af65-0631b9f58e3c,true,2026-10-05,31
f98da651-c9be-4bdc-9d51-e5339d3450f5,3037b082-49ea-4a8d-80ea-ecce359fe656,1102 - One Bedroom Apartment Sea,97e076ce-d3f4-45ab-af65-0631b9f58e3c,true,2026-10-06,31
5e86b2c6-f4cf-499f-bd55-4d8758bd651f,3037b082-49ea-4a8d-80ea-ecce359fe656,1102 - One Bedroom Apartment Sea,97e076ce-d3f4-45ab-af65-0631b9f58e3c,true,2026-10-07,31
333e82af-dbc9-4019-aca8-3259099a133f,3037b082-49ea-4a8d-80ea-ecce359fe656,1102 - One Bedroom Apartment Sea,97e076ce-d3f4-45ab-af65-0631b9f58e3c,true,2026-10-08,31
d70fd672-ba84-45c2-b02e-188769e3f4b4,3037b082-49ea-4a8d-80ea-ecce359fe656,1102 - One Bedroom Apartment Sea,97e076ce-d3f4-45ab-af65-0631b9f58e3c,true,2026-10-09,31
52ca9230-d307-4e98-9961-bd5fdbe4c2f0,3037b082-49ea-4a8d-80ea-ecce359fe656,1102 - One Bedroom Apartment Sea,97e076ce-d3f4-45ab-af65-0631b9f58e3c,true,2026-10-10,31
3c4c3ee1-1147-4177-b12d-064624d3f29a,3037b082-49ea-4a8d-80ea-ecce359fe656,1102 - One Bedroom Apartment Sea,97e076ce-d3f4-45ab-af65-0631b9f58e3c,true,2026-10-11,31
09ae1ae9-b9b2-4fd5-829e-986c7ffe6c05,3037b082-49ea-4a8d-80ea-ecce359fe656,1102 - One Bedroom Apartment Sea,97e076ce-d3f4-45ab-af65-0631b9f58e3c,true,2026-10-12,31
129ba395-fe3c-4504-9ec4-66e7f8b7b4eb,3037b082-49ea-4a8d-80ea-ecce359fe656,1102 - One Bedroom Apartment Sea,97e076ce-d3f4-45ab-af65-0631b9f58e3c,true,2026-10-13,31
e25fd50a-5e97-445e-a32d-0eb7172d20d7,3037b082-49ea-4a8d-80ea-ecce359fe656,1102 - One Bedroom Apartment Sea,97e076ce-d3f4-45ab-af65-0631b9f58e3c,true,2026-10-14,31
78043389-fb24-4c1d-bb56-729498bd69ec,3037b082-49ea-4a8d-80ea-ecce359fe656,1102 - One Bedroom Apartment Sea,97e076ce-d3f4-45ab-af65-0631b9f58e3c,true,2026-10-15,31
99bb1164-c2e6-4ef2-9526-087f35e796d4,3037b082-49ea-4a8d-80ea-ecce359fe656,1102 - One Bedroom Apartment Sea,97e076ce-d3f4-45ab-af65-0631b9f58e3c,true,2026-10-16,31
bc25e47b-550d-4925-a3c0-a739dfbefcc6,3037b082-49ea-4a8d-80ea-ecce359fe656,1102 - One Bedroom Apartment Sea,97e076ce-d3f4-45ab-af65-0631b9f58e3c,true,2026-10-17,31
c67260fa-47d3-4718-9acd-fa469aeb63e5,3037b082-49ea-4a8d-80ea-ecce359fe656,1102 - One Bedroom Apartment Sea,97e076ce-d3f4-45ab-af65-0631b9f58e3c,true,2026-10-18,31
c76f8178-ab4d-4ba6-9162-90d4a1e0be7d,3037b082-49ea-4a8d-80ea-ecce359fe656,1102 - One Bedroom Apartment Sea,97e076ce-d3f4-45ab-af65-0631b9f58e3c,true,2026-10-19,31
f53a4c50-1211-4b30-8161-dc3b83830c00,3037b082-49ea-4a8d-80ea-ecce359fe656,1102 - One Bedroom Apartment Sea,97e076ce-d3f4-45ab-af65-0631b9f58e3c,true,2026-10-20,31
3f7a64bf-cb59-4c39-8b9c-708026df49d9,3037b082-49ea-4a8d-80ea-ecce359fe656,1102 - One Bedroom Apartment Sea,97e076ce-d3f4-45ab-af65-0631b9f58e3c,true,2026-10-21,31
4ebcf066-62c0-441e-b216-f4bb9d0349c8,3037b082-49ea-4a8d-80ea-ecce359fe656,1102 - One Bedroom Apartment Sea,97e076ce-d3f4-45ab-af65-0631b9f58e3c,true,2026-10-22,31
cfc6278f-89ce-4e1c-877f-65b9622acabd,3037b082-49ea-4a8d-80ea-ecce359fe656,1102 - One Bedroom Apartment Sea,97e076ce-d3f4-45ab-af65-0631b9f58e3c,true,2026-10-23,31
5810dd7d-6332-4d5b-b199-0a708926627c,3037b082-49ea-4a8d-80ea-ecce359fe656,1102 - One Bedroom Apartment Sea,97e076ce-d3f4-45ab-af65-0631b9f58e3c,true,2026-10-24,31
a969717d-a904-448b-8c1a-32a54ee18832,3037b082-49ea-4a8d-80ea-ecce359fe656,1102 - One Bedroom Apartment Sea,97e076ce-d3f4-45ab-af65-0631b9f58e3c,true,2026-10-25,31
ed8cc651-e490-436d-9b79-1f9368bcc4ff,3037b082-49ea-4a8d-80ea-ecce359fe656,1102 - One Bedroom Apartment Sea,97e076ce-d3f4-45ab-af65-0631b9f58e3c,true,2026-10-26,31
3fe5077b-05c7-4d97-bf84-d25fe1c3d9a3,3037b082-49ea-4a8d-80ea-ecce359fe656,1102 - One Bedroom Apartment Sea,97e076ce-d3f4-45ab-af65-0631b9f58e3c,true,2026-10-27,31
e0acc8fa-a012-4d06-8e02-1db852d404ba,3037b082-49ea-4a8d-80ea-ecce359fe656,1102 - One Bedroom Apartment Sea,97e076ce-d3f4-45ab-af65-0631b9f58e3c,true,2026-10-28,31
31f900f1-e236-436a-9deb-672622c08132,3037b082-49ea-4a8d-80ea-ecce359fe656,1102 - One Bedroom Apartment Sea,97e076ce-d3f4-45ab-af65-0631b9f58e3c,true,2026-10-29,31
67b67207-ef92-4212-a4d8-cbeff6ec0187,3037b082-49ea-4a8d-80ea-ecce359fe656,1102 - One Bedroom Apartment Sea,97e076ce-d3f4-45ab-af65-0631b9f58e3c,true,2026-10-30,31
b0b70271-df83-45d3-9a77-c74806d6e402,3037b082-49ea-4a8d-80ea-ecce359fe656,1102 - One Bedroom Apartment Sea,97e076ce-d3f4-45ab-af65-0631b9f58e3c,true,2026-10-31,31
9c00ff19-331c-41ba-ac20-549016293318,3037b082-49ea-4a8d-80ea-ecce359fe656,1102 - One Bedroom Apartment Sea,97e076ce-d3f4-45ab-af65-0631b9f58e3c,true,2026-11-01,31
cfaa166e-e766-4114-901f-c15c9989f13a,3037b082-49ea-4a8d-80ea-ecce359fe656,1102 - One Bedroom Apartment Sea,97e076ce-d3f4-45ab-af65-0631b9f58e3c,true,2026-11-02,31
2332aeb1-e5e9-430b-847a-98be93bfabd1,3037b082-49ea-4a8d-80ea-ecce359fe656,1102 - One Bedroom Apartment Sea,97e076ce-d3f4-45ab-af65-0631b9f58e3c,true,2026-11-03,31
2d22f9dc-c975-46fe-b923-5885601b0470,3037b082-49ea-4a8d-80ea-ecce359fe656,1102 - One Bedroom Apartment Sea,97e076ce-d3f4-45ab-af65-0631b9f58e3c,true,2026-11-04,31
c109fd34-c890-4d8e-adad-a6d2d7d13354,3037b082-49ea-4a8d-80ea-ecce359fe656,1102 - One Bedroom Apartment Sea,97e076ce-d3f4-45ab-af65-0631b9f58e3c,true,2026-11-05,31
a2799434-651b-4248-ab16-d1af54c31026,3037b082-49ea-4a8d-80ea-ecce359fe656,1102 - One Bedroom Apartment Sea,97e076ce-d3f4-45ab-af65-0631b9f58e3c,true,2026-11-06,31
fb6a04e6-c911-4816-8988-cbae64c2608e,3037b082-49ea-4a8d-80ea-ecce359fe656,1102 - One Bedroom Apartment Sea,97e076ce-d3f4-45ab-af65-0631b9f58e3c,true,2026-11-07,31
ef58c9a8-0e96-454a-96e6-a8f0a01a8781,3037b082-49ea-4a8d-80ea-ecce359fe656,1102 - One Bedroom Apartment Sea,97e076ce-d3f4-45ab-af65-0631b9f58e3c,true,2026-11-08,31
57b27092-7ef0-4e6f-92cb-a012b28439c5,3037b082-49ea-4a8d-80ea-ecce359fe656,1102 - One Bedroom Apartment Sea,97e076ce-d3f4-45ab-af65-0631b9f58e3c,true,2026-11-09,31
a5da447a-298c-4069-9923-875f47d6838d,3037b082-49ea-4a8d-80ea-ecce359fe656,1102 - One Bedroom Apartment Sea,97e076ce-d3f4-45ab-af65-0631b9f58e3c,true,2026-11-10,31
618796e3-c106-4660-b024-4f7844e61b17,3037b082-49ea-4a8d-80ea-ecce359fe656,1102 - One Bedroom Apartment Sea,97e076ce-d3f4-45ab-af65-0631b9f58e3c,true,2026-11-11,31
c282ba66-ebf6-4fca-8027-b95fa800e4bc,3037b082-49ea-4a8d-80ea-ecce359fe656,1102 - One Bedroom Apartment Sea,97e076ce-d3f4-45ab-af65-0631b9f58e3c,true,2026-11-12,31
64e0c30a-ddcf-4c86-a46c-fe32021ad7ab,3037b082-49ea-4a8d-80ea-ecce359fe656,1102 - One Bedroom Apartment Sea,97e076ce-d3f4-45ab-af65-0631b9f58e3c,true,2026-11-13,31
67a91d5f-b0ad-423e-ac01-e26857037d42,3037b082-49ea-4a8d-80ea-ecce359fe656,1102 - One Bedroom Apartment Sea,97e076ce-d3f4-45ab-af65-0631b9f58e3c,true,2026-11-14,31
29ce7f3e-64ec-44ba-9583-49bfc193daad,3037b082-49ea-4a8d-80ea-ecce359fe656,1102 - One Bedroom Apartment Sea,97e076ce-d3f4-45ab-af65-0631b9f58e3c,true,2026-11-15,31
d444e970-0266-408f-a52c-c513327c956c,3037b082-49ea-4a8d-80ea-ecce359fe656,1102 - One Bedroom Apartment Sea,97e076ce-d3f4-45ab-af65-0631b9f58e3c,true,2026-11-16,31
09019ccc-8533-4f16-a4cd-cd675892cdb8,3037b082-49ea-4a8d-80ea-ecce359fe656,1102 - One Bedroom Apartment Sea,97e076ce-d3f4-45ab-af65-0631b9f58e3c,true,2026-11-17,31
a4942b8e-6054-4360-9788-7f8467000212,3037b082-49ea-4a8d-80ea-ecce359fe656,1102 - One Bedroom Apartment Sea,97e076ce-d3f4-45ab-af65-0631b9f58e3c,true,2026-11-18,31
82ab283e-6dcd-49f4-b079-48d2c565dd16,3037b082-49ea-4a8d-80ea-ecce359fe656,1102 - One Bedroom Apartment Sea,97e076ce-d3f4-45ab-af65-0631b9f58e3c,true,2026-11-19,31
951d1a66-73e7-4fa6-ac43-95ca55b31c9a,3037b082-49ea-4a8d-80ea-ecce359fe656,1102 - One Bedroom Apartment Sea,97e076ce-d3f4-45ab-af65-0631b9f58e3c,true,2026-11-20,31
66a98e66-d2a1-44df-bbe9-94d4badef371,3037b082-49ea-4a8d-80ea-ecce359fe656,1102 - One Bedroom Apartment Sea,97e076ce-d3f4-45ab-af65-0631b9f58e3c,true,2026-11-21,31
d30115d3-f829-4129-b508-c2dedd0b9ec9,3037b082-49ea-4a8d-80ea-ecce359fe656,1102 - One Bedroom Apartment Sea,97e076ce-d3f4-45ab-af65-0631b9f58e3c,true,2026-11-22,31
843bd491-c550-4840-9610-b9ad574d6574,3037b082-49ea-4a8d-80ea-ecce359fe656,1102 - One Bedroom Apartment Sea,97e076ce-d3f4-45ab-af65-0631b9f58e3c,true,2026-11-23,31
041a4eff-b113-446f-81f0-712756a557ce,3037b082-49ea-4a8d-80ea-ecce359fe656,1102 - One Bedroom Apartment Sea,97e076ce-d3f4-45ab-af65-0631b9f58e3c,true,2026-11-24,31
35529e08-e5ed-45bb-842f-b72d58143cac,3037b082-49ea-4a8d-80ea-ecce359fe656,1102 - One Bedroom Apartment Sea,97e076ce-d3f4-45ab-af65-0631b9f58e3c,true,2026-11-25,31
62be5c3a-01dc-4214-8bc9-3ee1b4ed04a4,3037b082-49ea-4a8d-80ea-ecce359fe656,1102 - One Bedroom Apartment Sea,97e076ce-d3f4-45ab-af65-0631b9f58e3c,true,2026-11-26,31
09b0ff02-28cc-449d-9690-56d13e56f3fe,3037b082-49ea-4a8d-80ea-ecce359fe656,1102 - One Bedroom Apartment Sea,97e076ce-d3f4-45ab-af65-0631b9f58e3c,true,2026-11-27,31
52da5119-9d40-4007-b074-fd605ea5b531,3037b082-49ea-4a8d-80ea-ecce359fe656,1102 - One Bedroom Apartment Sea,97e076ce-d3f4-45ab-af65-0631b9f58e3c,true,2026-11-28,31
d144b733-92cd-4a39-9374-604e14a4b316,3037b082-49ea-4a8d-80ea-ecce359fe656,1102 - One Bedroom Apartment Sea,97e076ce-d3f4-45ab-af65-0631b9f58e3c,true,2026-11-29,31
be1b9738-41e4-4672-863a-9e19fdaefc85,3037b082-49ea-4a8d-80ea-ecce359fe656,1102 - One Bedroom Apartment Sea,97e076ce-d3f4-45ab-af65-0631b9f58e3c,true,2026-11-30,31
01d4ff2d-1dc8-4b31-81c4-65374c0ccb7a,3037b082-49ea-4a8d-80ea-ecce359fe656,1102 - One Bedroom Apartment Sea,97e076ce-d3f4-45ab-af65-0631b9f58e3c,true,2026-12-01,31
439fb2a2-9a3a-4878-be9e-8be80d369ff9,3037b082-49ea-4a8d-80ea-ecce359fe656,1102 - One Bedroom Apartment Sea,97e076ce-d3f4-45ab-af65-0631b9f58e3c,true,2026-12-02,31
2d887c7b-c776-4a18-8e7d-a42eab02935a,3037b082-49ea-4a8d-80ea-ecce359fe656,1102 - One Bedroom Apartment Sea,97e076ce-d3f4-45ab-af65-0631b9f58e3c,true,2026-12-03,31
6ad46344-06e6-4086-9b72-c70a23959103,3037b082-49ea-4a8d-80ea-ecce359fe656,1102 - One Bedroom Apartment Sea,97e076ce-d3f4-45ab-af65-0631b9f58e3c,true,2026-12-04,31
8883b042-de05-4dd4-9aaf-b3494062fa7a,3037b082-49ea-4a8d-80ea-ecce359fe656,1102 - One Bedroom Apartment Sea,97e076ce-d3f4-45ab-af65-0631b9f58e3c,true,2026-12-05,31
5b395a22-ba04-480a-8a5e-f0f29947a69f,3037b082-49ea-4a8d-80ea-ecce359fe656,1102 - One Bedroom Apartment Sea,97e076ce-d3f4-45ab-af65-0631b9f58e3c,true,2026-12-06,31
0e785eba-c62b-40f1-af31-5c2ca148d180,3037b082-49ea-4a8d-80ea-ecce359fe656,1102 - One Bedroom Apartment Sea,97e076ce-d3f4-45ab-af65-0631b9f58e3c,true,2026-12-07,31
812a2470-0b0a-4218-9e57-b6535884bc91,3037b082-49ea-4a8d-80ea-ecce359fe656,1102 - One Bedroom Apartment Sea,97e076ce-d3f4-45ab-af65-0631b9f58e3c,true,2026-12-08,31
cbdbeec4-8700-4234-a96f-f42cca2ed40a,3037b082-49ea-4a8d-80ea-ecce359fe656,1102 - One Bedroom Apartment Sea,97e076ce-d3f4-45ab-af65-0631b9f58e3c,true,2026-12-09,31
b5576b77-453f-4192-8f54-a708ca56d34f,3037b082-49ea-4a8d-80ea-ecce359fe656,1102 - One Bedroom Apartment Sea,97e076ce-d3f4-45ab-af65-0631b9f58e3c,true,2026-12-10,31
7add2c55-f170-4423-aafe-71cb54b846fc,3037b082-49ea-4a8d-80ea-ecce359fe656,1102 - One Bedroom Apartment Sea,97e076ce-d3f4-45ab-af65-0631b9f58e3c,true,2026-12-11,31
d4b2c35b-a8b4-4203-989a-65615c31c6e3,3037b082-49ea-4a8d-80ea-ecce359fe656,1102 - One Bedroom Apartment Sea,97e076ce-d3f4-45ab-af65-0631b9f58e3c,true,2026-12-12,31
f9ccbe66-b9ec-4038-8f7c-bf54290e284e,3037b082-49ea-4a8d-80ea-ecce359fe656,1102 - One Bedroom Apartment Sea,97e076ce-d3f4-45ab-af65-0631b9f58e3c,true,2026-12-13,31
16b0a466-b3f7-4f7d-b3f3-7d52b2cb7a38,3037b082-49ea-4a8d-80ea-ecce359fe656,1102 - One Bedroom Apartment Sea,97e076ce-d3f4-45ab-af65-0631b9f58e3c,true,2026-12-14,31
e509e9b6-a4d2-4400-9764-89d0e5e3d57c,3037b082-49ea-4a8d-80ea-ecce359fe656,1102 - One Bedroom Apartment Sea,97e076ce-d3f4-45ab-af65-0631b9f58e3c,true,2026-12-15,31
c9f0d44a-49a5-426f-bf6f-ca4085556112,3037b082-49ea-4a8d-80ea-ecce359fe656,1102 - One Bedroom Apartment Sea,97e076ce-d3f4-45ab-af65-0631b9f58e3c,true,2026-12-16,31
2010fa8f-dbfb-42bb-88ed-5e2266d21f99,3037b082-49ea-4a8d-80ea-ecce359fe656,1102 - One Bedroom Apartment Sea,97e076ce-d3f4-45ab-af65-0631b9f58e3c,true,2026-12-17,31
e20bd0b5-6857-48d8-95fb-daddbeb1c902,3037b082-49ea-4a8d-80ea-ecce359fe656,1102 - One Bedroom Apartment Sea,97e076ce-d3f4-45ab-af65-0631b9f58e3c,true,2026-12-18,31
568b6a19-9c4a-4ebd-a7f2-d0ba9b2d97fc,3037b082-49ea-4a8d-80ea-ecce359fe656,1102 - One Bedroom Apartment Sea,97e076ce-d3f4-45ab-af65-0631b9f58e3c,true,2026-12-19,31
d046cc05-5335-4a29-b9cf-e082d7b8f4cd,3037b082-49ea-4a8d-80ea-ecce359fe656,1102 - One Bedroom Apartment Sea,97e076ce-d3f4-45ab-af65-0631b9f58e3c,true,2026-12-20,31
49c6a211-3035-4fa4-bd46-1f6702331dff,3037b082-49ea-4a8d-80ea-ecce359fe656,1102 - One Bedroom Apartment Sea,97e076ce-d3f4-45ab-af65-0631b9f58e3c,true,2026-12-21,31
e0efb2a3-ec8a-4700-b041-dc8936d2aa8a,3037b082-49ea-4a8d-80ea-ecce359fe656,1102 - One Bedroom Apartment Sea,97e076ce-d3f4-45ab-af65-0631b9f58e3c,true,2026-12-22,31
46e4bdbc-1eb5-409a-bd3b-ba035fea579f,3037b082-49ea-4a8d-80ea-ecce359fe656,1102 - One Bedroom Apartment Sea,97e076ce-d3f4-45ab-af65-0631b9f58e3c,true,2026-12-23,31
3ac72c33-2ace-45ee-89fc-e959fa70d9db,3037b082-49ea-4a8d-80ea-ecce359fe656,1102 - One Bedroom Apartment Sea,97e076ce-d3f4-45ab-af65-0631b9f58e3c,true,2026-12-24,31
0d68432e-820e-4475-9aaa-deede8555609,3037b082-49ea-4a8d-80ea-ecce359fe656,1102 - One Bedroom Apartment Sea,97e076ce-d3f4-45ab-af65-0631b9f58e3c,true,2026-12-25,31
1ceca4dc-2e03-4c13-abc3-355ea4b06bb2,3037b082-49ea-4a8d-80ea-ecce359fe656,1102 - One Bedroom Apartment Sea,97e076ce-d3f4-45ab-af65-0631b9f58e3c,true,2026-12-26,31
7495b466-60a5-410c-a481-c8712d990d8d,3037b082-49ea-4a8d-80ea-ecce359fe656,1102 - One Bedroom Apartment Sea,97e076ce-d3f4-45ab-af65-0631b9f58e3c,true,2026-12-27,31
e25a5ff1-6be9-445f-bfb5-c16df1ef3664,3037b082-49ea-4a8d-80ea-ecce359fe656,1102 - One Bedroom Apartment Sea,97e076ce-d3f4-45ab-af65-0631b9f58e3c,true,2026-12-28,31
7ce8e45f-5eac-4e39-aa29-824dc3d2d77f,3037b082-49ea-4a8d-80ea-ecce359fe656,1102 - One Bedroom Apartment Sea,97e076ce-d3f4-45ab-af65-0631b9f58e3c,true,2026-12-29,31
6c0cd8be-4447-4d2d-93bb-55b2473eec76,3037b082-49ea-4a8d-80ea-ecce359fe656,1102 - One Bedroom Apartment Sea,97e076ce-d3f4-45ab-af65-0631b9f58e3c,true,2026-12-30,31
7fcab273-7b93-4974-9766-69550e9bfa3d,3037b082-49ea-4a8d-80ea-ecce359fe656,1102 - One Bedroom Apartment Sea,97e076ce-d3f4-45ab-af65-0631b9f58e3c,true,2026-12-31,31
9662b7a0-0622-449e-bc59-74182ed40101,3037b082-49ea-4a8d-80ea-ecce359fe656,1102 - One Bedroom Apartment Sea,97e076ce-d3f4-45ab-af65-0631b9f58e3c,true,2027-01-01,31
a37b4f30-7ca7-454c-ac7e-8f625b4b1ed9,3037b082-49ea-4a8d-80ea-ecce359fe656,1102 - One Bedroom Apartment Sea,97e076ce-d3f4-45ab-af65-0631b9f58e3c,true,2027-01-02,31
27aa2287-6457-4b4c-8beb-594d74ccc934,3037b082-49ea-4a8d-80ea-ecce359fe656,1102 - One Bedroom Apartment Sea,97e076ce-d3f4-45ab-af65-0631b9f58e3c,true,2027-01-03,31
0e19119e-a76e-478e-9234-5adfc855cbb2,3037b082-49ea-4a8d-80ea-ecce359fe656,1102 - One Bedroom Apartment Sea,97e076ce-d3f4-45ab-af65-0631b9f58e3c,true,2027-01-04,31
04d49dc6-e972-4003-b95c-1b60dcb9f093,3037b082-49ea-4a8d-80ea-ecce359fe656,1102 - One Bedroom Apartment Sea,97e076ce-d3f4-45ab-af65-0631b9f58e3c,true,2027-01-05,31
002ecc5c-ee65-471a-878f-28fbbaed8a98,3037b082-49ea-4a8d-80ea-ecce359fe656,1102 - One Bedroom Apartment Sea,97e076ce-d3f4-45ab-af65-0631b9f58e3c,true,2027-01-06,31
3618daa8-1994-426d-96ee-c371bfefb348,3037b082-49ea-4a8d-80ea-ecce359fe656,1102 - One Bedroom Apartment Sea,97e076ce-d3f4-45ab-af65-0631b9f58e3c,true,2027-01-07,31
90c68365-2fbc-46b0-bd2f-762045f278e2,3037b082-49ea-4a8d-80ea-ecce359fe656,1102 - One Bedroom Apartment Sea,97e076ce-d3f4-45ab-af65-0631b9f58e3c,true,2027-01-08,31
e7e07cd2-b2c7-4246-8d87-c2b61758e801,3037b082-49ea-4a8d-80ea-ecce359fe656,1102 - One Bedroom Apartment Sea,97e076ce-d3f4-45ab-af65-0631b9f58e3c,true,2027-01-09,31
7179f9af-85ea-41b9-8d27-3f080faf380f,3037b082-49ea-4a8d-80ea-ecce359fe656,1102 - One Bedroom Apartment Sea,97e076ce-d3f4-45ab-af65-0631b9f58e3c,true,2027-01-10,31
bb649f55-5532-4523-9133-346105107d72,3037b082-49ea-4a8d-80ea-ecce359fe656,1102 - One Bedroom Apartment Sea,97e076ce-d3f4-45ab-af65-0631b9f58e3c,true,2027-01-11,31
d24abc2d-fd99-408c-a235-7ff1944fc961,3037b082-49ea-4a8d-80ea-ecce359fe656,1102 - One Bedroom Apartment Sea,97e076ce-d3f4-45ab-af65-0631b9f58e3c,true,2027-01-12,31
9b9fd2f5-7704-474e-aa77-9694843fe228,3037b082-49ea-4a8d-80ea-ecce359fe656,1102 - One Bedroom Apartment Sea,97e076ce-d3f4-45ab-af65-0631b9f58e3c,true,2027-01-13,31
a4a83b4e-2431-4d59-93b2-dbb844a837e4,3037b082-49ea-4a8d-80ea-ecce359fe656,1102 - One Bedroom Apartment Sea,97e076ce-d3f4-45ab-af65-0631b9f58e3c,true,2027-01-14,31
dedcb3ba-f62a-42a0-98ad-950107554683,3037b082-49ea-4a8d-80ea-ecce359fe656,1102 - One Bedroom Apartment Sea,97e076ce-d3f4-45ab-af65-0631b9f58e3c,true,2027-01-15,31
8fa5444a-043d-49ee-aa60-d6d53f2aa5b2,3037b082-49ea-4a8d-80ea-ecce359fe656,1102 - One Bedroom Apartment Sea,97e076ce-d3f4-45ab-af65-0631b9f58e3c,true,2027-01-16,31
1a43ff4c-9e74-4867-9db8-8d88f9070492,3037b082-49ea-4a8d-80ea-ecce359fe656,1102 - One Bedroom Apartment Sea,97e076ce-d3f4-45ab-af65-0631b9f58e3c,true,2027-01-17,31
f7605fa8-3f54-478f-ad45-582c5b76bc1d,3037b082-49ea-4a8d-80ea-ecce359fe656,1102 - One Bedroom Apartment Sea,97e076ce-d3f4-45ab-af65-0631b9f58e3c,true,2027-01-18,31
309bad99-9baa-4267-9f4e-0db6f2fb2532,3037b082-49ea-4a8d-80ea-ecce359fe656,1102 - One Bedroom Apartment Sea,97e076ce-d3f4-45ab-af65-0631b9f58e3c,true,2027-01-19,31
8ded9628-30c1-497f-b3f5-092b4a596a13,3037b082-49ea-4a8d-80ea-ecce359fe656,1102 - One Bedroom Apartment Sea,97e076ce-d3f4-45ab-af65-0631b9f58e3c,true,2027-01-20,31
31ddef98-5c76-4989-9a06-f693d0adeae4,3037b082-49ea-4a8d-80ea-ecce359fe656,1102 - One Bedroom Apartment Sea,97e076ce-d3f4-45ab-af65-0631b9f58e3c,true,2027-01-21,31
27f5963a-1095-4f8f-b2f0-3ea2aa895a72,3037b082-49ea-4a8d-80ea-ecce359fe656,1102 - One Bedroom Apartment Sea,97e076ce-d3f4-45ab-af65-0631b9f58e3c,true,2027-01-22,31
171bdd24-8b99-40b8-86dc-95f5dad75dbd,3037b082-49ea-4a8d-80ea-ecce359fe656,1102 - One Bedroom Apartment Sea,97e076ce-d3f4-45ab-af65-0631b9f58e3c,true,2027-01-23,31
8fc00fb5-61cf-4b64-b149-db80799352d2,3037b082-49ea-4a8d-80ea-ecce359fe656,1102 - One Bedroom Apartment Sea,97e076ce-d3f4-45ab-af65-0631b9f58e3c,true,2027-01-24,31
dff83308-a043-49e8-9b09-8e27ee351c2b,3037b082-49ea-4a8d-80ea-ecce359fe656,1102 - One Bedroom Apartment Sea,97e076ce-d3f4-45ab-af65-0631b9f58e3c,true,2027-01-25,31
acee34c9-3d34-4c37-b7b1-089956bc3d57,3037b082-49ea-4a8d-80ea-ecce359fe656,1102 - One Bedroom Apartment Sea,97e076ce-d3f4-45ab-af65-0631b9f58e3c,true,2027-01-26,31
727a4795-0cc0-4d47-8623-39bd87e4409f,3037b082-49ea-4a8d-80ea-ecce359fe656,1102 - One Bedroom Apartment Sea,97e076ce-d3f4-45ab-af65-0631b9f58e3c,true,2027-01-27,31
bdb29923-2bc6-4ef2-903b-f29016288e98,3037b082-49ea-4a8d-80ea-ecce359fe656,1102 - One Bedroom Apartment Sea,97e076ce-d3f4-45ab-af65-0631b9f58e3c,true,2027-01-28,31
2206abc8-4617-4141-a9f0-0299fb91a6f9,3037b082-49ea-4a8d-80ea-ecce359fe656,1102 - One Bedroom Apartment Sea,97e076ce-d3f4-45ab-af65-0631b9f58e3c,true,2027-01-29,31
64b3186a-12da-4567-b9a3-fa5a89bab1c6,3037b082-49ea-4a8d-80ea-ecce359fe656,1102 - One Bedroom Apartment Sea,97e076ce-d3f4-45ab-af65-0631b9f58e3c,true,2027-01-30,31
047565a1-b164-47f4-99c6-4c81c8d12fe9,3037b082-49ea-4a8d-80ea-ecce359fe656,1102 - One Bedroom Apartment Sea,97e076ce-d3f4-45ab-af65-0631b9f58e3c,true,2027-01-31,31
3fa58b8c-2aa0-4a2d-a176-0c37c4fd7794,3037b082-49ea-4a8d-80ea-ecce359fe656,1102 - One Bedroom Apartment Sea,97e076ce-d3f4-45ab-af65-0631b9f58e3c,true,2027-02-01,31
4f4cb375-bcd1-46f4-8cb6-a368ec4fafca,3037b082-49ea-4a8d-80ea-ecce359fe656,1102 - One Bedroom Apartment Sea,97e076ce-d3f4-45ab-af65-0631b9f58e3c,true,2027-02-02,31
b2218eb9-1a32-4f0f-be33-87fa6b9150fe,3037b082-49ea-4a8d-80ea-ecce359fe656,1102 - One Bedroom Apartment Sea,97e076ce-d3f4-45ab-af65-0631b9f58e3c,true,2027-02-03,31
a4892bbe-636e-4cd9-aec2-f85d5843f84a,3037b082-49ea-4a8d-80ea-ecce359fe656,1102 - One Bedroom Apartment Sea,97e076ce-d3f4-45ab-af65-0631b9f58e3c,true,2027-02-04,31
5030989e-5074-4112-a4a3-a9f9b075907f,3037b082-49ea-4a8d-80ea-ecce359fe656,1102 - One Bedroom Apartment Sea,97e076ce-d3f4-45ab-af65-0631b9f58e3c,true,2027-02-05,31
495c779a-3176-4be1-8bb7-419cd8181ea3,3037b082-49ea-4a8d-80ea-ecce359fe656,1102 - One Bedroom Apartment Sea,97e076ce-d3f4-45ab-af65-0631b9f58e3c,true,2027-02-06,31
21814ae6-098d-4cf7-a9bf-9e2c0864b1c9,3037b082-49ea-4a8d-80ea-ecce359fe656,1102 - One Bedroom Apartment Sea,97e076ce-d3f4-45ab-af65-0631b9f58e3c,true,2027-02-07,31
20f4386b-378b-4433-bf18-72879ac1b443,3037b082-49ea-4a8d-80ea-ecce359fe656,1102 - One Bedroom Apartment Sea,97e076ce-d3f4-45ab-af65-0631b9f58e3c,true,2027-02-08,31
229e3cac-0f71-49c4-8b50-d285d6157446,3037b082-49ea-4a8d-80ea-ecce359fe656,1102 - One Bedroom Apartment Sea,97e076ce-d3f4-45ab-af65-0631b9f58e3c,true,2027-02-09,31
eebfec7a-4f69-4bcc-b00b-3c39c9dbbe4f,3037b082-49ea-4a8d-80ea-ecce359fe656,1102 - One Bedroom Apartment Sea,97e076ce-d3f4-45ab-af65-0631b9f58e3c,true,2027-02-10,31
87196602-67a4-4d68-9e3a-6496b572fbf3,3037b082-49ea-4a8d-80ea-ecce359fe656,1102 - One Bedroom Apartment Sea,97e076ce-d3f4-45ab-af65-0631b9f58e3c,true,2027-02-11,31
6e877e02-c53a-48f7-9bff-b02166116bbc,3037b082-49ea-4a8d-80ea-ecce359fe656,1102 - One Bedroom Apartment Sea,97e076ce-d3f4-45ab-af65-0631b9f58e3c,true,2027-02-12,31
2ada4678-71c8-413c-97bc-2b4ba293dbc7,3037b082-49ea-4a8d-80ea-ecce359fe656,1102 - One Bedroom Apartment Sea,97e076ce-d3f4-45ab-af65-0631b9f58e3c,true,2027-02-13,31
15cdb466-73c2-4a49-bd31-d6cd393731fc,3037b082-49ea-4a8d-80ea-ecce359fe656,1102 - One Bedroom Apartment Sea,97e076ce-d3f4-45ab-af65-0631b9f58e3c,true,2027-02-14,31
c2320437-87d4-4d39-ba6c-169bd7305c77,3037b082-49ea-4a8d-80ea-ecce359fe656,1102 - One Bedroom Apartment Sea,97e076ce-d3f4-45ab-af65-0631b9f58e3c,true,2027-02-15,31
d78dae7e-abe3-42fc-accb-791105ff1828,3037b082-49ea-4a8d-80ea-ecce359fe656,1102 - One Bedroom Apartment Sea,97e076ce-d3f4-45ab-af65-0631b9f58e3c,true,2027-02-16,31
2dfea372-87cf-41cf-819f-9c1e8e0e6229,3037b082-49ea-4a8d-80ea-ecce359fe656,1102 - One Bedroom Apartment Sea,97e076ce-d3f4-45ab-af65-0631b9f58e3c,true,2027-02-17,31
333e73df-cbd9-48e5-b66d-ec43c0c6cfb4,3037b082-49ea-4a8d-80ea-ecce359fe656,1102 - One Bedroom Apartment Sea,97e076ce-d3f4-45ab-af65-0631b9f58e3c,true,2027-02-18,31
88d4688c-f579-4a9f-85a8-948f365edef6,3037b082-49ea-4a8d-80ea-ecce359fe656,1102 - One Bedroom Apartment Sea,97e076ce-d3f4-45ab-af65-0631b9f58e3c,true,2027-02-19,31
c8e0204c-4f3d-4d3b-a0bc-424264349028,3037b082-49ea-4a8d-80ea-ecce359fe656,1102 - One Bedroom Apartment Sea,97e076ce-d3f4-45ab-af65-0631b9f58e3c,true,2027-02-20,31
c186b5f6-f78d-4f77-89f5-8be101062923,3037b082-49ea-4a8d-80ea-ecce359fe656,1102 - One Bedroom Apartment Sea,97e076ce-d3f4-45ab-af65-0631b9f58e3c,true,2027-02-21,31
27b0d547-487c-4098-90b9-a083f023b322,3037b082-49ea-4a8d-80ea-ecce359fe656,1102 - One Bedroom Apartment Sea,97e076ce-d3f4-45ab-af65-0631b9f58e3c,true,2027-02-22,31
b87570c1-80e1-4708-a3e1-c133d792f797,3037b082-49ea-4a8d-80ea-ecce359fe656,1102 - One Bedroom Apartment Sea,97e076ce-d3f4-45ab-af65-0631b9f58e3c,true,2027-02-23,31
55735297-6fbc-4523-b5a5-1c3149c0ed96,3037b082-49ea-4a8d-80ea-ecce359fe656,1102 - One Bedroom Apartment Sea,97e076ce-d3f4-45ab-af65-0631b9f58e3c,true,2027-02-24,31
7b6b45c9-5a8b-433a-b26b-e10bf39228e9,3037b082-49ea-4a8d-80ea-ecce359fe656,1102 - One Bedroom Apartment Sea,97e076ce-d3f4-45ab-af65-0631b9f58e3c,true,2027-02-25,31
26c5b96e-6132-41b7-a3fb-77573b924090,3037b082-49ea-4a8d-80ea-ecce359fe656,1102 - One Bedroom Apartment Sea,97e076ce-d3f4-45ab-af65-0631b9f58e3c,true,2027-02-26,31
6f7fec11-ed87-4d95-8868-153ed583e013,3037b082-49ea-4a8d-80ea-ecce359fe656,1102 - One Bedroom Apartment Sea,97e076ce-d3f4-45ab-af65-0631b9f58e3c,true,2027-02-27,31
4a4a2ae1-1610-4b54-9192-8db43bb58040,3037b082-49ea-4a8d-80ea-ecce359fe656,1102 - One Bedroom Apartment Sea,97e076ce-d3f4-45ab-af65-0631b9f58e3c,true,2027-02-28,31
836233c4-c529-4602-81e2-01ef0e4fa9bd,3037b082-49ea-4a8d-80ea-ecce359fe656,1102 - One Bedroom Apartment Sea,97e076ce-d3f4-45ab-af65-0631b9f58e3c,true,2027-03-01,31
8048bd7c-9cab-46d4-abc0-03f0570cc34e,3037b082-49ea-4a8d-80ea-ecce359fe656,1102 - One Bedroom Apartment Sea,97e076ce-d3f4-45ab-af65-0631b9f58e3c,true,2027-03-02,31
0f9d84e5-72ed-43b0-8774-53fd1d2d2585,3037b082-49ea-4a8d-80ea-ecce359fe656,1102 - One Bedroom Apartment Sea,97e076ce-d3f4-45ab-af65-0631b9f58e3c,true,2027-03-03,31
32f6f43a-8c77-403e-8d57-acf9883b9392,3037b082-49ea-4a8d-80ea-ecce359fe656,1102 - One Bedroom Apartment Sea,97e076ce-d3f4-45ab-af65-0631b9f58e3c,true,2027-03-04,31
9a8a4e5d-ae02-4e44-91a7-644ab0e4d065,3037b082-49ea-4a8d-80ea-ecce359fe656,1102 - One Bedroom Apartment Sea,97e076ce-d3f4-45ab-af65-0631b9f58e3c,true,2027-03-05,31
730a9da8-34e8-4151-bd91-1bb326fe5fb6,3037b082-49ea-4a8d-80ea-ecce359fe656,1102 - One Bedroom Apartment Sea,97e076ce-d3f4-45ab-af65-0631b9f58e3c,true,2027-03-06,31
61a2c103-bc0f-4886-91e7-9e092d209f83,3037b082-49ea-4a8d-80ea-ecce359fe656,1102 - One Bedroom Apartment Sea,97e076ce-d3f4-45ab-af65-0631b9f58e3c,true,2027-03-07,31
835bc965-e451-438c-a57d-1c1f9ab07fae,3037b082-49ea-4a8d-80ea-ecce359fe656,1102 - One Bedroom Apartment Sea,97e076ce-d3f4-45ab-af65-0631b9f58e3c,true,2027-03-08,31
35cff655-6424-4678-bf63-935464bdc9f7,3037b082-49ea-4a8d-80ea-ecce359fe656,1102 - One Bedroom Apartment Sea,97e076ce-d3f4-45ab-af65-0631b9f58e3c,true,2027-03-09,31
2fd284f6-3513-4445-aea7-59cdf823c0ef,3037b082-49ea-4a8d-80ea-ecce359fe656,1102 - One Bedroom Apartment Sea,97e076ce-d3f4-45ab-af65-0631b9f58e3c,true,2027-03-10,31
7dd3cc8d-8a4b-4fb5-8fad-936d3dc9247c,3037b082-49ea-4a8d-80ea-ecce359fe656,1102 - One Bedroom Apartment Sea,97e076ce-d3f4-45ab-af65-0631b9f58e3c,true,2027-03-11,31
e1f8b755-0db6-4661-8871-1e54e017e57d,3037b082-49ea-4a8d-80ea-ecce359fe656,1102 - One Bedroom Apartment Sea,97e076ce-d3f4-45ab-af65-0631b9f58e3c,true,2027-03-12,31
74b0260d-dd82-4764-a7ae-bf498b419b53,3037b082-49ea-4a8d-80ea-ecce359fe656,1102 - One Bedroom Apartment Sea,97e076ce-d3f4-45ab-af65-0631b9f58e3c,true,2027-03-13,31
d3d55400-db0d-4a3e-afc9-5ec407a8a335,3037b082-49ea-4a8d-80ea-ecce359fe656,1102 - One Bedroom Apartment Sea,97e076ce-d3f4-45ab-af65-0631b9f58e3c,true,2027-03-14,31
fa86dd1b-5497-47c5-bf8b-5732672414d4,3037b082-49ea-4a8d-80ea-ecce359fe656,1102 - One Bedroom Apartment Sea,97e076ce-d3f4-45ab-af65-0631b9f58e3c,true,2027-03-15,31
c866558b-d107-455c-90f0-bb5d3fa7af46,3037b082-49ea-4a8d-80ea-ecce359fe656,1102 - One Bedroom Apartment Sea,97e076ce-d3f4-45ab-af65-0631b9f58e3c,true,2027-03-16,31
ce039a06-8271-4971-bc2a-808e4670ce5a,3037b082-49ea-4a8d-80ea-ecce359fe656,1102 - One Bedroom Apartment Sea,97e076ce-d3f4-45ab-af65-0631b9f58e3c,true,2027-03-17,31
f8570a52-6a8b-4e49-9e12-59fa36e2ce61,3037b082-49ea-4a8d-80ea-ecce359fe656,1102 - One Bedroom Apartment Sea,97e076ce-d3f4-45ab-af65-0631b9f58e3c,true,2027-03-18,31
5ea5e633-5fbf-4875-8d9c-6ed180b17695,3037b082-49ea-4a8d-80ea-ecce359fe656,1102 - One Bedroom Apartment Sea,97e076ce-d3f4-45ab-af65-0631b9f58e3c,true,2027-03-19,31
1027d7f9-72ea-445c-a970-5ef3dd5679fe,3037b082-49ea-4a8d-80ea-ecce359fe656,1102 - One Bedroom Apartment Sea,97e076ce-d3f4-45ab-af65-0631b9f58e3c,true,2027-03-20,31
c5d5175a-b312-49dd-a2d1-d32a6359a4ea,3037b082-49ea-4a8d-80ea-ecce359fe656,1102 - One Bedroom Apartment Sea,97e076ce-d3f4-45ab-af65-0631b9f58e3c,true,2027-03-21,31
5baf58c3-943d-42ea-85ee-28b3400c7928,3037b082-49ea-4a8d-80ea-ecce359fe656,1102 - One Bedroom Apartment Sea,97e076ce-d3f4-45ab-af65-0631b9f58e3c,true,2027-03-22,31
d6aa1306-20e2-426c-a94d-c0e3f2f9836e,3037b082-49ea-4a8d-80ea-ecce359fe656,1102 - One Bedroom Apartment Sea,97e076ce-d3f4-45ab-af65-0631b9f58e3c,true,2027-03-23,31
6d76a0ff-8d88-43f2-b9d4-b63821121a75,3037b082-49ea-4a8d-80ea-ecce359fe656,1102 - One Bedroom Apartment Sea,97e076ce-d3f4-45ab-af65-0631b9f58e3c,true,2027-03-24,31
aca4559b-7d2a-45d8-a835-e2aeec858d0c,3037b082-49ea-4a8d-80ea-ecce359fe656,1102 - One Bedroom Apartment Sea,97e076ce-d3f4-45ab-af65-0631b9f58e3c,true,2027-03-25,31
44773954-91db-4754-bfe2-b2bc38368bf3,3037b082-49ea-4a8d-80ea-ecce359fe656,1102 - One Bedroom Apartment Sea,97e076ce-d3f4-45ab-af65-0631b9f58e3c,true,2027-03-26,31
ef0981f4-39ee-4077-b1f5-e27806d6333e,3037b082-49ea-4a8d-80ea-ecce359fe656,1102 - One Bedroom Apartment Sea,97e076ce-d3f4-45ab-af65-0631b9f58e3c,true,2027-03-27,31
3db2b86e-d1dd-4362-9be9-b566b7726314,3037b082-49ea-4a8d-80ea-ecce359fe656,1102 - One Bedroom Apartment Sea,97e076ce-d3f4-45ab-af65-0631b9f58e3c,true,2027-03-28,31
6d18396d-1a80-4d7a-adc5-c84385025128,3037b082-49ea-4a8d-80ea-ecce359fe656,1102 - One Bedroom Apartment Sea,97e076ce-d3f4-45ab-af65-0631b9f58e3c,true,2027-03-29,31
c0a1b1f9-84ec-4e99-a815-e567e898c442,3037b082-49ea-4a8d-80ea-ecce359fe656,1102 - One Bedroom Apartment Sea,97e076ce-d3f4-45ab-af65-0631b9f58e3c,true,2027-03-30,31
8d018746-32e9-48c3-aea1-432262c597cd,3037b082-49ea-4a8d-80ea-ecce359fe656,1102 - One Bedroom Apartment Sea,97e076ce-d3f4-45ab-af65-0631b9f58e3c,true,2027-03-31,31
b10a8ac6-5eac-4143-baaf-4375af5e7842,3037b082-49ea-4a8d-80ea-ecce359fe656,1102 - One Bedroom Apartment Sea,97e076ce-d3f4-45ab-af65-0631b9f58e3c,true,2027-04-01,31
bdc65a71-2ee4-4e5e-8484-75104e42dc03,3037b082-49ea-4a8d-80ea-ecce359fe656,1102 - One Bedroom Apartment Sea,97e076ce-d3f4-45ab-af65-0631b9f58e3c,true,2027-04-02,31
5d612c6a-760c-431a-bf25-be18316f7938,3037b082-49ea-4a8d-80ea-ecce359fe656,1102 - One Bedroom Apartment Sea,97e076ce-d3f4-45ab-af65-0631b9f58e3c,true,2027-04-03,31
938a28fc-bc99-4a6c-9504-e5fcb0b63949,3037b082-49ea-4a8d-80ea-ecce359fe656,1102 - One Bedroom Apartment Sea,97e076ce-d3f4-45ab-af65-0631b9f58e3c,true,2027-04-04,31
37c11149-d330-4646-bdda-5f2c1ff786da,3037b082-49ea-4a8d-80ea-ecce359fe656,1102 - One Bedroom Apartment Sea,97e076ce-d3f4-45ab-af65-0631b9f58e3c,true,2027-04-05,31
ce292329-b9d9-459d-b26b-ebeced7705e9,3037b082-49ea-4a8d-80ea-ecce359fe656,1102 - One Bedroom Apartment Sea,97e076ce-d3f4-45ab-af65-0631b9f58e3c,true,2027-04-06,31
9dc930d2-283b-4f5f-b78c-0e8c8ba5d2fc,3037b082-49ea-4a8d-80ea-ecce359fe656,1102 - One Bedroom Apartment Sea,97e076ce-d3f4-45ab-af65-0631b9f58e3c,true,2027-04-07,31
c89e2162-9324-4d57-9599-4da23b3ab046,3037b082-49ea-4a8d-80ea-ecce359fe656,1102 - One Bedroom Apartment Sea,97e076ce-d3f4-45ab-af65-0631b9f58e3c,true,2027-04-08,31
5078ba2d-2c68-425b-8ced-a0d2f90823f3,3037b082-49ea-4a8d-80ea-ecce359fe656,1102 - One Bedroom Apartment Sea,97e076ce-d3f4-45ab-af65-0631b9f58e3c,true,2027-04-09,31
ba820091-44a6-4a81-86a4-7d1f090598ff,3037b082-49ea-4a8d-80ea-ecce359fe656,1102 - One Bedroom Apartment Sea,97e076ce-d3f4-45ab-af65-0631b9f58e3c,true,2027-04-10,31
764b0094-6445-4f75-b6ba-876538bc5a92,3037b082-49ea-4a8d-80ea-ecce359fe656,1102 - One Bedroom Apartment Sea,97e076ce-d3f4-45ab-af65-0631b9f58e3c,true,2027-04-11,31
c607003c-90c3-4ee5-b173-df8bc151417b,3037b082-49ea-4a8d-80ea-ecce359fe656,1102 - One Bedroom Apartment Sea,97e076ce-d3f4-45ab-af65-0631b9f58e3c,true,2027-04-12,31
783fe8b4-b06e-4001-8d24-b0460c7c4951,3037b082-49ea-4a8d-80ea-ecce359fe656,1102 - One Bedroom Apartment Sea,97e076ce-d3f4-45ab-af65-0631b9f58e3c,true,2027-04-13,31
a30e4b87-c956-4020-8ce4-9c2e55eff7e4,3037b082-49ea-4a8d-80ea-ecce359fe656,1102 - One Bedroom Apartment Sea,97e076ce-d3f4-45ab-af65-0631b9f58e3c,true,2027-04-14,31
0e188815-0877-4f05-a13c-19a8ba1165e1,3037b082-49ea-4a8d-80ea-ecce359fe656,1102 - One Bedroom Apartment Sea,97e076ce-d3f4-45ab-af65-0631b9f58e3c,true,2027-04-15,31
2e1c1bca-1106-40a9-8271-f619b97988d3,3037b082-49ea-4a8d-80ea-ecce359fe656,1102 - One Bedroom Apartment Sea,97e076ce-d3f4-45ab-af65-0631b9f58e3c,true,2027-04-16,31
2c1845e9-6321-4f84-97d3-e138308ce6ae,3037b082-49ea-4a8d-80ea-ecce359fe656,1102 - One Bedroom Apartment Sea,97e076ce-d3f4-45ab-af65-0631b9f58e3c,true,2027-04-17,31
f9b3664d-ff16-4b09-bf7f-60507a4368ec,3037b082-49ea-4a8d-80ea-ecce359fe656,1102 - One Bedroom Apartment Sea,97e076ce-d3f4-45ab-af65-0631b9f58e3c,true,2027-04-18,31
b5732ac4-6a0c-470c-b909-34a862782919,3037b082-49ea-4a8d-80ea-ecce359fe656,1102 - One Bedroom Apartment Sea,97e076ce-d3f4-45ab-af65-0631b9f58e3c,true,2027-04-19,31
a390c605-7964-4569-b206-7c0662201b45,3037b082-49ea-4a8d-80ea-ecce359fe656,1102 - One Bedroom Apartment Sea,97e076ce-d3f4-45ab-af65-0631b9f58e3c,true,2027-04-20,31
6b447e4b-bcc0-4262-9dab-a4e138484931,3037b082-49ea-4a8d-80ea-ecce359fe656,1102 - One Bedroom Apartment Sea,97e076ce-d3f4-45ab-af65-0631b9f58e3c,true,2027-04-21,31
029a8b83-2dfb-4d46-beb2-3d7ef75e0596,3037b082-49ea-4a8d-80ea-ecce359fe656,1102 - One Bedroom Apartment Sea,97e076ce-d3f4-45ab-af65-0631b9f58e3c,true,2027-04-22,31
9cdef47a-b92c-44a4-ab8d-66db03d9684c,3037b082-49ea-4a8d-80ea-ecce359fe656,1102 - One Bedroom Apartment Sea,97e076ce-d3f4-45ab-af65-0631b9f58e3c,true,2027-04-23,31
08501261-145d-4820-8329-6e07ddedd02f,3037b082-49ea-4a8d-80ea-ecce359fe656,1102 - One Bedroom Apartment Sea,97e076ce-d3f4-45ab-af65-0631b9f58e3c,true,2027-04-24,31
21df42a7-9827-4bcd-91ab-8ff1b1e0ec5f,3037b082-49ea-4a8d-80ea-ecce359fe656,1102 - One Bedroom Apartment Sea,97e076ce-d3f4-45ab-af65-0631b9f58e3c,true,2027-04-25,31
0c34be29-4816-499a-8197-74c215323c8d,3037b082-49ea-4a8d-80ea-ecce359fe656,1102 - One Bedroom Apartment Sea,97e076ce-d3f4-45ab-af65-0631b9f58e3c,true,2027-04-26,31
2ade2691-15a9-4b55-b388-e138a861dfd5,3037b082-49ea-4a8d-80ea-ecce359fe656,1102 - One Bedroom Apartment Sea,97e076ce-d3f4-45ab-af65-0631b9f58e3c,true,2027-04-27,31
81bd3a2d-debb-43b4-abe7-3a9b205c5661,3037b082-49ea-4a8d-80ea-ecce359fe656,1102 - One Bedroom Apartment Sea,97e076ce-d3f4-45ab-af65-0631b9f58e3c,true,2027-04-28,31
f465a35c-ce54-4ce6-a771-e0d5b948922c,3037b082-49ea-4a8d-80ea-ecce359fe656,1102 - One Bedroom Apartment Sea,97e076ce-d3f4-45ab-af65-0631b9f58e3c,true,2027-04-29,31
bf018e5b-7e56-4ed3-8cfa-6c945c89e9ad,3037b082-49ea-4a8d-80ea-ecce359fe656,1102 - One Bedroom Apartment Sea,97e076ce-d3f4-45ab-af65-0631b9f58e3c,true,2027-04-30,31
af33bcfb-1a2d-44fd-918f-6ca49588fc0a,3037b082-49ea-4a8d-80ea-ecce359fe656,1102 - One Bedroom Apartment Sea,97e076ce-d3f4-45ab-af65-0631b9f58e3c,true,2027-05-01,31
f8caac61-4b4d-477a-a87f-efe5f233bac4,3037b082-49ea-4a8d-80ea-ecce359fe656,1102 - One Bedroom Apartment Sea,97e076ce-d3f4-45ab-af65-0631b9f58e3c,true,2027-05-02,31
28ea3601-8f09-4758-8075-229caca09e3f,3037b082-49ea-4a8d-80ea-ecce359fe656,1102 - One Bedroom Apartment Sea,97e076ce-d3f4-45ab-af65-0631b9f58e3c,true,2027-05-03,31
3c5915f0-b135-4203-9acd-b7a182ce4987,3037b082-49ea-4a8d-80ea-ecce359fe656,1102 - One Bedroom Apartment Sea,97e076ce-d3f4-45ab-af65-0631b9f58e3c,true,2027-05-04,31
da12a29e-8b0c-41ec-b5ed-c4b9799f1a82,3037b082-49ea-4a8d-80ea-ecce359fe656,1102 - One Bedroom Apartment Sea,97e076ce-d3f4-45ab-af65-0631b9f58e3c,true,2027-05-05,31
b4cc92c6-ed1e-45cf-8ff8-68fbdc78795e,3037b082-49ea-4a8d-80ea-ecce359fe656,1102 - One Bedroom Apartment Sea,97e076ce-d3f4-45ab-af65-0631b9f58e3c,true,2027-05-06,31
2647fe4a-56da-4a83-a34a-a948d671f041,3037b082-49ea-4a8d-80ea-ecce359fe656,1102 - One Bedroom Apartment Sea,97e076ce-d3f4-45ab-af65-0631b9f58e3c,true,2027-05-07,31
030cf24a-303d-4c49-b507-5cc05334b0c3,3037b082-49ea-4a8d-80ea-ecce359fe656,1102 - One Bedroom Apartment Sea,97e076ce-d3f4-45ab-af65-0631b9f58e3c,true,2027-05-08,31
5365afe3-ad6a-4faf-bcaf-415574dfc7c3,3037b082-49ea-4a8d-80ea-ecce359fe656,1102 - One Bedroom Apartment Sea,97e076ce-d3f4-45ab-af65-0631b9f58e3c,true,2027-05-09,31
65b57cdf-36c7-417d-9831-c09e7134085a,3037b082-49ea-4a8d-80ea-ecce359fe656,1102 - One Bedroom Apartment Sea,97e076ce-d3f4-45ab-af65-0631b9f58e3c,true,2027-05-10,31
54e2aa44-0627-47f0-a8e2-f155bdfdd87f,3037b082-49ea-4a8d-80ea-ecce359fe656,1102 - One Bedroom Apartment Sea,97e076ce-d3f4-45ab-af65-0631b9f58e3c,true,2027-05-11,31
ffdb3198-f6d5-407a-a91c-1e8206bbb78b,3037b082-49ea-4a8d-80ea-ecce359fe656,1102 - One Bedroom Apartment Sea,97e076ce-d3f4-45ab-af65-0631b9f58e3c,true,2027-05-12,31
86cd234e-e84e-4aa1-9cff-e4b227b95700,3037b082-49ea-4a8d-80ea-ecce359fe656,1102 - One Bedroom Apartment Sea,97e076ce-d3f4-45ab-af65-0631b9f58e3c,true,2027-05-13,31
211ff308-f92a-4881-9fe6-2e8b290e82e3,3037b082-49ea-4a8d-80ea-ecce359fe656,1102 - One Bedroom Apartment Sea,97e076ce-d3f4-45ab-af65-0631b9f58e3c,true,2027-05-14,31
f43997b8-2823-4d57-a1fa-e53e47ad0dee,3037b082-49ea-4a8d-80ea-ecce359fe656,1102 - One Bedroom Apartment Sea,97e076ce-d3f4-45ab-af65-0631b9f58e3c,true,2027-05-15,31
046c52d2-d649-403c-9df1-a1971cf73b9d,3037b082-49ea-4a8d-80ea-ecce359fe656,1102 - One Bedroom Apartment Sea,97e076ce-d3f4-45ab-af65-0631b9f58e3c,true,2027-05-16,31
588dafa0-6ba6-487f-be64-d53064234f24,3037b082-49ea-4a8d-80ea-ecce359fe656,1102 - One Bedroom Apartment Sea,97e076ce-d3f4-45ab-af65-0631b9f58e3c,true,2027-05-17,31
b13e69bf-c400-48bc-8463-6f0e54919b9a,3037b082-49ea-4a8d-80ea-ecce359fe656,1102 - One Bedroom Apartment Sea,97e076ce-d3f4-45ab-af65-0631b9f58e3c,true,2027-05-18,31
c06880b2-b21a-4876-a649-150a625e299d,3037b082-49ea-4a8d-80ea-ecce359fe656,1102 - One Bedroom Apartment Sea,97e076ce-d3f4-45ab-af65-0631b9f58e3c,true,2027-05-19,31
a68a7916-c927-4931-8224-49fdbe9fb1d4,3037b082-49ea-4a8d-80ea-ecce359fe656,1102 - One Bedroom Apartment Sea,97e076ce-d3f4-45ab-af65-0631b9f58e3c,true,2027-05-20,31
3eb605d9-a20d-4008-a4b7-124e8a7ff47a,3037b082-49ea-4a8d-80ea-ecce359fe656,1102 - One Bedroom Apartment Sea,97e076ce-d3f4-45ab-af65-0631b9f58e3c,true,2027-05-21,31
7b1d5e6e-a70f-4ccc-a5e9-a30c3e129251,3037b082-49ea-4a8d-80ea-ecce359fe656,1102 - One Bedroom Apartment Sea,97e076ce-d3f4-45ab-af65-0631b9f58e3c,true,2027-05-22,31
0e305b73-847a-4245-bc24-6e407a4884af,3037b082-49ea-4a8d-80ea-ecce359fe656,1102 - One Bedroom Apartment Sea,97e076ce-d3f4-45ab-af65-0631b9f58e3c,true,2027-05-23,31
3bb92aad-76e5-467a-bb76-3434dda44a72,3037b082-49ea-4a8d-80ea-ecce359fe656,1102 - One Bedroom Apartment Sea,97e076ce-d3f4-45ab-af65-0631b9f58e3c,true,2027-05-24,31
d874cc2e-b468-411b-9a7a-f9abcd504a67,3037b082-49ea-4a8d-80ea-ecce359fe656,1102 - One Bedroom Apartment Sea,97e076ce-d3f4-45ab-af65-0631b9f58e3c,true,2027-05-25,31
6fe8dd20-97e2-4c23-a045-4ce216a9d046,3037b082-49ea-4a8d-80ea-ecce359fe656,1102 - One Bedroom Apartment Sea,97e076ce-d3f4-45ab-af65-0631b9f58e3c,true,2027-05-26,31
37d39509-abcf-4149-8a0e-5014176b717b,3037b082-49ea-4a8d-80ea-ecce359fe656,1102 - One Bedroom Apartment Sea,97e076ce-d3f4-45ab-af65-0631b9f58e3c,true,2027-05-27,31
fcb4c1c6-4095-4836-9409-b01284a1fb02,3037b082-49ea-4a8d-80ea-ecce359fe656,1102 - One Bedroom Apartment Sea,97e076ce-d3f4-45ab-af65-0631b9f58e3c,true,2027-05-28,31
1cd8d102-0caf-4a89-b090-04b215b68fc5,3037b082-49ea-4a8d-80ea-ecce359fe656,1102 - One Bedroom Apartment Sea,97e076ce-d3f4-45ab-af65-0631b9f58e3c,true,2027-05-29,31
341515fc-c9df-4479-91c1-7f28326bd787,3037b082-49ea-4a8d-80ea-ecce359fe656,1102 - One Bedroom Apartment Sea,97e076ce-d3f4-45ab-af65-0631b9f58e3c,true,2027-05-30,31
9e39ddc4-de50-4b4e-8844-80ccd609d0fc,3037b082-49ea-4a8d-80ea-ecce359fe656,1102 - One Bedroom Apartment Sea,97e076ce-d3f4-45ab-af65-0631b9f58e3c,true,2027-05-31,31
89b9b93c-6b58-4323-adf2-2fb9b7cca495,3037b082-49ea-4a8d-80ea-ecce359fe656,1102 - One Bedroom Apartment Sea,97e076ce-d3f4-45ab-af65-0631b9f58e3c,true,2027-06-01,31
854d6bce-a413-4cd5-a51d-bd97b481a165,3037b082-49ea-4a8d-80ea-ecce359fe656,1102 - One Bedroom Apartment Sea,97e076ce-d3f4-45ab-af65-0631b9f58e3c,true,2027-06-02,31
b8fbb6ae-bec1-4a87-8db5-5885f2a4d632,3037b082-49ea-4a8d-80ea-ecce359fe656,1102 - One Bedroom Apartment Sea,97e076ce-d3f4-45ab-af65-0631b9f58e3c,true,2027-06-03,31
43ea1a89-60d3-450e-b0bf-050f0496fb4b,3037b082-49ea-4a8d-80ea-ecce359fe656,1102 - One Bedroom Apartment Sea,97e076ce-d3f4-45ab-af65-0631b9f58e3c,true,2027-06-04,31
2ed531f2-e00b-4b3f-bb62-51462c40b0e6,3037b082-49ea-4a8d-80ea-ecce359fe656,1102 - One Bedroom Apartment Sea,97e076ce-d3f4-45ab-af65-0631b9f58e3c,true,2027-06-05,31
da51dad9-4a43-45b6-b12e-c72e62b1cb53,3037b082-49ea-4a8d-80ea-ecce359fe656,1102 - One Bedroom Apartment Sea,97e076ce-d3f4-45ab-af65-0631b9f58e3c,true,2027-06-06,31
1b2b14a1-aa47-414a-bc48-45bb017e9695,3037b082-49ea-4a8d-80ea-ecce359fe656,1102 - One Bedroom Apartment Sea,97e076ce-d3f4-45ab-af65-0631b9f58e3c,true,2027-06-07,31
55744953-f5f3-40f9-bed7-dd6f8e2ac5bd,3037b082-49ea-4a8d-80ea-ecce359fe656,1102 - One Bedroom Apartment Sea,97e076ce-d3f4-45ab-af65-0631b9f58e3c,true,2027-06-08,31
5b7d1065-6455-461c-b2a0-e1a831a1ee59,3037b082-49ea-4a8d-80ea-ecce359fe656,1102 - One Bedroom Apartment Sea,97e076ce-d3f4-45ab-af65-0631b9f58e3c,true,2027-06-09,31
e5a63a0b-5ee5-43a0-a3cc-3ba11368183a,3037b082-49ea-4a8d-80ea-ecce359fe656,1102 - One Bedroom Apartment Sea,97e076ce-d3f4-45ab-af65-0631b9f58e3c,true,2027-06-10,31
bb4f24ab-6b57-48db-9bb7-26e2bb5c464b,3037b082-49ea-4a8d-80ea-ecce359fe656,1102 - One Bedroom Apartment Sea,97e076ce-d3f4-45ab-af65-0631b9f58e3c,true,2027-06-11,31
88962085-db24-45a3-8bf9-e9e3d4341d3f,3037b082-49ea-4a8d-80ea-ecce359fe656,1102 - One Bedroom Apartment Sea,97e076ce-d3f4-45ab-af65-0631b9f58e3c,true,2027-06-12,31
7862d4d7-3de8-488c-8919-8be949b2a8ca,3037b082-49ea-4a8d-80ea-ecce359fe656,1102 - One Bedroom Apartment Sea,97e076ce-d3f4-45ab-af65-0631b9f58e3c,true,2027-06-13,31
1a8202ce-9a97-46ad-84cb-a10f559cffb9,3037b082-49ea-4a8d-80ea-ecce359fe656,1102 - One Bedroom Apartment Sea,97e076ce-d3f4-45ab-af65-0631b9f58e3c,true,2027-06-14,31
5757a000-0197-4bd0-a49d-2e114fb013e9,3037b082-49ea-4a8d-80ea-ecce359fe656,1102 - One Bedroom Apartment Sea,97e076ce-d3f4-45ab-af65-0631b9f58e3c,true,2027-06-15,31
5319577d-a00a-4ce6-9db8-0d6c8f28852f,3037b082-49ea-4a8d-80ea-ecce359fe656,1102 - One Bedroom Apartment Sea,97e076ce-d3f4-45ab-af65-0631b9f58e3c,true,2027-06-16,31
42702466-6b04-47df-9888-4fa5ce356c54,3037b082-49ea-4a8d-80ea-ecce359fe656,1102 - One Bedroom Apartment Sea,97e076ce-d3f4-45ab-af65-0631b9f58e3c,true,2027-06-17,31
1c5e6d5f-e5f5-4de0-a3cb-95cdbc3a1b4e,3037b082-49ea-4a8d-80ea-ecce359fe656,1102 - One Bedroom Apartment Sea,97e076ce-d3f4-45ab-af65-0631b9f58e3c,true,2027-06-18,31
4b415594-1d91-4442-9932-7b4d98abbb02,3037b082-49ea-4a8d-80ea-ecce359fe656,1102 - One Bedroom Apartment Sea,97e076ce-d3f4-45ab-af65-0631b9f58e3c,true,2027-06-19,31
04f85ce8-c6a9-4f44-ba68-dc3f883640c8,3037b082-49ea-4a8d-80ea-ecce359fe656,1102 - One Bedroom Apartment Sea,97e076ce-d3f4-45ab-af65-0631b9f58e3c,true,2027-06-20,31
df461990-0757-4b5a-9245-3c49f25b82dc,3037b082-49ea-4a8d-80ea-ecce359fe656,1102 - One Bedroom Apartment Sea,97e076ce-d3f4-45ab-af65-0631b9f58e3c,true,2027-06-21,31
2b08c3cb-f65b-47f8-a666-cf48a46d69c4,3037b082-49ea-4a8d-80ea-ecce359fe656,1102 - One Bedroom Apartment Sea,97e076ce-d3f4-45ab-af65-0631b9f58e3c,true,2027-06-22,31
5a357fff-fce8-4499-9567-1281cfe91f75,3037b082-49ea-4a8d-80ea-ecce359fe656,1102 - One Bedroom Apartment Sea,97e076ce-d3f4-45ab-af65-0631b9f58e3c,true,2027-06-23,31
839f5033-5d42-4817-90ed-2e970575575a,3037b082-49ea-4a8d-80ea-ecce359fe656,1102 - One Bedroom Apartment Sea,97e076ce-d3f4-45ab-af65-0631b9f58e3c,true,2027-06-24,31
7b3bf22e-e709-4c9b-8504-522672cfca90,3037b082-49ea-4a8d-80ea-ecce359fe656,1102 - One Bedroom Apartment Sea,97e076ce-d3f4-45ab-af65-0631b9f58e3c,true,2027-06-25,31
2f2192ca-4015-45b5-81bf-5e6456658317,3037b082-49ea-4a8d-80ea-ecce359fe656,1102 - One Bedroom Apartment Sea,97e076ce-d3f4-45ab-af65-0631b9f58e3c,true,2027-06-26,31
06acaade-96ed-4a33-8af9-eac9a237cb93,3037b082-49ea-4a8d-80ea-ecce359fe656,1102 - One Bedroom Apartment Sea,97e076ce-d3f4-45ab-af65-0631b9f58e3c,true,2027-06-27,31
72f5bba7-f5a1-4e06-9685-a478a8311586,3037b082-49ea-4a8d-80ea-ecce359fe656,1102 - One Bedroom Apartment Sea,97e076ce-d3f4-45ab-af65-0631b9f58e3c,true,2027-06-28,31
2f0c3b4c-8648-4539-b2dc-0580c6c7ce0f,3037b082-49ea-4a8d-80ea-ecce359fe656,1102 - One Bedroom Apartment Sea,97e076ce-d3f4-45ab-af65-0631b9f58e3c,true,2027-06-29,31
70690110-dd3f-4d06-9085-628eb20b050d,3037b082-49ea-4a8d-80ea-ecce359fe656,1102 - One Bedroom Apartment Sea,97e076ce-d3f4-45ab-af65-0631b9f58e3c,true,2027-06-30,31
5e5f6782-6c5e-4000-87d3-2f0b8c63b6ef,3037b082-49ea-4a8d-80ea-ecce359fe656,1102 - One Bedroom Apartment Sea,97e076ce-d3f4-45ab-af65-0631b9f58e3c,true,2027-07-01,31
a0e5077d-7119-4873-ac00-eb2d1b0bf76f,3037b082-49ea-4a8d-80ea-ecce359fe656,1102 - One Bedroom Apartment Sea,97e076ce-d3f4-45ab-af65-0631b9f58e3c,true,2027-07-02,31
40eebfd3-2a8c-48f3-99ce-3385a2c15f55,3037b082-49ea-4a8d-80ea-ecce359fe656,1102 - One Bedroom Apartment Sea,97e076ce-d3f4-45ab-af65-0631b9f58e3c,true,2027-07-03,31
9a86b7f0-f93b-4e02-b1e7-a6bf48c3ff28,3037b082-49ea-4a8d-80ea-ecce359fe656,1102 - One Bedroom Apartment Sea,97e076ce-d3f4-45ab-af65-0631b9f58e3c,true,2027-07-04,31
629cca83-7ab1-4b2e-b8b2-6d486b817d61,3037b082-49ea-4a8d-80ea-ecce359fe656,1102 - One Bedroom Apartment Sea,97e076ce-d3f4-45ab-af65-0631b9f58e3c,true,2027-07-05,31
55455d8f-0322-469b-b4e7-f10fa093f0aa,3037b082-49ea-4a8d-80ea-ecce359fe656,1102 - One Bedroom Apartment Sea,97e076ce-d3f4-45ab-af65-0631b9f58e3c,true,2027-07-06,31
2fd93f59-1734-41b6-9fd5-5cb58e220eee,3037b082-49ea-4a8d-80ea-ecce359fe656,1102 - One Bedroom Apartment Sea,97e076ce-d3f4-45ab-af65-0631b9f58e3c,true,2027-07-07,31
20177547-5fa8-4c92-910b-7677f56da8a0,3037b082-49ea-4a8d-80ea-ecce359fe656,1102 - One Bedroom Apartment Sea,97e076ce-d3f4-45ab-af65-0631b9f58e3c,true,2027-07-08,31
9e3ed298-9a07-48be-a16b-c529edc17cc4,3037b082-49ea-4a8d-80ea-ecce359fe656,1102 - One Bedroom Apartment Sea,97e076ce-d3f4-45ab-af65-0631b9f58e3c,true,2027-07-09,31
aa385b51-878d-4f2f-bae6-5c090da4b2da,3037b082-49ea-4a8d-80ea-ecce359fe656,1102 - One Bedroom Apartment Sea,97e076ce-d3f4-45ab-af65-0631b9f58e3c,true,2027-07-10,31
71c1fb5a-0165-40c3-9219-c7c18506ecc5,3037b082-49ea-4a8d-80ea-ecce359fe656,1102 - One Bedroom Apartment Sea,97e076ce-d3f4-45ab-af65-0631b9f58e3c,true,2027-07-11,31
e78dea60-c53f-4428-9dfe-2138c7149b56,3037b082-49ea-4a8d-80ea-ecce359fe656,1102 - One Bedroom Apartment Sea,97e076ce-d3f4-45ab-af65-0631b9f58e3c,true,2027-07-12,31
a677cb0d-e7de-415d-ad83-583fd30521b4,3037b082-49ea-4a8d-80ea-ecce359fe656,1102 - One Bedroom Apartment Sea,97e076ce-d3f4-45ab-af65-0631b9f58e3c,true,2027-07-13,31
8a38e9fa-094a-42e9-b37c-7f8c344ef874,3037b082-49ea-4a8d-80ea-ecce359fe656,1102 - One Bedroom Apartment Sea,97e076ce-d3f4-45ab-af65-0631b9f58e3c,true,2027-07-14,31
fd811ee4-7200-4886-bef7-11260c659759,3037b082-49ea-4a8d-80ea-ecce359fe656,1102 - One Bedroom Apartment Sea,97e076ce-d3f4-45ab-af65-0631b9f58e3c,true,2027-07-15,31
3add4197-dc65-4709-8a0a-d9734bb34331,3037b082-49ea-4a8d-80ea-ecce359fe656,1102 - One Bedroom Apartment Sea,97e076ce-d3f4-45ab-af65-0631b9f58e3c,true,2027-07-16,31
596fe18f-dfb6-4814-a8ea-78672af1b412,3037b082-49ea-4a8d-80ea-ecce359fe656,1102 - One Bedroom Apartment Sea,97e076ce-d3f4-45ab-af65-0631b9f58e3c,true,2027-07-17,31
0c1978f9-bd93-4fc8-8d92-a3ddd3ceb359,3037b082-49ea-4a8d-80ea-ecce359fe656,1102 - One Bedroom Apartment Sea,97e076ce-d3f4-45ab-af65-0631b9f58e3c,true,2027-07-18,31
db19fb15-892b-4dc7-83e7-1bb51f3e9991,3037b082-49ea-4a8d-80ea-ecce359fe656,1102 - One Bedroom Apartment Sea,97e076ce-d3f4-45ab-af65-0631b9f58e3c,true,2027-07-19,31
72d9c1c0-ccb6-4d15-b148-08f03cbd84a9,3037b082-49ea-4a8d-80ea-ecce359fe656,1102 - One Bedroom Apartment Sea,97e076ce-d3f4-45ab-af65-0631b9f58e3c,true,2027-07-20,31
271112f9-7c39-423b-bc38-a174d3a83f61,3037b082-49ea-4a8d-80ea-ecce359fe656,1102 - One Bedroom Apartment Sea,97e076ce-d3f4-45ab-af65-0631b9f58e3c,true,2027-07-21,31
93317c79-5ab1-4d5f-94eb-92e94161a826,3037b082-49ea-4a8d-80ea-ecce359fe656,1102 - One Bedroom Apartment Sea,97e076ce-d3f4-45ab-af65-0631b9f58e3c,true,2027-07-22,31
f4939a77-395f-4b05-8c5c-fd3175b13890,3037b082-49ea-4a8d-80ea-ecce359fe656,1102 - One Bedroom Apartment Sea,97e076ce-d3f4-45ab-af65-0631b9f58e3c,true,2027-07-23,31
2f5c1237-fbd6-4c3f-8015-d12dc4c5ab45,3037b082-49ea-4a8d-80ea-ecce359fe656,1102 - One Bedroom Apartment Sea,97e076ce-d3f4-45ab-af65-0631b9f58e3c,true,2027-07-24,31
042c9a10-a17d-453e-9162-864c8902cb2c,3037b082-49ea-4a8d-80ea-ecce359fe656,1102 - One Bedroom Apartment Sea,97e076ce-d3f4-45ab-af65-0631b9f58e3c,true,2027-07-25,31
7117e0b1-c2a7-428f-b24c-575d83f257df,3037b082-49ea-4a8d-80ea-ecce359fe656,1102 - One Bedroom Apartment Sea,97e076ce-d3f4-45ab-af65-0631b9f58e3c,true,2027-07-26,31
2ec56b07-82b1-4667-b556-158d15ba7d6b,3037b082-49ea-4a8d-80ea-ecce359fe656,1102 - One Bedroom Apartment Sea,97e076ce-d3f4-45ab-af65-0631b9f58e3c,true,2027-07-27,31
11331206-1f81-4373-b0c2-ef0dceb9650d,3037b082-49ea-4a8d-80ea-ecce359fe656,1102 - One Bedroom Apartment Sea,97e076ce-d3f4-45ab-af65-0631b9f58e3c,true,2027-07-28,31
ba83da23-0b27-48c7-a7d8-3e7f12bc90cb,3037b082-49ea-4a8d-80ea-ecce359fe656,1102 - One Bedroom Apartment Sea,97e076ce-d3f4-45ab-af65-0631b9f58e3c,true,2027-07-29,31
62737608-1ce9-4d89-a800-77878b612143,3037b082-49ea-4a8d-80ea-ecce359fe656,1102 - One Bedroom Apartment Sea,97e076ce-d3f4-45ab-af65-0631b9f58e3c,true,2027-07-30,31
6bedb3a0-b41f-47e0-a392-e52f558a4592,3037b082-49ea-4a8d-80ea-ecce359fe656,1102 - One Bedroom Apartment Sea,97e076ce-d3f4-45ab-af65-0631b9f58e3c,true,2027-07-31,31
0416f1b0-7e6d-4b32-9eaa-778e635bd005,3037b082-49ea-4a8d-80ea-ecce359fe656,1102 - One Bedroom Apartment Sea,97e076ce-d3f4-45ab-af65-0631b9f58e3c,true,2027-08-01,31
3040698c-e10b-4883-870e-50d2c196c046,3037b082-49ea-4a8d-80ea-ecce359fe656,1102 - One Bedroom Apartment Sea,97e076ce-d3f4-45ab-af65-0631b9f58e3c,true,2027-08-02,31
b78f1826-64f9-4a57-bcb3-77fc0551145d,3037b082-49ea-4a8d-80ea-ecce359fe656,1102 - One Bedroom Apartment Sea,97e076ce-d3f4-45ab-af65-0631b9f58e3c,true,2027-08-03,31
4a54dff6-cc93-4c6c-a96c-a677762aad4a,b88917d5-5bdb-4f3a-ba02-9cac937119ee,1142 - One Bedroom Apartment Sea,51381edd-6405-4000-8635-624d513d1b9e,true,2026-07-05,31
f5dbd9e6-3d92-4a01-8b7d-5a5acb49daee,b88917d5-5bdb-4f3a-ba02-9cac937119ee,1142 - One Bedroom Apartment Sea,51381edd-6405-4000-8635-624d513d1b9e,true,2026-07-06,31
cb3d0ba6-4451-45c3-a5f5-7138574b1894,b88917d5-5bdb-4f3a-ba02-9cac937119ee,1142 - One Bedroom Apartment Sea,51381edd-6405-4000-8635-624d513d1b9e,true,2026-07-07,31
23b1bfd7-4ee4-4bbe-b417-b3c8e67ce0b6,b88917d5-5bdb-4f3a-ba02-9cac937119ee,1142 - One Bedroom Apartment Sea,51381edd-6405-4000-8635-624d513d1b9e,true,2026-07-08,31
e04f7a2a-da15-4b02-847e-6c1e8cbbc16c,b88917d5-5bdb-4f3a-ba02-9cac937119ee,1142 - One Bedroom Apartment Sea,51381edd-6405-4000-8635-624d513d1b9e,true,2026-07-09,31
8a378ec5-0564-4cc4-9c4d-95d4ae73e49f,b88917d5-5bdb-4f3a-ba02-9cac937119ee,1142 - One Bedroom Apartment Sea,51381edd-6405-4000-8635-624d513d1b9e,true,2026-07-10,31
cac7c20e-9483-4921-bb89-edc19b8ed686,b88917d5-5bdb-4f3a-ba02-9cac937119ee,1142 - One Bedroom Apartment Sea,51381edd-6405-4000-8635-624d513d1b9e,true,2026-07-11,31
487f153a-9166-4137-9d14-88af5db2c856,b88917d5-5bdb-4f3a-ba02-9cac937119ee,1142 - One Bedroom Apartment Sea,51381edd-6405-4000-8635-624d513d1b9e,true,2026-07-12,31
878305f3-c6e2-4628-a2e0-9a27a2f37a7b,b88917d5-5bdb-4f3a-ba02-9cac937119ee,1142 - One Bedroom Apartment Sea,51381edd-6405-4000-8635-624d513d1b9e,true,2026-07-13,31
4b8a732b-fa1d-4da4-8ab6-3eb9c015580b,b88917d5-5bdb-4f3a-ba02-9cac937119ee,1142 - One Bedroom Apartment Sea,51381edd-6405-4000-8635-624d513d1b9e,true,2026-07-14,31
fd67b54a-1a9a-4473-be4f-a7d12e39e51d,b88917d5-5bdb-4f3a-ba02-9cac937119ee,1142 - One Bedroom Apartment Sea,51381edd-6405-4000-8635-624d513d1b9e,true,2026-07-15,31
0ced4bd8-24c5-4b8c-a65a-aeb49f466bfd,b88917d5-5bdb-4f3a-ba02-9cac937119ee,1142 - One Bedroom Apartment Sea,51381edd-6405-4000-8635-624d513d1b9e,true,2026-07-16,31
77b8812e-b33f-47f5-ac6b-e221e89d9841,b88917d5-5bdb-4f3a-ba02-9cac937119ee,1142 - One Bedroom Apartment Sea,51381edd-6405-4000-8635-624d513d1b9e,true,2026-07-17,31
e59f6626-e2ca-471d-9885-e4919e99775f,b88917d5-5bdb-4f3a-ba02-9cac937119ee,1142 - One Bedroom Apartment Sea,51381edd-6405-4000-8635-624d513d1b9e,true,2026-07-18,31
4bb16032-c85c-48c5-a67d-7392ef1244d6,b88917d5-5bdb-4f3a-ba02-9cac937119ee,1142 - One Bedroom Apartment Sea,51381edd-6405-4000-8635-624d513d1b9e,true,2026-07-19,31
08508df4-c120-4000-be98-2be1196e837a,b88917d5-5bdb-4f3a-ba02-9cac937119ee,1142 - One Bedroom Apartment Sea,51381edd-6405-4000-8635-624d513d1b9e,true,2026-07-20,31
f3c141d8-5d5e-4337-a73d-63cc09cf8840,b88917d5-5bdb-4f3a-ba02-9cac937119ee,1142 - One Bedroom Apartment Sea,51381edd-6405-4000-8635-624d513d1b9e,true,2026-07-21,31
a2e1190b-4f2a-4857-a59a-3fa30241627c,b88917d5-5bdb-4f3a-ba02-9cac937119ee,1142 - One Bedroom Apartment Sea,51381edd-6405-4000-8635-624d513d1b9e,true,2026-07-22,31
94cfad56-eb6e-410c-a8ba-6b04553cd93f,b88917d5-5bdb-4f3a-ba02-9cac937119ee,1142 - One Bedroom Apartment Sea,51381edd-6405-4000-8635-624d513d1b9e,true,2026-07-23,31
b83946b3-92a8-469b-9714-b7ca86c7c69d,b88917d5-5bdb-4f3a-ba02-9cac937119ee,1142 - One Bedroom Apartment Sea,51381edd-6405-4000-8635-624d513d1b9e,true,2026-07-24,31
141ba691-877b-47cc-8d05-ad8436df7598,b88917d5-5bdb-4f3a-ba02-9cac937119ee,1142 - One Bedroom Apartment Sea,51381edd-6405-4000-8635-624d513d1b9e,true,2026-07-25,31
a59a8741-e0fc-4df1-855d-a8eb3931a132,b88917d5-5bdb-4f3a-ba02-9cac937119ee,1142 - One Bedroom Apartment Sea,51381edd-6405-4000-8635-624d513d1b9e,true,2026-07-26,31
187423c2-7ff2-4c7d-8824-d9ef50b38d51,b88917d5-5bdb-4f3a-ba02-9cac937119ee,1142 - One Bedroom Apartment Sea,51381edd-6405-4000-8635-624d513d1b9e,true,2026-07-27,31
eaf977ba-dcb5-4e44-b29a-116b24d42d92,b88917d5-5bdb-4f3a-ba02-9cac937119ee,1142 - One Bedroom Apartment Sea,51381edd-6405-4000-8635-624d513d1b9e,true,2026-07-28,31
35dbbfb6-e11e-475c-94c6-ef63f1911f9c,b88917d5-5bdb-4f3a-ba02-9cac937119ee,1142 - One Bedroom Apartment Sea,51381edd-6405-4000-8635-624d513d1b9e,true,2026-07-29,31
efa0ab0b-1f78-439b-9ff8-c96f565c0c29,b88917d5-5bdb-4f3a-ba02-9cac937119ee,1142 - One Bedroom Apartment Sea,51381edd-6405-4000-8635-624d513d1b9e,true,2026-07-30,31
f69247f3-c827-4ed8-bfea-85c9bf2096d0,b88917d5-5bdb-4f3a-ba02-9cac937119ee,1142 - One Bedroom Apartment Sea,51381edd-6405-4000-8635-624d513d1b9e,true,2026-07-31,31
f514d38f-12e2-47a2-b399-b457b25e4219,b88917d5-5bdb-4f3a-ba02-9cac937119ee,1142 - One Bedroom Apartment Sea,51381edd-6405-4000-8635-624d513d1b9e,true,2026-08-01,31
1c3a56f3-6150-4e6e-980f-557e17a6dbb2,b88917d5-5bdb-4f3a-ba02-9cac937119ee,1142 - One Bedroom Apartment Sea,51381edd-6405-4000-8635-624d513d1b9e,true,2026-08-02,31
f1028384-93a3-45f8-9d08-1c3fba3c6c69,b88917d5-5bdb-4f3a-ba02-9cac937119ee,1142 - One Bedroom Apartment Sea,51381edd-6405-4000-8635-624d513d1b9e,true,2026-08-03,31
07b1748a-6aaf-4fdd-ac14-0f506ceb933d,b88917d5-5bdb-4f3a-ba02-9cac937119ee,1142 - One Bedroom Apartment Sea,51381edd-6405-4000-8635-624d513d1b9e,true,2026-08-04,31
8f468047-7faa-437f-87a8-14cd9c8e57dc,b88917d5-5bdb-4f3a-ba02-9cac937119ee,1142 - One Bedroom Apartment Sea,51381edd-6405-4000-8635-624d513d1b9e,true,2026-08-05,31
aa1eb3cf-bdcf-4571-b5d7-15ce6f8e7b32,b88917d5-5bdb-4f3a-ba02-9cac937119ee,1142 - One Bedroom Apartment Sea,51381edd-6405-4000-8635-624d513d1b9e,true,2026-08-06,31
6b7c36f6-9af6-4ceb-9d87-dd033dff0795,b88917d5-5bdb-4f3a-ba02-9cac937119ee,1142 - One Bedroom Apartment Sea,51381edd-6405-4000-8635-624d513d1b9e,true,2026-08-07,31
561a930e-90e7-4b57-b464-a0bfffe2ad65,b88917d5-5bdb-4f3a-ba02-9cac937119ee,1142 - One Bedroom Apartment Sea,51381edd-6405-4000-8635-624d513d1b9e,true,2026-08-08,31
530a6eaa-e5ea-45ad-8815-5d13fe883908,b88917d5-5bdb-4f3a-ba02-9cac937119ee,1142 - One Bedroom Apartment Sea,51381edd-6405-4000-8635-624d513d1b9e,true,2026-08-09,31
6c14feef-e761-484e-82f5-2c1ac73763be,b88917d5-5bdb-4f3a-ba02-9cac937119ee,1142 - One Bedroom Apartment Sea,51381edd-6405-4000-8635-624d513d1b9e,true,2026-08-10,31
ad055069-a1cc-4cd7-9ed7-c666a114b2df,b88917d5-5bdb-4f3a-ba02-9cac937119ee,1142 - One Bedroom Apartment Sea,51381edd-6405-4000-8635-624d513d1b9e,true,2026-08-11,31
e986d433-6a4d-4713-ad0e-d0856cf72cab,b88917d5-5bdb-4f3a-ba02-9cac937119ee,1142 - One Bedroom Apartment Sea,51381edd-6405-4000-8635-624d513d1b9e,true,2026-08-12,31
13ea8958-dc95-4eb8-bfd5-a32862495f7d,b88917d5-5bdb-4f3a-ba02-9cac937119ee,1142 - One Bedroom Apartment Sea,51381edd-6405-4000-8635-624d513d1b9e,true,2026-08-13,31
6089b7bd-0e50-4630-a523-f1fe6a3f4f5d,b88917d5-5bdb-4f3a-ba02-9cac937119ee,1142 - One Bedroom Apartment Sea,51381edd-6405-4000-8635-624d513d1b9e,true,2026-08-14,31
1e7cc5ed-b40c-442c-8c8c-0bd607ef2c25,b88917d5-5bdb-4f3a-ba02-9cac937119ee,1142 - One Bedroom Apartment Sea,51381edd-6405-4000-8635-624d513d1b9e,true,2026-08-15,31
ce7d4a75-ab75-4425-abef-7011deae5c39,b88917d5-5bdb-4f3a-ba02-9cac937119ee,1142 - One Bedroom Apartment Sea,51381edd-6405-4000-8635-624d513d1b9e,true,2026-08-16,31
82ea466e-2329-4933-94bd-8c9757189853,b88917d5-5bdb-4f3a-ba02-9cac937119ee,1142 - One Bedroom Apartment Sea,51381edd-6405-4000-8635-624d513d1b9e,true,2026-08-17,31
ef3e24cc-30c8-4f63-8f1d-6654809fca11,b88917d5-5bdb-4f3a-ba02-9cac937119ee,1142 - One Bedroom Apartment Sea,51381edd-6405-4000-8635-624d513d1b9e,true,2026-08-18,31
e09c79a0-a916-4901-ad57-fc62f971dd4f,b88917d5-5bdb-4f3a-ba02-9cac937119ee,1142 - One Bedroom Apartment Sea,51381edd-6405-4000-8635-624d513d1b9e,true,2026-08-19,31
b3e6b453-bcb5-4efc-aa4b-f12116d3121d,b88917d5-5bdb-4f3a-ba02-9cac937119ee,1142 - One Bedroom Apartment Sea,51381edd-6405-4000-8635-624d513d1b9e,true,2026-08-20,31
1ef29a33-c508-42e6-8c4b-2627f9f64330,b88917d5-5bdb-4f3a-ba02-9cac937119ee,1142 - One Bedroom Apartment Sea,51381edd-6405-4000-8635-624d513d1b9e,true,2026-08-21,31
c0cde4c2-043f-4a2e-9f74-d3ac3f55f611,b88917d5-5bdb-4f3a-ba02-9cac937119ee,1142 - One Bedroom Apartment Sea,51381edd-6405-4000-8635-624d513d1b9e,true,2026-08-22,31
f2ee92ca-1022-462b-9314-f7cb2c9acc6e,b88917d5-5bdb-4f3a-ba02-9cac937119ee,1142 - One Bedroom Apartment Sea,51381edd-6405-4000-8635-624d513d1b9e,true,2026-08-23,31
7dd0d520-35d6-4fe4-9db6-a1a73d746b3f,b88917d5-5bdb-4f3a-ba02-9cac937119ee,1142 - One Bedroom Apartment Sea,51381edd-6405-4000-8635-624d513d1b9e,true,2026-08-24,31
1b020e04-d594-4fa6-87af-5bd15e5d8afc,b88917d5-5bdb-4f3a-ba02-9cac937119ee,1142 - One Bedroom Apartment Sea,51381edd-6405-4000-8635-624d513d1b9e,true,2026-08-25,31
5d2e6a55-7ea7-4c28-b51e-1b71f22c7ad6,b88917d5-5bdb-4f3a-ba02-9cac937119ee,1142 - One Bedroom Apartment Sea,51381edd-6405-4000-8635-624d513d1b9e,true,2026-08-26,31
4da8d62d-3453-407f-b7fe-d857fb4d21ad,b88917d5-5bdb-4f3a-ba02-9cac937119ee,1142 - One Bedroom Apartment Sea,51381edd-6405-4000-8635-624d513d1b9e,true,2026-08-27,31
2503ad1b-640b-4954-a6bb-3c831679f475,b88917d5-5bdb-4f3a-ba02-9cac937119ee,1142 - One Bedroom Apartment Sea,51381edd-6405-4000-8635-624d513d1b9e,true,2026-08-28,31
4ec0fd81-a28b-44e0-ac39-15c8d9f14a4f,b88917d5-5bdb-4f3a-ba02-9cac937119ee,1142 - One Bedroom Apartment Sea,51381edd-6405-4000-8635-624d513d1b9e,true,2026-08-29,31
4aac66c7-0c06-4407-9e59-119e2a52a994,b88917d5-5bdb-4f3a-ba02-9cac937119ee,1142 - One Bedroom Apartment Sea,51381edd-6405-4000-8635-624d513d1b9e,true,2026-08-30,31
250988d1-a840-46c7-940e-6bdd591c76ed,b88917d5-5bdb-4f3a-ba02-9cac937119ee,1142 - One Bedroom Apartment Sea,51381edd-6405-4000-8635-624d513d1b9e,true,2026-08-31,31
a4d6d07f-bb35-40af-a5ce-9987302a8549,b88917d5-5bdb-4f3a-ba02-9cac937119ee,1142 - One Bedroom Apartment Sea,51381edd-6405-4000-8635-624d513d1b9e,true,2026-09-01,31
a83bb969-2b63-4d2a-b111-f65b9c4b48a1,b88917d5-5bdb-4f3a-ba02-9cac937119ee,1142 - One Bedroom Apartment Sea,51381edd-6405-4000-8635-624d513d1b9e,true,2026-09-02,31
c584bc7d-1566-4857-86c6-8079c8109006,b88917d5-5bdb-4f3a-ba02-9cac937119ee,1142 - One Bedroom Apartment Sea,51381edd-6405-4000-8635-624d513d1b9e,true,2026-09-03,31
90b51b56-8f3d-4a4f-8dce-95dc8d2d5844,b88917d5-5bdb-4f3a-ba02-9cac937119ee,1142 - One Bedroom Apartment Sea,51381edd-6405-4000-8635-624d513d1b9e,true,2026-09-04,31
24b45c0f-d804-4f8e-8532-4c756a7959c2,b88917d5-5bdb-4f3a-ba02-9cac937119ee,1142 - One Bedroom Apartment Sea,51381edd-6405-4000-8635-624d513d1b9e,true,2026-09-05,31
c3ce6093-5130-4437-8583-adf55706a4a4,b88917d5-5bdb-4f3a-ba02-9cac937119ee,1142 - One Bedroom Apartment Sea,51381edd-6405-4000-8635-624d513d1b9e,true,2026-09-06,31
b2b03d9e-87d7-4297-8828-3d6b0436572d,b88917d5-5bdb-4f3a-ba02-9cac937119ee,1142 - One Bedroom Apartment Sea,51381edd-6405-4000-8635-624d513d1b9e,true,2026-09-07,31
5100ddb7-01a1-4b7d-8214-79fed5d0e348,b88917d5-5bdb-4f3a-ba02-9cac937119ee,1142 - One Bedroom Apartment Sea,51381edd-6405-4000-8635-624d513d1b9e,true,2026-09-08,31
8501e28c-4302-4111-bef4-f41bb6f24807,b88917d5-5bdb-4f3a-ba02-9cac937119ee,1142 - One Bedroom Apartment Sea,51381edd-6405-4000-8635-624d513d1b9e,true,2026-09-09,31
383e9695-674c-42e5-8b70-74b5b9f612ad,b88917d5-5bdb-4f3a-ba02-9cac937119ee,1142 - One Bedroom Apartment Sea,51381edd-6405-4000-8635-624d513d1b9e,true,2026-09-10,31
d051bd73-36f3-49b1-b9e1-a5e2856ebfa3,b88917d5-5bdb-4f3a-ba02-9cac937119ee,1142 - One Bedroom Apartment Sea,51381edd-6405-4000-8635-624d513d1b9e,true,2026-09-11,31
80e8c221-7afb-46ae-bd7c-4cd6ac4d4541,b88917d5-5bdb-4f3a-ba02-9cac937119ee,1142 - One Bedroom Apartment Sea,51381edd-6405-4000-8635-624d513d1b9e,true,2026-09-12,31
e7ff23fd-4c03-4964-83fd-2f9aadf56311,b88917d5-5bdb-4f3a-ba02-9cac937119ee,1142 - One Bedroom Apartment Sea,51381edd-6405-4000-8635-624d513d1b9e,true,2026-09-13,31
ea0d4d63-914e-434e-8294-04b8bba736c9,b88917d5-5bdb-4f3a-ba02-9cac937119ee,1142 - One Bedroom Apartment Sea,51381edd-6405-4000-8635-624d513d1b9e,true,2026-09-14,31
b7285a50-6b6f-48fe-9e60-a0cfd9f2f7cc,b88917d5-5bdb-4f3a-ba02-9cac937119ee,1142 - One Bedroom Apartment Sea,51381edd-6405-4000-8635-624d513d1b9e,true,2026-09-15,31
19c941a5-6f65-4782-bdf7-6d2b90a14bc9,b88917d5-5bdb-4f3a-ba02-9cac937119ee,1142 - One Bedroom Apartment Sea,51381edd-6405-4000-8635-624d513d1b9e,true,2026-09-16,31
c0f7bf24-0092-4735-9e6c-0ee9852fdcab,b88917d5-5bdb-4f3a-ba02-9cac937119ee,1142 - One Bedroom Apartment Sea,51381edd-6405-4000-8635-624d513d1b9e,true,2026-09-17,31
49616dd1-3c7a-463d-b071-ab96b0557394,b88917d5-5bdb-4f3a-ba02-9cac937119ee,1142 - One Bedroom Apartment Sea,51381edd-6405-4000-8635-624d513d1b9e,true,2026-09-18,31
1494c3ee-4d7e-4946-8318-320d67737c30,b88917d5-5bdb-4f3a-ba02-9cac937119ee,1142 - One Bedroom Apartment Sea,51381edd-6405-4000-8635-624d513d1b9e,true,2026-09-19,31
7702f421-3465-4700-9d60-22905be36fea,b88917d5-5bdb-4f3a-ba02-9cac937119ee,1142 - One Bedroom Apartment Sea,51381edd-6405-4000-8635-624d513d1b9e,true,2026-09-20,31
4fc96028-7d51-44f7-8272-84496698235d,b88917d5-5bdb-4f3a-ba02-9cac937119ee,1142 - One Bedroom Apartment Sea,51381edd-6405-4000-8635-624d513d1b9e,true,2026-09-21,31
6591c027-619d-48f2-9906-c64f59718785,b88917d5-5bdb-4f3a-ba02-9cac937119ee,1142 - One Bedroom Apartment Sea,51381edd-6405-4000-8635-624d513d1b9e,true,2026-09-22,31
312b0969-998e-4ed1-90c3-cd2df8919f78,b88917d5-5bdb-4f3a-ba02-9cac937119ee,1142 - One Bedroom Apartment Sea,51381edd-6405-4000-8635-624d513d1b9e,true,2026-09-23,31
adf70a52-b2ab-4430-8418-81507a3529f1,b88917d5-5bdb-4f3a-ba02-9cac937119ee,1142 - One Bedroom Apartment Sea,51381edd-6405-4000-8635-624d513d1b9e,true,2026-09-24,31
79fbac91-a528-4894-bc3c-74c1d16c99eb,b88917d5-5bdb-4f3a-ba02-9cac937119ee,1142 - One Bedroom Apartment Sea,51381edd-6405-4000-8635-624d513d1b9e,true,2026-09-25,31
3bb98bbc-72e5-489d-848b-80e7c65bbacb,b88917d5-5bdb-4f3a-ba02-9cac937119ee,1142 - One Bedroom Apartment Sea,51381edd-6405-4000-8635-624d513d1b9e,true,2026-09-26,31
17a73985-c304-42c6-95de-03b103702422,b88917d5-5bdb-4f3a-ba02-9cac937119ee,1142 - One Bedroom Apartment Sea,51381edd-6405-4000-8635-624d513d1b9e,true,2026-09-27,31
26dc9906-5b75-49f6-84f1-36dcf5a7ea29,b88917d5-5bdb-4f3a-ba02-9cac937119ee,1142 - One Bedroom Apartment Sea,51381edd-6405-4000-8635-624d513d1b9e,true,2026-09-28,31
a74d36ba-3488-45b8-ba8b-3140c5ef95bf,b88917d5-5bdb-4f3a-ba02-9cac937119ee,1142 - One Bedroom Apartment Sea,51381edd-6405-4000-8635-624d513d1b9e,true,2026-09-29,31
68fc546c-5ef9-48f1-a156-b4eda44ab492,b88917d5-5bdb-4f3a-ba02-9cac937119ee,1142 - One Bedroom Apartment Sea,51381edd-6405-4000-8635-624d513d1b9e,true,2026-09-30,31
82693588-c73b-47ab-88ce-fc7502dc1c9c,b88917d5-5bdb-4f3a-ba02-9cac937119ee,1142 - One Bedroom Apartment Sea,51381edd-6405-4000-8635-624d513d1b9e,true,2026-10-01,31
a58b9a98-6abf-413c-9ea6-7d44402268e1,b88917d5-5bdb-4f3a-ba02-9cac937119ee,1142 - One Bedroom Apartment Sea,51381edd-6405-4000-8635-624d513d1b9e,true,2026-10-02,31
d2d53cb0-2c86-49c5-aef6-c34f6a54b5ce,b88917d5-5bdb-4f3a-ba02-9cac937119ee,1142 - One Bedroom Apartment Sea,51381edd-6405-4000-8635-624d513d1b9e,true,2026-10-03,31
3a7033d3-50fc-454f-a4cc-78517691d9f8,b88917d5-5bdb-4f3a-ba02-9cac937119ee,1142 - One Bedroom Apartment Sea,51381edd-6405-4000-8635-624d513d1b9e,true,2026-10-04,31
e245e1cd-916d-4524-9ef4-a7a666f70e35,b88917d5-5bdb-4f3a-ba02-9cac937119ee,1142 - One Bedroom Apartment Sea,51381edd-6405-4000-8635-624d513d1b9e,true,2026-10-05,31
c867fd33-0ea4-43c7-974a-fd478a950a85,b88917d5-5bdb-4f3a-ba02-9cac937119ee,1142 - One Bedroom Apartment Sea,51381edd-6405-4000-8635-624d513d1b9e,true,2026-10-06,31
0c40f854-6045-4f58-ac0f-59ff029bbb14,b88917d5-5bdb-4f3a-ba02-9cac937119ee,1142 - One Bedroom Apartment Sea,51381edd-6405-4000-8635-624d513d1b9e,true,2026-10-07,31
e9a24254-e709-4e0c-9839-d4ebb53daec3,b88917d5-5bdb-4f3a-ba02-9cac937119ee,1142 - One Bedroom Apartment Sea,51381edd-6405-4000-8635-624d513d1b9e,true,2026-10-08,31
10a8b0f1-85af-4559-b75e-eedfdd004d83,b88917d5-5bdb-4f3a-ba02-9cac937119ee,1142 - One Bedroom Apartment Sea,51381edd-6405-4000-8635-624d513d1b9e,true,2026-10-09,31
159ba16d-1abe-498e-955e-551910429294,b88917d5-5bdb-4f3a-ba02-9cac937119ee,1142 - One Bedroom Apartment Sea,51381edd-6405-4000-8635-624d513d1b9e,true,2026-10-10,31
639f820a-d41d-4395-a120-1df94bc0dfd2,b88917d5-5bdb-4f3a-ba02-9cac937119ee,1142 - One Bedroom Apartment Sea,51381edd-6405-4000-8635-624d513d1b9e,true,2026-10-11,31
46bac8d8-08bc-498f-9a42-79bf925633d5,b88917d5-5bdb-4f3a-ba02-9cac937119ee,1142 - One Bedroom Apartment Sea,51381edd-6405-4000-8635-624d513d1b9e,true,2026-10-12,31
ccda8557-6ee5-4063-9558-6ca8555b2493,b88917d5-5bdb-4f3a-ba02-9cac937119ee,1142 - One Bedroom Apartment Sea,51381edd-6405-4000-8635-624d513d1b9e,true,2026-10-13,31
fe26dd27-34e7-4311-894d-ee9daf516548,b88917d5-5bdb-4f3a-ba02-9cac937119ee,1142 - One Bedroom Apartment Sea,51381edd-6405-4000-8635-624d513d1b9e,true,2026-10-14,31
df5845ba-785f-4e5b-a5f5-316374a4a4f2,b88917d5-5bdb-4f3a-ba02-9cac937119ee,1142 - One Bedroom Apartment Sea,51381edd-6405-4000-8635-624d513d1b9e,true,2026-10-15,31
39c84ea8-e56f-4191-9a82-5caf73a96dee,b88917d5-5bdb-4f3a-ba02-9cac937119ee,1142 - One Bedroom Apartment Sea,51381edd-6405-4000-8635-624d513d1b9e,true,2026-10-16,31
97d9919d-aa2f-4b6a-8131-f8a4e4a9d42d,b88917d5-5bdb-4f3a-ba02-9cac937119ee,1142 - One Bedroom Apartment Sea,51381edd-6405-4000-8635-624d513d1b9e,true,2026-10-17,31
2866bd84-4182-42e6-aa45-5c7ec5a14f35,b88917d5-5bdb-4f3a-ba02-9cac937119ee,1142 - One Bedroom Apartment Sea,51381edd-6405-4000-8635-624d513d1b9e,true,2026-10-18,31
2aab0cf3-5f2c-4ce5-9e78-16ed554d170c,b88917d5-5bdb-4f3a-ba02-9cac937119ee,1142 - One Bedroom Apartment Sea,51381edd-6405-4000-8635-624d513d1b9e,true,2026-10-19,31
f8456651-bb65-4a9a-8c13-fe452833b642,b88917d5-5bdb-4f3a-ba02-9cac937119ee,1142 - One Bedroom Apartment Sea,51381edd-6405-4000-8635-624d513d1b9e,true,2026-10-20,31
2a2b7ab7-8a29-40f6-91e1-fd1f1d8cf479,b88917d5-5bdb-4f3a-ba02-9cac937119ee,1142 - One Bedroom Apartment Sea,51381edd-6405-4000-8635-624d513d1b9e,true,2026-10-21,31
0b9a936d-205e-4401-b4e8-769a283b31b6,b88917d5-5bdb-4f3a-ba02-9cac937119ee,1142 - One Bedroom Apartment Sea,51381edd-6405-4000-8635-624d513d1b9e,true,2026-10-22,31
7cce5c17-01b8-4cff-810c-a2a4becc6cb0,b88917d5-5bdb-4f3a-ba02-9cac937119ee,1142 - One Bedroom Apartment Sea,51381edd-6405-4000-8635-624d513d1b9e,true,2026-10-23,31
7b2d55d9-8f56-409b-b6b9-dfc83396c73f,b88917d5-5bdb-4f3a-ba02-9cac937119ee,1142 - One Bedroom Apartment Sea,51381edd-6405-4000-8635-624d513d1b9e,true,2026-10-24,31
d5dce6de-a750-4fc8-8e40-676a4c8b5629,b88917d5-5bdb-4f3a-ba02-9cac937119ee,1142 - One Bedroom Apartment Sea,51381edd-6405-4000-8635-624d513d1b9e,true,2026-10-25,31
2901f93e-25e9-4fcf-9203-74c331b3afd0,b88917d5-5bdb-4f3a-ba02-9cac937119ee,1142 - One Bedroom Apartment Sea,51381edd-6405-4000-8635-624d513d1b9e,true,2026-10-26,31
cba76402-fc63-4532-b2fa-6ba4122923bb,b88917d5-5bdb-4f3a-ba02-9cac937119ee,1142 - One Bedroom Apartment Sea,51381edd-6405-4000-8635-624d513d1b9e,true,2026-10-27,31
eba57ff0-08bc-4100-88b0-25b31d18a7bc,b88917d5-5bdb-4f3a-ba02-9cac937119ee,1142 - One Bedroom Apartment Sea,51381edd-6405-4000-8635-624d513d1b9e,true,2026-10-28,31
e7c79b3c-cd6f-4efb-8ebc-7c7627cf8999,b88917d5-5bdb-4f3a-ba02-9cac937119ee,1142 - One Bedroom Apartment Sea,51381edd-6405-4000-8635-624d513d1b9e,true,2026-10-29,31
f7026971-582f-49c0-b691-30ade42e1a41,b88917d5-5bdb-4f3a-ba02-9cac937119ee,1142 - One Bedroom Apartment Sea,51381edd-6405-4000-8635-624d513d1b9e,true,2026-10-30,31
be1ca020-275d-4753-9d22-50147718941f,b88917d5-5bdb-4f3a-ba02-9cac937119ee,1142 - One Bedroom Apartment Sea,51381edd-6405-4000-8635-624d513d1b9e,true,2026-10-31,31
0ee909f8-40e5-4810-a2fa-3ffee026299b,b88917d5-5bdb-4f3a-ba02-9cac937119ee,1142 - One Bedroom Apartment Sea,51381edd-6405-4000-8635-624d513d1b9e,true,2026-11-01,31
a604f243-7108-429c-b9da-6a72607568cd,b88917d5-5bdb-4f3a-ba02-9cac937119ee,1142 - One Bedroom Apartment Sea,51381edd-6405-4000-8635-624d513d1b9e,true,2026-11-02,31
2bc10598-c0ce-42b0-96d6-1d3c3fec641a,b88917d5-5bdb-4f3a-ba02-9cac937119ee,1142 - One Bedroom Apartment Sea,51381edd-6405-4000-8635-624d513d1b9e,true,2026-11-03,31
0492aae5-7a69-4926-b7fb-3efca35029d0,b88917d5-5bdb-4f3a-ba02-9cac937119ee,1142 - One Bedroom Apartment Sea,51381edd-6405-4000-8635-624d513d1b9e,true,2026-11-04,31
9afdd5bf-4de0-4b6d-9c4d-76cd79856cd9,b88917d5-5bdb-4f3a-ba02-9cac937119ee,1142 - One Bedroom Apartment Sea,51381edd-6405-4000-8635-624d513d1b9e,true,2026-11-05,31
b9ae63f8-bb94-4901-a811-829386d8eab4,b88917d5-5bdb-4f3a-ba02-9cac937119ee,1142 - One Bedroom Apartment Sea,51381edd-6405-4000-8635-624d513d1b9e,true,2026-11-06,31
e6364562-135d-4b56-95f1-3d301459268d,b88917d5-5bdb-4f3a-ba02-9cac937119ee,1142 - One Bedroom Apartment Sea,51381edd-6405-4000-8635-624d513d1b9e,true,2026-11-07,31
9c108609-bac1-45eb-843e-0a1d889f01ae,b88917d5-5bdb-4f3a-ba02-9cac937119ee,1142 - One Bedroom Apartment Sea,51381edd-6405-4000-8635-624d513d1b9e,true,2026-11-08,31
d2f23661-0d85-443f-960d-91eaf4407beb,b88917d5-5bdb-4f3a-ba02-9cac937119ee,1142 - One Bedroom Apartment Sea,51381edd-6405-4000-8635-624d513d1b9e,true,2026-11-09,31
bcbb6c8f-3ff7-409e-9f5b-4f19f64cecc2,b88917d5-5bdb-4f3a-ba02-9cac937119ee,1142 - One Bedroom Apartment Sea,51381edd-6405-4000-8635-624d513d1b9e,true,2026-11-10,31
e07c2fb2-bd6d-4ba9-980b-6cc9326ceabd,b88917d5-5bdb-4f3a-ba02-9cac937119ee,1142 - One Bedroom Apartment Sea,51381edd-6405-4000-8635-624d513d1b9e,true,2026-11-11,31
8a71abeb-4e4a-4b94-a15d-b76f7467c34e,b88917d5-5bdb-4f3a-ba02-9cac937119ee,1142 - One Bedroom Apartment Sea,51381edd-6405-4000-8635-624d513d1b9e,true,2026-11-12,31
78516f8e-35bd-43b5-933d-e5fcdaccf7d2,b88917d5-5bdb-4f3a-ba02-9cac937119ee,1142 - One Bedroom Apartment Sea,51381edd-6405-4000-8635-624d513d1b9e,true,2026-11-13,31
de4d0c9a-4944-43ba-8b96-6a63b444dbbc,b88917d5-5bdb-4f3a-ba02-9cac937119ee,1142 - One Bedroom Apartment Sea,51381edd-6405-4000-8635-624d513d1b9e,true,2026-11-14,31
d69d1cec-6d51-47be-ba6f-45cdd7cab055,b88917d5-5bdb-4f3a-ba02-9cac937119ee,1142 - One Bedroom Apartment Sea,51381edd-6405-4000-8635-624d513d1b9e,true,2026-11-15,31
95d41e97-f321-45e9-8ee7-51b099e567e2,b88917d5-5bdb-4f3a-ba02-9cac937119ee,1142 - One Bedroom Apartment Sea,51381edd-6405-4000-8635-624d513d1b9e,true,2026-11-16,31
d189b24a-34a9-42f5-b747-f5ba11e037ea,b88917d5-5bdb-4f3a-ba02-9cac937119ee,1142 - One Bedroom Apartment Sea,51381edd-6405-4000-8635-624d513d1b9e,true,2026-11-17,31
c82782fa-8f96-40e1-86ea-84dcf9ddfad5,b88917d5-5bdb-4f3a-ba02-9cac937119ee,1142 - One Bedroom Apartment Sea,51381edd-6405-4000-8635-624d513d1b9e,true,2026-11-18,31
b5a651cc-15e9-448b-8125-f51c2069e165,b88917d5-5bdb-4f3a-ba02-9cac937119ee,1142 - One Bedroom Apartment Sea,51381edd-6405-4000-8635-624d513d1b9e,true,2026-11-19,31
5d46d1e0-9262-49b2-8541-2eb6f31d8338,b88917d5-5bdb-4f3a-ba02-9cac937119ee,1142 - One Bedroom Apartment Sea,51381edd-6405-4000-8635-624d513d1b9e,true,2026-11-20,31
ab8b0024-3310-43c7-986b-0dfb6625f29a,b88917d5-5bdb-4f3a-ba02-9cac937119ee,1142 - One Bedroom Apartment Sea,51381edd-6405-4000-8635-624d513d1b9e,true,2026-11-21,31
3ad96514-6fc5-415a-bf14-d9c4f180db5a,b88917d5-5bdb-4f3a-ba02-9cac937119ee,1142 - One Bedroom Apartment Sea,51381edd-6405-4000-8635-624d513d1b9e,true,2026-11-22,31
8e5438b8-d7ad-4c8f-bb4c-6863d40f4e9a,b88917d5-5bdb-4f3a-ba02-9cac937119ee,1142 - One Bedroom Apartment Sea,51381edd-6405-4000-8635-624d513d1b9e,true,2026-11-23,31
76a37f9b-488b-4411-910f-3afba584d100,b88917d5-5bdb-4f3a-ba02-9cac937119ee,1142 - One Bedroom Apartment Sea,51381edd-6405-4000-8635-624d513d1b9e,true,2026-11-24,31
52ffea6c-8f3d-4463-bd20-7dfbc9656cfe,b88917d5-5bdb-4f3a-ba02-9cac937119ee,1142 - One Bedroom Apartment Sea,51381edd-6405-4000-8635-624d513d1b9e,true,2026-11-25,31
e4b39dbb-0a0f-4d5a-a42d-d87c323dac50,b88917d5-5bdb-4f3a-ba02-9cac937119ee,1142 - One Bedroom Apartment Sea,51381edd-6405-4000-8635-624d513d1b9e,true,2026-11-26,31
3557bd1d-8b9a-4158-8dcf-0b7f01ba7b5f,b88917d5-5bdb-4f3a-ba02-9cac937119ee,1142 - One Bedroom Apartment Sea,51381edd-6405-4000-8635-624d513d1b9e,true,2026-11-27,31
86713476-6f80-4b23-9600-c42815bb788c,b88917d5-5bdb-4f3a-ba02-9cac937119ee,1142 - One Bedroom Apartment Sea,51381edd-6405-4000-8635-624d513d1b9e,true,2026-11-28,31
ad257709-3a79-4eb5-9ffa-425deee90c72,b88917d5-5bdb-4f3a-ba02-9cac937119ee,1142 - One Bedroom Apartment Sea,51381edd-6405-4000-8635-624d513d1b9e,true,2026-11-29,31
ba39949a-28d8-4c88-bbef-0748c6c3e0ee,b88917d5-5bdb-4f3a-ba02-9cac937119ee,1142 - One Bedroom Apartment Sea,51381edd-6405-4000-8635-624d513d1b9e,true,2026-11-30,31
d2ce8a35-a7f1-4af0-97d2-cd646173afb7,b88917d5-5bdb-4f3a-ba02-9cac937119ee,1142 - One Bedroom Apartment Sea,51381edd-6405-4000-8635-624d513d1b9e,true,2026-12-01,31
78736416-92ee-48ed-96d1-800f2a2283f8,b88917d5-5bdb-4f3a-ba02-9cac937119ee,1142 - One Bedroom Apartment Sea,51381edd-6405-4000-8635-624d513d1b9e,true,2026-12-02,31
7f11dc7c-f53a-473b-8e50-47862bf7c483,b88917d5-5bdb-4f3a-ba02-9cac937119ee,1142 - One Bedroom Apartment Sea,51381edd-6405-4000-8635-624d513d1b9e,true,2026-12-03,31
0f958ef0-3962-4eb5-8bb1-7dd8c420d0f4,b88917d5-5bdb-4f3a-ba02-9cac937119ee,1142 - One Bedroom Apartment Sea,51381edd-6405-4000-8635-624d513d1b9e,true,2026-12-04,31
174e86a9-2f3d-47df-8565-b1067115a635,b88917d5-5bdb-4f3a-ba02-9cac937119ee,1142 - One Bedroom Apartment Sea,51381edd-6405-4000-8635-624d513d1b9e,true,2026-12-05,31
2a0127de-330d-4eb1-8f51-33bfaba6a375,b88917d5-5bdb-4f3a-ba02-9cac937119ee,1142 - One Bedroom Apartment Sea,51381edd-6405-4000-8635-624d513d1b9e,true,2026-12-06,31
2fc4935e-fff7-413b-9d14-e4c98b61c582,b88917d5-5bdb-4f3a-ba02-9cac937119ee,1142 - One Bedroom Apartment Sea,51381edd-6405-4000-8635-624d513d1b9e,true,2026-12-07,31
c7ad8583-a8e7-4bf9-867a-3336993257ac,b88917d5-5bdb-4f3a-ba02-9cac937119ee,1142 - One Bedroom Apartment Sea,51381edd-6405-4000-8635-624d513d1b9e,true,2026-12-08,31
c49dd43c-9185-4d56-9a9c-3b36365f3a23,b88917d5-5bdb-4f3a-ba02-9cac937119ee,1142 - One Bedroom Apartment Sea,51381edd-6405-4000-8635-624d513d1b9e,true,2026-12-09,31
912dbfde-dadd-4852-820a-ee95007f6c56,b88917d5-5bdb-4f3a-ba02-9cac937119ee,1142 - One Bedroom Apartment Sea,51381edd-6405-4000-8635-624d513d1b9e,true,2026-12-10,31
a53af769-847d-419c-a2f3-3150ec68382d,b88917d5-5bdb-4f3a-ba02-9cac937119ee,1142 - One Bedroom Apartment Sea,51381edd-6405-4000-8635-624d513d1b9e,true,2026-12-11,31
27b2e137-1314-4a2c-a27c-bdaf393bf559,b88917d5-5bdb-4f3a-ba02-9cac937119ee,1142 - One Bedroom Apartment Sea,51381edd-6405-4000-8635-624d513d1b9e,true,2026-12-12,31
d70efabc-7e56-4c42-8d6d-6105ae71de0c,b88917d5-5bdb-4f3a-ba02-9cac937119ee,1142 - One Bedroom Apartment Sea,51381edd-6405-4000-8635-624d513d1b9e,true,2026-12-13,31
ad07519d-ce74-4241-a84d-c4a4102565cc,b88917d5-5bdb-4f3a-ba02-9cac937119ee,1142 - One Bedroom Apartment Sea,51381edd-6405-4000-8635-624d513d1b9e,true,2026-12-14,31
fb23eeb9-d205-4083-a79d-c617ea1db507,b88917d5-5bdb-4f3a-ba02-9cac937119ee,1142 - One Bedroom Apartment Sea,51381edd-6405-4000-8635-624d513d1b9e,true,2026-12-15,31
c56d4fdc-bf0f-45aa-9e0f-b5d3bef61110,b88917d5-5bdb-4f3a-ba02-9cac937119ee,1142 - One Bedroom Apartment Sea,51381edd-6405-4000-8635-624d513d1b9e,true,2026-12-16,31
3cc22899-8d0f-43c2-8a9b-6603177b1bd2,b88917d5-5bdb-4f3a-ba02-9cac937119ee,1142 - One Bedroom Apartment Sea,51381edd-6405-4000-8635-624d513d1b9e,true,2026-12-17,31
47b83d1d-d00a-452b-b9fe-c2c232e4aba3,b88917d5-5bdb-4f3a-ba02-9cac937119ee,1142 - One Bedroom Apartment Sea,51381edd-6405-4000-8635-624d513d1b9e,true,2026-12-18,31
bd1a71ae-1084-4b88-a938-755220c51abe,b88917d5-5bdb-4f3a-ba02-9cac937119ee,1142 - One Bedroom Apartment Sea,51381edd-6405-4000-8635-624d513d1b9e,true,2026-12-19,31
e9f4aa05-0512-4bc7-a7d3-f1a93452ca34,b88917d5-5bdb-4f3a-ba02-9cac937119ee,1142 - One Bedroom Apartment Sea,51381edd-6405-4000-8635-624d513d1b9e,true,2026-12-20,31
148ec4a5-0522-4aaa-bfb5-0e035bf33069,b88917d5-5bdb-4f3a-ba02-9cac937119ee,1142 - One Bedroom Apartment Sea,51381edd-6405-4000-8635-624d513d1b9e,true,2026-12-21,31
4be57a2d-4941-4a51-a03a-c220e221729a,b88917d5-5bdb-4f3a-ba02-9cac937119ee,1142 - One Bedroom Apartment Sea,51381edd-6405-4000-8635-624d513d1b9e,true,2026-12-22,31
a2b84143-22f6-4cf3-949a-665b36a333d2,b88917d5-5bdb-4f3a-ba02-9cac937119ee,1142 - One Bedroom Apartment Sea,51381edd-6405-4000-8635-624d513d1b9e,true,2026-12-23,31
73eec8c5-9842-4c2b-afaf-6591b13f56e5,b88917d5-5bdb-4f3a-ba02-9cac937119ee,1142 - One Bedroom Apartment Sea,51381edd-6405-4000-8635-624d513d1b9e,true,2026-12-24,31
3047f2cc-8d26-401f-8469-d653c064501b,b88917d5-5bdb-4f3a-ba02-9cac937119ee,1142 - One Bedroom Apartment Sea,51381edd-6405-4000-8635-624d513d1b9e,true,2026-12-25,31
bdb7ab17-6373-4629-9dcf-281c92bb5066,b88917d5-5bdb-4f3a-ba02-9cac937119ee,1142 - One Bedroom Apartment Sea,51381edd-6405-4000-8635-624d513d1b9e,true,2026-12-26,31
b29115a0-55c0-4805-8727-f698cf23670d,b88917d5-5bdb-4f3a-ba02-9cac937119ee,1142 - One Bedroom Apartment Sea,51381edd-6405-4000-8635-624d513d1b9e,true,2026-12-27,31
9c2a8c5f-685b-4e4b-b544-18c9a08e04bd,b88917d5-5bdb-4f3a-ba02-9cac937119ee,1142 - One Bedroom Apartment Sea,51381edd-6405-4000-8635-624d513d1b9e,true,2026-12-28,31
8820ede8-1dd2-4e73-8303-5c11e1f6c11c,b88917d5-5bdb-4f3a-ba02-9cac937119ee,1142 - One Bedroom Apartment Sea,51381edd-6405-4000-8635-624d513d1b9e,true,2026-12-29,31
7650bb67-b0b6-4a82-9642-c6f185d95c55,b88917d5-5bdb-4f3a-ba02-9cac937119ee,1142 - One Bedroom Apartment Sea,51381edd-6405-4000-8635-624d513d1b9e,true,2026-12-30,31
f24988d5-d2f6-4abf-9e37-b32c74f467c6,b88917d5-5bdb-4f3a-ba02-9cac937119ee,1142 - One Bedroom Apartment Sea,51381edd-6405-4000-8635-624d513d1b9e,true,2026-12-31,31
5027f39e-945d-4b21-a876-af668f38cd28,b88917d5-5bdb-4f3a-ba02-9cac937119ee,1142 - One Bedroom Apartment Sea,51381edd-6405-4000-8635-624d513d1b9e,true,2027-01-01,31
6cf09e5e-ec9a-45c5-901c-1a571eae833a,b88917d5-5bdb-4f3a-ba02-9cac937119ee,1142 - One Bedroom Apartment Sea,51381edd-6405-4000-8635-624d513d1b9e,true,2027-01-02,31
310a7fa1-b2ef-4a2f-b99b-84b5040ea83a,b88917d5-5bdb-4f3a-ba02-9cac937119ee,1142 - One Bedroom Apartment Sea,51381edd-6405-4000-8635-624d513d1b9e,true,2027-01-03,31
b0670b4f-b313-4e81-b5c3-fbca5e24616a,b88917d5-5bdb-4f3a-ba02-9cac937119ee,1142 - One Bedroom Apartment Sea,51381edd-6405-4000-8635-624d513d1b9e,true,2027-01-04,31
820e12b9-b50d-45cc-b462-ba8d50e23b75,b88917d5-5bdb-4f3a-ba02-9cac937119ee,1142 - One Bedroom Apartment Sea,51381edd-6405-4000-8635-624d513d1b9e,true,2027-01-05,31
cbf9e99f-412c-4b21-bb26-9cc825060de9,b88917d5-5bdb-4f3a-ba02-9cac937119ee,1142 - One Bedroom Apartment Sea,51381edd-6405-4000-8635-624d513d1b9e,true,2027-01-06,31
fe87c260-e514-4c28-8a19-09abc57a0aa5,b88917d5-5bdb-4f3a-ba02-9cac937119ee,1142 - One Bedroom Apartment Sea,51381edd-6405-4000-8635-624d513d1b9e,true,2027-01-07,31
4bd7d4a1-6ac5-4533-89f8-0a1d799d5b68,b88917d5-5bdb-4f3a-ba02-9cac937119ee,1142 - One Bedroom Apartment Sea,51381edd-6405-4000-8635-624d513d1b9e,true,2027-01-08,31
bf798149-7e6c-4324-882b-d6bbe3ab4678,b88917d5-5bdb-4f3a-ba02-9cac937119ee,1142 - One Bedroom Apartment Sea,51381edd-6405-4000-8635-624d513d1b9e,true,2027-01-09,31
b7369b86-a4ab-4e69-8c57-13089521129a,b88917d5-5bdb-4f3a-ba02-9cac937119ee,1142 - One Bedroom Apartment Sea,51381edd-6405-4000-8635-624d513d1b9e,true,2027-01-10,31
85d2579a-6c0f-49d5-a717-6fae257abf76,b88917d5-5bdb-4f3a-ba02-9cac937119ee,1142 - One Bedroom Apartment Sea,51381edd-6405-4000-8635-624d513d1b9e,true,2027-01-11,31
0d50f4aa-d2c4-4d26-b832-1d96a24b8f63,b88917d5-5bdb-4f3a-ba02-9cac937119ee,1142 - One Bedroom Apartment Sea,51381edd-6405-4000-8635-624d513d1b9e,true,2027-01-12,31
edd65186-a1ce-43e3-86b2-2bad561600d2,b88917d5-5bdb-4f3a-ba02-9cac937119ee,1142 - One Bedroom Apartment Sea,51381edd-6405-4000-8635-624d513d1b9e,true,2027-01-13,31
f33376ff-b68d-4b7f-aa70-347b966b2a7a,b88917d5-5bdb-4f3a-ba02-9cac937119ee,1142 - One Bedroom Apartment Sea,51381edd-6405-4000-8635-624d513d1b9e,true,2027-01-14,31
d1362905-b3c1-45af-a4e4-ea852ab1c3e5,b88917d5-5bdb-4f3a-ba02-9cac937119ee,1142 - One Bedroom Apartment Sea,51381edd-6405-4000-8635-624d513d1b9e,true,2027-01-15,31
452ea1af-4ecd-43bd-8ce3-7a2cefe30d18,b88917d5-5bdb-4f3a-ba02-9cac937119ee,1142 - One Bedroom Apartment Sea,51381edd-6405-4000-8635-624d513d1b9e,true,2027-01-16,31
51ae0c34-075b-4e95-a3b7-3ab595083917,b88917d5-5bdb-4f3a-ba02-9cac937119ee,1142 - One Bedroom Apartment Sea,51381edd-6405-4000-8635-624d513d1b9e,true,2027-01-17,31
7b252b15-dee1-4f89-ab62-235266c5a55c,b88917d5-5bdb-4f3a-ba02-9cac937119ee,1142 - One Bedroom Apartment Sea,51381edd-6405-4000-8635-624d513d1b9e,true,2027-01-18,31
c9220251-b41f-46d9-b0b0-e5af50612830,b88917d5-5bdb-4f3a-ba02-9cac937119ee,1142 - One Bedroom Apartment Sea,51381edd-6405-4000-8635-624d513d1b9e,true,2027-01-19,31
54bd9240-7542-4562-a25a-4c0fc3d3db31,b88917d5-5bdb-4f3a-ba02-9cac937119ee,1142 - One Bedroom Apartment Sea,51381edd-6405-4000-8635-624d513d1b9e,true,2027-01-20,31
24a4a03c-1b36-4f14-afed-feff7a745cc9,b88917d5-5bdb-4f3a-ba02-9cac937119ee,1142 - One Bedroom Apartment Sea,51381edd-6405-4000-8635-624d513d1b9e,true,2027-01-21,31
dec5dbbb-2707-4801-bcb9-6fa3bde42f9f,b88917d5-5bdb-4f3a-ba02-9cac937119ee,1142 - One Bedroom Apartment Sea,51381edd-6405-4000-8635-624d513d1b9e,true,2027-01-22,31
493b2d38-ca5e-4217-bb2a-0420c40541cf,b88917d5-5bdb-4f3a-ba02-9cac937119ee,1142 - One Bedroom Apartment Sea,51381edd-6405-4000-8635-624d513d1b9e,true,2027-01-23,31
174260d6-00e3-43a7-b718-c8c45ec2053b,b88917d5-5bdb-4f3a-ba02-9cac937119ee,1142 - One Bedroom Apartment Sea,51381edd-6405-4000-8635-624d513d1b9e,true,2027-01-24,31
2c8946e5-8500-4d50-9440-1a2285e2fab9,b88917d5-5bdb-4f3a-ba02-9cac937119ee,1142 - One Bedroom Apartment Sea,51381edd-6405-4000-8635-624d513d1b9e,true,2027-01-25,31
a8cc0210-9342-432a-b555-49faba9bd360,b88917d5-5bdb-4f3a-ba02-9cac937119ee,1142 - One Bedroom Apartment Sea,51381edd-6405-4000-8635-624d513d1b9e,true,2027-01-26,31
f7a9a262-44b7-461b-ba13-1699b5c1a437,b88917d5-5bdb-4f3a-ba02-9cac937119ee,1142 - One Bedroom Apartment Sea,51381edd-6405-4000-8635-624d513d1b9e,true,2027-01-27,31
4c336ec5-2714-4de0-b8c9-b1f9d56a084a,b88917d5-5bdb-4f3a-ba02-9cac937119ee,1142 - One Bedroom Apartment Sea,51381edd-6405-4000-8635-624d513d1b9e,true,2027-01-28,31
f3c65825-828a-45e5-b6a0-a5922b08dc59,b88917d5-5bdb-4f3a-ba02-9cac937119ee,1142 - One Bedroom Apartment Sea,51381edd-6405-4000-8635-624d513d1b9e,true,2027-01-29,31
a8d5b8a3-ed1a-4314-a695-5db5cd4d6e31,b88917d5-5bdb-4f3a-ba02-9cac937119ee,1142 - One Bedroom Apartment Sea,51381edd-6405-4000-8635-624d513d1b9e,true,2027-01-30,31
0d3d2f27-e7ad-4086-b172-16e208801578,b88917d5-5bdb-4f3a-ba02-9cac937119ee,1142 - One Bedroom Apartment Sea,51381edd-6405-4000-8635-624d513d1b9e,true,2027-01-31,31
1c1acdc3-9ecf-4032-bd8d-3b69f3327e65,b88917d5-5bdb-4f3a-ba02-9cac937119ee,1142 - One Bedroom Apartment Sea,51381edd-6405-4000-8635-624d513d1b9e,true,2027-02-01,31
df8ac6f1-37ad-4c17-84b0-c16ed2a26ee0,b88917d5-5bdb-4f3a-ba02-9cac937119ee,1142 - One Bedroom Apartment Sea,51381edd-6405-4000-8635-624d513d1b9e,true,2027-02-02,31
0efd5fc2-3308-4852-b882-e76311d3fade,b88917d5-5bdb-4f3a-ba02-9cac937119ee,1142 - One Bedroom Apartment Sea,51381edd-6405-4000-8635-624d513d1b9e,true,2027-02-03,31
8d2ff849-85a4-4ec5-97b9-a164ce0b9c38,b88917d5-5bdb-4f3a-ba02-9cac937119ee,1142 - One Bedroom Apartment Sea,51381edd-6405-4000-8635-624d513d1b9e,true,2027-02-04,31
2f0316b1-f206-4422-a2cc-b88fbd406fd3,b88917d5-5bdb-4f3a-ba02-9cac937119ee,1142 - One Bedroom Apartment Sea,51381edd-6405-4000-8635-624d513d1b9e,true,2027-02-05,31
3efcc1ad-88e9-401c-a1a4-a0508b765d40,b88917d5-5bdb-4f3a-ba02-9cac937119ee,1142 - One Bedroom Apartment Sea,51381edd-6405-4000-8635-624d513d1b9e,true,2027-02-06,31
5ddbeb09-cd57-4457-af28-a101c3e25b50,b88917d5-5bdb-4f3a-ba02-9cac937119ee,1142 - One Bedroom Apartment Sea,51381edd-6405-4000-8635-624d513d1b9e,true,2027-02-07,31
2bdd36c9-b73b-4695-bd09-3c7b83ae6a83,b88917d5-5bdb-4f3a-ba02-9cac937119ee,1142 - One Bedroom Apartment Sea,51381edd-6405-4000-8635-624d513d1b9e,true,2027-02-08,31
6e9ac746-781a-45a2-9cf7-f5de7ab96fbe,b88917d5-5bdb-4f3a-ba02-9cac937119ee,1142 - One Bedroom Apartment Sea,51381edd-6405-4000-8635-624d513d1b9e,true,2027-02-09,31
50c9efd3-4e25-4be8-a950-da88b92aa9c6,b88917d5-5bdb-4f3a-ba02-9cac937119ee,1142 - One Bedroom Apartment Sea,51381edd-6405-4000-8635-624d513d1b9e,true,2027-02-10,31
3c1729b8-5e5a-4445-b672-5439c9ee11c8,b88917d5-5bdb-4f3a-ba02-9cac937119ee,1142 - One Bedroom Apartment Sea,51381edd-6405-4000-8635-624d513d1b9e,true,2027-02-11,31
dcd9534f-790a-4bc7-ab7e-06ca6b6dcbda,b88917d5-5bdb-4f3a-ba02-9cac937119ee,1142 - One Bedroom Apartment Sea,51381edd-6405-4000-8635-624d513d1b9e,true,2027-02-12,31
b2a2a54c-1993-4ebb-9efb-42a83d7e62c1,b88917d5-5bdb-4f3a-ba02-9cac937119ee,1142 - One Bedroom Apartment Sea,51381edd-6405-4000-8635-624d513d1b9e,true,2027-02-13,31
bfe7fd12-7544-466f-af1b-2526b88d79b0,b88917d5-5bdb-4f3a-ba02-9cac937119ee,1142 - One Bedroom Apartment Sea,51381edd-6405-4000-8635-624d513d1b9e,true,2027-02-14,31
f991b1cc-77ef-4741-b53f-eac9ca6331a8,b88917d5-5bdb-4f3a-ba02-9cac937119ee,1142 - One Bedroom Apartment Sea,51381edd-6405-4000-8635-624d513d1b9e,true,2027-02-15,31
8a2dff17-7afe-41ae-830d-99d99aca5c58,b88917d5-5bdb-4f3a-ba02-9cac937119ee,1142 - One Bedroom Apartment Sea,51381edd-6405-4000-8635-624d513d1b9e,true,2027-02-16,31
f9d22dcc-3702-4f7f-a56d-74f310ac0eb1,b88917d5-5bdb-4f3a-ba02-9cac937119ee,1142 - One Bedroom Apartment Sea,51381edd-6405-4000-8635-624d513d1b9e,true,2027-02-17,31
31eee4ef-1fbb-4c8b-b8d0-dfb592ff13b4,b88917d5-5bdb-4f3a-ba02-9cac937119ee,1142 - One Bedroom Apartment Sea,51381edd-6405-4000-8635-624d513d1b9e,true,2027-02-18,31
9695ce2b-d57b-4ff1-b5fe-83f635de4774,b88917d5-5bdb-4f3a-ba02-9cac937119ee,1142 - One Bedroom Apartment Sea,51381edd-6405-4000-8635-624d513d1b9e,true,2027-02-19,31
aa71ffce-0d0e-4134-a62d-6d036e125fc1,b88917d5-5bdb-4f3a-ba02-9cac937119ee,1142 - One Bedroom Apartment Sea,51381edd-6405-4000-8635-624d513d1b9e,true,2027-02-20,31
574708e0-6f50-42a3-bb84-828b659b5949,b88917d5-5bdb-4f3a-ba02-9cac937119ee,1142 - One Bedroom Apartment Sea,51381edd-6405-4000-8635-624d513d1b9e,true,2027-02-21,31
7d3854ed-c5d6-4424-8cb8-13ed863897a9,b88917d5-5bdb-4f3a-ba02-9cac937119ee,1142 - One Bedroom Apartment Sea,51381edd-6405-4000-8635-624d513d1b9e,true,2027-02-22,31
b804368d-66ee-4110-b81e-810cbd9ffb52,b88917d5-5bdb-4f3a-ba02-9cac937119ee,1142 - One Bedroom Apartment Sea,51381edd-6405-4000-8635-624d513d1b9e,true,2027-02-23,31
1d105eec-f219-49df-aff1-618a9f8e73f8,b88917d5-5bdb-4f3a-ba02-9cac937119ee,1142 - One Bedroom Apartment Sea,51381edd-6405-4000-8635-624d513d1b9e,true,2027-02-24,31
34ad7d75-ecc8-46bd-9d50-ba51e8e5226f,b88917d5-5bdb-4f3a-ba02-9cac937119ee,1142 - One Bedroom Apartment Sea,51381edd-6405-4000-8635-624d513d1b9e,true,2027-02-25,31
7a845387-89ab-42fa-bcdf-472fd0c33bac,b88917d5-5bdb-4f3a-ba02-9cac937119ee,1142 - One Bedroom Apartment Sea,51381edd-6405-4000-8635-624d513d1b9e,true,2027-02-26,31
0acda715-e0b7-46ba-b2a8-f65b2242144b,b88917d5-5bdb-4f3a-ba02-9cac937119ee,1142 - One Bedroom Apartment Sea,51381edd-6405-4000-8635-624d513d1b9e,true,2027-02-27,31
3ae33a03-566c-4559-9e23-26d6758744fb,b88917d5-5bdb-4f3a-ba02-9cac937119ee,1142 - One Bedroom Apartment Sea,51381edd-6405-4000-8635-624d513d1b9e,true,2027-02-28,31
8bb8b3d6-bfa4-4702-9800-8f051c1470a6,b88917d5-5bdb-4f3a-ba02-9cac937119ee,1142 - One Bedroom Apartment Sea,51381edd-6405-4000-8635-624d513d1b9e,true,2027-03-01,31
be92617c-e981-40aa-a4ba-a8d61340a07e,b88917d5-5bdb-4f3a-ba02-9cac937119ee,1142 - One Bedroom Apartment Sea,51381edd-6405-4000-8635-624d513d1b9e,true,2027-03-02,31
d0c2d365-196d-475e-8662-f9ec746a4e5b,b88917d5-5bdb-4f3a-ba02-9cac937119ee,1142 - One Bedroom Apartment Sea,51381edd-6405-4000-8635-624d513d1b9e,true,2027-03-03,31
f8b0802d-6ad2-4e45-b16f-ea2ea924ca2a,b88917d5-5bdb-4f3a-ba02-9cac937119ee,1142 - One Bedroom Apartment Sea,51381edd-6405-4000-8635-624d513d1b9e,true,2027-03-04,31
eddcaa7f-9538-474f-aea2-835f4c9f1443,b88917d5-5bdb-4f3a-ba02-9cac937119ee,1142 - One Bedroom Apartment Sea,51381edd-6405-4000-8635-624d513d1b9e,true,2027-03-05,31
33030786-3204-452d-8ef7-a4922a376550,b88917d5-5bdb-4f3a-ba02-9cac937119ee,1142 - One Bedroom Apartment Sea,51381edd-6405-4000-8635-624d513d1b9e,true,2027-03-06,31
ea62f61d-6da4-47a3-b826-98e0d702c478,b88917d5-5bdb-4f3a-ba02-9cac937119ee,1142 - One Bedroom Apartment Sea,51381edd-6405-4000-8635-624d513d1b9e,true,2027-03-07,31
ae2f4896-c9b0-4bb4-860e-d3c7c40f1019,b88917d5-5bdb-4f3a-ba02-9cac937119ee,1142 - One Bedroom Apartment Sea,51381edd-6405-4000-8635-624d513d1b9e,true,2027-03-08,31
8bd08805-730b-4f9f-b78c-53a940dfe3b8,b88917d5-5bdb-4f3a-ba02-9cac937119ee,1142 - One Bedroom Apartment Sea,51381edd-6405-4000-8635-624d513d1b9e,true,2027-03-09,31
b3f589ac-76bd-4091-9f1b-2b5e355afcb8,b88917d5-5bdb-4f3a-ba02-9cac937119ee,1142 - One Bedroom Apartment Sea,51381edd-6405-4000-8635-624d513d1b9e,true,2027-03-10,31
eeb2957e-fa12-40a0-bf8a-0731024e5300,b88917d5-5bdb-4f3a-ba02-9cac937119ee,1142 - One Bedroom Apartment Sea,51381edd-6405-4000-8635-624d513d1b9e,true,2027-03-11,31
50bf2bd8-25cd-451a-8a32-4e278b62ca60,b88917d5-5bdb-4f3a-ba02-9cac937119ee,1142 - One Bedroom Apartment Sea,51381edd-6405-4000-8635-624d513d1b9e,true,2027-03-12,31
fe794939-4dff-4c9f-8398-77b63c897cc5,b88917d5-5bdb-4f3a-ba02-9cac937119ee,1142 - One Bedroom Apartment Sea,51381edd-6405-4000-8635-624d513d1b9e,true,2027-03-13,31
30497fa2-9227-4ea1-b7f7-5da9c8dd9095,b88917d5-5bdb-4f3a-ba02-9cac937119ee,1142 - One Bedroom Apartment Sea,51381edd-6405-4000-8635-624d513d1b9e,true,2027-03-14,31
79842437-3df2-4c70-b9f9-cba5b7492bb0,b88917d5-5bdb-4f3a-ba02-9cac937119ee,1142 - One Bedroom Apartment Sea,51381edd-6405-4000-8635-624d513d1b9e,true,2027-03-15,31
fe168735-6e7f-43e0-91cd-098889e494ed,b88917d5-5bdb-4f3a-ba02-9cac937119ee,1142 - One Bedroom Apartment Sea,51381edd-6405-4000-8635-624d513d1b9e,true,2027-03-16,31
4e327da0-8797-4bf1-867e-5106d51f598f,b88917d5-5bdb-4f3a-ba02-9cac937119ee,1142 - One Bedroom Apartment Sea,51381edd-6405-4000-8635-624d513d1b9e,true,2027-03-17,31
ee66968e-a113-4889-b2dd-cd6d449965a8,b88917d5-5bdb-4f3a-ba02-9cac937119ee,1142 - One Bedroom Apartment Sea,51381edd-6405-4000-8635-624d513d1b9e,true,2027-03-18,31
ebdc305b-e9c9-4eb2-8928-0174365ab3cc,b88917d5-5bdb-4f3a-ba02-9cac937119ee,1142 - One Bedroom Apartment Sea,51381edd-6405-4000-8635-624d513d1b9e,true,2027-03-19,31
265e45a1-2ebf-4a90-aff0-82d2abfd70bb,b88917d5-5bdb-4f3a-ba02-9cac937119ee,1142 - One Bedroom Apartment Sea,51381edd-6405-4000-8635-624d513d1b9e,true,2027-03-20,31
0b7eeb2f-63ac-426f-bf57-db30ab030d28,b88917d5-5bdb-4f3a-ba02-9cac937119ee,1142 - One Bedroom Apartment Sea,51381edd-6405-4000-8635-624d513d1b9e,true,2027-03-21,31
512e9963-ee48-4350-9add-58d18d9992f8,b88917d5-5bdb-4f3a-ba02-9cac937119ee,1142 - One Bedroom Apartment Sea,51381edd-6405-4000-8635-624d513d1b9e,true,2027-03-22,31
2606ca07-2140-4cd0-88c4-be840e7a11ab,b88917d5-5bdb-4f3a-ba02-9cac937119ee,1142 - One Bedroom Apartment Sea,51381edd-6405-4000-8635-624d513d1b9e,true,2027-03-23,31
6ecafb8d-80a2-492a-8e12-1d81d2b6f452,b88917d5-5bdb-4f3a-ba02-9cac937119ee,1142 - One Bedroom Apartment Sea,51381edd-6405-4000-8635-624d513d1b9e,true,2027-03-24,31
8e36dbe5-25ab-4c1c-a3dd-bd73bcfd3a4f,b88917d5-5bdb-4f3a-ba02-9cac937119ee,1142 - One Bedroom Apartment Sea,51381edd-6405-4000-8635-624d513d1b9e,true,2027-03-25,31
f91406f8-16a6-4d36-bd2a-0a91b0891b80,b88917d5-5bdb-4f3a-ba02-9cac937119ee,1142 - One Bedroom Apartment Sea,51381edd-6405-4000-8635-624d513d1b9e,true,2027-03-26,31
0bbd9d8b-6d34-4560-8e93-75e3118f7a48,b88917d5-5bdb-4f3a-ba02-9cac937119ee,1142 - One Bedroom Apartment Sea,51381edd-6405-4000-8635-624d513d1b9e,true,2027-03-27,31
0b529e3c-cb12-4bfc-a2f7-7d2439124e1f,b88917d5-5bdb-4f3a-ba02-9cac937119ee,1142 - One Bedroom Apartment Sea,51381edd-6405-4000-8635-624d513d1b9e,true,2027-03-28,31
7633a758-088e-4eeb-ae60-975fdb909d5e,b88917d5-5bdb-4f3a-ba02-9cac937119ee,1142 - One Bedroom Apartment Sea,51381edd-6405-4000-8635-624d513d1b9e,true,2027-03-29,31
3aff1249-83ee-471f-b7e4-481de2183850,b88917d5-5bdb-4f3a-ba02-9cac937119ee,1142 - One Bedroom Apartment Sea,51381edd-6405-4000-8635-624d513d1b9e,true,2027-03-30,31
ae738f59-006c-4622-8187-c12d18a869d0,b88917d5-5bdb-4f3a-ba02-9cac937119ee,1142 - One Bedroom Apartment Sea,51381edd-6405-4000-8635-624d513d1b9e,true,2027-03-31,31
0b183a67-9774-4632-a082-16ce362e5b19,b88917d5-5bdb-4f3a-ba02-9cac937119ee,1142 - One Bedroom Apartment Sea,51381edd-6405-4000-8635-624d513d1b9e,true,2027-04-01,31
b0f40cf8-b857-42fb-acd3-1c9c31f8b879,b88917d5-5bdb-4f3a-ba02-9cac937119ee,1142 - One Bedroom Apartment Sea,51381edd-6405-4000-8635-624d513d1b9e,true,2027-04-02,31
4a1e7b00-943c-4947-a6dc-08a85178ae06,b88917d5-5bdb-4f3a-ba02-9cac937119ee,1142 - One Bedroom Apartment Sea,51381edd-6405-4000-8635-624d513d1b9e,true,2027-04-03,31
e088886f-7573-4152-85e7-a7554f995f3e,b88917d5-5bdb-4f3a-ba02-9cac937119ee,1142 - One Bedroom Apartment Sea,51381edd-6405-4000-8635-624d513d1b9e,true,2027-04-04,31
ee09946b-85c7-4421-91e8-3cf9106348db,b88917d5-5bdb-4f3a-ba02-9cac937119ee,1142 - One Bedroom Apartment Sea,51381edd-6405-4000-8635-624d513d1b9e,true,2027-04-05,31
58f0c082-1b90-4e26-a61e-0c49bf3b7be1,b88917d5-5bdb-4f3a-ba02-9cac937119ee,1142 - One Bedroom Apartment Sea,51381edd-6405-4000-8635-624d513d1b9e,true,2027-04-06,31
3a2a4b85-4102-44d2-b9dc-a8ff67e49729,b88917d5-5bdb-4f3a-ba02-9cac937119ee,1142 - One Bedroom Apartment Sea,51381edd-6405-4000-8635-624d513d1b9e,true,2027-04-07,31
fcb5063f-c4ab-4dbc-b937-167011dfa68b,b88917d5-5bdb-4f3a-ba02-9cac937119ee,1142 - One Bedroom Apartment Sea,51381edd-6405-4000-8635-624d513d1b9e,true,2027-04-08,31
0ed0778b-704a-415c-9175-b88945714fe0,b88917d5-5bdb-4f3a-ba02-9cac937119ee,1142 - One Bedroom Apartment Sea,51381edd-6405-4000-8635-624d513d1b9e,true,2027-04-09,31
cecec83c-f6bd-44c1-a599-7687765b7373,b88917d5-5bdb-4f3a-ba02-9cac937119ee,1142 - One Bedroom Apartment Sea,51381edd-6405-4000-8635-624d513d1b9e,true,2027-04-10,31
7046ba14-f02e-438f-b77d-072913a62305,b88917d5-5bdb-4f3a-ba02-9cac937119ee,1142 - One Bedroom Apartment Sea,51381edd-6405-4000-8635-624d513d1b9e,true,2027-04-11,31
3bebe1ca-3736-457f-b011-f9a7e566a20f,b88917d5-5bdb-4f3a-ba02-9cac937119ee,1142 - One Bedroom Apartment Sea,51381edd-6405-4000-8635-624d513d1b9e,true,2027-04-12,31
516b6ccb-9884-4d16-9f32-5c70db054f83,b88917d5-5bdb-4f3a-ba02-9cac937119ee,1142 - One Bedroom Apartment Sea,51381edd-6405-4000-8635-624d513d1b9e,true,2027-04-13,31
55659d63-b7be-4ae5-b99f-cc30ed621810,b88917d5-5bdb-4f3a-ba02-9cac937119ee,1142 - One Bedroom Apartment Sea,51381edd-6405-4000-8635-624d513d1b9e,true,2027-04-14,31
5e872b41-a54f-4a3d-9826-3d2a884ea96b,b88917d5-5bdb-4f3a-ba02-9cac937119ee,1142 - One Bedroom Apartment Sea,51381edd-6405-4000-8635-624d513d1b9e,true,2027-04-15,31
83faac27-02ee-491e-a8ec-23fb216edd62,b88917d5-5bdb-4f3a-ba02-9cac937119ee,1142 - One Bedroom Apartment Sea,51381edd-6405-4000-8635-624d513d1b9e,true,2027-04-16,31
8e77f849-242e-4934-a05b-a55309b97da1,b88917d5-5bdb-4f3a-ba02-9cac937119ee,1142 - One Bedroom Apartment Sea,51381edd-6405-4000-8635-624d513d1b9e,true,2027-04-17,31
4c0e1ad4-0c9b-47fc-9cdd-bb210b4403ff,b88917d5-5bdb-4f3a-ba02-9cac937119ee,1142 - One Bedroom Apartment Sea,51381edd-6405-4000-8635-624d513d1b9e,true,2027-04-18,31
758834d0-cbb4-4bc2-a822-388a16953b0f,b88917d5-5bdb-4f3a-ba02-9cac937119ee,1142 - One Bedroom Apartment Sea,51381edd-6405-4000-8635-624d513d1b9e,true,2027-04-19,31
6243a89f-dcfb-40ee-a35e-ef6fcc42e83a,b88917d5-5bdb-4f3a-ba02-9cac937119ee,1142 - One Bedroom Apartment Sea,51381edd-6405-4000-8635-624d513d1b9e,true,2027-04-20,31
95c80da6-f430-4bbd-86ed-f0ee14920843,b88917d5-5bdb-4f3a-ba02-9cac937119ee,1142 - One Bedroom Apartment Sea,51381edd-6405-4000-8635-624d513d1b9e,true,2027-04-21,31
6412dbf5-84b6-4140-9d2c-ed3b77b18da2,b88917d5-5bdb-4f3a-ba02-9cac937119ee,1142 - One Bedroom Apartment Sea,51381edd-6405-4000-8635-624d513d1b9e,true,2027-04-22,31
b85550b6-3ce0-4faf-96c0-a02d77f29a85,b88917d5-5bdb-4f3a-ba02-9cac937119ee,1142 - One Bedroom Apartment Sea,51381edd-6405-4000-8635-624d513d1b9e,true,2027-04-23,31
ca74797d-63fb-43d0-be37-f86b4dba6401,b88917d5-5bdb-4f3a-ba02-9cac937119ee,1142 - One Bedroom Apartment Sea,51381edd-6405-4000-8635-624d513d1b9e,true,2027-04-24,31
9983b868-e19f-465c-8a87-b80455b10df5,b88917d5-5bdb-4f3a-ba02-9cac937119ee,1142 - One Bedroom Apartment Sea,51381edd-6405-4000-8635-624d513d1b9e,true,2027-04-25,31
d698f78d-f127-4413-b33f-c226196d071b,b88917d5-5bdb-4f3a-ba02-9cac937119ee,1142 - One Bedroom Apartment Sea,51381edd-6405-4000-8635-624d513d1b9e,true,2027-04-26,31
eadbc897-9f22-452f-ae11-ab2725d96cfc,b88917d5-5bdb-4f3a-ba02-9cac937119ee,1142 - One Bedroom Apartment Sea,51381edd-6405-4000-8635-624d513d1b9e,true,2027-04-27,31
e94b028a-6736-4154-b9d0-0b3b178f27d8,b88917d5-5bdb-4f3a-ba02-9cac937119ee,1142 - One Bedroom Apartment Sea,51381edd-6405-4000-8635-624d513d1b9e,true,2027-04-28,31
f5394c0a-203f-46d7-a725-b8e97de024dc,b88917d5-5bdb-4f3a-ba02-9cac937119ee,1142 - One Bedroom Apartment Sea,51381edd-6405-4000-8635-624d513d1b9e,true,2027-04-29,31
6fc57ede-36a4-450d-9c12-1893e0245a1c,b88917d5-5bdb-4f3a-ba02-9cac937119ee,1142 - One Bedroom Apartment Sea,51381edd-6405-4000-8635-624d513d1b9e,true,2027-04-30,31
927c0ce5-4af7-4a27-92fa-8333c9f25ec1,b88917d5-5bdb-4f3a-ba02-9cac937119ee,1142 - One Bedroom Apartment Sea,51381edd-6405-4000-8635-624d513d1b9e,true,2027-05-01,31
5fc68402-509d-4452-8a23-9650e075901a,b88917d5-5bdb-4f3a-ba02-9cac937119ee,1142 - One Bedroom Apartment Sea,51381edd-6405-4000-8635-624d513d1b9e,true,2027-05-02,31
4342a79f-9bcb-4d02-9632-eabb865bd263,b88917d5-5bdb-4f3a-ba02-9cac937119ee,1142 - One Bedroom Apartment Sea,51381edd-6405-4000-8635-624d513d1b9e,true,2027-05-03,31
a377663e-bc10-40d4-8ed2-7e4bd6b2f600,b88917d5-5bdb-4f3a-ba02-9cac937119ee,1142 - One Bedroom Apartment Sea,51381edd-6405-4000-8635-624d513d1b9e,true,2027-05-04,31
65756aef-c443-4072-b979-b399d0fdb87d,b88917d5-5bdb-4f3a-ba02-9cac937119ee,1142 - One Bedroom Apartment Sea,51381edd-6405-4000-8635-624d513d1b9e,true,2027-05-05,31
3b7f5e76-de0d-47f1-b1a9-21da050df189,b88917d5-5bdb-4f3a-ba02-9cac937119ee,1142 - One Bedroom Apartment Sea,51381edd-6405-4000-8635-624d513d1b9e,true,2027-05-06,31
7992b568-fd6b-4254-a635-0109ce50eb0e,b88917d5-5bdb-4f3a-ba02-9cac937119ee,1142 - One Bedroom Apartment Sea,51381edd-6405-4000-8635-624d513d1b9e,true,2027-05-07,31
5f9b5c58-52c2-418f-b3bd-9e37a70ac900,b88917d5-5bdb-4f3a-ba02-9cac937119ee,1142 - One Bedroom Apartment Sea,51381edd-6405-4000-8635-624d513d1b9e,true,2027-05-08,31
7f4bce63-3aac-4816-ad5f-9d1d140786b2,b88917d5-5bdb-4f3a-ba02-9cac937119ee,1142 - One Bedroom Apartment Sea,51381edd-6405-4000-8635-624d513d1b9e,true,2027-05-09,31
d45b5f50-a410-4878-b360-cca32ef17878,b88917d5-5bdb-4f3a-ba02-9cac937119ee,1142 - One Bedroom Apartment Sea,51381edd-6405-4000-8635-624d513d1b9e,true,2027-05-10,31
83e2e41c-ff4c-401a-8e86-5e1eba251dd4,b88917d5-5bdb-4f3a-ba02-9cac937119ee,1142 - One Bedroom Apartment Sea,51381edd-6405-4000-8635-624d513d1b9e,true,2027-05-11,31
363572e1-7d28-43a7-b260-087856909d90,b88917d5-5bdb-4f3a-ba02-9cac937119ee,1142 - One Bedroom Apartment Sea,51381edd-6405-4000-8635-624d513d1b9e,true,2027-05-12,31
4294e742-f940-4362-b98e-3430d660475e,b88917d5-5bdb-4f3a-ba02-9cac937119ee,1142 - One Bedroom Apartment Sea,51381edd-6405-4000-8635-624d513d1b9e,true,2027-05-13,31
0b85847b-a7a9-49ad-b010-e82ad1c7e90f,b88917d5-5bdb-4f3a-ba02-9cac937119ee,1142 - One Bedroom Apartment Sea,51381edd-6405-4000-8635-624d513d1b9e,true,2027-05-14,31
e43fdacc-a7de-47f5-9127-dc323a7468a2,b88917d5-5bdb-4f3a-ba02-9cac937119ee,1142 - One Bedroom Apartment Sea,51381edd-6405-4000-8635-624d513d1b9e,true,2027-05-15,31
b2cb5c47-2813-4049-a93c-297d28d6d380,b88917d5-5bdb-4f3a-ba02-9cac937119ee,1142 - One Bedroom Apartment Sea,51381edd-6405-4000-8635-624d513d1b9e,true,2027-05-16,31
7c43b5bd-c208-4303-b8a1-71540a916837,b88917d5-5bdb-4f3a-ba02-9cac937119ee,1142 - One Bedroom Apartment Sea,51381edd-6405-4000-8635-624d513d1b9e,true,2027-05-17,31
44986269-660b-42b6-920c-f62319a76c28,b88917d5-5bdb-4f3a-ba02-9cac937119ee,1142 - One Bedroom Apartment Sea,51381edd-6405-4000-8635-624d513d1b9e,true,2027-05-18,31
478603cc-cdab-4e76-bc8a-fdc28f292242,b88917d5-5bdb-4f3a-ba02-9cac937119ee,1142 - One Bedroom Apartment Sea,51381edd-6405-4000-8635-624d513d1b9e,true,2027-05-19,31
1f9f2f0d-7734-45ac-808d-e00a24d1d805,b88917d5-5bdb-4f3a-ba02-9cac937119ee,1142 - One Bedroom Apartment Sea,51381edd-6405-4000-8635-624d513d1b9e,true,2027-05-20,31
754cd43d-5736-455a-8c93-5e9c3d47ca85,b88917d5-5bdb-4f3a-ba02-9cac937119ee,1142 - One Bedroom Apartment Sea,51381edd-6405-4000-8635-624d513d1b9e,true,2027-05-21,31
e5c45aff-f2a4-4980-b19d-03db45115ca1,b88917d5-5bdb-4f3a-ba02-9cac937119ee,1142 - One Bedroom Apartment Sea,51381edd-6405-4000-8635-624d513d1b9e,true,2027-05-22,31
897a8c19-f477-46f0-a240-50d9c4608d76,b88917d5-5bdb-4f3a-ba02-9cac937119ee,1142 - One Bedroom Apartment Sea,51381edd-6405-4000-8635-624d513d1b9e,true,2027-05-23,31
1b973d15-2d0d-4577-94be-a4b146993a6e,b88917d5-5bdb-4f3a-ba02-9cac937119ee,1142 - One Bedroom Apartment Sea,51381edd-6405-4000-8635-624d513d1b9e,true,2027-05-24,31
17114fd0-9ae0-4279-a218-bb3c7300800b,b88917d5-5bdb-4f3a-ba02-9cac937119ee,1142 - One Bedroom Apartment Sea,51381edd-6405-4000-8635-624d513d1b9e,true,2027-05-25,31
6e87a6bb-2c8c-49ca-a05b-88a1ec369136,b88917d5-5bdb-4f3a-ba02-9cac937119ee,1142 - One Bedroom Apartment Sea,51381edd-6405-4000-8635-624d513d1b9e,true,2027-05-26,31
0454d256-b381-429b-91de-563bc79605ce,b88917d5-5bdb-4f3a-ba02-9cac937119ee,1142 - One Bedroom Apartment Sea,51381edd-6405-4000-8635-624d513d1b9e,true,2027-05-27,31
890319c3-6ede-4456-a698-08d0514ca597,b88917d5-5bdb-4f3a-ba02-9cac937119ee,1142 - One Bedroom Apartment Sea,51381edd-6405-4000-8635-624d513d1b9e,true,2027-05-28,31
a2f7b832-1909-4ab6-ba80-3cd98af3fb77,b88917d5-5bdb-4f3a-ba02-9cac937119ee,1142 - One Bedroom Apartment Sea,51381edd-6405-4000-8635-624d513d1b9e,true,2027-05-29,31
3fc3cb6d-5c28-4ed1-85c7-de31b44d36cd,b88917d5-5bdb-4f3a-ba02-9cac937119ee,1142 - One Bedroom Apartment Sea,51381edd-6405-4000-8635-624d513d1b9e,true,2027-05-30,31
9c2268db-2890-4068-b857-7ee0d4e9443f,b88917d5-5bdb-4f3a-ba02-9cac937119ee,1142 - One Bedroom Apartment Sea,51381edd-6405-4000-8635-624d513d1b9e,true,2027-05-31,31
f5052269-8ea2-44b3-b752-f645bde3682a,b88917d5-5bdb-4f3a-ba02-9cac937119ee,1142 - One Bedroom Apartment Sea,51381edd-6405-4000-8635-624d513d1b9e,true,2027-06-01,31
05547824-c7e2-4f5d-8ece-ed6b4bef04cc,b88917d5-5bdb-4f3a-ba02-9cac937119ee,1142 - One Bedroom Apartment Sea,51381edd-6405-4000-8635-624d513d1b9e,true,2027-06-02,31
f16ffca3-83e5-4679-ac0c-7c5bd2f63161,b88917d5-5bdb-4f3a-ba02-9cac937119ee,1142 - One Bedroom Apartment Sea,51381edd-6405-4000-8635-624d513d1b9e,true,2027-06-03,31
e05f278a-0a70-4f0a-b9e2-ec563520952c,b88917d5-5bdb-4f3a-ba02-9cac937119ee,1142 - One Bedroom Apartment Sea,51381edd-6405-4000-8635-624d513d1b9e,true,2027-06-04,31
f9b5c9e5-de07-44f5-a914-7ac4e7580546,b88917d5-5bdb-4f3a-ba02-9cac937119ee,1142 - One Bedroom Apartment Sea,51381edd-6405-4000-8635-624d513d1b9e,true,2027-06-05,31
cb0f69ea-404d-4f43-b1c3-5b2a0da56099,b88917d5-5bdb-4f3a-ba02-9cac937119ee,1142 - One Bedroom Apartment Sea,51381edd-6405-4000-8635-624d513d1b9e,true,2027-06-06,31
c3425fa2-c730-469d-abdc-c8c1799b3a64,b88917d5-5bdb-4f3a-ba02-9cac937119ee,1142 - One Bedroom Apartment Sea,51381edd-6405-4000-8635-624d513d1b9e,true,2027-06-07,31
c12292e7-8367-4dfa-939a-6caceee26c9b,b88917d5-5bdb-4f3a-ba02-9cac937119ee,1142 - One Bedroom Apartment Sea,51381edd-6405-4000-8635-624d513d1b9e,true,2027-06-08,31
e377314f-dce1-4204-86cb-eb86b4743cce,b88917d5-5bdb-4f3a-ba02-9cac937119ee,1142 - One Bedroom Apartment Sea,51381edd-6405-4000-8635-624d513d1b9e,true,2027-06-09,31
5794b0b3-078e-400f-b3be-fd180e874c3d,b88917d5-5bdb-4f3a-ba02-9cac937119ee,1142 - One Bedroom Apartment Sea,51381edd-6405-4000-8635-624d513d1b9e,true,2027-06-10,31
e74f0021-82be-49e2-9a39-75f2a6fd8053,b88917d5-5bdb-4f3a-ba02-9cac937119ee,1142 - One Bedroom Apartment Sea,51381edd-6405-4000-8635-624d513d1b9e,true,2027-06-11,31
9ed5b3d9-3a38-4b2b-af5c-ce3d277ce7e6,b88917d5-5bdb-4f3a-ba02-9cac937119ee,1142 - One Bedroom Apartment Sea,51381edd-6405-4000-8635-624d513d1b9e,true,2027-06-12,31
d40f1889-1ab4-4c12-903c-b5201d41762a,b88917d5-5bdb-4f3a-ba02-9cac937119ee,1142 - One Bedroom Apartment Sea,51381edd-6405-4000-8635-624d513d1b9e,true,2027-06-13,31
f5c123ce-3ae9-4336-a324-8808cb4cba44,b88917d5-5bdb-4f3a-ba02-9cac937119ee,1142 - One Bedroom Apartment Sea,51381edd-6405-4000-8635-624d513d1b9e,true,2027-06-14,31
cf203eb1-5206-443d-bcb7-14bc4689e2e1,b88917d5-5bdb-4f3a-ba02-9cac937119ee,1142 - One Bedroom Apartment Sea,51381edd-6405-4000-8635-624d513d1b9e,true,2027-06-15,31
7fbbbdd1-605b-4e70-aad1-641f431d9b8b,b88917d5-5bdb-4f3a-ba02-9cac937119ee,1142 - One Bedroom Apartment Sea,51381edd-6405-4000-8635-624d513d1b9e,true,2027-06-16,31
36f20f6c-cc48-4e3a-9650-663e77a6d5e6,b88917d5-5bdb-4f3a-ba02-9cac937119ee,1142 - One Bedroom Apartment Sea,51381edd-6405-4000-8635-624d513d1b9e,true,2027-06-17,31
67970151-c345-4b9b-8486-eb78f3c8c1f2,b88917d5-5bdb-4f3a-ba02-9cac937119ee,1142 - One Bedroom Apartment Sea,51381edd-6405-4000-8635-624d513d1b9e,true,2027-06-18,31
841ee9a9-f3ef-4f21-a109-a3d50c766d67,b88917d5-5bdb-4f3a-ba02-9cac937119ee,1142 - One Bedroom Apartment Sea,51381edd-6405-4000-8635-624d513d1b9e,true,2027-06-19,31
25e25eb5-24d4-4294-9acf-4cea0d3288e7,b88917d5-5bdb-4f3a-ba02-9cac937119ee,1142 - One Bedroom Apartment Sea,51381edd-6405-4000-8635-624d513d1b9e,true,2027-06-20,31
c8dd1978-5794-447b-a535-9fd8fc2b077b,b88917d5-5bdb-4f3a-ba02-9cac937119ee,1142 - One Bedroom Apartment Sea,51381edd-6405-4000-8635-624d513d1b9e,true,2027-06-21,31
9ec0fc28-0fbf-4581-bfb6-0006b4e5ddc7,b88917d5-5bdb-4f3a-ba02-9cac937119ee,1142 - One Bedroom Apartment Sea,51381edd-6405-4000-8635-624d513d1b9e,true,2027-06-22,31
86932cd8-8ed2-45a9-bd16-9bec25fd8e54,b88917d5-5bdb-4f3a-ba02-9cac937119ee,1142 - One Bedroom Apartment Sea,51381edd-6405-4000-8635-624d513d1b9e,true,2027-06-23,31
84ca0349-f00a-4a39-8eac-203a765d8f70,b88917d5-5bdb-4f3a-ba02-9cac937119ee,1142 - One Bedroom Apartment Sea,51381edd-6405-4000-8635-624d513d1b9e,true,2027-06-24,31
af6bf32b-5c31-44bf-b6de-77c0ae45770a,b88917d5-5bdb-4f3a-ba02-9cac937119ee,1142 - One Bedroom Apartment Sea,51381edd-6405-4000-8635-624d513d1b9e,true,2027-06-25,31
c39d7939-ae2e-4917-a8a1-edfb45d53d0b,b88917d5-5bdb-4f3a-ba02-9cac937119ee,1142 - One Bedroom Apartment Sea,51381edd-6405-4000-8635-624d513d1b9e,true,2027-06-26,31
f2cc036c-4862-4ecd-93fb-a21b3ce6681a,b88917d5-5bdb-4f3a-ba02-9cac937119ee,1142 - One Bedroom Apartment Sea,51381edd-6405-4000-8635-624d513d1b9e,true,2027-06-27,31
ef1f78bf-51f4-462f-b481-2f37f6b70079,b88917d5-5bdb-4f3a-ba02-9cac937119ee,1142 - One Bedroom Apartment Sea,51381edd-6405-4000-8635-624d513d1b9e,true,2027-06-28,31
ab851ba0-426d-43f5-9af8-140c5d93d173,b88917d5-5bdb-4f3a-ba02-9cac937119ee,1142 - One Bedroom Apartment Sea,51381edd-6405-4000-8635-624d513d1b9e,true,2027-06-29,31
457d48e6-a9da-4b62-8083-187f9e218ee7,b88917d5-5bdb-4f3a-ba02-9cac937119ee,1142 - One Bedroom Apartment Sea,51381edd-6405-4000-8635-624d513d1b9e,true,2027-06-30,31
832ccb8e-f695-4ff5-8cbd-0aa90a0a7b45,b88917d5-5bdb-4f3a-ba02-9cac937119ee,1142 - One Bedroom Apartment Sea,51381edd-6405-4000-8635-624d513d1b9e,true,2027-07-01,31
6a038ded-3301-410c-b29a-1db3347d6f8a,b88917d5-5bdb-4f3a-ba02-9cac937119ee,1142 - One Bedroom Apartment Sea,51381edd-6405-4000-8635-624d513d1b9e,true,2027-07-02,31
9980f098-5b62-49e2-a92e-82e84a757ed9,b88917d5-5bdb-4f3a-ba02-9cac937119ee,1142 - One Bedroom Apartment Sea,51381edd-6405-4000-8635-624d513d1b9e,true,2027-07-03,31
99599676-d346-4d33-9eab-c7bd02b21f47,b88917d5-5bdb-4f3a-ba02-9cac937119ee,1142 - One Bedroom Apartment Sea,51381edd-6405-4000-8635-624d513d1b9e,true,2027-07-04,31
8a6c2c25-8c76-40f0-8e5d-945c59766353,b88917d5-5bdb-4f3a-ba02-9cac937119ee,1142 - One Bedroom Apartment Sea,51381edd-6405-4000-8635-624d513d1b9e,true,2027-07-05,31
13a5048d-542f-49c7-a802-b52221727b61,b88917d5-5bdb-4f3a-ba02-9cac937119ee,1142 - One Bedroom Apartment Sea,51381edd-6405-4000-8635-624d513d1b9e,true,2027-07-06,31
07af4751-ed9b-4a0c-afbf-0629e34ce39c,b88917d5-5bdb-4f3a-ba02-9cac937119ee,1142 - One Bedroom Apartment Sea,51381edd-6405-4000-8635-624d513d1b9e,true,2027-07-07,31
2711f601-51fb-438c-ae15-3c6e54e1619d,b88917d5-5bdb-4f3a-ba02-9cac937119ee,1142 - One Bedroom Apartment Sea,51381edd-6405-4000-8635-624d513d1b9e,true,2027-07-08,31
9386213c-0878-4437-b147-0fbe14571056,b88917d5-5bdb-4f3a-ba02-9cac937119ee,1142 - One Bedroom Apartment Sea,51381edd-6405-4000-8635-624d513d1b9e,true,2027-07-09,31
2b173de0-20c6-4256-844e-5965b55b34e5,b88917d5-5bdb-4f3a-ba02-9cac937119ee,1142 - One Bedroom Apartment Sea,51381edd-6405-4000-8635-624d513d1b9e,true,2027-07-10,31
a73e8bde-5aa7-4eb5-930a-f80ca855be45,b88917d5-5bdb-4f3a-ba02-9cac937119ee,1142 - One Bedroom Apartment Sea,51381edd-6405-4000-8635-624d513d1b9e,true,2027-07-11,31
3f4ef748-7c97-44fb-b810-54fcf96ad18b,b88917d5-5bdb-4f3a-ba02-9cac937119ee,1142 - One Bedroom Apartment Sea,51381edd-6405-4000-8635-624d513d1b9e,true,2027-07-12,31
49874b82-740c-47e8-b30f-01243e838af2,b88917d5-5bdb-4f3a-ba02-9cac937119ee,1142 - One Bedroom Apartment Sea,51381edd-6405-4000-8635-624d513d1b9e,true,2027-07-13,31
5bf9ce3a-484c-4b98-be57-046483863aec,b88917d5-5bdb-4f3a-ba02-9cac937119ee,1142 - One Bedroom Apartment Sea,51381edd-6405-4000-8635-624d513d1b9e,true,2027-07-14,31
2082ab81-58d0-4b40-80f2-d1c0e0af5968,b88917d5-5bdb-4f3a-ba02-9cac937119ee,1142 - One Bedroom Apartment Sea,51381edd-6405-4000-8635-624d513d1b9e,true,2027-07-15,31
a38661a6-f811-45ca-8b5e-864a616eb201,b88917d5-5bdb-4f3a-ba02-9cac937119ee,1142 - One Bedroom Apartment Sea,51381edd-6405-4000-8635-624d513d1b9e,true,2027-07-16,31
ac0f82f9-c319-4aed-89d4-b479ae47682a,b88917d5-5bdb-4f3a-ba02-9cac937119ee,1142 - One Bedroom Apartment Sea,51381edd-6405-4000-8635-624d513d1b9e,true,2027-07-17,31
38de0203-352e-4674-90a5-0867bd9c857b,b88917d5-5bdb-4f3a-ba02-9cac937119ee,1142 - One Bedroom Apartment Sea,51381edd-6405-4000-8635-624d513d1b9e,true,2027-07-18,31
c0366159-4976-43dc-8fad-4cb64acc76fd,b88917d5-5bdb-4f3a-ba02-9cac937119ee,1142 - One Bedroom Apartment Sea,51381edd-6405-4000-8635-624d513d1b9e,true,2027-07-19,31
164d60ab-c638-4dcf-a840-e6b147bae067,b88917d5-5bdb-4f3a-ba02-9cac937119ee,1142 - One Bedroom Apartment Sea,51381edd-6405-4000-8635-624d513d1b9e,true,2027-07-20,31
e3375bf2-c529-4f13-a08e-fdfdb411bab0,b88917d5-5bdb-4f3a-ba02-9cac937119ee,1142 - One Bedroom Apartment Sea,51381edd-6405-4000-8635-624d513d1b9e,true,2027-07-21,31
233a3121-6a7c-4a32-ae01-2232d676069d,b88917d5-5bdb-4f3a-ba02-9cac937119ee,1142 - One Bedroom Apartment Sea,51381edd-6405-4000-8635-624d513d1b9e,true,2027-07-22,31
ab524d06-7b84-4a68-a1b2-82b2737e81c9,b88917d5-5bdb-4f3a-ba02-9cac937119ee,1142 - One Bedroom Apartment Sea,51381edd-6405-4000-8635-624d513d1b9e,true,2027-07-23,31
a03491a7-8d48-4216-bc90-767442c02949,b88917d5-5bdb-4f3a-ba02-9cac937119ee,1142 - One Bedroom Apartment Sea,51381edd-6405-4000-8635-624d513d1b9e,true,2027-07-24,31
253b25fb-4505-4477-97c3-41c20c75042c,b88917d5-5bdb-4f3a-ba02-9cac937119ee,1142 - One Bedroom Apartment Sea,51381edd-6405-4000-8635-624d513d1b9e,true,2027-07-25,31
c9387247-4ff4-4c50-ac67-1fda4ce92f41,b88917d5-5bdb-4f3a-ba02-9cac937119ee,1142 - One Bedroom Apartment Sea,51381edd-6405-4000-8635-624d513d1b9e,true,2027-07-26,31
bf79096f-e6b0-4ace-b9a4-ba4d1d63912a,b88917d5-5bdb-4f3a-ba02-9cac937119ee,1142 - One Bedroom Apartment Sea,51381edd-6405-4000-8635-624d513d1b9e,true,2027-07-27,31
8ce5fd1d-f219-4cd8-8d58-3ed1d1538d32,b88917d5-5bdb-4f3a-ba02-9cac937119ee,1142 - One Bedroom Apartment Sea,51381edd-6405-4000-8635-624d513d1b9e,true,2027-07-28,31
3b2982a8-eac8-4e14-8675-240521668431,b88917d5-5bdb-4f3a-ba02-9cac937119ee,1142 - One Bedroom Apartment Sea,51381edd-6405-4000-8635-624d513d1b9e,true,2027-07-29,31
f8880042-4540-4dc7-a777-2422e3d2b585,b88917d5-5bdb-4f3a-ba02-9cac937119ee,1142 - One Bedroom Apartment Sea,51381edd-6405-4000-8635-624d513d1b9e,true,2027-07-30,31
243c4ca5-797c-4e37-9656-2d993cda344f,b88917d5-5bdb-4f3a-ba02-9cac937119ee,1142 - One Bedroom Apartment Sea,51381edd-6405-4000-8635-624d513d1b9e,true,2027-07-31,31
ab409772-0456-466b-9155-1354cec54667,b88917d5-5bdb-4f3a-ba02-9cac937119ee,1142 - One Bedroom Apartment Sea,51381edd-6405-4000-8635-624d513d1b9e,true,2027-08-01,31
6d79e6b4-f5aa-421a-9d3f-46c4bf031024,b88917d5-5bdb-4f3a-ba02-9cac937119ee,1142 - One Bedroom Apartment Sea,51381edd-6405-4000-8635-624d513d1b9e,true,2027-08-02,31
3ef9c2c4-2f62-4f13-bbfc-6cac4327da4f,b88917d5-5bdb-4f3a-ba02-9cac937119ee,1142 - One Bedroom Apartment Sea,51381edd-6405-4000-8635-624d513d1b9e,true,2027-08-03,31
8a93b245-22b6-4ddb-97ae-2c5d0d184fef,3899674a-38a3-4b63-9ce3-47a4e7c17022,1235 - One Bedroom Primum Apartment Sea View,9a25f0c9-ef73-415e-b6b0-2ac2e133389d,true,2026-07-05,31
aa8e8948-c043-43d9-bad9-275df1eac09f,3899674a-38a3-4b63-9ce3-47a4e7c17022,1235 - One Bedroom Primum Apartment Sea View,9a25f0c9-ef73-415e-b6b0-2ac2e133389d,true,2026-07-06,31
2769a70b-dead-42d0-8ec8-94f0561f1234,3899674a-38a3-4b63-9ce3-47a4e7c17022,1235 - One Bedroom Primum Apartment Sea View,9a25f0c9-ef73-415e-b6b0-2ac2e133389d,true,2026-07-07,31
32933aab-a92f-432b-b2d4-817b6fa020b9,3899674a-38a3-4b63-9ce3-47a4e7c17022,1235 - One Bedroom Primum Apartment Sea View,9a25f0c9-ef73-415e-b6b0-2ac2e133389d,true,2026-07-08,31
84564662-993c-4a9d-8a57-aa9cda1629db,3899674a-38a3-4b63-9ce3-47a4e7c17022,1235 - One Bedroom Primum Apartment Sea View,9a25f0c9-ef73-415e-b6b0-2ac2e133389d,true,2026-07-09,31
d3b94e36-7ba2-45de-aeda-df9d3fd8f675,3899674a-38a3-4b63-9ce3-47a4e7c17022,1235 - One Bedroom Primum Apartment Sea View,9a25f0c9-ef73-415e-b6b0-2ac2e133389d,true,2026-07-10,31
1becaa24-8799-4f56-b188-cf604290abbe,3899674a-38a3-4b63-9ce3-47a4e7c17022,1235 - One Bedroom Primum Apartment Sea View,9a25f0c9-ef73-415e-b6b0-2ac2e133389d,true,2026-07-11,31
928b1e11-4cd2-4dc6-8288-e85016fd1bc7,3899674a-38a3-4b63-9ce3-47a4e7c17022,1235 - One Bedroom Primum Apartment Sea View,9a25f0c9-ef73-415e-b6b0-2ac2e133389d,true,2026-07-12,31
4a386c2d-6a1b-4bc8-a73b-b43e36ae6c88,3899674a-38a3-4b63-9ce3-47a4e7c17022,1235 - One Bedroom Primum Apartment Sea View,9a25f0c9-ef73-415e-b6b0-2ac2e133389d,true,2026-07-13,31
80ad46b2-9b01-41f7-93e1-d8635d9e5821,3899674a-38a3-4b63-9ce3-47a4e7c17022,1235 - One Bedroom Primum Apartment Sea View,9a25f0c9-ef73-415e-b6b0-2ac2e133389d,true,2026-07-14,31
d8695786-dc24-4f95-b340-5562a21054e2,3899674a-38a3-4b63-9ce3-47a4e7c17022,1235 - One Bedroom Primum Apartment Sea View,9a25f0c9-ef73-415e-b6b0-2ac2e133389d,true,2026-07-15,31
8e16ff3e-1937-4ba8-a0f5-42e98da805d1,3899674a-38a3-4b63-9ce3-47a4e7c17022,1235 - One Bedroom Primum Apartment Sea View,9a25f0c9-ef73-415e-b6b0-2ac2e133389d,true,2026-07-16,31
f1ca9a98-df97-4fcc-bbf0-1115bd8a1ca1,3899674a-38a3-4b63-9ce3-47a4e7c17022,1235 - One Bedroom Primum Apartment Sea View,9a25f0c9-ef73-415e-b6b0-2ac2e133389d,true,2026-07-17,31
0ccdd8da-523e-45b7-b512-46437db66215,3899674a-38a3-4b63-9ce3-47a4e7c17022,1235 - One Bedroom Primum Apartment Sea View,9a25f0c9-ef73-415e-b6b0-2ac2e133389d,true,2026-07-18,31
cbcc9c6d-ab01-458b-b034-d409536e3158,3899674a-38a3-4b63-9ce3-47a4e7c17022,1235 - One Bedroom Primum Apartment Sea View,9a25f0c9-ef73-415e-b6b0-2ac2e133389d,true,2026-07-19,31
8b5e9453-84df-4e35-ac80-f9e19e3ffa48,3899674a-38a3-4b63-9ce3-47a4e7c17022,1235 - One Bedroom Primum Apartment Sea View,9a25f0c9-ef73-415e-b6b0-2ac2e133389d,true,2026-07-20,31
83787696-93ac-4287-8e26-9e5c075f7edd,3899674a-38a3-4b63-9ce3-47a4e7c17022,1235 - One Bedroom Primum Apartment Sea View,9a25f0c9-ef73-415e-b6b0-2ac2e133389d,true,2026-07-21,31
8c6cc6e0-bb77-42c4-ab52-fea0e42cb272,3899674a-38a3-4b63-9ce3-47a4e7c17022,1235 - One Bedroom Primum Apartment Sea View,9a25f0c9-ef73-415e-b6b0-2ac2e133389d,true,2026-07-22,31
4cae388e-92c9-41e0-a068-d1bbf0bbb884,3899674a-38a3-4b63-9ce3-47a4e7c17022,1235 - One Bedroom Primum Apartment Sea View,9a25f0c9-ef73-415e-b6b0-2ac2e133389d,true,2026-07-23,31
babd2ea5-5cd8-42c3-a0c1-2136de2844f5,3899674a-38a3-4b63-9ce3-47a4e7c17022,1235 - One Bedroom Primum Apartment Sea View,9a25f0c9-ef73-415e-b6b0-2ac2e133389d,true,2026-07-24,31
b7f89a9c-5e19-411c-8336-813e54be71dc,3899674a-38a3-4b63-9ce3-47a4e7c17022,1235 - One Bedroom Primum Apartment Sea View,9a25f0c9-ef73-415e-b6b0-2ac2e133389d,true,2026-07-25,31
e22f1983-1489-4618-8e79-f21a34c0a581,3899674a-38a3-4b63-9ce3-47a4e7c17022,1235 - One Bedroom Primum Apartment Sea View,9a25f0c9-ef73-415e-b6b0-2ac2e133389d,true,2026-07-26,31
61a1e37a-c093-45ce-8e7d-4a8e72888c93,3899674a-38a3-4b63-9ce3-47a4e7c17022,1235 - One Bedroom Primum Apartment Sea View,9a25f0c9-ef73-415e-b6b0-2ac2e133389d,true,2026-07-27,31
d4c229b1-1870-497d-900a-42aed71ad95e,3899674a-38a3-4b63-9ce3-47a4e7c17022,1235 - One Bedroom Primum Apartment Sea View,9a25f0c9-ef73-415e-b6b0-2ac2e133389d,true,2026-07-28,31
e83c9d04-ae28-491b-b2a3-de4b7d2d2602,3899674a-38a3-4b63-9ce3-47a4e7c17022,1235 - One Bedroom Primum Apartment Sea View,9a25f0c9-ef73-415e-b6b0-2ac2e133389d,true,2026-07-29,31
4fab23bc-59c2-4542-ae38-9767bfe4f5d9,3899674a-38a3-4b63-9ce3-47a4e7c17022,1235 - One Bedroom Primum Apartment Sea View,9a25f0c9-ef73-415e-b6b0-2ac2e133389d,true,2026-07-30,31
2871b5e9-aaaa-4b54-b761-e29a2bda21da,3899674a-38a3-4b63-9ce3-47a4e7c17022,1235 - One Bedroom Primum Apartment Sea View,9a25f0c9-ef73-415e-b6b0-2ac2e133389d,true,2026-07-31,31
2e3c3324-57f2-416b-9517-9878a60f6304,3899674a-38a3-4b63-9ce3-47a4e7c17022,1235 - One Bedroom Primum Apartment Sea View,9a25f0c9-ef73-415e-b6b0-2ac2e133389d,true,2026-08-01,31
1fe8ca6a-858a-4497-a8f5-9630f7cda70d,3899674a-38a3-4b63-9ce3-47a4e7c17022,1235 - One Bedroom Primum Apartment Sea View,9a25f0c9-ef73-415e-b6b0-2ac2e133389d,true,2026-08-02,31
50ea82ac-46c6-4d14-ac75-f309b1eecaf9,3899674a-38a3-4b63-9ce3-47a4e7c17022,1235 - One Bedroom Primum Apartment Sea View,9a25f0c9-ef73-415e-b6b0-2ac2e133389d,true,2026-08-03,31
55d82920-bb58-44bb-98d4-4b61474f7156,3899674a-38a3-4b63-9ce3-47a4e7c17022,1235 - One Bedroom Primum Apartment Sea View,9a25f0c9-ef73-415e-b6b0-2ac2e133389d,true,2026-08-04,31
6701a7fa-7af7-4c37-9a88-b38f18098ac5,3899674a-38a3-4b63-9ce3-47a4e7c17022,1235 - One Bedroom Primum Apartment Sea View,9a25f0c9-ef73-415e-b6b0-2ac2e133389d,true,2026-08-05,31
261f81b2-1197-4c36-8f50-fa4a841a3e98,3899674a-38a3-4b63-9ce3-47a4e7c17022,1235 - One Bedroom Primum Apartment Sea View,9a25f0c9-ef73-415e-b6b0-2ac2e133389d,true,2026-08-06,31
9548ac77-0f3b-4da1-a7f8-31d631ef8b38,3899674a-38a3-4b63-9ce3-47a4e7c17022,1235 - One Bedroom Primum Apartment Sea View,9a25f0c9-ef73-415e-b6b0-2ac2e133389d,true,2026-08-07,31
9aebaa79-6ab3-4ea6-9da1-fd128eebdffd,3899674a-38a3-4b63-9ce3-47a4e7c17022,1235 - One Bedroom Primum Apartment Sea View,9a25f0c9-ef73-415e-b6b0-2ac2e133389d,true,2026-08-08,31
85fbf251-1c09-43fb-ac1d-204d1c0aeea4,3899674a-38a3-4b63-9ce3-47a4e7c17022,1235 - One Bedroom Primum Apartment Sea View,9a25f0c9-ef73-415e-b6b0-2ac2e133389d,true,2026-08-09,31
0c8739c0-7a35-4317-ac5a-670c1cac31ae,3899674a-38a3-4b63-9ce3-47a4e7c17022,1235 - One Bedroom Primum Apartment Sea View,9a25f0c9-ef73-415e-b6b0-2ac2e133389d,true,2026-08-10,31
f2bb9492-db6c-4ed6-972a-51ceac6bf32e,3899674a-38a3-4b63-9ce3-47a4e7c17022,1235 - One Bedroom Primum Apartment Sea View,9a25f0c9-ef73-415e-b6b0-2ac2e133389d,true,2026-08-11,31
77dd4705-d7ae-4b12-8682-70d973199c77,3899674a-38a3-4b63-9ce3-47a4e7c17022,1235 - One Bedroom Primum Apartment Sea View,9a25f0c9-ef73-415e-b6b0-2ac2e133389d,true,2026-08-12,31
196c9eff-a8c7-4ccf-8b2c-0ad292853cee,3899674a-38a3-4b63-9ce3-47a4e7c17022,1235 - One Bedroom Primum Apartment Sea View,9a25f0c9-ef73-415e-b6b0-2ac2e133389d,true,2026-08-13,31
962d9718-9a37-4568-a0b7-f15fe5e1009e,3899674a-38a3-4b63-9ce3-47a4e7c17022,1235 - One Bedroom Primum Apartment Sea View,9a25f0c9-ef73-415e-b6b0-2ac2e133389d,true,2026-08-14,31
abf5968d-83ec-4520-aebc-cb61263e074c,3899674a-38a3-4b63-9ce3-47a4e7c17022,1235 - One Bedroom Primum Apartment Sea View,9a25f0c9-ef73-415e-b6b0-2ac2e133389d,true,2026-08-15,31
f12717b9-5ea6-40e4-830e-aecef9caf6af,3899674a-38a3-4b63-9ce3-47a4e7c17022,1235 - One Bedroom Primum Apartment Sea View,9a25f0c9-ef73-415e-b6b0-2ac2e133389d,true,2026-08-16,31
2e9b910c-254b-4951-9350-639424cdceb5,3899674a-38a3-4b63-9ce3-47a4e7c17022,1235 - One Bedroom Primum Apartment Sea View,9a25f0c9-ef73-415e-b6b0-2ac2e133389d,true,2026-08-17,31
eb69163a-7e90-409b-8088-7957959476f0,3899674a-38a3-4b63-9ce3-47a4e7c17022,1235 - One Bedroom Primum Apartment Sea View,9a25f0c9-ef73-415e-b6b0-2ac2e133389d,true,2026-08-18,31
f2318101-c43f-45e1-831a-dc0e5ba02553,3899674a-38a3-4b63-9ce3-47a4e7c17022,1235 - One Bedroom Primum Apartment Sea View,9a25f0c9-ef73-415e-b6b0-2ac2e133389d,true,2026-08-19,31
b304baf7-233f-40e0-819c-90341dbd1150,3899674a-38a3-4b63-9ce3-47a4e7c17022,1235 - One Bedroom Primum Apartment Sea View,9a25f0c9-ef73-415e-b6b0-2ac2e133389d,true,2026-08-20,31
b5ba7ed4-6954-47b3-835a-e1667057e2aa,3899674a-38a3-4b63-9ce3-47a4e7c17022,1235 - One Bedroom Primum Apartment Sea View,9a25f0c9-ef73-415e-b6b0-2ac2e133389d,true,2026-08-21,31
24a4bdca-62f0-4aa3-aa5f-c2483090baf5,3899674a-38a3-4b63-9ce3-47a4e7c17022,1235 - One Bedroom Primum Apartment Sea View,9a25f0c9-ef73-415e-b6b0-2ac2e133389d,true,2026-08-22,31
c5af3f1e-102d-44c0-8c32-4a5cc5949f5c,3899674a-38a3-4b63-9ce3-47a4e7c17022,1235 - One Bedroom Primum Apartment Sea View,9a25f0c9-ef73-415e-b6b0-2ac2e133389d,true,2026-08-23,31
5003fb12-9afc-4724-938a-aabb249d6e19,3899674a-38a3-4b63-9ce3-47a4e7c17022,1235 - One Bedroom Primum Apartment Sea View,9a25f0c9-ef73-415e-b6b0-2ac2e133389d,true,2026-08-24,31
1cd566fd-f268-42ce-977f-48746e0991bb,3899674a-38a3-4b63-9ce3-47a4e7c17022,1235 - One Bedroom Primum Apartment Sea View,9a25f0c9-ef73-415e-b6b0-2ac2e133389d,true,2026-08-25,31
bb085a44-9c31-4867-bb13-0f91a2d57280,3899674a-38a3-4b63-9ce3-47a4e7c17022,1235 - One Bedroom Primum Apartment Sea View,9a25f0c9-ef73-415e-b6b0-2ac2e133389d,true,2026-08-26,31
d7e6c692-1b10-478a-82fd-c33a1c644a21,3899674a-38a3-4b63-9ce3-47a4e7c17022,1235 - One Bedroom Primum Apartment Sea View,9a25f0c9-ef73-415e-b6b0-2ac2e133389d,true,2026-08-27,31
b586ef74-02ad-4498-85c2-fc4a420183f6,3899674a-38a3-4b63-9ce3-47a4e7c17022,1235 - One Bedroom Primum Apartment Sea View,9a25f0c9-ef73-415e-b6b0-2ac2e133389d,true,2026-08-28,31
4e970745-3bf4-4648-98b3-55557c8eaa3a,3899674a-38a3-4b63-9ce3-47a4e7c17022,1235 - One Bedroom Primum Apartment Sea View,9a25f0c9-ef73-415e-b6b0-2ac2e133389d,true,2026-08-29,31
8d4c1648-1d1f-487d-ad33-ed63f8d04eec,3899674a-38a3-4b63-9ce3-47a4e7c17022,1235 - One Bedroom Primum Apartment Sea View,9a25f0c9-ef73-415e-b6b0-2ac2e133389d,true,2026-08-30,31
ba0e8073-75ef-4704-b8a9-6281148a4840,3899674a-38a3-4b63-9ce3-47a4e7c17022,1235 - One Bedroom Primum Apartment Sea View,9a25f0c9-ef73-415e-b6b0-2ac2e133389d,true,2026-08-31,31
008a34be-91b4-4c04-bcae-4a2be8f8240a,3899674a-38a3-4b63-9ce3-47a4e7c17022,1235 - One Bedroom Primum Apartment Sea View,9a25f0c9-ef73-415e-b6b0-2ac2e133389d,true,2026-09-01,31
84d98b89-2e6a-4cab-969a-8ace753acb87,3899674a-38a3-4b63-9ce3-47a4e7c17022,1235 - One Bedroom Primum Apartment Sea View,9a25f0c9-ef73-415e-b6b0-2ac2e133389d,true,2026-09-02,31
02be5d2d-fb48-4613-a841-ca2bad8cb2c3,3899674a-38a3-4b63-9ce3-47a4e7c17022,1235 - One Bedroom Primum Apartment Sea View,9a25f0c9-ef73-415e-b6b0-2ac2e133389d,true,2026-09-03,31
108c0f65-73d5-4f80-83c3-372248170f03,3899674a-38a3-4b63-9ce3-47a4e7c17022,1235 - One Bedroom Primum Apartment Sea View,9a25f0c9-ef73-415e-b6b0-2ac2e133389d,true,2026-09-04,31
2167a1f1-6676-42dc-a662-9f6d1612c4b1,3899674a-38a3-4b63-9ce3-47a4e7c17022,1235 - One Bedroom Primum Apartment Sea View,9a25f0c9-ef73-415e-b6b0-2ac2e133389d,true,2026-09-05,31
c5c2b843-92aa-493c-990c-ee476fef405b,3899674a-38a3-4b63-9ce3-47a4e7c17022,1235 - One Bedroom Primum Apartment Sea View,9a25f0c9-ef73-415e-b6b0-2ac2e133389d,true,2026-09-06,31
d28fb1b2-17f9-4df4-915f-16685a2d5446,3899674a-38a3-4b63-9ce3-47a4e7c17022,1235 - One Bedroom Primum Apartment Sea View,9a25f0c9-ef73-415e-b6b0-2ac2e133389d,true,2026-09-07,31
d77f342f-7521-4fbc-879e-39d218c2f3a5,3899674a-38a3-4b63-9ce3-47a4e7c17022,1235 - One Bedroom Primum Apartment Sea View,9a25f0c9-ef73-415e-b6b0-2ac2e133389d,true,2026-09-08,31
4baa109f-c9a6-4ea3-8897-36269ad99ba3,3899674a-38a3-4b63-9ce3-47a4e7c17022,1235 - One Bedroom Primum Apartment Sea View,9a25f0c9-ef73-415e-b6b0-2ac2e133389d,true,2026-09-09,31
3631a4c7-cd9e-412c-bbbf-5c8e62e32205,3899674a-38a3-4b63-9ce3-47a4e7c17022,1235 - One Bedroom Primum Apartment Sea View,9a25f0c9-ef73-415e-b6b0-2ac2e133389d,true,2026-09-10,31
e3f8e37a-21e5-4065-9e9a-88e1e217c57f,3899674a-38a3-4b63-9ce3-47a4e7c17022,1235 - One Bedroom Primum Apartment Sea View,9a25f0c9-ef73-415e-b6b0-2ac2e133389d,true,2026-09-11,31
7239d2f1-6183-4549-9aa9-219844854bc7,3899674a-38a3-4b63-9ce3-47a4e7c17022,1235 - One Bedroom Primum Apartment Sea View,9a25f0c9-ef73-415e-b6b0-2ac2e133389d,true,2026-09-12,31
43b84f13-96a8-43ea-b1d9-f83f03f54469,3899674a-38a3-4b63-9ce3-47a4e7c17022,1235 - One Bedroom Primum Apartment Sea View,9a25f0c9-ef73-415e-b6b0-2ac2e133389d,true,2026-09-13,31
bb3b77e3-ab4e-43e9-bf37-efb049a299c5,3899674a-38a3-4b63-9ce3-47a4e7c17022,1235 - One Bedroom Primum Apartment Sea View,9a25f0c9-ef73-415e-b6b0-2ac2e133389d,true,2026-09-14,31
d8157e0e-d772-4ce6-a7c2-f61d877d7e48,3899674a-38a3-4b63-9ce3-47a4e7c17022,1235 - One Bedroom Primum Apartment Sea View,9a25f0c9-ef73-415e-b6b0-2ac2e133389d,true,2026-09-15,31
2ba9a53a-123c-4388-bcea-40b206a3fcb9,3899674a-38a3-4b63-9ce3-47a4e7c17022,1235 - One Bedroom Primum Apartment Sea View,9a25f0c9-ef73-415e-b6b0-2ac2e133389d,true,2026-09-16,31
f67afe78-56fc-4428-9408-db617f1ed46f,3899674a-38a3-4b63-9ce3-47a4e7c17022,1235 - One Bedroom Primum Apartment Sea View,9a25f0c9-ef73-415e-b6b0-2ac2e133389d,true,2026-09-17,31
d1eb3b73-6459-47c3-aec9-5e22e61f3141,3899674a-38a3-4b63-9ce3-47a4e7c17022,1235 - One Bedroom Primum Apartment Sea View,9a25f0c9-ef73-415e-b6b0-2ac2e133389d,true,2026-09-18,31
3cf51d96-cbc2-40f6-8129-52b979ff13f5,3899674a-38a3-4b63-9ce3-47a4e7c17022,1235 - One Bedroom Primum Apartment Sea View,9a25f0c9-ef73-415e-b6b0-2ac2e133389d,true,2026-09-19,31
b96d3b15-5786-4735-a367-a644804acb9f,3899674a-38a3-4b63-9ce3-47a4e7c17022,1235 - One Bedroom Primum Apartment Sea View,9a25f0c9-ef73-415e-b6b0-2ac2e133389d,true,2026-09-20,31
cb61fafb-d709-46e5-a5a3-f3b9db46b365,3899674a-38a3-4b63-9ce3-47a4e7c17022,1235 - One Bedroom Primum Apartment Sea View,9a25f0c9-ef73-415e-b6b0-2ac2e133389d,true,2026-09-21,31
c806510f-6ae9-4033-8025-f0e93cdc5d0b,3899674a-38a3-4b63-9ce3-47a4e7c17022,1235 - One Bedroom Primum Apartment Sea View,9a25f0c9-ef73-415e-b6b0-2ac2e133389d,true,2026-09-22,31
1efb4ddd-6a3f-42d5-aea6-771b00191a34,3899674a-38a3-4b63-9ce3-47a4e7c17022,1235 - One Bedroom Primum Apartment Sea View,9a25f0c9-ef73-415e-b6b0-2ac2e133389d,true,2026-09-23,31
b7a9aee0-df2e-445d-b0ce-43f1c497916f,3899674a-38a3-4b63-9ce3-47a4e7c17022,1235 - One Bedroom Primum Apartment Sea View,9a25f0c9-ef73-415e-b6b0-2ac2e133389d,true,2026-09-24,31
0404f801-2348-4ae1-b143-781214f286dd,3899674a-38a3-4b63-9ce3-47a4e7c17022,1235 - One Bedroom Primum Apartment Sea View,9a25f0c9-ef73-415e-b6b0-2ac2e133389d,true,2026-09-25,31
265fce7a-bc4f-44a2-97b7-c4573cb669ee,3899674a-38a3-4b63-9ce3-47a4e7c17022,1235 - One Bedroom Primum Apartment Sea View,9a25f0c9-ef73-415e-b6b0-2ac2e133389d,true,2026-09-26,31
461513ee-88ed-42cc-9505-fb4cfd2780d5,3899674a-38a3-4b63-9ce3-47a4e7c17022,1235 - One Bedroom Primum Apartment Sea View,9a25f0c9-ef73-415e-b6b0-2ac2e133389d,true,2026-09-27,31
bb5e4fba-257b-490a-abac-fb8363dd3f30,3899674a-38a3-4b63-9ce3-47a4e7c17022,1235 - One Bedroom Primum Apartment Sea View,9a25f0c9-ef73-415e-b6b0-2ac2e133389d,true,2026-09-28,31
b3876eb2-8d76-4fe0-afa0-083a9e1b2b0c,3899674a-38a3-4b63-9ce3-47a4e7c17022,1235 - One Bedroom Primum Apartment Sea View,9a25f0c9-ef73-415e-b6b0-2ac2e133389d,true,2026-09-29,31
8b13c90f-e64e-46d4-b43a-24b6b1c70abb,3899674a-38a3-4b63-9ce3-47a4e7c17022,1235 - One Bedroom Primum Apartment Sea View,9a25f0c9-ef73-415e-b6b0-2ac2e133389d,true,2026-09-30,31
4276e9b0-22d9-48e8-abb3-b77676e59773,3899674a-38a3-4b63-9ce3-47a4e7c17022,1235 - One Bedroom Primum Apartment Sea View,9a25f0c9-ef73-415e-b6b0-2ac2e133389d,true,2026-10-01,31
b5a8c3b7-d6fb-4b35-a620-d1cbab366cae,3899674a-38a3-4b63-9ce3-47a4e7c17022,1235 - One Bedroom Primum Apartment Sea View,9a25f0c9-ef73-415e-b6b0-2ac2e133389d,true,2026-10-02,31
57f46485-4fa8-41cd-8996-ffebd30d6079,3899674a-38a3-4b63-9ce3-47a4e7c17022,1235 - One Bedroom Primum Apartment Sea View,9a25f0c9-ef73-415e-b6b0-2ac2e133389d,true,2026-10-03,31
f93f69b4-d736-4518-b52e-33a4da59b13c,3899674a-38a3-4b63-9ce3-47a4e7c17022,1235 - One Bedroom Primum Apartment Sea View,9a25f0c9-ef73-415e-b6b0-2ac2e133389d,true,2026-10-04,31
725dc669-a87e-4bd1-b7e9-0f432b6566d4,3899674a-38a3-4b63-9ce3-47a4e7c17022,1235 - One Bedroom Primum Apartment Sea View,9a25f0c9-ef73-415e-b6b0-2ac2e133389d,true,2026-10-05,31
fc181d54-5b6a-4952-8e52-cfea6ba1ed8e,3899674a-38a3-4b63-9ce3-47a4e7c17022,1235 - One Bedroom Primum Apartment Sea View,9a25f0c9-ef73-415e-b6b0-2ac2e133389d,true,2026-10-06,31
8d655a90-51c5-464b-8b3d-dc32cacfcc4e,3899674a-38a3-4b63-9ce3-47a4e7c17022,1235 - One Bedroom Primum Apartment Sea View,9a25f0c9-ef73-415e-b6b0-2ac2e133389d,true,2026-10-07,31
0b18ccbd-8607-4703-a59f-140bbaa662d4,3899674a-38a3-4b63-9ce3-47a4e7c17022,1235 - One Bedroom Primum Apartment Sea View,9a25f0c9-ef73-415e-b6b0-2ac2e133389d,true,2026-10-08,31
ae1fb8ee-5949-45f4-8fd2-3270f0736096,3899674a-38a3-4b63-9ce3-47a4e7c17022,1235 - One Bedroom Primum Apartment Sea View,9a25f0c9-ef73-415e-b6b0-2ac2e133389d,true,2026-10-09,31
ef499a99-625d-4ae4-9bf3-35d5171321d2,3899674a-38a3-4b63-9ce3-47a4e7c17022,1235 - One Bedroom Primum Apartment Sea View,9a25f0c9-ef73-415e-b6b0-2ac2e133389d,true,2026-10-10,31
faea4439-c188-4f87-9c91-252f2b8d81f0,3899674a-38a3-4b63-9ce3-47a4e7c17022,1235 - One Bedroom Primum Apartment Sea View,9a25f0c9-ef73-415e-b6b0-2ac2e133389d,true,2026-10-11,31
eb0b42f7-fe7b-4fa8-85c1-951f4d0eb7d1,3899674a-38a3-4b63-9ce3-47a4e7c17022,1235 - One Bedroom Primum Apartment Sea View,9a25f0c9-ef73-415e-b6b0-2ac2e133389d,true,2026-10-12,31
28465af3-e23f-4e8d-b29e-b1ef4eab6a9f,3899674a-38a3-4b63-9ce3-47a4e7c17022,1235 - One Bedroom Primum Apartment Sea View,9a25f0c9-ef73-415e-b6b0-2ac2e133389d,true,2026-10-13,31
6e732640-0137-45c9-8da1-65ffce65b105,3899674a-38a3-4b63-9ce3-47a4e7c17022,1235 - One Bedroom Primum Apartment Sea View,9a25f0c9-ef73-415e-b6b0-2ac2e133389d,true,2026-10-14,31
77b89bf1-75ed-4e3f-8e67-c64bdb0fb2ee,3899674a-38a3-4b63-9ce3-47a4e7c17022,1235 - One Bedroom Primum Apartment Sea View,9a25f0c9-ef73-415e-b6b0-2ac2e133389d,true,2026-10-15,31
f581bf0c-6ba9-49bf-9cbf-f41d6afcc6c8,3899674a-38a3-4b63-9ce3-47a4e7c17022,1235 - One Bedroom Primum Apartment Sea View,9a25f0c9-ef73-415e-b6b0-2ac2e133389d,true,2026-10-16,31
bcdf92c8-3e0f-4089-abaf-1521630f63a7,3899674a-38a3-4b63-9ce3-47a4e7c17022,1235 - One Bedroom Primum Apartment Sea View,9a25f0c9-ef73-415e-b6b0-2ac2e133389d,true,2026-10-17,31
ccab733e-9fd7-4310-84cd-de64a387b869,3899674a-38a3-4b63-9ce3-47a4e7c17022,1235 - One Bedroom Primum Apartment Sea View,9a25f0c9-ef73-415e-b6b0-2ac2e133389d,true,2026-10-18,31
45154ae3-a05c-4764-91ac-2a67863aaf52,3899674a-38a3-4b63-9ce3-47a4e7c17022,1235 - One Bedroom Primum Apartment Sea View,9a25f0c9-ef73-415e-b6b0-2ac2e133389d,true,2026-10-19,31
31101628-ce01-45b5-9ffb-f1361ac662ea,3899674a-38a3-4b63-9ce3-47a4e7c17022,1235 - One Bedroom Primum Apartment Sea View,9a25f0c9-ef73-415e-b6b0-2ac2e133389d,true,2026-10-20,31
652df81d-66eb-44b7-babc-b071ab6ed69a,3899674a-38a3-4b63-9ce3-47a4e7c17022,1235 - One Bedroom Primum Apartment Sea View,9a25f0c9-ef73-415e-b6b0-2ac2e133389d,true,2026-10-21,31
3bfb5f42-384b-46c3-82bf-b25885122ef1,3899674a-38a3-4b63-9ce3-47a4e7c17022,1235 - One Bedroom Primum Apartment Sea View,9a25f0c9-ef73-415e-b6b0-2ac2e133389d,true,2026-10-22,31
5914e8e8-1a02-41f1-be58-ea8e7050fd68,3899674a-38a3-4b63-9ce3-47a4e7c17022,1235 - One Bedroom Primum Apartment Sea View,9a25f0c9-ef73-415e-b6b0-2ac2e133389d,true,2026-10-23,31
6ef67f3d-4d30-42da-9730-47eb9cd1adc7,3899674a-38a3-4b63-9ce3-47a4e7c17022,1235 - One Bedroom Primum Apartment Sea View,9a25f0c9-ef73-415e-b6b0-2ac2e133389d,true,2026-10-24,31
63d23d5a-de58-41f4-83c3-3a835dea2796,3899674a-38a3-4b63-9ce3-47a4e7c17022,1235 - One Bedroom Primum Apartment Sea View,9a25f0c9-ef73-415e-b6b0-2ac2e133389d,true,2026-10-25,31
98adc1e7-804d-4318-a0b5-071985f2b429,3899674a-38a3-4b63-9ce3-47a4e7c17022,1235 - One Bedroom Primum Apartment Sea View,9a25f0c9-ef73-415e-b6b0-2ac2e133389d,true,2026-10-26,31
30dbfea0-f2f8-4be2-9961-8f64846194d8,3899674a-38a3-4b63-9ce3-47a4e7c17022,1235 - One Bedroom Primum Apartment Sea View,9a25f0c9-ef73-415e-b6b0-2ac2e133389d,true,2026-10-27,31
dca0b1b6-692c-489c-9086-6c998ab6f819,3899674a-38a3-4b63-9ce3-47a4e7c17022,1235 - One Bedroom Primum Apartment Sea View,9a25f0c9-ef73-415e-b6b0-2ac2e133389d,true,2026-10-28,31
a6a3d7c7-913a-467c-8db2-7cb697d6fc43,3899674a-38a3-4b63-9ce3-47a4e7c17022,1235 - One Bedroom Primum Apartment Sea View,9a25f0c9-ef73-415e-b6b0-2ac2e133389d,true,2026-10-29,31
c02e4367-ab64-4c29-82fd-579c9ab29327,3899674a-38a3-4b63-9ce3-47a4e7c17022,1235 - One Bedroom Primum Apartment Sea View,9a25f0c9-ef73-415e-b6b0-2ac2e133389d,true,2026-10-30,31
f0b65135-bff3-4ac1-96eb-388c583b824a,3899674a-38a3-4b63-9ce3-47a4e7c17022,1235 - One Bedroom Primum Apartment Sea View,9a25f0c9-ef73-415e-b6b0-2ac2e133389d,true,2026-10-31,31
75c4a99f-313e-4e45-aa03-d44222d01900,3899674a-38a3-4b63-9ce3-47a4e7c17022,1235 - One Bedroom Primum Apartment Sea View,9a25f0c9-ef73-415e-b6b0-2ac2e133389d,true,2026-11-01,31
ff3122a8-8890-4bf1-ba3b-f2fc1e117c8d,3899674a-38a3-4b63-9ce3-47a4e7c17022,1235 - One Bedroom Primum Apartment Sea View,9a25f0c9-ef73-415e-b6b0-2ac2e133389d,true,2026-11-02,31
40256473-a64f-4891-9d1a-237d593921c9,3899674a-38a3-4b63-9ce3-47a4e7c17022,1235 - One Bedroom Primum Apartment Sea View,9a25f0c9-ef73-415e-b6b0-2ac2e133389d,true,2026-11-03,31
58848a74-41de-42b5-90c6-e6e2561fa099,3899674a-38a3-4b63-9ce3-47a4e7c17022,1235 - One Bedroom Primum Apartment Sea View,9a25f0c9-ef73-415e-b6b0-2ac2e133389d,true,2026-11-04,31
dcb74d92-7f3f-4e8c-95df-d9a41545b078,3899674a-38a3-4b63-9ce3-47a4e7c17022,1235 - One Bedroom Primum Apartment Sea View,9a25f0c9-ef73-415e-b6b0-2ac2e133389d,true,2026-11-05,31
0bcbdb4e-c6f9-48de-97be-dd54e1000070,3899674a-38a3-4b63-9ce3-47a4e7c17022,1235 - One Bedroom Primum Apartment Sea View,9a25f0c9-ef73-415e-b6b0-2ac2e133389d,true,2026-11-06,31
4091de84-2a94-49c2-9ae9-c0ff658fc307,3899674a-38a3-4b63-9ce3-47a4e7c17022,1235 - One Bedroom Primum Apartment Sea View,9a25f0c9-ef73-415e-b6b0-2ac2e133389d,true,2026-11-07,31
d2e09bf1-b821-42fc-bb8f-020731584e15,3899674a-38a3-4b63-9ce3-47a4e7c17022,1235 - One Bedroom Primum Apartment Sea View,9a25f0c9-ef73-415e-b6b0-2ac2e133389d,true,2026-11-08,31
c5609591-0cc8-4bad-9429-ce4693323ff3,3899674a-38a3-4b63-9ce3-47a4e7c17022,1235 - One Bedroom Primum Apartment Sea View,9a25f0c9-ef73-415e-b6b0-2ac2e133389d,true,2026-11-09,31
a7056618-3173-41ff-85e4-89fad2a73291,3899674a-38a3-4b63-9ce3-47a4e7c17022,1235 - One Bedroom Primum Apartment Sea View,9a25f0c9-ef73-415e-b6b0-2ac2e133389d,true,2026-11-10,31
84e4ce1d-6fab-4b04-aae3-606745502982,3899674a-38a3-4b63-9ce3-47a4e7c17022,1235 - One Bedroom Primum Apartment Sea View,9a25f0c9-ef73-415e-b6b0-2ac2e133389d,true,2026-11-11,31
13738f65-ff2b-443a-9e67-f3ee12dc7521,3899674a-38a3-4b63-9ce3-47a4e7c17022,1235 - One Bedroom Primum Apartment Sea View,9a25f0c9-ef73-415e-b6b0-2ac2e133389d,true,2026-11-12,31
3a17c1e2-9338-4309-afd6-0430726a3114,3899674a-38a3-4b63-9ce3-47a4e7c17022,1235 - One Bedroom Primum Apartment Sea View,9a25f0c9-ef73-415e-b6b0-2ac2e133389d,true,2026-11-13,31
8d5c4d29-9935-46cf-99f7-9eefb39b8a69,3899674a-38a3-4b63-9ce3-47a4e7c17022,1235 - One Bedroom Primum Apartment Sea View,9a25f0c9-ef73-415e-b6b0-2ac2e133389d,true,2026-11-14,31
37ca3824-27dc-4fcc-b5ce-2e5a3b538f3b,3899674a-38a3-4b63-9ce3-47a4e7c17022,1235 - One Bedroom Primum Apartment Sea View,9a25f0c9-ef73-415e-b6b0-2ac2e133389d,true,2026-11-15,31
3cd65395-415e-4825-8117-5372fa8ee5e0,3899674a-38a3-4b63-9ce3-47a4e7c17022,1235 - One Bedroom Primum Apartment Sea View,9a25f0c9-ef73-415e-b6b0-2ac2e133389d,true,2026-11-16,31
852305a2-8985-4cf1-ba58-03bd00fce766,3899674a-38a3-4b63-9ce3-47a4e7c17022,1235 - One Bedroom Primum Apartment Sea View,9a25f0c9-ef73-415e-b6b0-2ac2e133389d,true,2026-11-17,31
95479443-6dda-45cc-893f-0a2e29dab916,3899674a-38a3-4b63-9ce3-47a4e7c17022,1235 - One Bedroom Primum Apartment Sea View,9a25f0c9-ef73-415e-b6b0-2ac2e133389d,true,2026-11-18,31
542e2eb6-6840-4d68-be3e-a93a05297213,3899674a-38a3-4b63-9ce3-47a4e7c17022,1235 - One Bedroom Primum Apartment Sea View,9a25f0c9-ef73-415e-b6b0-2ac2e133389d,true,2026-11-19,31
68a76540-06c9-47dd-af66-57daf37f4587,3899674a-38a3-4b63-9ce3-47a4e7c17022,1235 - One Bedroom Primum Apartment Sea View,9a25f0c9-ef73-415e-b6b0-2ac2e133389d,true,2026-11-20,31
cf92d955-85dc-40ad-a4ca-cfd371f686af,3899674a-38a3-4b63-9ce3-47a4e7c17022,1235 - One Bedroom Primum Apartment Sea View,9a25f0c9-ef73-415e-b6b0-2ac2e133389d,true,2026-11-21,31
521b4bda-e0d3-4b14-8be9-117659771e34,3899674a-38a3-4b63-9ce3-47a4e7c17022,1235 - One Bedroom Primum Apartment Sea View,9a25f0c9-ef73-415e-b6b0-2ac2e133389d,true,2026-11-22,31
5bf04005-3fd4-4b76-aa3a-b23f1380d8a8,3899674a-38a3-4b63-9ce3-47a4e7c17022,1235 - One Bedroom Primum Apartment Sea View,9a25f0c9-ef73-415e-b6b0-2ac2e133389d,true,2026-11-23,31
cc9d5114-3665-4261-9e80-310422a78068,3899674a-38a3-4b63-9ce3-47a4e7c17022,1235 - One Bedroom Primum Apartment Sea View,9a25f0c9-ef73-415e-b6b0-2ac2e133389d,true,2026-11-24,31
b432773b-f18b-44c6-a6d1-050377392bc1,3899674a-38a3-4b63-9ce3-47a4e7c17022,1235 - One Bedroom Primum Apartment Sea View,9a25f0c9-ef73-415e-b6b0-2ac2e133389d,true,2026-11-25,31
3d87ac5e-e462-4828-84d8-c2dda02c4dbd,3899674a-38a3-4b63-9ce3-47a4e7c17022,1235 - One Bedroom Primum Apartment Sea View,9a25f0c9-ef73-415e-b6b0-2ac2e133389d,true,2026-11-26,31
0b2f225c-81e8-405a-af13-165bdda6e189,3899674a-38a3-4b63-9ce3-47a4e7c17022,1235 - One Bedroom Primum Apartment Sea View,9a25f0c9-ef73-415e-b6b0-2ac2e133389d,true,2026-11-27,31
0a9f4641-a76f-4d2a-882c-11e7384affe0,3899674a-38a3-4b63-9ce3-47a4e7c17022,1235 - One Bedroom Primum Apartment Sea View,9a25f0c9-ef73-415e-b6b0-2ac2e133389d,true,2026-11-28,31
6046b4ba-fe36-4a97-a18d-b1fddf9dc4e1,3899674a-38a3-4b63-9ce3-47a4e7c17022,1235 - One Bedroom Primum Apartment Sea View,9a25f0c9-ef73-415e-b6b0-2ac2e133389d,true,2026-11-29,31
e0e04749-1b3f-4216-95a3-3cdf3f6a2244,3899674a-38a3-4b63-9ce3-47a4e7c17022,1235 - One Bedroom Primum Apartment Sea View,9a25f0c9-ef73-415e-b6b0-2ac2e133389d,true,2026-11-30,31
bea9ec82-02bb-47fe-9a0d-626f12ee46ad,3899674a-38a3-4b63-9ce3-47a4e7c17022,1235 - One Bedroom Primum Apartment Sea View,9a25f0c9-ef73-415e-b6b0-2ac2e133389d,true,2026-12-01,31
663610c6-bbea-40bf-af8e-7fe07a28b71a,3899674a-38a3-4b63-9ce3-47a4e7c17022,1235 - One Bedroom Primum Apartment Sea View,9a25f0c9-ef73-415e-b6b0-2ac2e133389d,true,2026-12-02,31
33024d4f-c71e-4eb5-83d8-fd06f7b79931,3899674a-38a3-4b63-9ce3-47a4e7c17022,1235 - One Bedroom Primum Apartment Sea View,9a25f0c9-ef73-415e-b6b0-2ac2e133389d,true,2026-12-03,31
cfbc4136-9b5c-4dfd-a6d0-37805891aba5,3899674a-38a3-4b63-9ce3-47a4e7c17022,1235 - One Bedroom Primum Apartment Sea View,9a25f0c9-ef73-415e-b6b0-2ac2e133389d,true,2026-12-04,31
6a076773-74c1-4ca6-9044-630c75bebaf6,3899674a-38a3-4b63-9ce3-47a4e7c17022,1235 - One Bedroom Primum Apartment Sea View,9a25f0c9-ef73-415e-b6b0-2ac2e133389d,true,2026-12-05,31
b41ed6a3-d792-4466-bd73-5f3327c9ed0d,3899674a-38a3-4b63-9ce3-47a4e7c17022,1235 - One Bedroom Primum Apartment Sea View,9a25f0c9-ef73-415e-b6b0-2ac2e133389d,true,2026-12-06,31
832ad691-df0e-4657-aaee-03e1d410c37d,3899674a-38a3-4b63-9ce3-47a4e7c17022,1235 - One Bedroom Primum Apartment Sea View,9a25f0c9-ef73-415e-b6b0-2ac2e133389d,true,2026-12-07,31
2002023f-22f3-47fb-a691-f1a0ce4fb108,3899674a-38a3-4b63-9ce3-47a4e7c17022,1235 - One Bedroom Primum Apartment Sea View,9a25f0c9-ef73-415e-b6b0-2ac2e133389d,true,2026-12-08,31
9cf17160-a20f-43b7-b997-de9ee636b267,3899674a-38a3-4b63-9ce3-47a4e7c17022,1235 - One Bedroom Primum Apartment Sea View,9a25f0c9-ef73-415e-b6b0-2ac2e133389d,true,2026-12-09,31
601daa72-aa8d-4fd3-b745-e62faae1856e,3899674a-38a3-4b63-9ce3-47a4e7c17022,1235 - One Bedroom Primum Apartment Sea View,9a25f0c9-ef73-415e-b6b0-2ac2e133389d,true,2026-12-10,31
9475bab6-4ae7-410b-a179-7a01ec0d447c,3899674a-38a3-4b63-9ce3-47a4e7c17022,1235 - One Bedroom Primum Apartment Sea View,9a25f0c9-ef73-415e-b6b0-2ac2e133389d,true,2026-12-11,31
6c6fe8b2-0591-4bbb-b01d-2cb6e3b326d3,3899674a-38a3-4b63-9ce3-47a4e7c17022,1235 - One Bedroom Primum Apartment Sea View,9a25f0c9-ef73-415e-b6b0-2ac2e133389d,true,2026-12-12,31
bdca7d00-16b1-4528-974c-8129dd3f3d1b,3899674a-38a3-4b63-9ce3-47a4e7c17022,1235 - One Bedroom Primum Apartment Sea View,9a25f0c9-ef73-415e-b6b0-2ac2e133389d,true,2026-12-13,31
b5a87eb8-f4fb-445a-be63-a5039f1f3341,3899674a-38a3-4b63-9ce3-47a4e7c17022,1235 - One Bedroom Primum Apartment Sea View,9a25f0c9-ef73-415e-b6b0-2ac2e133389d,true,2026-12-14,31
0a827e37-a21a-4ee9-bc8b-960582cfb407,3899674a-38a3-4b63-9ce3-47a4e7c17022,1235 - One Bedroom Primum Apartment Sea View,9a25f0c9-ef73-415e-b6b0-2ac2e133389d,true,2026-12-15,31
a2e8d6c6-ff81-49d2-8882-1d34419570c4,3899674a-38a3-4b63-9ce3-47a4e7c17022,1235 - One Bedroom Primum Apartment Sea View,9a25f0c9-ef73-415e-b6b0-2ac2e133389d,true,2026-12-16,31
e0e63764-a6af-4c10-89bc-764572b2e276,3899674a-38a3-4b63-9ce3-47a4e7c17022,1235 - One Bedroom Primum Apartment Sea View,9a25f0c9-ef73-415e-b6b0-2ac2e133389d,true,2026-12-17,31
644c0cdc-4dc1-4916-982d-a210d63bef82,3899674a-38a3-4b63-9ce3-47a4e7c17022,1235 - One Bedroom Primum Apartment Sea View,9a25f0c9-ef73-415e-b6b0-2ac2e133389d,true,2026-12-18,31
47fe9e76-37e3-4319-b4fc-95246c99afd9,3899674a-38a3-4b63-9ce3-47a4e7c17022,1235 - One Bedroom Primum Apartment Sea View,9a25f0c9-ef73-415e-b6b0-2ac2e133389d,true,2026-12-19,31
b60bd895-9019-48c0-b750-49b70ad6fde9,3899674a-38a3-4b63-9ce3-47a4e7c17022,1235 - One Bedroom Primum Apartment Sea View,9a25f0c9-ef73-415e-b6b0-2ac2e133389d,true,2026-12-20,31
3bf097de-486f-4a57-bb61-15ca6f06c22f,3899674a-38a3-4b63-9ce3-47a4e7c17022,1235 - One Bedroom Primum Apartment Sea View,9a25f0c9-ef73-415e-b6b0-2ac2e133389d,true,2026-12-21,31
2290ccb8-6dce-44d3-8a0d-c4194da7c84a,3899674a-38a3-4b63-9ce3-47a4e7c17022,1235 - One Bedroom Primum Apartment Sea View,9a25f0c9-ef73-415e-b6b0-2ac2e133389d,true,2026-12-22,31
6670e0b1-e71f-49bc-bd56-07096f2391a6,3899674a-38a3-4b63-9ce3-47a4e7c17022,1235 - One Bedroom Primum Apartment Sea View,9a25f0c9-ef73-415e-b6b0-2ac2e133389d,true,2026-12-23,31
cef90002-a7ec-4ba6-8ed2-ca541efaeebf,3899674a-38a3-4b63-9ce3-47a4e7c17022,1235 - One Bedroom Primum Apartment Sea View,9a25f0c9-ef73-415e-b6b0-2ac2e133389d,true,2026-12-24,31
699a0d04-c507-4bf9-8041-27ad29e5eab6,3899674a-38a3-4b63-9ce3-47a4e7c17022,1235 - One Bedroom Primum Apartment Sea View,9a25f0c9-ef73-415e-b6b0-2ac2e133389d,true,2026-12-25,31
102687ce-b01f-4687-84a8-0942a5093b23,3899674a-38a3-4b63-9ce3-47a4e7c17022,1235 - One Bedroom Primum Apartment Sea View,9a25f0c9-ef73-415e-b6b0-2ac2e133389d,true,2026-12-26,31
c8bf90d4-4459-4418-9aa3-d0911a657ea2,3899674a-38a3-4b63-9ce3-47a4e7c17022,1235 - One Bedroom Primum Apartment Sea View,9a25f0c9-ef73-415e-b6b0-2ac2e133389d,true,2026-12-27,31
1fcaa5cb-9dc3-4089-8505-4338654035ef,3899674a-38a3-4b63-9ce3-47a4e7c17022,1235 - One Bedroom Primum Apartment Sea View,9a25f0c9-ef73-415e-b6b0-2ac2e133389d,true,2026-12-28,31
1cf9f225-984e-464a-876a-3a0bc4d4939b,3899674a-38a3-4b63-9ce3-47a4e7c17022,1235 - One Bedroom Primum Apartment Sea View,9a25f0c9-ef73-415e-b6b0-2ac2e133389d,true,2026-12-29,31
87dcad53-d698-42fa-9d0c-a07b6f4d1982,3899674a-38a3-4b63-9ce3-47a4e7c17022,1235 - One Bedroom Primum Apartment Sea View,9a25f0c9-ef73-415e-b6b0-2ac2e133389d,true,2026-12-30,31
77597e3d-9f08-4fe8-9905-8369258a3501,3899674a-38a3-4b63-9ce3-47a4e7c17022,1235 - One Bedroom Primum Apartment Sea View,9a25f0c9-ef73-415e-b6b0-2ac2e133389d,true,2026-12-31,31
7f3dc9e2-2097-4bd2-8ccc-f32b2484f8ed,3899674a-38a3-4b63-9ce3-47a4e7c17022,1235 - One Bedroom Primum Apartment Sea View,9a25f0c9-ef73-415e-b6b0-2ac2e133389d,true,2027-01-01,31
4e01edfd-861b-423d-9ac0-6edc89a8918a,3899674a-38a3-4b63-9ce3-47a4e7c17022,1235 - One Bedroom Primum Apartment Sea View,9a25f0c9-ef73-415e-b6b0-2ac2e133389d,true,2027-01-02,31
96e1820d-9eb1-4ccd-b0b9-1508610dcc5b,3899674a-38a3-4b63-9ce3-47a4e7c17022,1235 - One Bedroom Primum Apartment Sea View,9a25f0c9-ef73-415e-b6b0-2ac2e133389d,true,2027-01-03,31
903177eb-f736-4e8a-9713-41c99a73fd34,3899674a-38a3-4b63-9ce3-47a4e7c17022,1235 - One Bedroom Primum Apartment Sea View,9a25f0c9-ef73-415e-b6b0-2ac2e133389d,true,2027-01-04,31
8c0dce8a-e364-43ef-8ee7-807d40d53b7b,3899674a-38a3-4b63-9ce3-47a4e7c17022,1235 - One Bedroom Primum Apartment Sea View,9a25f0c9-ef73-415e-b6b0-2ac2e133389d,true,2027-01-05,31
2c8413f7-4d0a-4ccc-adea-35e0c510515c,3899674a-38a3-4b63-9ce3-47a4e7c17022,1235 - One Bedroom Primum Apartment Sea View,9a25f0c9-ef73-415e-b6b0-2ac2e133389d,true,2027-01-06,31
d8f4886f-3f48-471d-9a77-bb57e7cd80e5,3899674a-38a3-4b63-9ce3-47a4e7c17022,1235 - One Bedroom Primum Apartment Sea View,9a25f0c9-ef73-415e-b6b0-2ac2e133389d,true,2027-01-07,31
40e69810-8228-4f54-96d7-ac34ebefdd37,3899674a-38a3-4b63-9ce3-47a4e7c17022,1235 - One Bedroom Primum Apartment Sea View,9a25f0c9-ef73-415e-b6b0-2ac2e133389d,true,2027-01-08,31
a5045a0c-6106-423e-9410-a901e7dc460d,3899674a-38a3-4b63-9ce3-47a4e7c17022,1235 - One Bedroom Primum Apartment Sea View,9a25f0c9-ef73-415e-b6b0-2ac2e133389d,true,2027-01-09,31
d0812af5-bd6f-4b18-9bac-f150c3bd0171,3899674a-38a3-4b63-9ce3-47a4e7c17022,1235 - One Bedroom Primum Apartment Sea View,9a25f0c9-ef73-415e-b6b0-2ac2e133389d,true,2027-01-10,31
909b4048-bb78-446a-afbd-6e9a7e5ff502,3899674a-38a3-4b63-9ce3-47a4e7c17022,1235 - One Bedroom Primum Apartment Sea View,9a25f0c9-ef73-415e-b6b0-2ac2e133389d,true,2027-01-11,31
8bfaedb0-c448-4fae-9794-e13c0748c3df,3899674a-38a3-4b63-9ce3-47a4e7c17022,1235 - One Bedroom Primum Apartment Sea View,9a25f0c9-ef73-415e-b6b0-2ac2e133389d,true,2027-01-12,31
56502629-9e3e-4ecf-8062-bfbd00cfc75b,3899674a-38a3-4b63-9ce3-47a4e7c17022,1235 - One Bedroom Primum Apartment Sea View,9a25f0c9-ef73-415e-b6b0-2ac2e133389d,true,2027-01-13,31
2e5667c0-8fea-4811-8ace-5f3cbd2b4515,3899674a-38a3-4b63-9ce3-47a4e7c17022,1235 - One Bedroom Primum Apartment Sea View,9a25f0c9-ef73-415e-b6b0-2ac2e133389d,true,2027-01-14,31
60e232c4-736c-483b-9795-e88aae6d4dd3,3899674a-38a3-4b63-9ce3-47a4e7c17022,1235 - One Bedroom Primum Apartment Sea View,9a25f0c9-ef73-415e-b6b0-2ac2e133389d,true,2027-01-15,31
f1109595-89c7-44c3-8285-2117cae4410c,3899674a-38a3-4b63-9ce3-47a4e7c17022,1235 - One Bedroom Primum Apartment Sea View,9a25f0c9-ef73-415e-b6b0-2ac2e133389d,true,2027-01-16,31
07e69a4c-0bae-4aa3-9697-fa61c621e6be,3899674a-38a3-4b63-9ce3-47a4e7c17022,1235 - One Bedroom Primum Apartment Sea View,9a25f0c9-ef73-415e-b6b0-2ac2e133389d,true,2027-01-17,31
4d855007-b582-4a47-90f1-3142c32e5bc3,3899674a-38a3-4b63-9ce3-47a4e7c17022,1235 - One Bedroom Primum Apartment Sea View,9a25f0c9-ef73-415e-b6b0-2ac2e133389d,true,2027-01-18,31
17f3ffad-dcbd-430c-a3a0-c4e3e053ee72,3899674a-38a3-4b63-9ce3-47a4e7c17022,1235 - One Bedroom Primum Apartment Sea View,9a25f0c9-ef73-415e-b6b0-2ac2e133389d,true,2027-01-19,31
c880f3ff-baee-4fa2-aecb-8a2c811ee40d,3899674a-38a3-4b63-9ce3-47a4e7c17022,1235 - One Bedroom Primum Apartment Sea View,9a25f0c9-ef73-415e-b6b0-2ac2e133389d,true,2027-01-20,31
61eeaca0-ae5c-47ba-a003-eb771d642e36,3899674a-38a3-4b63-9ce3-47a4e7c17022,1235 - One Bedroom Primum Apartment Sea View,9a25f0c9-ef73-415e-b6b0-2ac2e133389d,true,2027-01-21,31
b6cebbf8-ff17-49d2-b15b-3f53c1ff4c2b,3899674a-38a3-4b63-9ce3-47a4e7c17022,1235 - One Bedroom Primum Apartment Sea View,9a25f0c9-ef73-415e-b6b0-2ac2e133389d,true,2027-01-22,31
48eb90e9-cee4-4d54-b8b7-c9481a85f22c,3899674a-38a3-4b63-9ce3-47a4e7c17022,1235 - One Bedroom Primum Apartment Sea View,9a25f0c9-ef73-415e-b6b0-2ac2e133389d,true,2027-01-23,31
5161e897-431d-483a-94b0-da83112d75ff,3899674a-38a3-4b63-9ce3-47a4e7c17022,1235 - One Bedroom Primum Apartment Sea View,9a25f0c9-ef73-415e-b6b0-2ac2e133389d,true,2027-01-24,31
6218675e-e73b-41f4-98bf-6dc887e8b9d6,3899674a-38a3-4b63-9ce3-47a4e7c17022,1235 - One Bedroom Primum Apartment Sea View,9a25f0c9-ef73-415e-b6b0-2ac2e133389d,true,2027-01-25,31
56cea92c-3c75-443e-8a46-98cbf34b3a38,3899674a-38a3-4b63-9ce3-47a4e7c17022,1235 - One Bedroom Primum Apartment Sea View,9a25f0c9-ef73-415e-b6b0-2ac2e133389d,true,2027-01-26,31
c1c0f054-409c-411e-886d-a6b4d1a67373,3899674a-38a3-4b63-9ce3-47a4e7c17022,1235 - One Bedroom Primum Apartment Sea View,9a25f0c9-ef73-415e-b6b0-2ac2e133389d,true,2027-01-27,31
6a0da311-bcd7-4fc6-ade6-8e46f5b6e3cd,3899674a-38a3-4b63-9ce3-47a4e7c17022,1235 - One Bedroom Primum Apartment Sea View,9a25f0c9-ef73-415e-b6b0-2ac2e133389d,true,2027-01-28,31
b0ef0a9c-179e-48ec-991e-d54a662581ea,3899674a-38a3-4b63-9ce3-47a4e7c17022,1235 - One Bedroom Primum Apartment Sea View,9a25f0c9-ef73-415e-b6b0-2ac2e133389d,true,2027-01-29,31
4fae67f5-9f6c-454e-bd8d-6cc095e678b4,3899674a-38a3-4b63-9ce3-47a4e7c17022,1235 - One Bedroom Primum Apartment Sea View,9a25f0c9-ef73-415e-b6b0-2ac2e133389d,true,2027-01-30,31
6c24a42b-b5a9-4de5-aa0e-71115a9575ba,3899674a-38a3-4b63-9ce3-47a4e7c17022,1235 - One Bedroom Primum Apartment Sea View,9a25f0c9-ef73-415e-b6b0-2ac2e133389d,true,2027-01-31,31
b0440376-07b3-4192-ae2c-9ecbcf4aa31b,3899674a-38a3-4b63-9ce3-47a4e7c17022,1235 - One Bedroom Primum Apartment Sea View,9a25f0c9-ef73-415e-b6b0-2ac2e133389d,true,2027-02-01,31
47d0da2d-bb50-4b86-b391-f3205a105b20,3899674a-38a3-4b63-9ce3-47a4e7c17022,1235 - One Bedroom Primum Apartment Sea View,9a25f0c9-ef73-415e-b6b0-2ac2e133389d,true,2027-02-02,31
c0017104-d0b8-4008-9e94-3e550d8a36f5,3899674a-38a3-4b63-9ce3-47a4e7c17022,1235 - One Bedroom Primum Apartment Sea View,9a25f0c9-ef73-415e-b6b0-2ac2e133389d,true,2027-02-03,31
8753da0d-6762-4c59-857b-cdeecb8677da,3899674a-38a3-4b63-9ce3-47a4e7c17022,1235 - One Bedroom Primum Apartment Sea View,9a25f0c9-ef73-415e-b6b0-2ac2e133389d,true,2027-02-04,31
b1a3f5ad-cf81-4bd9-af47-ecdb4ecaab35,3899674a-38a3-4b63-9ce3-47a4e7c17022,1235 - One Bedroom Primum Apartment Sea View,9a25f0c9-ef73-415e-b6b0-2ac2e133389d,true,2027-02-05,31
ff2356b5-9b6c-4cbf-abb5-92f84d8bebb8,3899674a-38a3-4b63-9ce3-47a4e7c17022,1235 - One Bedroom Primum Apartment Sea View,9a25f0c9-ef73-415e-b6b0-2ac2e133389d,true,2027-02-06,31
5dd650e8-056a-4826-b61a-db4ca392c02a,3899674a-38a3-4b63-9ce3-47a4e7c17022,1235 - One Bedroom Primum Apartment Sea View,9a25f0c9-ef73-415e-b6b0-2ac2e133389d,true,2027-02-07,31
bfb8b92d-1696-46b2-878c-b6f031cfa0b0,3899674a-38a3-4b63-9ce3-47a4e7c17022,1235 - One Bedroom Primum Apartment Sea View,9a25f0c9-ef73-415e-b6b0-2ac2e133389d,true,2027-02-08,31
b3944295-37be-4dd2-8bb1-fa0790bc8fe9,3899674a-38a3-4b63-9ce3-47a4e7c17022,1235 - One Bedroom Primum Apartment Sea View,9a25f0c9-ef73-415e-b6b0-2ac2e133389d,true,2027-02-09,31
034b5146-cd67-41b6-a50b-bb262fc66310,3899674a-38a3-4b63-9ce3-47a4e7c17022,1235 - One Bedroom Primum Apartment Sea View,9a25f0c9-ef73-415e-b6b0-2ac2e133389d,true,2027-02-10,31
6794fab9-e3e5-48b2-96dc-21a785863e7f,3899674a-38a3-4b63-9ce3-47a4e7c17022,1235 - One Bedroom Primum Apartment Sea View,9a25f0c9-ef73-415e-b6b0-2ac2e133389d,true,2027-02-11,31
9e0bf5a2-7db7-4456-9d6e-44c67ef5ffa5,3899674a-38a3-4b63-9ce3-47a4e7c17022,1235 - One Bedroom Primum Apartment Sea View,9a25f0c9-ef73-415e-b6b0-2ac2e133389d,true,2027-02-12,31
5f6c0768-a39b-49ac-ae8b-d4d311e9a5bc,3899674a-38a3-4b63-9ce3-47a4e7c17022,1235 - One Bedroom Primum Apartment Sea View,9a25f0c9-ef73-415e-b6b0-2ac2e133389d,true,2027-02-13,31
8bef7157-d67d-4060-a5d9-cc8d9dce5fdb,3899674a-38a3-4b63-9ce3-47a4e7c17022,1235 - One Bedroom Primum Apartment Sea View,9a25f0c9-ef73-415e-b6b0-2ac2e133389d,true,2027-02-14,31
6c49a70b-94f8-469a-8416-22d702458580,3899674a-38a3-4b63-9ce3-47a4e7c17022,1235 - One Bedroom Primum Apartment Sea View,9a25f0c9-ef73-415e-b6b0-2ac2e133389d,true,2027-02-15,31
e9c94dac-a475-45c6-952b-83fd47ded421,3899674a-38a3-4b63-9ce3-47a4e7c17022,1235 - One Bedroom Primum Apartment Sea View,9a25f0c9-ef73-415e-b6b0-2ac2e133389d,true,2027-02-16,31
868ed171-6554-4977-adbe-67b9304b28a0,3899674a-38a3-4b63-9ce3-47a4e7c17022,1235 - One Bedroom Primum Apartment Sea View,9a25f0c9-ef73-415e-b6b0-2ac2e133389d,true,2027-02-17,31
96f330f8-315f-4179-9fe1-51c8875a8457,3899674a-38a3-4b63-9ce3-47a4e7c17022,1235 - One Bedroom Primum Apartment Sea View,9a25f0c9-ef73-415e-b6b0-2ac2e133389d,true,2027-02-18,31
4dc0ae1c-76ca-4262-94b4-be6141365a61,3899674a-38a3-4b63-9ce3-47a4e7c17022,1235 - One Bedroom Primum Apartment Sea View,9a25f0c9-ef73-415e-b6b0-2ac2e133389d,true,2027-02-19,31
af16a31f-e31a-454a-8b58-69113c360298,3899674a-38a3-4b63-9ce3-47a4e7c17022,1235 - One Bedroom Primum Apartment Sea View,9a25f0c9-ef73-415e-b6b0-2ac2e133389d,true,2027-02-20,31
98b4f36f-dd75-4c20-a4c8-86daebe7fbc2,3899674a-38a3-4b63-9ce3-47a4e7c17022,1235 - One Bedroom Primum Apartment Sea View,9a25f0c9-ef73-415e-b6b0-2ac2e133389d,true,2027-02-21,31
81080ee3-fc0a-4696-864d-652cdc1821d3,3899674a-38a3-4b63-9ce3-47a4e7c17022,1235 - One Bedroom Primum Apartment Sea View,9a25f0c9-ef73-415e-b6b0-2ac2e133389d,true,2027-02-22,31
32551c6a-74ec-4476-8616-013a21ce30ca,3899674a-38a3-4b63-9ce3-47a4e7c17022,1235 - One Bedroom Primum Apartment Sea View,9a25f0c9-ef73-415e-b6b0-2ac2e133389d,true,2027-02-23,31
c15ccf9d-5f1a-4751-a805-8e3949aeaf8d,3899674a-38a3-4b63-9ce3-47a4e7c17022,1235 - One Bedroom Primum Apartment Sea View,9a25f0c9-ef73-415e-b6b0-2ac2e133389d,true,2027-02-24,31
c5147c7f-c80a-4eea-8a6f-e46e1c39f828,3899674a-38a3-4b63-9ce3-47a4e7c17022,1235 - One Bedroom Primum Apartment Sea View,9a25f0c9-ef73-415e-b6b0-2ac2e133389d,true,2027-02-25,31
e4dc82a2-9000-4f3e-a4b5-a63b91137abf,3899674a-38a3-4b63-9ce3-47a4e7c17022,1235 - One Bedroom Primum Apartment Sea View,9a25f0c9-ef73-415e-b6b0-2ac2e133389d,true,2027-02-26,31
04bf1029-4793-4134-af3c-f874096a66d6,3899674a-38a3-4b63-9ce3-47a4e7c17022,1235 - One Bedroom Primum Apartment Sea View,9a25f0c9-ef73-415e-b6b0-2ac2e133389d,true,2027-02-27,31
bdadcf70-bbcb-456a-b662-a76af57871eb,3899674a-38a3-4b63-9ce3-47a4e7c17022,1235 - One Bedroom Primum Apartment Sea View,9a25f0c9-ef73-415e-b6b0-2ac2e133389d,true,2027-02-28,31
83d8004e-7d93-49cf-a11f-24bf59d604ff,3899674a-38a3-4b63-9ce3-47a4e7c17022,1235 - One Bedroom Primum Apartment Sea View,9a25f0c9-ef73-415e-b6b0-2ac2e133389d,true,2027-03-01,31
73c3c4c5-cb6f-4d82-b8df-81f3d9862a8f,3899674a-38a3-4b63-9ce3-47a4e7c17022,1235 - One Bedroom Primum Apartment Sea View,9a25f0c9-ef73-415e-b6b0-2ac2e133389d,true,2027-03-02,31
9e986f91-ab8b-40f2-a3c4-9d7106c3ee1e,3899674a-38a3-4b63-9ce3-47a4e7c17022,1235 - One Bedroom Primum Apartment Sea View,9a25f0c9-ef73-415e-b6b0-2ac2e133389d,true,2027-03-03,31
bb884770-41f1-445c-b15c-ba095a2df166,3899674a-38a3-4b63-9ce3-47a4e7c17022,1235 - One Bedroom Primum Apartment Sea View,9a25f0c9-ef73-415e-b6b0-2ac2e133389d,true,2027-03-04,31
29134ee9-36b3-4be0-9484-0530c2e61d14,3899674a-38a3-4b63-9ce3-47a4e7c17022,1235 - One Bedroom Primum Apartment Sea View,9a25f0c9-ef73-415e-b6b0-2ac2e133389d,true,2027-03-05,31
eed1a4a8-df3b-4f42-b5f2-4c05522458e7,3899674a-38a3-4b63-9ce3-47a4e7c17022,1235 - One Bedroom Primum Apartment Sea View,9a25f0c9-ef73-415e-b6b0-2ac2e133389d,true,2027-03-06,31
d922a2fc-28bb-48da-8822-50aefff4511f,3899674a-38a3-4b63-9ce3-47a4e7c17022,1235 - One Bedroom Primum Apartment Sea View,9a25f0c9-ef73-415e-b6b0-2ac2e133389d,true,2027-03-07,31
1a5d9ab0-9ade-4c30-ba33-f2814f5c8d07,3899674a-38a3-4b63-9ce3-47a4e7c17022,1235 - One Bedroom Primum Apartment Sea View,9a25f0c9-ef73-415e-b6b0-2ac2e133389d,true,2027-03-08,31
806ae01c-f833-42a1-8df3-8e2b70fba116,3899674a-38a3-4b63-9ce3-47a4e7c17022,1235 - One Bedroom Primum Apartment Sea View,9a25f0c9-ef73-415e-b6b0-2ac2e133389d,true,2027-03-09,31
51d16f07-0a9a-4ba8-bee6-10418295692f,3899674a-38a3-4b63-9ce3-47a4e7c17022,1235 - One Bedroom Primum Apartment Sea View,9a25f0c9-ef73-415e-b6b0-2ac2e133389d,true,2027-03-10,31
99acbb5e-c012-40c2-b2c1-7003ffe363d8,3899674a-38a3-4b63-9ce3-47a4e7c17022,1235 - One Bedroom Primum Apartment Sea View,9a25f0c9-ef73-415e-b6b0-2ac2e133389d,true,2027-03-11,31
1ea65392-89b5-4536-85f3-7d94cd3faee7,3899674a-38a3-4b63-9ce3-47a4e7c17022,1235 - One Bedroom Primum Apartment Sea View,9a25f0c9-ef73-415e-b6b0-2ac2e133389d,true,2027-03-12,31
99cd50a5-ad1e-4d45-836b-f2c37e64c556,3899674a-38a3-4b63-9ce3-47a4e7c17022,1235 - One Bedroom Primum Apartment Sea View,9a25f0c9-ef73-415e-b6b0-2ac2e133389d,true,2027-03-13,31
b34e92da-b6a9-4bb6-aec6-56143d33c98e,3899674a-38a3-4b63-9ce3-47a4e7c17022,1235 - One Bedroom Primum Apartment Sea View,9a25f0c9-ef73-415e-b6b0-2ac2e133389d,true,2027-03-14,31
a9cb4858-c7b3-428e-8368-b4d005dc4d4b,3899674a-38a3-4b63-9ce3-47a4e7c17022,1235 - One Bedroom Primum Apartment Sea View,9a25f0c9-ef73-415e-b6b0-2ac2e133389d,true,2027-03-15,31
ec0be5f9-13a2-422f-806e-2d42f7449fc7,3899674a-38a3-4b63-9ce3-47a4e7c17022,1235 - One Bedroom Primum Apartment Sea View,9a25f0c9-ef73-415e-b6b0-2ac2e133389d,true,2027-03-16,31
341201b4-01e4-4f77-b8dc-f265ffcef712,3899674a-38a3-4b63-9ce3-47a4e7c17022,1235 - One Bedroom Primum Apartment Sea View,9a25f0c9-ef73-415e-b6b0-2ac2e133389d,true,2027-03-17,31
22b50566-d422-4deb-abca-692d3f1cd264,3899674a-38a3-4b63-9ce3-47a4e7c17022,1235 - One Bedroom Primum Apartment Sea View,9a25f0c9-ef73-415e-b6b0-2ac2e133389d,true,2027-03-18,31
6851805a-f254-43eb-908e-14616e783f4e,3899674a-38a3-4b63-9ce3-47a4e7c17022,1235 - One Bedroom Primum Apartment Sea View,9a25f0c9-ef73-415e-b6b0-2ac2e133389d,true,2027-03-19,31
1b62cc73-c7cf-42e8-9b08-509011a4a669,3899674a-38a3-4b63-9ce3-47a4e7c17022,1235 - One Bedroom Primum Apartment Sea View,9a25f0c9-ef73-415e-b6b0-2ac2e133389d,true,2027-03-20,31
fae4970c-a7c2-4ca6-b6c4-0d95e2855a79,3899674a-38a3-4b63-9ce3-47a4e7c17022,1235 - One Bedroom Primum Apartment Sea View,9a25f0c9-ef73-415e-b6b0-2ac2e133389d,true,2027-03-21,31
82c3bfab-3dba-4087-8aa2-1611e8ea9e75,3899674a-38a3-4b63-9ce3-47a4e7c17022,1235 - One Bedroom Primum Apartment Sea View,9a25f0c9-ef73-415e-b6b0-2ac2e133389d,true,2027-03-22,31
e6575c34-e7fc-4fef-84e1-082dfa404d98,3899674a-38a3-4b63-9ce3-47a4e7c17022,1235 - One Bedroom Primum Apartment Sea View,9a25f0c9-ef73-415e-b6b0-2ac2e133389d,true,2027-03-23,31
508e4dff-950e-4015-9cee-5cd961a62de9,3899674a-38a3-4b63-9ce3-47a4e7c17022,1235 - One Bedroom Primum Apartment Sea View,9a25f0c9-ef73-415e-b6b0-2ac2e133389d,true,2027-03-24,31
b78eb247-bec1-4472-aa5e-cb2be1e0e30c,3899674a-38a3-4b63-9ce3-47a4e7c17022,1235 - One Bedroom Primum Apartment Sea View,9a25f0c9-ef73-415e-b6b0-2ac2e133389d,true,2027-03-25,31
603dc8fe-88e7-495e-a8ba-088a3b395be4,3899674a-38a3-4b63-9ce3-47a4e7c17022,1235 - One Bedroom Primum Apartment Sea View,9a25f0c9-ef73-415e-b6b0-2ac2e133389d,true,2027-03-26,31
1a766c3e-f580-4b2c-84be-5c8d29e8189c,3899674a-38a3-4b63-9ce3-47a4e7c17022,1235 - One Bedroom Primum Apartment Sea View,9a25f0c9-ef73-415e-b6b0-2ac2e133389d,true,2027-03-27,31
84148c18-19e6-4a5b-b481-19cc92006ab2,3899674a-38a3-4b63-9ce3-47a4e7c17022,1235 - One Bedroom Primum Apartment Sea View,9a25f0c9-ef73-415e-b6b0-2ac2e133389d,true,2027-03-28,31
0fff61a6-0230-4dd8-ab7e-37d8a8b899b6,3899674a-38a3-4b63-9ce3-47a4e7c17022,1235 - One Bedroom Primum Apartment Sea View,9a25f0c9-ef73-415e-b6b0-2ac2e133389d,true,2027-03-29,31
035e25e8-a124-458f-8982-28c775cea253,3899674a-38a3-4b63-9ce3-47a4e7c17022,1235 - One Bedroom Primum Apartment Sea View,9a25f0c9-ef73-415e-b6b0-2ac2e133389d,true,2027-03-30,31
385aac1b-b544-4f90-9e6e-d833ed8c967a,3899674a-38a3-4b63-9ce3-47a4e7c17022,1235 - One Bedroom Primum Apartment Sea View,9a25f0c9-ef73-415e-b6b0-2ac2e133389d,true,2027-03-31,31
9cf42254-6f35-4c95-9cff-8cf0b47b7cd9,3899674a-38a3-4b63-9ce3-47a4e7c17022,1235 - One Bedroom Primum Apartment Sea View,9a25f0c9-ef73-415e-b6b0-2ac2e133389d,true,2027-04-01,31
1b34662b-1ebb-43e2-856c-3ea4e8a0a105,3899674a-38a3-4b63-9ce3-47a4e7c17022,1235 - One Bedroom Primum Apartment Sea View,9a25f0c9-ef73-415e-b6b0-2ac2e133389d,true,2027-04-02,31
28e8deff-4640-4b75-ab6c-723330867d1c,3899674a-38a3-4b63-9ce3-47a4e7c17022,1235 - One Bedroom Primum Apartment Sea View,9a25f0c9-ef73-415e-b6b0-2ac2e133389d,true,2027-04-03,31
d6053346-e934-44b4-800e-b3c34c619e98,3899674a-38a3-4b63-9ce3-47a4e7c17022,1235 - One Bedroom Primum Apartment Sea View,9a25f0c9-ef73-415e-b6b0-2ac2e133389d,true,2027-04-04,31
265b30e3-f26f-490c-8176-8da617853562,3899674a-38a3-4b63-9ce3-47a4e7c17022,1235 - One Bedroom Primum Apartment Sea View,9a25f0c9-ef73-415e-b6b0-2ac2e133389d,true,2027-04-05,31
dce08049-b4a5-4ae1-8fb2-8e580a550e5c,3899674a-38a3-4b63-9ce3-47a4e7c17022,1235 - One Bedroom Primum Apartment Sea View,9a25f0c9-ef73-415e-b6b0-2ac2e133389d,true,2027-04-06,31
d218b779-c2ab-462e-b909-48339d48eb18,3899674a-38a3-4b63-9ce3-47a4e7c17022,1235 - One Bedroom Primum Apartment Sea View,9a25f0c9-ef73-415e-b6b0-2ac2e133389d,true,2027-04-07,31
4a8f7caf-7780-454c-99c0-3ec240fd8ab0,3899674a-38a3-4b63-9ce3-47a4e7c17022,1235 - One Bedroom Primum Apartment Sea View,9a25f0c9-ef73-415e-b6b0-2ac2e133389d,true,2027-04-08,31
5b43047b-00f8-40f5-8351-fc65ce6c6c05,3899674a-38a3-4b63-9ce3-47a4e7c17022,1235 - One Bedroom Primum Apartment Sea View,9a25f0c9-ef73-415e-b6b0-2ac2e133389d,true,2027-04-09,31
e1a9d6ee-4c66-4343-8680-cc6c447f34c3,3899674a-38a3-4b63-9ce3-47a4e7c17022,1235 - One Bedroom Primum Apartment Sea View,9a25f0c9-ef73-415e-b6b0-2ac2e133389d,true,2027-04-10,31
e522180c-ae6b-41fc-9ce3-5b84d4da4f41,3899674a-38a3-4b63-9ce3-47a4e7c17022,1235 - One Bedroom Primum Apartment Sea View,9a25f0c9-ef73-415e-b6b0-2ac2e133389d,true,2027-04-11,31
1f6be240-7236-409f-8491-802d8cd4c313,3899674a-38a3-4b63-9ce3-47a4e7c17022,1235 - One Bedroom Primum Apartment Sea View,9a25f0c9-ef73-415e-b6b0-2ac2e133389d,true,2027-04-12,31
437f375f-7622-432b-a2fc-42705e4c1039,3899674a-38a3-4b63-9ce3-47a4e7c17022,1235 - One Bedroom Primum Apartment Sea View,9a25f0c9-ef73-415e-b6b0-2ac2e133389d,true,2027-04-13,31
1eb17aa7-1ee5-479e-ade9-f1ca632103bf,3899674a-38a3-4b63-9ce3-47a4e7c17022,1235 - One Bedroom Primum Apartment Sea View,9a25f0c9-ef73-415e-b6b0-2ac2e133389d,true,2027-04-14,31
2d533c5b-ea2d-4d67-a85e-1c0014898677,3899674a-38a3-4b63-9ce3-47a4e7c17022,1235 - One Bedroom Primum Apartment Sea View,9a25f0c9-ef73-415e-b6b0-2ac2e133389d,true,2027-04-15,31
a9a9b66e-9efd-4922-8d15-3a721884a2f4,3899674a-38a3-4b63-9ce3-47a4e7c17022,1235 - One Bedroom Primum Apartment Sea View,9a25f0c9-ef73-415e-b6b0-2ac2e133389d,true,2027-04-16,31
a68791bc-156e-4ec8-b523-3c31a0b8295e,3899674a-38a3-4b63-9ce3-47a4e7c17022,1235 - One Bedroom Primum Apartment Sea View,9a25f0c9-ef73-415e-b6b0-2ac2e133389d,true,2027-04-17,31
cd865053-cfde-46fa-8102-809d871f8959,3899674a-38a3-4b63-9ce3-47a4e7c17022,1235 - One Bedroom Primum Apartment Sea View,9a25f0c9-ef73-415e-b6b0-2ac2e133389d,true,2027-04-18,31
a7c795cb-eb6c-4a79-a788-1a231752e588,3899674a-38a3-4b63-9ce3-47a4e7c17022,1235 - One Bedroom Primum Apartment Sea View,9a25f0c9-ef73-415e-b6b0-2ac2e133389d,true,2027-04-19,31
8055f2ad-f7cd-4cfa-a4a3-8cbea70c0b77,3899674a-38a3-4b63-9ce3-47a4e7c17022,1235 - One Bedroom Primum Apartment Sea View,9a25f0c9-ef73-415e-b6b0-2ac2e133389d,true,2027-04-20,31
e2b687f9-7ef3-4ecf-ac4b-9f55d26aa131,3899674a-38a3-4b63-9ce3-47a4e7c17022,1235 - One Bedroom Primum Apartment Sea View,9a25f0c9-ef73-415e-b6b0-2ac2e133389d,true,2027-04-21,31
ddebe76d-6c30-43a3-b8e4-e8f082f63fe1,3899674a-38a3-4b63-9ce3-47a4e7c17022,1235 - One Bedroom Primum Apartment Sea View,9a25f0c9-ef73-415e-b6b0-2ac2e133389d,true,2027-04-22,31
c6d503c2-17bb-4d39-9f7c-2a4994749da5,3899674a-38a3-4b63-9ce3-47a4e7c17022,1235 - One Bedroom Primum Apartment Sea View,9a25f0c9-ef73-415e-b6b0-2ac2e133389d,true,2027-04-23,31
bad6d5b3-7c25-4b52-ab2f-179d639002fc,3899674a-38a3-4b63-9ce3-47a4e7c17022,1235 - One Bedroom Primum Apartment Sea View,9a25f0c9-ef73-415e-b6b0-2ac2e133389d,true,2027-04-24,31
c78087e2-d8e9-41a8-8f83-9516a154a326,3899674a-38a3-4b63-9ce3-47a4e7c17022,1235 - One Bedroom Primum Apartment Sea View,9a25f0c9-ef73-415e-b6b0-2ac2e133389d,true,2027-04-25,31
fe936035-0b30-4e9a-8c6e-dcad74efbb72,3899674a-38a3-4b63-9ce3-47a4e7c17022,1235 - One Bedroom Primum Apartment Sea View,9a25f0c9-ef73-415e-b6b0-2ac2e133389d,true,2027-04-26,31
bfc40c51-f8ba-4497-8274-49cdcc68897e,3899674a-38a3-4b63-9ce3-47a4e7c17022,1235 - One Bedroom Primum Apartment Sea View,9a25f0c9-ef73-415e-b6b0-2ac2e133389d,true,2027-04-27,31
7fcfaccd-cfed-4e35-b836-6dc7b0180c85,3899674a-38a3-4b63-9ce3-47a4e7c17022,1235 - One Bedroom Primum Apartment Sea View,9a25f0c9-ef73-415e-b6b0-2ac2e133389d,true,2027-04-28,31
f77d5893-1b19-4268-aa80-1af1cd32e3f1,3899674a-38a3-4b63-9ce3-47a4e7c17022,1235 - One Bedroom Primum Apartment Sea View,9a25f0c9-ef73-415e-b6b0-2ac2e133389d,true,2027-04-29,31
20bf4959-c86a-48e7-9ae6-7290b9877397,3899674a-38a3-4b63-9ce3-47a4e7c17022,1235 - One Bedroom Primum Apartment Sea View,9a25f0c9-ef73-415e-b6b0-2ac2e133389d,true,2027-04-30,31
70c73b9e-7aed-402d-a1ab-fbf23c73f0b7,3899674a-38a3-4b63-9ce3-47a4e7c17022,1235 - One Bedroom Primum Apartment Sea View,9a25f0c9-ef73-415e-b6b0-2ac2e133389d,true,2027-05-01,31
59f99c7f-cd89-4319-b083-53c238265e6e,3899674a-38a3-4b63-9ce3-47a4e7c17022,1235 - One Bedroom Primum Apartment Sea View,9a25f0c9-ef73-415e-b6b0-2ac2e133389d,true,2027-05-02,31
e8ab9e76-a193-479a-92b3-922b9bdcc4f1,3899674a-38a3-4b63-9ce3-47a4e7c17022,1235 - One Bedroom Primum Apartment Sea View,9a25f0c9-ef73-415e-b6b0-2ac2e133389d,true,2027-05-03,31
49046d4b-f219-4419-9e79-9e6f99654935,3899674a-38a3-4b63-9ce3-47a4e7c17022,1235 - One Bedroom Primum Apartment Sea View,9a25f0c9-ef73-415e-b6b0-2ac2e133389d,true,2027-05-04,31
114cd5fd-51e2-4117-898e-0a744d3d595f,3899674a-38a3-4b63-9ce3-47a4e7c17022,1235 - One Bedroom Primum Apartment Sea View,9a25f0c9-ef73-415e-b6b0-2ac2e133389d,true,2027-05-05,31
74ebe36d-6c11-41df-a2db-7397fbf851bc,3899674a-38a3-4b63-9ce3-47a4e7c17022,1235 - One Bedroom Primum Apartment Sea View,9a25f0c9-ef73-415e-b6b0-2ac2e133389d,true,2027-05-06,31
76138003-fa07-44f1-bb0c-84c7848c4366,3899674a-38a3-4b63-9ce3-47a4e7c17022,1235 - One Bedroom Primum Apartment Sea View,9a25f0c9-ef73-415e-b6b0-2ac2e133389d,true,2027-05-07,31
a7623ef4-12cb-41cb-b493-484152df440f,3899674a-38a3-4b63-9ce3-47a4e7c17022,1235 - One Bedroom Primum Apartment Sea View,9a25f0c9-ef73-415e-b6b0-2ac2e133389d,true,2027-05-08,31
79b5c1e2-c459-4823-be53-c5199fbaa134,3899674a-38a3-4b63-9ce3-47a4e7c17022,1235 - One Bedroom Primum Apartment Sea View,9a25f0c9-ef73-415e-b6b0-2ac2e133389d,true,2027-05-09,31
d52db2cc-9fe0-464d-a1af-a5cc03fb5002,3899674a-38a3-4b63-9ce3-47a4e7c17022,1235 - One Bedroom Primum Apartment Sea View,9a25f0c9-ef73-415e-b6b0-2ac2e133389d,true,2027-05-10,31
8aaa74df-8fd1-485c-9613-d4e70b7250ce,3899674a-38a3-4b63-9ce3-47a4e7c17022,1235 - One Bedroom Primum Apartment Sea View,9a25f0c9-ef73-415e-b6b0-2ac2e133389d,true,2027-05-11,31
3dbe60bc-1cbc-41bb-b7ee-1504fd37669b,3899674a-38a3-4b63-9ce3-47a4e7c17022,1235 - One Bedroom Primum Apartment Sea View,9a25f0c9-ef73-415e-b6b0-2ac2e133389d,true,2027-05-12,31
87550ff6-7c73-426d-8534-158f7d6f8d52,3899674a-38a3-4b63-9ce3-47a4e7c17022,1235 - One Bedroom Primum Apartment Sea View,9a25f0c9-ef73-415e-b6b0-2ac2e133389d,true,2027-05-13,31
44f5f630-9ede-4a0e-896b-586f62e763f9,3899674a-38a3-4b63-9ce3-47a4e7c17022,1235 - One Bedroom Primum Apartment Sea View,9a25f0c9-ef73-415e-b6b0-2ac2e133389d,true,2027-05-14,31
202b3f5d-61bc-477f-924b-968708b4d0ec,3899674a-38a3-4b63-9ce3-47a4e7c17022,1235 - One Bedroom Primum Apartment Sea View,9a25f0c9-ef73-415e-b6b0-2ac2e133389d,true,2027-05-15,31
999cae33-6eb1-45b5-b37c-593b8e414a50,3899674a-38a3-4b63-9ce3-47a4e7c17022,1235 - One Bedroom Primum Apartment Sea View,9a25f0c9-ef73-415e-b6b0-2ac2e133389d,true,2027-05-16,31
5cae10d4-2cea-485c-a3d4-7ff4cffb60c9,3899674a-38a3-4b63-9ce3-47a4e7c17022,1235 - One Bedroom Primum Apartment Sea View,9a25f0c9-ef73-415e-b6b0-2ac2e133389d,true,2027-05-17,31
1824f12b-a7a3-4544-875c-616189f09b28,3899674a-38a3-4b63-9ce3-47a4e7c17022,1235 - One Bedroom Primum Apartment Sea View,9a25f0c9-ef73-415e-b6b0-2ac2e133389d,true,2027-05-18,31
797f89e4-3eee-4072-af43-eb93ee46d087,3899674a-38a3-4b63-9ce3-47a4e7c17022,1235 - One Bedroom Primum Apartment Sea View,9a25f0c9-ef73-415e-b6b0-2ac2e133389d,true,2027-05-19,31
d43ef44d-f966-42ea-b286-88602721099e,3899674a-38a3-4b63-9ce3-47a4e7c17022,1235 - One Bedroom Primum Apartment Sea View,9a25f0c9-ef73-415e-b6b0-2ac2e133389d,true,2027-05-20,31
982f2cd7-d947-48c1-9d7f-1c9443086438,3899674a-38a3-4b63-9ce3-47a4e7c17022,1235 - One Bedroom Primum Apartment Sea View,9a25f0c9-ef73-415e-b6b0-2ac2e133389d,true,2027-05-21,31
a16422f3-8600-4cbe-b8c9-f7321ab5b713,3899674a-38a3-4b63-9ce3-47a4e7c17022,1235 - One Bedroom Primum Apartment Sea View,9a25f0c9-ef73-415e-b6b0-2ac2e133389d,true,2027-05-22,31
e017515c-3094-4dad-8d53-2b8abacc15aa,3899674a-38a3-4b63-9ce3-47a4e7c17022,1235 - One Bedroom Primum Apartment Sea View,9a25f0c9-ef73-415e-b6b0-2ac2e133389d,true,2027-05-23,31
448b3a4a-b584-41f7-9d91-1ab290b1a65d,3899674a-38a3-4b63-9ce3-47a4e7c17022,1235 - One Bedroom Primum Apartment Sea View,9a25f0c9-ef73-415e-b6b0-2ac2e133389d,true,2027-05-24,31
45731ab3-d256-4ba1-9970-6a0661221551,3899674a-38a3-4b63-9ce3-47a4e7c17022,1235 - One Bedroom Primum Apartment Sea View,9a25f0c9-ef73-415e-b6b0-2ac2e133389d,true,2027-05-25,31
755edc45-8bb4-4111-85f6-e8c3358813b8,3899674a-38a3-4b63-9ce3-47a4e7c17022,1235 - One Bedroom Primum Apartment Sea View,9a25f0c9-ef73-415e-b6b0-2ac2e133389d,true,2027-05-26,31
e813af39-ffd9-4bfe-9982-a10132a22d77,3899674a-38a3-4b63-9ce3-47a4e7c17022,1235 - One Bedroom Primum Apartment Sea View,9a25f0c9-ef73-415e-b6b0-2ac2e133389d,true,2027-05-27,31
400351b8-3f4d-48b0-a1cf-65c105af8029,3899674a-38a3-4b63-9ce3-47a4e7c17022,1235 - One Bedroom Primum Apartment Sea View,9a25f0c9-ef73-415e-b6b0-2ac2e133389d,true,2027-05-28,31
5bc7b855-6aae-479b-b2c9-c895f127e9df,3899674a-38a3-4b63-9ce3-47a4e7c17022,1235 - One Bedroom Primum Apartment Sea View,9a25f0c9-ef73-415e-b6b0-2ac2e133389d,true,2027-05-29,31
5d4b2f8b-688f-4db5-b833-4cae6949b7a0,3899674a-38a3-4b63-9ce3-47a4e7c17022,1235 - One Bedroom Primum Apartment Sea View,9a25f0c9-ef73-415e-b6b0-2ac2e133389d,true,2027-05-30,31
3cef071a-999f-428e-b1a9-bf92c3efd31f,3899674a-38a3-4b63-9ce3-47a4e7c17022,1235 - One Bedroom Primum Apartment Sea View,9a25f0c9-ef73-415e-b6b0-2ac2e133389d,true,2027-05-31,31
9c62f81d-c75c-4673-a3c5-24597acce721,3899674a-38a3-4b63-9ce3-47a4e7c17022,1235 - One Bedroom Primum Apartment Sea View,9a25f0c9-ef73-415e-b6b0-2ac2e133389d,true,2027-06-01,31
7d6a58de-2145-40e6-8886-2b5cb3d0ab78,3899674a-38a3-4b63-9ce3-47a4e7c17022,1235 - One Bedroom Primum Apartment Sea View,9a25f0c9-ef73-415e-b6b0-2ac2e133389d,true,2027-06-02,31
5a4d8453-6a53-4fd0-a4f4-59cf7cbd740b,3899674a-38a3-4b63-9ce3-47a4e7c17022,1235 - One Bedroom Primum Apartment Sea View,9a25f0c9-ef73-415e-b6b0-2ac2e133389d,true,2027-06-03,31
48bad899-0b1b-4c1e-8e3a-75e64ca5425c,3899674a-38a3-4b63-9ce3-47a4e7c17022,1235 - One Bedroom Primum Apartment Sea View,9a25f0c9-ef73-415e-b6b0-2ac2e133389d,true,2027-06-04,31
00b1384e-e4cb-4fc2-8ee8-140c1a312fce,3899674a-38a3-4b63-9ce3-47a4e7c17022,1235 - One Bedroom Primum Apartment Sea View,9a25f0c9-ef73-415e-b6b0-2ac2e133389d,true,2027-06-05,31
06c52449-a6f8-4b6c-b173-7b41b1cef5e0,3899674a-38a3-4b63-9ce3-47a4e7c17022,1235 - One Bedroom Primum Apartment Sea View,9a25f0c9-ef73-415e-b6b0-2ac2e133389d,true,2027-06-06,31
1f8e8d75-2da4-4d81-b7ea-43ed87116bd5,3899674a-38a3-4b63-9ce3-47a4e7c17022,1235 - One Bedroom Primum Apartment Sea View,9a25f0c9-ef73-415e-b6b0-2ac2e133389d,true,2027-06-07,31
2cd8556f-91d1-45b1-ab52-01a6a255e138,3899674a-38a3-4b63-9ce3-47a4e7c17022,1235 - One Bedroom Primum Apartment Sea View,9a25f0c9-ef73-415e-b6b0-2ac2e133389d,true,2027-06-08,31
d8f3b260-d0ca-4fad-8039-2d75d4b9ba63,3899674a-38a3-4b63-9ce3-47a4e7c17022,1235 - One Bedroom Primum Apartment Sea View,9a25f0c9-ef73-415e-b6b0-2ac2e133389d,true,2027-06-09,31
0336a95a-772e-4fea-8433-9d35b1095b98,3899674a-38a3-4b63-9ce3-47a4e7c17022,1235 - One Bedroom Primum Apartment Sea View,9a25f0c9-ef73-415e-b6b0-2ac2e133389d,true,2027-06-10,31
4f43ac6a-7841-4baa-badc-d181af57a735,3899674a-38a3-4b63-9ce3-47a4e7c17022,1235 - One Bedroom Primum Apartment Sea View,9a25f0c9-ef73-415e-b6b0-2ac2e133389d,true,2027-06-11,31
8fbe0262-5370-4b13-a9ab-5c6b57033110,3899674a-38a3-4b63-9ce3-47a4e7c17022,1235 - One Bedroom Primum Apartment Sea View,9a25f0c9-ef73-415e-b6b0-2ac2e133389d,true,2027-06-12,31
d1e38460-297e-4814-ba84-97066381b788,3899674a-38a3-4b63-9ce3-47a4e7c17022,1235 - One Bedroom Primum Apartment Sea View,9a25f0c9-ef73-415e-b6b0-2ac2e133389d,true,2027-06-13,31
7762349e-9b7e-452a-9557-8d471d742c72,3899674a-38a3-4b63-9ce3-47a4e7c17022,1235 - One Bedroom Primum Apartment Sea View,9a25f0c9-ef73-415e-b6b0-2ac2e133389d,true,2027-06-14,31
114db7ed-4a6d-4982-8e66-6b393c2d710c,3899674a-38a3-4b63-9ce3-47a4e7c17022,1235 - One Bedroom Primum Apartment Sea View,9a25f0c9-ef73-415e-b6b0-2ac2e133389d,true,2027-06-15,31
7dc3e544-5bfc-42bf-a76a-eb758335481a,3899674a-38a3-4b63-9ce3-47a4e7c17022,1235 - One Bedroom Primum Apartment Sea View,9a25f0c9-ef73-415e-b6b0-2ac2e133389d,true,2027-06-16,31
855e0cae-afe1-475e-a165-fd8e8a354b8f,3899674a-38a3-4b63-9ce3-47a4e7c17022,1235 - One Bedroom Primum Apartment Sea View,9a25f0c9-ef73-415e-b6b0-2ac2e133389d,true,2027-06-17,31
72f47114-8379-4e5d-a2af-c5d57d8c809f,3899674a-38a3-4b63-9ce3-47a4e7c17022,1235 - One Bedroom Primum Apartment Sea View,9a25f0c9-ef73-415e-b6b0-2ac2e133389d,true,2027-06-18,31
6523a790-e7b0-494e-bafa-97b68becc75b,3899674a-38a3-4b63-9ce3-47a4e7c17022,1235 - One Bedroom Primum Apartment Sea View,9a25f0c9-ef73-415e-b6b0-2ac2e133389d,true,2027-06-19,31
cf51b388-99af-4248-a85f-5d26f1892445,3899674a-38a3-4b63-9ce3-47a4e7c17022,1235 - One Bedroom Primum Apartment Sea View,9a25f0c9-ef73-415e-b6b0-2ac2e133389d,true,2027-06-20,31
7c643216-b7f4-4f9d-b7dd-b5c60b312396,3899674a-38a3-4b63-9ce3-47a4e7c17022,1235 - One Bedroom Primum Apartment Sea View,9a25f0c9-ef73-415e-b6b0-2ac2e133389d,true,2027-06-21,31
1ec5c455-3a8f-4c1d-b264-768f2b968091,3899674a-38a3-4b63-9ce3-47a4e7c17022,1235 - One Bedroom Primum Apartment Sea View,9a25f0c9-ef73-415e-b6b0-2ac2e133389d,true,2027-06-22,31
49ab09f5-27bc-44d9-b17f-f61fb7874004,3899674a-38a3-4b63-9ce3-47a4e7c17022,1235 - One Bedroom Primum Apartment Sea View,9a25f0c9-ef73-415e-b6b0-2ac2e133389d,true,2027-06-23,31
d17d81f9-3f54-4778-8d63-70d0f0738785,3899674a-38a3-4b63-9ce3-47a4e7c17022,1235 - One Bedroom Primum Apartment Sea View,9a25f0c9-ef73-415e-b6b0-2ac2e133389d,true,2027-06-24,31
cdf23592-da38-43fb-8abf-7d841b27e556,3899674a-38a3-4b63-9ce3-47a4e7c17022,1235 - One Bedroom Primum Apartment Sea View,9a25f0c9-ef73-415e-b6b0-2ac2e133389d,true,2027-06-25,31
e14ffacc-0f1a-4ca8-ac51-6c9a55eb0ae7,3899674a-38a3-4b63-9ce3-47a4e7c17022,1235 - One Bedroom Primum Apartment Sea View,9a25f0c9-ef73-415e-b6b0-2ac2e133389d,true,2027-06-26,31
82af8f56-8908-442e-9aea-34dfc96c10e6,3899674a-38a3-4b63-9ce3-47a4e7c17022,1235 - One Bedroom Primum Apartment Sea View,9a25f0c9-ef73-415e-b6b0-2ac2e133389d,true,2027-06-27,31
856fef80-7651-42d2-bb13-c2a4a1e96aa1,3899674a-38a3-4b63-9ce3-47a4e7c17022,1235 - One Bedroom Primum Apartment Sea View,9a25f0c9-ef73-415e-b6b0-2ac2e133389d,true,2027-06-28,31
65cb00dc-9f2f-4ffa-98a0-f8bd0fd4a3da,3899674a-38a3-4b63-9ce3-47a4e7c17022,1235 - One Bedroom Primum Apartment Sea View,9a25f0c9-ef73-415e-b6b0-2ac2e133389d,true,2027-06-29,31
1ba14332-939b-4b4c-b4db-283bfd11d801,3899674a-38a3-4b63-9ce3-47a4e7c17022,1235 - One Bedroom Primum Apartment Sea View,9a25f0c9-ef73-415e-b6b0-2ac2e133389d,true,2027-06-30,31
6d8cfb9a-803f-4452-8c22-cddddaea7218,3899674a-38a3-4b63-9ce3-47a4e7c17022,1235 - One Bedroom Primum Apartment Sea View,9a25f0c9-ef73-415e-b6b0-2ac2e133389d,true,2027-07-01,31
5d68712d-bcdd-4e8f-a74e-e7de69bf6ccd,3899674a-38a3-4b63-9ce3-47a4e7c17022,1235 - One Bedroom Primum Apartment Sea View,9a25f0c9-ef73-415e-b6b0-2ac2e133389d,true,2027-07-02,31
32d0d34d-d156-4136-bfe9-e963e1ea7237,3899674a-38a3-4b63-9ce3-47a4e7c17022,1235 - One Bedroom Primum Apartment Sea View,9a25f0c9-ef73-415e-b6b0-2ac2e133389d,true,2027-07-03,31
dc2b6571-fb00-431f-8edf-5af863cf1540,3899674a-38a3-4b63-9ce3-47a4e7c17022,1235 - One Bedroom Primum Apartment Sea View,9a25f0c9-ef73-415e-b6b0-2ac2e133389d,true,2027-07-04,31
3df2c508-552b-4e8a-9a85-f099ee16f990,3899674a-38a3-4b63-9ce3-47a4e7c17022,1235 - One Bedroom Primum Apartment Sea View,9a25f0c9-ef73-415e-b6b0-2ac2e133389d,true,2027-07-05,31
0b771903-3d2e-4246-a3ee-a5b79d35c45b,3899674a-38a3-4b63-9ce3-47a4e7c17022,1235 - One Bedroom Primum Apartment Sea View,9a25f0c9-ef73-415e-b6b0-2ac2e133389d,true,2027-07-06,31
96e44f46-f0b9-40ce-94ac-b6aaad945228,3899674a-38a3-4b63-9ce3-47a4e7c17022,1235 - One Bedroom Primum Apartment Sea View,9a25f0c9-ef73-415e-b6b0-2ac2e133389d,true,2027-07-07,31
7728fc8e-ca9f-4ef8-b73e-e47a02f6a5aa,3899674a-38a3-4b63-9ce3-47a4e7c17022,1235 - One Bedroom Primum Apartment Sea View,9a25f0c9-ef73-415e-b6b0-2ac2e133389d,true,2027-07-08,31
1d41bc0d-5a2b-488f-894a-3a58cd837d4e,3899674a-38a3-4b63-9ce3-47a4e7c17022,1235 - One Bedroom Primum Apartment Sea View,9a25f0c9-ef73-415e-b6b0-2ac2e133389d,true,2027-07-09,31
43c8814f-0bf0-44fd-9ea2-c81f94732787,3899674a-38a3-4b63-9ce3-47a4e7c17022,1235 - One Bedroom Primum Apartment Sea View,9a25f0c9-ef73-415e-b6b0-2ac2e133389d,true,2027-07-10,31
6427328a-f83b-4d07-bfb7-e99fcde1ca4f,3899674a-38a3-4b63-9ce3-47a4e7c17022,1235 - One Bedroom Primum Apartment Sea View,9a25f0c9-ef73-415e-b6b0-2ac2e133389d,true,2027-07-11,31
0b7da032-10e4-41d5-a83b-a4f2f7e3d15a,3899674a-38a3-4b63-9ce3-47a4e7c17022,1235 - One Bedroom Primum Apartment Sea View,9a25f0c9-ef73-415e-b6b0-2ac2e133389d,true,2027-07-12,31
0fe1c95b-20a9-4c8f-ae1d-c4f07e3203cd,3899674a-38a3-4b63-9ce3-47a4e7c17022,1235 - One Bedroom Primum Apartment Sea View,9a25f0c9-ef73-415e-b6b0-2ac2e133389d,true,2027-07-13,31
400bef43-caaf-449e-95bf-9a96e1c6717e,3899674a-38a3-4b63-9ce3-47a4e7c17022,1235 - One Bedroom Primum Apartment Sea View,9a25f0c9-ef73-415e-b6b0-2ac2e133389d,true,2027-07-14,31
5d8c58c7-3b2b-40cc-a84c-5f4499121c04,3899674a-38a3-4b63-9ce3-47a4e7c17022,1235 - One Bedroom Primum Apartment Sea View,9a25f0c9-ef73-415e-b6b0-2ac2e133389d,true,2027-07-15,31
0b9516a8-69b1-407c-8812-ea5fa54bf37f,3899674a-38a3-4b63-9ce3-47a4e7c17022,1235 - One Bedroom Primum Apartment Sea View,9a25f0c9-ef73-415e-b6b0-2ac2e133389d,true,2027-07-16,31
f3c3405b-2456-4679-ae56-5d3043199f17,3899674a-38a3-4b63-9ce3-47a4e7c17022,1235 - One Bedroom Primum Apartment Sea View,9a25f0c9-ef73-415e-b6b0-2ac2e133389d,true,2027-07-17,31
db1f2605-42e2-4736-a961-6760020cbb3d,3899674a-38a3-4b63-9ce3-47a4e7c17022,1235 - One Bedroom Primum Apartment Sea View,9a25f0c9-ef73-415e-b6b0-2ac2e133389d,true,2027-07-18,31
e4e4db2e-0e52-4676-b1b4-ad4fd0b8a15f,3899674a-38a3-4b63-9ce3-47a4e7c17022,1235 - One Bedroom Primum Apartment Sea View,9a25f0c9-ef73-415e-b6b0-2ac2e133389d,true,2027-07-19,31
53a13adc-efeb-42a4-9f9e-a5ce57218d72,3899674a-38a3-4b63-9ce3-47a4e7c17022,1235 - One Bedroom Primum Apartment Sea View,9a25f0c9-ef73-415e-b6b0-2ac2e133389d,true,2027-07-20,31
948eecb3-26d3-4732-9ca6-d881adc17560,3899674a-38a3-4b63-9ce3-47a4e7c17022,1235 - One Bedroom Primum Apartment Sea View,9a25f0c9-ef73-415e-b6b0-2ac2e133389d,true,2027-07-21,31
ef438a58-969e-4d54-b80b-1929d7d94b0b,3899674a-38a3-4b63-9ce3-47a4e7c17022,1235 - One Bedroom Primum Apartment Sea View,9a25f0c9-ef73-415e-b6b0-2ac2e133389d,true,2027-07-22,31
39929885-e952-4844-afb9-3bb54da302d2,3899674a-38a3-4b63-9ce3-47a4e7c17022,1235 - One Bedroom Primum Apartment Sea View,9a25f0c9-ef73-415e-b6b0-2ac2e133389d,true,2027-07-23,31
4d667f8d-af68-45a1-ad4c-d7c9f617f356,3899674a-38a3-4b63-9ce3-47a4e7c17022,1235 - One Bedroom Primum Apartment Sea View,9a25f0c9-ef73-415e-b6b0-2ac2e133389d,true,2027-07-24,31
19c3f7df-b952-4f7b-bce0-be95ac4a20af,3899674a-38a3-4b63-9ce3-47a4e7c17022,1235 - One Bedroom Primum Apartment Sea View,9a25f0c9-ef73-415e-b6b0-2ac2e133389d,true,2027-07-25,31
f2e0b66b-1c41-4538-8c39-c70f2a41e86d,3899674a-38a3-4b63-9ce3-47a4e7c17022,1235 - One Bedroom Primum Apartment Sea View,9a25f0c9-ef73-415e-b6b0-2ac2e133389d,true,2027-07-26,31
9de69a43-7eac-4059-9456-f2970f0157c9,3899674a-38a3-4b63-9ce3-47a4e7c17022,1235 - One Bedroom Primum Apartment Sea View,9a25f0c9-ef73-415e-b6b0-2ac2e133389d,true,2027-07-27,31
882a41b2-b8b7-4845-b186-018a90addf45,3899674a-38a3-4b63-9ce3-47a4e7c17022,1235 - One Bedroom Primum Apartment Sea View,9a25f0c9-ef73-415e-b6b0-2ac2e133389d,true,2027-07-28,31
68cc1f47-d3a4-4ab2-aab0-2fcdd4855361,3899674a-38a3-4b63-9ce3-47a4e7c17022,1235 - One Bedroom Primum Apartment Sea View,9a25f0c9-ef73-415e-b6b0-2ac2e133389d,true,2027-07-29,31
fb9fab0c-4e9f-4022-97de-62a2ae5ff237,3899674a-38a3-4b63-9ce3-47a4e7c17022,1235 - One Bedroom Primum Apartment Sea View,9a25f0c9-ef73-415e-b6b0-2ac2e133389d,true,2027-07-30,31
090cc670-f492-4152-b9b8-4b6631229913,3899674a-38a3-4b63-9ce3-47a4e7c17022,1235 - One Bedroom Primum Apartment Sea View,9a25f0c9-ef73-415e-b6b0-2ac2e133389d,true,2027-07-31,31
dd6ecb7b-af8a-44f8-a843-5bb4f20aca60,3899674a-38a3-4b63-9ce3-47a4e7c17022,1235 - One Bedroom Primum Apartment Sea View,9a25f0c9-ef73-415e-b6b0-2ac2e133389d,true,2027-08-01,31
617f8015-012a-4085-8201-cba652e0f96d,3899674a-38a3-4b63-9ce3-47a4e7c17022,1235 - One Bedroom Primum Apartment Sea View,9a25f0c9-ef73-415e-b6b0-2ac2e133389d,true,2027-08-02,31
75dde19b-e1ab-4452-8ca1-3eb5ecd9d49c,3899674a-38a3-4b63-9ce3-47a4e7c17022,1235 - One Bedroom Primum Apartment Sea View,9a25f0c9-ef73-415e-b6b0-2ac2e133389d,true,2027-08-03,31
742e92d3-341a-47f4-8c76-43ab8b9ccaf8,8450f49d-8d3c-4fb3-8979-c5d8d28661c7,1237 - One Bedroom Apartment Sea View,22e69912-2719-4499-992a-da09f47bcd80,true,2026-07-05,31
8a884760-c261-4385-9198-250e9dd4e223,8450f49d-8d3c-4fb3-8979-c5d8d28661c7,1237 - One Bedroom Apartment Sea View,22e69912-2719-4499-992a-da09f47bcd80,true,2026-07-06,31
bb390855-1651-4860-b803-b946a10ba98c,8450f49d-8d3c-4fb3-8979-c5d8d28661c7,1237 - One Bedroom Apartment Sea View,22e69912-2719-4499-992a-da09f47bcd80,true,2026-07-07,31
047bc4f6-9219-4421-be02-d352e46b6085,8450f49d-8d3c-4fb3-8979-c5d8d28661c7,1237 - One Bedroom Apartment Sea View,22e69912-2719-4499-992a-da09f47bcd80,true,2026-07-08,31
16cb7a30-6970-4f32-a9e2-07b8f52c99dd,8450f49d-8d3c-4fb3-8979-c5d8d28661c7,1237 - One Bedroom Apartment Sea View,22e69912-2719-4499-992a-da09f47bcd80,true,2026-07-09,31
1f9d3ca0-667d-4cc0-a6b9-06b44cc5835f,8450f49d-8d3c-4fb3-8979-c5d8d28661c7,1237 - One Bedroom Apartment Sea View,22e69912-2719-4499-992a-da09f47bcd80,true,2026-07-10,31
e27efc4a-dc48-45ea-99e1-8a5470b78f75,8450f49d-8d3c-4fb3-8979-c5d8d28661c7,1237 - One Bedroom Apartment Sea View,22e69912-2719-4499-992a-da09f47bcd80,true,2026-07-11,31
c522ecb8-cf82-4da0-9c8d-eb44b05b5253,8450f49d-8d3c-4fb3-8979-c5d8d28661c7,1237 - One Bedroom Apartment Sea View,22e69912-2719-4499-992a-da09f47bcd80,true,2026-07-12,31
ceb86629-d095-40fa-98e6-ebe1fe697fa7,8450f49d-8d3c-4fb3-8979-c5d8d28661c7,1237 - One Bedroom Apartment Sea View,22e69912-2719-4499-992a-da09f47bcd80,true,2026-07-13,31
58d4ccfd-cdb5-424b-8cc9-bcfd3de19e7a,8450f49d-8d3c-4fb3-8979-c5d8d28661c7,1237 - One Bedroom Apartment Sea View,22e69912-2719-4499-992a-da09f47bcd80,true,2026-07-14,31
9e46698e-9e8c-4415-a516-fd2f0bc5d2eb,8450f49d-8d3c-4fb3-8979-c5d8d28661c7,1237 - One Bedroom Apartment Sea View,22e69912-2719-4499-992a-da09f47bcd80,true,2026-07-15,31
dbc743bb-090c-4a16-b1ce-6d882f83ec23,8450f49d-8d3c-4fb3-8979-c5d8d28661c7,1237 - One Bedroom Apartment Sea View,22e69912-2719-4499-992a-da09f47bcd80,true,2026-07-16,31
43359314-8b54-46eb-b216-93c6bda40f7c,8450f49d-8d3c-4fb3-8979-c5d8d28661c7,1237 - One Bedroom Apartment Sea View,22e69912-2719-4499-992a-da09f47bcd80,true,2026-07-17,31
e6631a1c-0f40-4edb-8016-3ecb859e42d1,8450f49d-8d3c-4fb3-8979-c5d8d28661c7,1237 - One Bedroom Apartment Sea View,22e69912-2719-4499-992a-da09f47bcd80,true,2026-07-18,31
6edf30b2-e72a-4589-8ad7-4ef3c581d875,8450f49d-8d3c-4fb3-8979-c5d8d28661c7,1237 - One Bedroom Apartment Sea View,22e69912-2719-4499-992a-da09f47bcd80,true,2026-07-19,31
f4edde1f-fb9c-4b8f-bb80-b7948148219f,8450f49d-8d3c-4fb3-8979-c5d8d28661c7,1237 - One Bedroom Apartment Sea View,22e69912-2719-4499-992a-da09f47bcd80,true,2026-07-20,31
2228d86a-6b96-4136-ad43-9b164063ed77,8450f49d-8d3c-4fb3-8979-c5d8d28661c7,1237 - One Bedroom Apartment Sea View,22e69912-2719-4499-992a-da09f47bcd80,true,2026-07-21,31
ffb4d329-e34e-4c41-98f4-a8defb24c17f,8450f49d-8d3c-4fb3-8979-c5d8d28661c7,1237 - One Bedroom Apartment Sea View,22e69912-2719-4499-992a-da09f47bcd80,true,2026-07-22,31
b4123cb6-b169-4ff2-b76f-47a0db7d581d,8450f49d-8d3c-4fb3-8979-c5d8d28661c7,1237 - One Bedroom Apartment Sea View,22e69912-2719-4499-992a-da09f47bcd80,true,2026-07-23,31
dd345a2b-c778-4ab3-9dd9-b1b24f31f1af,8450f49d-8d3c-4fb3-8979-c5d8d28661c7,1237 - One Bedroom Apartment Sea View,22e69912-2719-4499-992a-da09f47bcd80,true,2026-07-24,31
4735735d-726c-44b4-86e9-72c1138de43c,8450f49d-8d3c-4fb3-8979-c5d8d28661c7,1237 - One Bedroom Apartment Sea View,22e69912-2719-4499-992a-da09f47bcd80,true,2026-07-25,31
b5f11d79-a02f-4e09-b679-75b2858280af,8450f49d-8d3c-4fb3-8979-c5d8d28661c7,1237 - One Bedroom Apartment Sea View,22e69912-2719-4499-992a-da09f47bcd80,true,2026-07-26,31
e9b58ad0-3317-4880-b0cd-5bcdf6f7e7fa,8450f49d-8d3c-4fb3-8979-c5d8d28661c7,1237 - One Bedroom Apartment Sea View,22e69912-2719-4499-992a-da09f47bcd80,true,2026-07-27,31
24ab7a43-0622-464c-ad05-26107b400ff5,8450f49d-8d3c-4fb3-8979-c5d8d28661c7,1237 - One Bedroom Apartment Sea View,22e69912-2719-4499-992a-da09f47bcd80,true,2026-07-28,31
52bfe514-53fc-4109-88a4-6a7375b5cede,8450f49d-8d3c-4fb3-8979-c5d8d28661c7,1237 - One Bedroom Apartment Sea View,22e69912-2719-4499-992a-da09f47bcd80,true,2026-07-29,31
9ed0add7-b2d6-4b09-aea6-f269013bd1e4,8450f49d-8d3c-4fb3-8979-c5d8d28661c7,1237 - One Bedroom Apartment Sea View,22e69912-2719-4499-992a-da09f47bcd80,true,2026-07-30,31
9cd0b669-cad4-4012-b6d9-976ea55d7cd3,8450f49d-8d3c-4fb3-8979-c5d8d28661c7,1237 - One Bedroom Apartment Sea View,22e69912-2719-4499-992a-da09f47bcd80,true,2026-07-31,31
8afa7a0a-8d91-4296-8feb-414f009d6246,8450f49d-8d3c-4fb3-8979-c5d8d28661c7,1237 - One Bedroom Apartment Sea View,22e69912-2719-4499-992a-da09f47bcd80,true,2026-08-01,31
9f703dc8-3542-4a02-b3d8-43f2d4d71966,8450f49d-8d3c-4fb3-8979-c5d8d28661c7,1237 - One Bedroom Apartment Sea View,22e69912-2719-4499-992a-da09f47bcd80,true,2026-08-02,31
e7f3653f-6ea2-4f9c-a349-dc81d17080f7,8450f49d-8d3c-4fb3-8979-c5d8d28661c7,1237 - One Bedroom Apartment Sea View,22e69912-2719-4499-992a-da09f47bcd80,true,2026-08-03,31
b2f753fb-9698-4cf2-af42-e26e18d49e9f,8450f49d-8d3c-4fb3-8979-c5d8d28661c7,1237 - One Bedroom Apartment Sea View,22e69912-2719-4499-992a-da09f47bcd80,true,2026-08-04,31
ce5d67de-728b-4b57-9f03-ee711b59d540,8450f49d-8d3c-4fb3-8979-c5d8d28661c7,1237 - One Bedroom Apartment Sea View,22e69912-2719-4499-992a-da09f47bcd80,true,2026-08-05,31
e468365d-bd90-49ca-a52b-6f260ceb6a5c,8450f49d-8d3c-4fb3-8979-c5d8d28661c7,1237 - One Bedroom Apartment Sea View,22e69912-2719-4499-992a-da09f47bcd80,true,2026-08-06,31
450967b2-a4cc-4e44-925f-414cca98dcc0,8450f49d-8d3c-4fb3-8979-c5d8d28661c7,1237 - One Bedroom Apartment Sea View,22e69912-2719-4499-992a-da09f47bcd80,true,2026-08-07,31
9b3c16f0-c619-4762-9b1d-30e47aa4e5ef,8450f49d-8d3c-4fb3-8979-c5d8d28661c7,1237 - One Bedroom Apartment Sea View,22e69912-2719-4499-992a-da09f47bcd80,true,2026-08-08,31
64dc4a94-23fd-49e2-891d-cfe46256dc35,8450f49d-8d3c-4fb3-8979-c5d8d28661c7,1237 - One Bedroom Apartment Sea View,22e69912-2719-4499-992a-da09f47bcd80,true,2026-08-09,31
0d4ec962-ebe5-4f25-92ec-8889fe82c0e5,8450f49d-8d3c-4fb3-8979-c5d8d28661c7,1237 - One Bedroom Apartment Sea View,22e69912-2719-4499-992a-da09f47bcd80,true,2026-08-10,31
3ef589c9-38b7-444b-8c29-2a302c2296f2,8450f49d-8d3c-4fb3-8979-c5d8d28661c7,1237 - One Bedroom Apartment Sea View,22e69912-2719-4499-992a-da09f47bcd80,true,2026-08-11,31
7c979eed-495f-485d-839c-ca83e3291ca8,8450f49d-8d3c-4fb3-8979-c5d8d28661c7,1237 - One Bedroom Apartment Sea View,22e69912-2719-4499-992a-da09f47bcd80,true,2026-08-12,31
65ee6c21-8477-46f7-9a62-f0c4834455c3,8450f49d-8d3c-4fb3-8979-c5d8d28661c7,1237 - One Bedroom Apartment Sea View,22e69912-2719-4499-992a-da09f47bcd80,true,2026-08-13,31
77060959-ae90-4a33-ad78-52ad3124488e,8450f49d-8d3c-4fb3-8979-c5d8d28661c7,1237 - One Bedroom Apartment Sea View,22e69912-2719-4499-992a-da09f47bcd80,true,2026-08-14,31
a4e70fd4-a1f7-4f0e-8fb7-733bb164f914,8450f49d-8d3c-4fb3-8979-c5d8d28661c7,1237 - One Bedroom Apartment Sea View,22e69912-2719-4499-992a-da09f47bcd80,true,2026-08-15,31
284e33af-9752-47de-9bd5-6ff6c268a663,8450f49d-8d3c-4fb3-8979-c5d8d28661c7,1237 - One Bedroom Apartment Sea View,22e69912-2719-4499-992a-da09f47bcd80,true,2026-08-16,31
c887c4d5-9aa4-4307-95b9-4a264571c158,8450f49d-8d3c-4fb3-8979-c5d8d28661c7,1237 - One Bedroom Apartment Sea View,22e69912-2719-4499-992a-da09f47bcd80,true,2026-08-17,31
5776eb4e-e8b6-4c3b-8298-3e71c5886fe2,8450f49d-8d3c-4fb3-8979-c5d8d28661c7,1237 - One Bedroom Apartment Sea View,22e69912-2719-4499-992a-da09f47bcd80,true,2026-08-18,31
2c066a86-a35d-4fcf-96e6-67985e1a9972,8450f49d-8d3c-4fb3-8979-c5d8d28661c7,1237 - One Bedroom Apartment Sea View,22e69912-2719-4499-992a-da09f47bcd80,true,2026-08-19,31
84e1a19a-729a-4653-9e7a-bc8a2fc35b03,8450f49d-8d3c-4fb3-8979-c5d8d28661c7,1237 - One Bedroom Apartment Sea View,22e69912-2719-4499-992a-da09f47bcd80,true,2026-08-20,31
ff1d4f1d-dc4b-421c-a014-bde13a72382e,8450f49d-8d3c-4fb3-8979-c5d8d28661c7,1237 - One Bedroom Apartment Sea View,22e69912-2719-4499-992a-da09f47bcd80,true,2026-08-21,31
f9290464-fb28-4b65-b520-3c48aa77cdaf,8450f49d-8d3c-4fb3-8979-c5d8d28661c7,1237 - One Bedroom Apartment Sea View,22e69912-2719-4499-992a-da09f47bcd80,true,2026-08-22,31
37345dbc-3b42-40aa-bc9d-11537e733b6b,8450f49d-8d3c-4fb3-8979-c5d8d28661c7,1237 - One Bedroom Apartment Sea View,22e69912-2719-4499-992a-da09f47bcd80,true,2026-08-23,31
2d9b713d-2eca-40d4-ac33-6b50e408e56f,8450f49d-8d3c-4fb3-8979-c5d8d28661c7,1237 - One Bedroom Apartment Sea View,22e69912-2719-4499-992a-da09f47bcd80,true,2026-08-24,31
310e5bc7-0358-4a7d-bd2b-b361275667fe,8450f49d-8d3c-4fb3-8979-c5d8d28661c7,1237 - One Bedroom Apartment Sea View,22e69912-2719-4499-992a-da09f47bcd80,true,2026-08-25,31
1516f190-745d-425e-b3a8-4ace8f68c4c1,8450f49d-8d3c-4fb3-8979-c5d8d28661c7,1237 - One Bedroom Apartment Sea View,22e69912-2719-4499-992a-da09f47bcd80,true,2026-08-26,31
efb9f04a-6651-46d1-b83f-ce34db4f913f,8450f49d-8d3c-4fb3-8979-c5d8d28661c7,1237 - One Bedroom Apartment Sea View,22e69912-2719-4499-992a-da09f47bcd80,true,2026-08-27,31
a600229a-3f7a-4877-bd2a-8cbf9a0a8abe,8450f49d-8d3c-4fb3-8979-c5d8d28661c7,1237 - One Bedroom Apartment Sea View,22e69912-2719-4499-992a-da09f47bcd80,true,2026-08-28,31
65462e88-bf75-4010-b384-9fdb62bcb113,8450f49d-8d3c-4fb3-8979-c5d8d28661c7,1237 - One Bedroom Apartment Sea View,22e69912-2719-4499-992a-da09f47bcd80,true,2026-08-29,31
583d948e-3024-450e-97be-88e0ba16b7a8,8450f49d-8d3c-4fb3-8979-c5d8d28661c7,1237 - One Bedroom Apartment Sea View,22e69912-2719-4499-992a-da09f47bcd80,true,2026-08-30,31
51141323-b485-4406-a0b7-193cf434374a,8450f49d-8d3c-4fb3-8979-c5d8d28661c7,1237 - One Bedroom Apartment Sea View,22e69912-2719-4499-992a-da09f47bcd80,true,2026-08-31,31
f75adb4c-d968-4b57-8d1b-ab95fbac784e,8450f49d-8d3c-4fb3-8979-c5d8d28661c7,1237 - One Bedroom Apartment Sea View,22e69912-2719-4499-992a-da09f47bcd80,true,2026-09-01,31
fe0dd81f-b99a-4e10-bdcc-412542089221,8450f49d-8d3c-4fb3-8979-c5d8d28661c7,1237 - One Bedroom Apartment Sea View,22e69912-2719-4499-992a-da09f47bcd80,true,2026-09-02,31
cb423432-60c9-4703-8c91-05258a520d57,8450f49d-8d3c-4fb3-8979-c5d8d28661c7,1237 - One Bedroom Apartment Sea View,22e69912-2719-4499-992a-da09f47bcd80,true,2026-09-03,31
343f1c4a-4b85-4027-b735-c25e18f8bd74,8450f49d-8d3c-4fb3-8979-c5d8d28661c7,1237 - One Bedroom Apartment Sea View,22e69912-2719-4499-992a-da09f47bcd80,true,2026-09-04,31
e786ddf2-e162-4a48-997a-4dc1e28eeece,8450f49d-8d3c-4fb3-8979-c5d8d28661c7,1237 - One Bedroom Apartment Sea View,22e69912-2719-4499-992a-da09f47bcd80,true,2026-09-05,31
e3dffed6-2d0b-4417-83df-a269b15253b4,8450f49d-8d3c-4fb3-8979-c5d8d28661c7,1237 - One Bedroom Apartment Sea View,22e69912-2719-4499-992a-da09f47bcd80,true,2026-09-06,31
1e3cb0cd-b572-4e22-936e-f1c884bf4950,8450f49d-8d3c-4fb3-8979-c5d8d28661c7,1237 - One Bedroom Apartment Sea View,22e69912-2719-4499-992a-da09f47bcd80,true,2026-09-07,31
64bd11fb-ea30-43d2-a0cf-de416c585bc7,8450f49d-8d3c-4fb3-8979-c5d8d28661c7,1237 - One Bedroom Apartment Sea View,22e69912-2719-4499-992a-da09f47bcd80,true,2026-09-08,31
f33d25de-2433-4e1f-bfdf-4caecda1b368,8450f49d-8d3c-4fb3-8979-c5d8d28661c7,1237 - One Bedroom Apartment Sea View,22e69912-2719-4499-992a-da09f47bcd80,true,2026-09-09,31
27713b45-1ed4-4e3c-915a-aa9bb6efc353,8450f49d-8d3c-4fb3-8979-c5d8d28661c7,1237 - One Bedroom Apartment Sea View,22e69912-2719-4499-992a-da09f47bcd80,true,2026-09-10,31
daf19f35-3733-49d6-85e4-3270778ef1c3,8450f49d-8d3c-4fb3-8979-c5d8d28661c7,1237 - One Bedroom Apartment Sea View,22e69912-2719-4499-992a-da09f47bcd80,true,2026-09-11,31
91525092-1060-4873-8ab2-4ac523499c7a,8450f49d-8d3c-4fb3-8979-c5d8d28661c7,1237 - One Bedroom Apartment Sea View,22e69912-2719-4499-992a-da09f47bcd80,true,2026-09-12,31
b5b6633d-e65b-4737-95f6-4aaafff43893,8450f49d-8d3c-4fb3-8979-c5d8d28661c7,1237 - One Bedroom Apartment Sea View,22e69912-2719-4499-992a-da09f47bcd80,true,2026-09-13,31
4d947b1c-f5dd-4c5d-9b45-78e9d50c8a9b,8450f49d-8d3c-4fb3-8979-c5d8d28661c7,1237 - One Bedroom Apartment Sea View,22e69912-2719-4499-992a-da09f47bcd80,true,2026-09-14,31
6340448c-b0de-4c63-9dac-3990a433787b,8450f49d-8d3c-4fb3-8979-c5d8d28661c7,1237 - One Bedroom Apartment Sea View,22e69912-2719-4499-992a-da09f47bcd80,true,2026-09-15,31
d3fa7a62-7674-458e-81a5-7ab79c7221cb,8450f49d-8d3c-4fb3-8979-c5d8d28661c7,1237 - One Bedroom Apartment Sea View,22e69912-2719-4499-992a-da09f47bcd80,true,2026-09-16,31
fc635203-5421-48ee-a23f-fb90f1e1c161,8450f49d-8d3c-4fb3-8979-c5d8d28661c7,1237 - One Bedroom Apartment Sea View,22e69912-2719-4499-992a-da09f47bcd80,true,2026-09-17,31
35509701-ec94-436b-8159-f66281fa1a89,8450f49d-8d3c-4fb3-8979-c5d8d28661c7,1237 - One Bedroom Apartment Sea View,22e69912-2719-4499-992a-da09f47bcd80,true,2026-09-18,31
e672b775-f009-4873-8101-ddae1cc6a406,8450f49d-8d3c-4fb3-8979-c5d8d28661c7,1237 - One Bedroom Apartment Sea View,22e69912-2719-4499-992a-da09f47bcd80,true,2026-09-19,31
761a76f0-77f5-4a90-b75b-85dc6adf8af5,8450f49d-8d3c-4fb3-8979-c5d8d28661c7,1237 - One Bedroom Apartment Sea View,22e69912-2719-4499-992a-da09f47bcd80,true,2026-09-20,31
527dc3d8-0548-435a-b6b5-ae6ba66d5df7,8450f49d-8d3c-4fb3-8979-c5d8d28661c7,1237 - One Bedroom Apartment Sea View,22e69912-2719-4499-992a-da09f47bcd80,true,2026-09-21,31
762469c0-c83d-4562-b582-6417f761d68c,8450f49d-8d3c-4fb3-8979-c5d8d28661c7,1237 - One Bedroom Apartment Sea View,22e69912-2719-4499-992a-da09f47bcd80,true,2026-09-22,31
eece73ff-62a8-428c-aa31-aa83ec6c0c55,8450f49d-8d3c-4fb3-8979-c5d8d28661c7,1237 - One Bedroom Apartment Sea View,22e69912-2719-4499-992a-da09f47bcd80,true,2026-09-23,31
14554491-5da3-4daa-b43b-003267c9b8af,8450f49d-8d3c-4fb3-8979-c5d8d28661c7,1237 - One Bedroom Apartment Sea View,22e69912-2719-4499-992a-da09f47bcd80,true,2026-09-24,31
6c3a9bea-5ec2-4d4c-840e-fdaae5b6feb3,8450f49d-8d3c-4fb3-8979-c5d8d28661c7,1237 - One Bedroom Apartment Sea View,22e69912-2719-4499-992a-da09f47bcd80,true,2026-09-25,31
0ea80d20-e7d2-4d7a-b199-ef530d2c9632,8450f49d-8d3c-4fb3-8979-c5d8d28661c7,1237 - One Bedroom Apartment Sea View,22e69912-2719-4499-992a-da09f47bcd80,true,2026-09-26,31
3a60a33e-ffff-48ec-877b-69775f17116d,8450f49d-8d3c-4fb3-8979-c5d8d28661c7,1237 - One Bedroom Apartment Sea View,22e69912-2719-4499-992a-da09f47bcd80,true,2026-09-27,31
732172d3-700f-4a76-9694-496b55bbefec,8450f49d-8d3c-4fb3-8979-c5d8d28661c7,1237 - One Bedroom Apartment Sea View,22e69912-2719-4499-992a-da09f47bcd80,true,2026-09-28,31
6cf10c31-e188-4d61-af36-22e4c8ce7f61,8450f49d-8d3c-4fb3-8979-c5d8d28661c7,1237 - One Bedroom Apartment Sea View,22e69912-2719-4499-992a-da09f47bcd80,true,2026-09-29,31
24271b28-1290-4799-a633-fb00ae96712c,8450f49d-8d3c-4fb3-8979-c5d8d28661c7,1237 - One Bedroom Apartment Sea View,22e69912-2719-4499-992a-da09f47bcd80,true,2026-09-30,31
cc56c526-0c5c-42bf-bb0d-5bfdef3226ee,8450f49d-8d3c-4fb3-8979-c5d8d28661c7,1237 - One Bedroom Apartment Sea View,22e69912-2719-4499-992a-da09f47bcd80,true,2026-10-01,31
5be0d959-34ab-4bce-8f31-3311164ec4dd,8450f49d-8d3c-4fb3-8979-c5d8d28661c7,1237 - One Bedroom Apartment Sea View,22e69912-2719-4499-992a-da09f47bcd80,true,2026-10-02,31
e02d2f17-9c9e-40b1-a256-f17f64e94b32,8450f49d-8d3c-4fb3-8979-c5d8d28661c7,1237 - One Bedroom Apartment Sea View,22e69912-2719-4499-992a-da09f47bcd80,true,2026-10-03,31
0049020a-a5b0-4d6d-a3b7-2eec82597088,8450f49d-8d3c-4fb3-8979-c5d8d28661c7,1237 - One Bedroom Apartment Sea View,22e69912-2719-4499-992a-da09f47bcd80,true,2026-10-04,31
98e8f958-0799-4107-9d80-84d19c077bd2,8450f49d-8d3c-4fb3-8979-c5d8d28661c7,1237 - One Bedroom Apartment Sea View,22e69912-2719-4499-992a-da09f47bcd80,true,2026-10-05,31
d3d64800-6c51-4f90-a68e-bd0fc2f51c94,8450f49d-8d3c-4fb3-8979-c5d8d28661c7,1237 - One Bedroom Apartment Sea View,22e69912-2719-4499-992a-da09f47bcd80,true,2026-10-06,31
0e4c9881-7ed4-4a4f-ae29-0b14a915dfa0,8450f49d-8d3c-4fb3-8979-c5d8d28661c7,1237 - One Bedroom Apartment Sea View,22e69912-2719-4499-992a-da09f47bcd80,true,2026-10-07,31
07d97cd5-4437-4730-b37a-911899c2e603,8450f49d-8d3c-4fb3-8979-c5d8d28661c7,1237 - One Bedroom Apartment Sea View,22e69912-2719-4499-992a-da09f47bcd80,true,2026-10-08,31
fb961bab-e6d4-4025-81a3-4f74423fb92f,8450f49d-8d3c-4fb3-8979-c5d8d28661c7,1237 - One Bedroom Apartment Sea View,22e69912-2719-4499-992a-da09f47bcd80,true,2026-10-09,31
4f66c05a-c1e2-4f16-b106-d809505374fd,8450f49d-8d3c-4fb3-8979-c5d8d28661c7,1237 - One Bedroom Apartment Sea View,22e69912-2719-4499-992a-da09f47bcd80,true,2026-10-10,31
58f9d2d9-2a13-4c84-9068-6ba930983f73,8450f49d-8d3c-4fb3-8979-c5d8d28661c7,1237 - One Bedroom Apartment Sea View,22e69912-2719-4499-992a-da09f47bcd80,true,2026-10-11,31
4af050b7-d5db-4370-8c4b-3781c5060669,8450f49d-8d3c-4fb3-8979-c5d8d28661c7,1237 - One Bedroom Apartment Sea View,22e69912-2719-4499-992a-da09f47bcd80,true,2026-10-12,31
1e6b1525-9dee-4d5f-9c2c-0a81a476885f,8450f49d-8d3c-4fb3-8979-c5d8d28661c7,1237 - One Bedroom Apartment Sea View,22e69912-2719-4499-992a-da09f47bcd80,true,2026-10-13,31
e8337f87-d6e4-4c93-811b-c21e45ffce69,8450f49d-8d3c-4fb3-8979-c5d8d28661c7,1237 - One Bedroom Apartment Sea View,22e69912-2719-4499-992a-da09f47bcd80,true,2026-10-14,31
95f6eb6b-6188-46d1-9fdd-cdaa335ca50f,8450f49d-8d3c-4fb3-8979-c5d8d28661c7,1237 - One Bedroom Apartment Sea View,22e69912-2719-4499-992a-da09f47bcd80,true,2026-10-15,31
4e0ec17b-e499-4103-9082-bcdcc55aa8cb,8450f49d-8d3c-4fb3-8979-c5d8d28661c7,1237 - One Bedroom Apartment Sea View,22e69912-2719-4499-992a-da09f47bcd80,true,2026-10-16,31
458e1b05-d250-47d4-a755-dba49803effe,8450f49d-8d3c-4fb3-8979-c5d8d28661c7,1237 - One Bedroom Apartment Sea View,22e69912-2719-4499-992a-da09f47bcd80,true,2026-10-17,31
e8e46fd0-ff1f-4711-b776-012259ad7ec6,8450f49d-8d3c-4fb3-8979-c5d8d28661c7,1237 - One Bedroom Apartment Sea View,22e69912-2719-4499-992a-da09f47bcd80,true,2026-10-18,31
af672163-e3db-426a-bdb9-daa33ad8b360,8450f49d-8d3c-4fb3-8979-c5d8d28661c7,1237 - One Bedroom Apartment Sea View,22e69912-2719-4499-992a-da09f47bcd80,true,2026-10-19,31
7e7fc2a0-5244-47a4-b696-33ce138c1130,8450f49d-8d3c-4fb3-8979-c5d8d28661c7,1237 - One Bedroom Apartment Sea View,22e69912-2719-4499-992a-da09f47bcd80,true,2026-10-20,31
558cb0a8-3ed2-4f81-af97-e2feb7428266,8450f49d-8d3c-4fb3-8979-c5d8d28661c7,1237 - One Bedroom Apartment Sea View,22e69912-2719-4499-992a-da09f47bcd80,true,2026-10-21,31
42aa586d-7ad5-43bc-8684-1b5da57e1ef6,8450f49d-8d3c-4fb3-8979-c5d8d28661c7,1237 - One Bedroom Apartment Sea View,22e69912-2719-4499-992a-da09f47bcd80,true,2026-10-22,31
0deef903-2255-4de6-8a0d-aabbefd8113e,8450f49d-8d3c-4fb3-8979-c5d8d28661c7,1237 - One Bedroom Apartment Sea View,22e69912-2719-4499-992a-da09f47bcd80,true,2026-10-23,31
b00f9717-cb1c-4467-b618-04a2e77f2a06,8450f49d-8d3c-4fb3-8979-c5d8d28661c7,1237 - One Bedroom Apartment Sea View,22e69912-2719-4499-992a-da09f47bcd80,true,2026-10-24,31
1090359c-cbd9-403d-b0f4-2e7589097d89,8450f49d-8d3c-4fb3-8979-c5d8d28661c7,1237 - One Bedroom Apartment Sea View,22e69912-2719-4499-992a-da09f47bcd80,true,2026-10-25,31
b6914042-0f95-4ba4-b0d4-47e27998611d,8450f49d-8d3c-4fb3-8979-c5d8d28661c7,1237 - One Bedroom Apartment Sea View,22e69912-2719-4499-992a-da09f47bcd80,true,2026-10-26,31
cd7b1b0f-7d14-45bc-a94d-2210aacb7696,8450f49d-8d3c-4fb3-8979-c5d8d28661c7,1237 - One Bedroom Apartment Sea View,22e69912-2719-4499-992a-da09f47bcd80,true,2026-10-27,31
83b907ef-bb30-41d9-bccc-46d5d7d471ed,8450f49d-8d3c-4fb3-8979-c5d8d28661c7,1237 - One Bedroom Apartment Sea View,22e69912-2719-4499-992a-da09f47bcd80,true,2026-10-28,31
cfae282c-8f2e-4ba8-b5c8-32fae73c8b32,8450f49d-8d3c-4fb3-8979-c5d8d28661c7,1237 - One Bedroom Apartment Sea View,22e69912-2719-4499-992a-da09f47bcd80,true,2026-10-29,31
934c0437-d4b2-4a38-8e5f-c051d2e21530,8450f49d-8d3c-4fb3-8979-c5d8d28661c7,1237 - One Bedroom Apartment Sea View,22e69912-2719-4499-992a-da09f47bcd80,true,2026-10-30,31
07582048-7597-4c78-acfd-5be5b8163d9c,8450f49d-8d3c-4fb3-8979-c5d8d28661c7,1237 - One Bedroom Apartment Sea View,22e69912-2719-4499-992a-da09f47bcd80,true,2026-10-31,31
d96aade1-cc07-44a1-890a-854aebd3c4fe,8450f49d-8d3c-4fb3-8979-c5d8d28661c7,1237 - One Bedroom Apartment Sea View,22e69912-2719-4499-992a-da09f47bcd80,true,2026-11-01,31
7f5410b6-22c7-4df6-aa0d-01c16cd2811d,8450f49d-8d3c-4fb3-8979-c5d8d28661c7,1237 - One Bedroom Apartment Sea View,22e69912-2719-4499-992a-da09f47bcd80,true,2026-11-02,31
bc598d67-ed42-49f4-b935-0b88cad84f6a,8450f49d-8d3c-4fb3-8979-c5d8d28661c7,1237 - One Bedroom Apartment Sea View,22e69912-2719-4499-992a-da09f47bcd80,true,2026-11-03,31
afbc4811-fdf5-4b93-939d-06ef883c6a5c,8450f49d-8d3c-4fb3-8979-c5d8d28661c7,1237 - One Bedroom Apartment Sea View,22e69912-2719-4499-992a-da09f47bcd80,true,2026-11-04,31
6a67a173-6588-428d-8c1e-0c1e3ea9ef31,8450f49d-8d3c-4fb3-8979-c5d8d28661c7,1237 - One Bedroom Apartment Sea View,22e69912-2719-4499-992a-da09f47bcd80,true,2026-11-05,31
5e4466ff-2484-4580-8434-9de94448ef1d,8450f49d-8d3c-4fb3-8979-c5d8d28661c7,1237 - One Bedroom Apartment Sea View,22e69912-2719-4499-992a-da09f47bcd80,true,2026-11-06,31
680bb3ed-5fa6-4fab-851c-bdd4a4ed232f,8450f49d-8d3c-4fb3-8979-c5d8d28661c7,1237 - One Bedroom Apartment Sea View,22e69912-2719-4499-992a-da09f47bcd80,true,2026-11-07,31
4d0f6481-7ea9-4562-868b-6998cd794407,8450f49d-8d3c-4fb3-8979-c5d8d28661c7,1237 - One Bedroom Apartment Sea View,22e69912-2719-4499-992a-da09f47bcd80,true,2026-11-08,31
a760f68f-703c-458f-a7b2-186db429800e,8450f49d-8d3c-4fb3-8979-c5d8d28661c7,1237 - One Bedroom Apartment Sea View,22e69912-2719-4499-992a-da09f47bcd80,true,2026-11-09,31
093935f3-e898-4e42-928f-5b8194158044,8450f49d-8d3c-4fb3-8979-c5d8d28661c7,1237 - One Bedroom Apartment Sea View,22e69912-2719-4499-992a-da09f47bcd80,true,2026-11-10,31
95170ebc-2247-4f09-8f3c-e39fe3a72f9f,8450f49d-8d3c-4fb3-8979-c5d8d28661c7,1237 - One Bedroom Apartment Sea View,22e69912-2719-4499-992a-da09f47bcd80,true,2026-11-11,31
a5897429-0309-4885-9b5d-9cf85065ac34,8450f49d-8d3c-4fb3-8979-c5d8d28661c7,1237 - One Bedroom Apartment Sea View,22e69912-2719-4499-992a-da09f47bcd80,true,2026-11-12,31
9a4b32af-abfb-46e8-9239-42e2616cfc2d,8450f49d-8d3c-4fb3-8979-c5d8d28661c7,1237 - One Bedroom Apartment Sea View,22e69912-2719-4499-992a-da09f47bcd80,true,2026-11-13,31
aaa5fd41-86f9-44f8-9026-d15fd7837290,8450f49d-8d3c-4fb3-8979-c5d8d28661c7,1237 - One Bedroom Apartment Sea View,22e69912-2719-4499-992a-da09f47bcd80,true,2026-11-14,31
8a69a1cb-8e1d-4ba0-81ce-d0c1d4cdc4c3,8450f49d-8d3c-4fb3-8979-c5d8d28661c7,1237 - One Bedroom Apartment Sea View,22e69912-2719-4499-992a-da09f47bcd80,true,2026-11-15,31
541bc6cf-ce48-4f08-97a1-1030b3e6dae5,8450f49d-8d3c-4fb3-8979-c5d8d28661c7,1237 - One Bedroom Apartment Sea View,22e69912-2719-4499-992a-da09f47bcd80,true,2026-11-16,31
5dcff6eb-a665-49e0-8324-357e243d4d1b,8450f49d-8d3c-4fb3-8979-c5d8d28661c7,1237 - One Bedroom Apartment Sea View,22e69912-2719-4499-992a-da09f47bcd80,true,2026-11-17,31
cd21abc7-6c22-4c2d-928b-a208ec216c4a,8450f49d-8d3c-4fb3-8979-c5d8d28661c7,1237 - One Bedroom Apartment Sea View,22e69912-2719-4499-992a-da09f47bcd80,true,2026-11-18,31
2c90f361-4e31-465e-82f4-d302d783bbf6,8450f49d-8d3c-4fb3-8979-c5d8d28661c7,1237 - One Bedroom Apartment Sea View,22e69912-2719-4499-992a-da09f47bcd80,true,2026-11-19,31
6ecc3ddd-2432-4f71-8d33-7b7a843ec51e,8450f49d-8d3c-4fb3-8979-c5d8d28661c7,1237 - One Bedroom Apartment Sea View,22e69912-2719-4499-992a-da09f47bcd80,true,2026-11-20,31
df963299-185c-4f07-97d1-140f0553c954,8450f49d-8d3c-4fb3-8979-c5d8d28661c7,1237 - One Bedroom Apartment Sea View,22e69912-2719-4499-992a-da09f47bcd80,true,2026-11-21,31
268c1270-bf5f-4ecd-95f9-c580ef0641ff,8450f49d-8d3c-4fb3-8979-c5d8d28661c7,1237 - One Bedroom Apartment Sea View,22e69912-2719-4499-992a-da09f47bcd80,true,2026-11-22,31
da6fa30e-c878-402f-98da-e843e09aac8d,8450f49d-8d3c-4fb3-8979-c5d8d28661c7,1237 - One Bedroom Apartment Sea View,22e69912-2719-4499-992a-da09f47bcd80,true,2026-11-23,31
d9b1b49f-8bcd-4eef-9b42-00654e5b5645,8450f49d-8d3c-4fb3-8979-c5d8d28661c7,1237 - One Bedroom Apartment Sea View,22e69912-2719-4499-992a-da09f47bcd80,true,2026-11-24,31
ad8cc9b6-60f6-4389-82d8-b9bce8213b55,8450f49d-8d3c-4fb3-8979-c5d8d28661c7,1237 - One Bedroom Apartment Sea View,22e69912-2719-4499-992a-da09f47bcd80,true,2026-11-25,31
b17a04f1-6439-44de-ac0a-3c184fc27a01,8450f49d-8d3c-4fb3-8979-c5d8d28661c7,1237 - One Bedroom Apartment Sea View,22e69912-2719-4499-992a-da09f47bcd80,true,2026-11-26,31
10792b7a-59f8-403c-ad41-ae34f5566c56,8450f49d-8d3c-4fb3-8979-c5d8d28661c7,1237 - One Bedroom Apartment Sea View,22e69912-2719-4499-992a-da09f47bcd80,true,2026-11-27,31
a1ab0dd3-30bb-4e6b-8814-23870f26eb0f,8450f49d-8d3c-4fb3-8979-c5d8d28661c7,1237 - One Bedroom Apartment Sea View,22e69912-2719-4499-992a-da09f47bcd80,true,2026-11-28,31
d4430280-6316-4a9e-83c4-5ace1aeebe1e,8450f49d-8d3c-4fb3-8979-c5d8d28661c7,1237 - One Bedroom Apartment Sea View,22e69912-2719-4499-992a-da09f47bcd80,true,2026-11-29,31
ad728374-3fae-441d-9e34-970b9867e7df,8450f49d-8d3c-4fb3-8979-c5d8d28661c7,1237 - One Bedroom Apartment Sea View,22e69912-2719-4499-992a-da09f47bcd80,true,2026-11-30,31
d5f4c75a-7e82-429b-abf9-1aed45faa3ae,8450f49d-8d3c-4fb3-8979-c5d8d28661c7,1237 - One Bedroom Apartment Sea View,22e69912-2719-4499-992a-da09f47bcd80,true,2026-12-01,31
81844242-bf7a-49b3-bb41-8b70ad4fae28,8450f49d-8d3c-4fb3-8979-c5d8d28661c7,1237 - One Bedroom Apartment Sea View,22e69912-2719-4499-992a-da09f47bcd80,true,2026-12-02,31
8bd71365-c03e-40a1-bc80-21a76a8860cf,8450f49d-8d3c-4fb3-8979-c5d8d28661c7,1237 - One Bedroom Apartment Sea View,22e69912-2719-4499-992a-da09f47bcd80,true,2026-12-03,31
487449d5-24d9-49ad-bdcf-9b813835c5ba,8450f49d-8d3c-4fb3-8979-c5d8d28661c7,1237 - One Bedroom Apartment Sea View,22e69912-2719-4499-992a-da09f47bcd80,true,2026-12-04,31
856e2c9e-9d78-46e1-85cf-d9535976c65f,8450f49d-8d3c-4fb3-8979-c5d8d28661c7,1237 - One Bedroom Apartment Sea View,22e69912-2719-4499-992a-da09f47bcd80,true,2026-12-05,31
f0c03330-1fe4-4435-9946-1a519cd0ddbb,8450f49d-8d3c-4fb3-8979-c5d8d28661c7,1237 - One Bedroom Apartment Sea View,22e69912-2719-4499-992a-da09f47bcd80,true,2026-12-06,31
7ce0caf8-676a-48c0-ab0c-6382a1ed09b0,8450f49d-8d3c-4fb3-8979-c5d8d28661c7,1237 - One Bedroom Apartment Sea View,22e69912-2719-4499-992a-da09f47bcd80,true,2026-12-07,31
49d84257-e149-4ad5-8869-309dc3c8aaab,8450f49d-8d3c-4fb3-8979-c5d8d28661c7,1237 - One Bedroom Apartment Sea View,22e69912-2719-4499-992a-da09f47bcd80,true,2026-12-08,31
7a4adcca-021d-4bac-b7ce-cdd145cdc8b2,8450f49d-8d3c-4fb3-8979-c5d8d28661c7,1237 - One Bedroom Apartment Sea View,22e69912-2719-4499-992a-da09f47bcd80,true,2026-12-09,31
292f2b2c-6260-4fc0-80c1-7dc8a37d8e5c,8450f49d-8d3c-4fb3-8979-c5d8d28661c7,1237 - One Bedroom Apartment Sea View,22e69912-2719-4499-992a-da09f47bcd80,true,2026-12-10,31
dee41f11-58dd-452b-8718-847b75caea75,8450f49d-8d3c-4fb3-8979-c5d8d28661c7,1237 - One Bedroom Apartment Sea View,22e69912-2719-4499-992a-da09f47bcd80,true,2026-12-11,31
ffeb40df-f85b-44a6-8aca-b208ec9d9a3e,8450f49d-8d3c-4fb3-8979-c5d8d28661c7,1237 - One Bedroom Apartment Sea View,22e69912-2719-4499-992a-da09f47bcd80,true,2026-12-12,31
1f182bd2-7627-4cd4-a5f1-739447a950ac,8450f49d-8d3c-4fb3-8979-c5d8d28661c7,1237 - One Bedroom Apartment Sea View,22e69912-2719-4499-992a-da09f47bcd80,true,2026-12-13,31
52073626-dddf-43d2-aa0e-e81a216bbea9,8450f49d-8d3c-4fb3-8979-c5d8d28661c7,1237 - One Bedroom Apartment Sea View,22e69912-2719-4499-992a-da09f47bcd80,true,2026-12-14,31
01b76806-b7e1-4a5f-88b3-83038b8fbbc6,8450f49d-8d3c-4fb3-8979-c5d8d28661c7,1237 - One Bedroom Apartment Sea View,22e69912-2719-4499-992a-da09f47bcd80,true,2026-12-15,31
07bc1fad-2cd7-4b0b-8fb1-13399508a3ec,8450f49d-8d3c-4fb3-8979-c5d8d28661c7,1237 - One Bedroom Apartment Sea View,22e69912-2719-4499-992a-da09f47bcd80,true,2026-12-16,31
8ef35f8f-82ad-449b-96a6-b294f00b15c4,8450f49d-8d3c-4fb3-8979-c5d8d28661c7,1237 - One Bedroom Apartment Sea View,22e69912-2719-4499-992a-da09f47bcd80,true,2026-12-17,31
295c73cf-84b4-48a4-b28f-153c87822586,8450f49d-8d3c-4fb3-8979-c5d8d28661c7,1237 - One Bedroom Apartment Sea View,22e69912-2719-4499-992a-da09f47bcd80,true,2026-12-18,31
89e06a61-a4e8-45a8-bf98-7adadbc6c855,8450f49d-8d3c-4fb3-8979-c5d8d28661c7,1237 - One Bedroom Apartment Sea View,22e69912-2719-4499-992a-da09f47bcd80,true,2026-12-19,31
e66d4004-95e2-4181-88c1-ecef4d9ce8bf,8450f49d-8d3c-4fb3-8979-c5d8d28661c7,1237 - One Bedroom Apartment Sea View,22e69912-2719-4499-992a-da09f47bcd80,true,2026-12-20,31
3619a54f-b44c-41c0-8766-2bf84771dbf7,8450f49d-8d3c-4fb3-8979-c5d8d28661c7,1237 - One Bedroom Apartment Sea View,22e69912-2719-4499-992a-da09f47bcd80,true,2026-12-21,31
e2739a46-a67e-43a2-a237-acf0a4a01342,8450f49d-8d3c-4fb3-8979-c5d8d28661c7,1237 - One Bedroom Apartment Sea View,22e69912-2719-4499-992a-da09f47bcd80,true,2026-12-22,31
dbfb09e7-eeae-4a67-8d25-b342cc3ccc86,8450f49d-8d3c-4fb3-8979-c5d8d28661c7,1237 - One Bedroom Apartment Sea View,22e69912-2719-4499-992a-da09f47bcd80,true,2026-12-23,31
6280e178-8930-4c26-b53d-147fd4734eeb,8450f49d-8d3c-4fb3-8979-c5d8d28661c7,1237 - One Bedroom Apartment Sea View,22e69912-2719-4499-992a-da09f47bcd80,true,2026-12-24,31
14ba12bf-a4f3-45bd-b243-7f695fef728d,8450f49d-8d3c-4fb3-8979-c5d8d28661c7,1237 - One Bedroom Apartment Sea View,22e69912-2719-4499-992a-da09f47bcd80,true,2026-12-25,31
ee45dd52-4928-4cc5-95d0-9cbbcab64dea,8450f49d-8d3c-4fb3-8979-c5d8d28661c7,1237 - One Bedroom Apartment Sea View,22e69912-2719-4499-992a-da09f47bcd80,true,2026-12-26,31
541617fe-2721-40d3-822b-efce73d75f0f,8450f49d-8d3c-4fb3-8979-c5d8d28661c7,1237 - One Bedroom Apartment Sea View,22e69912-2719-4499-992a-da09f47bcd80,true,2026-12-27,31
ac010d80-dd1e-4c8b-b916-2233dceeb2f7,8450f49d-8d3c-4fb3-8979-c5d8d28661c7,1237 - One Bedroom Apartment Sea View,22e69912-2719-4499-992a-da09f47bcd80,true,2026-12-28,31
8e0e0dfe-fd6e-4868-89a5-1adc801f8d41,8450f49d-8d3c-4fb3-8979-c5d8d28661c7,1237 - One Bedroom Apartment Sea View,22e69912-2719-4499-992a-da09f47bcd80,true,2026-12-29,31
831bec4d-a467-437a-9d78-deafeea39811,8450f49d-8d3c-4fb3-8979-c5d8d28661c7,1237 - One Bedroom Apartment Sea View,22e69912-2719-4499-992a-da09f47bcd80,true,2026-12-30,31
10ad5bf6-5a35-4a0e-bf16-65e89c8071e3,8450f49d-8d3c-4fb3-8979-c5d8d28661c7,1237 - One Bedroom Apartment Sea View,22e69912-2719-4499-992a-da09f47bcd80,true,2026-12-31,31
568997a3-2a67-48aa-98e0-5ee6aaf27254,8450f49d-8d3c-4fb3-8979-c5d8d28661c7,1237 - One Bedroom Apartment Sea View,22e69912-2719-4499-992a-da09f47bcd80,true,2027-01-01,31
13f43766-7815-4a74-a5c8-65d42580ccf6,8450f49d-8d3c-4fb3-8979-c5d8d28661c7,1237 - One Bedroom Apartment Sea View,22e69912-2719-4499-992a-da09f47bcd80,true,2027-01-02,31
af33f12b-fd50-4304-bed9-72cef816dd49,8450f49d-8d3c-4fb3-8979-c5d8d28661c7,1237 - One Bedroom Apartment Sea View,22e69912-2719-4499-992a-da09f47bcd80,true,2027-01-03,31
fe9f3116-7f19-4d6f-ad24-068dbe38cc8b,8450f49d-8d3c-4fb3-8979-c5d8d28661c7,1237 - One Bedroom Apartment Sea View,22e69912-2719-4499-992a-da09f47bcd80,true,2027-01-04,31
cd4f6018-69bc-4d68-beba-18e2188e8b69,8450f49d-8d3c-4fb3-8979-c5d8d28661c7,1237 - One Bedroom Apartment Sea View,22e69912-2719-4499-992a-da09f47bcd80,true,2027-01-05,31
9a1f9382-c5b2-4182-a6d4-1dc36613ed28,8450f49d-8d3c-4fb3-8979-c5d8d28661c7,1237 - One Bedroom Apartment Sea View,22e69912-2719-4499-992a-da09f47bcd80,true,2027-01-06,31
fde9cc8f-71e4-4745-844f-862ce8839b8c,8450f49d-8d3c-4fb3-8979-c5d8d28661c7,1237 - One Bedroom Apartment Sea View,22e69912-2719-4499-992a-da09f47bcd80,true,2027-01-07,31
41d0b8a2-010f-463b-a707-9fbba5d356b4,8450f49d-8d3c-4fb3-8979-c5d8d28661c7,1237 - One Bedroom Apartment Sea View,22e69912-2719-4499-992a-da09f47bcd80,true,2027-01-08,31
71a2816e-cdcd-4abe-94ab-a27a6611f580,8450f49d-8d3c-4fb3-8979-c5d8d28661c7,1237 - One Bedroom Apartment Sea View,22e69912-2719-4499-992a-da09f47bcd80,true,2027-01-09,31
8d35d5b1-c9cb-4f82-9c7f-15e46f8c98fc,8450f49d-8d3c-4fb3-8979-c5d8d28661c7,1237 - One Bedroom Apartment Sea View,22e69912-2719-4499-992a-da09f47bcd80,true,2027-01-10,31
c4e06512-7d19-4103-a237-666125448a19,8450f49d-8d3c-4fb3-8979-c5d8d28661c7,1237 - One Bedroom Apartment Sea View,22e69912-2719-4499-992a-da09f47bcd80,true,2027-01-11,31
7329c115-f0b1-4db2-8130-43956aaf84b2,8450f49d-8d3c-4fb3-8979-c5d8d28661c7,1237 - One Bedroom Apartment Sea View,22e69912-2719-4499-992a-da09f47bcd80,true,2027-01-12,31
2cafcc5a-ea10-4acf-8597-579d45d0762e,8450f49d-8d3c-4fb3-8979-c5d8d28661c7,1237 - One Bedroom Apartment Sea View,22e69912-2719-4499-992a-da09f47bcd80,true,2027-01-13,31
76e6c850-6b7e-4572-bcb8-03f04aeb479a,8450f49d-8d3c-4fb3-8979-c5d8d28661c7,1237 - One Bedroom Apartment Sea View,22e69912-2719-4499-992a-da09f47bcd80,true,2027-01-14,31
9234efb7-3753-4355-beba-324140120792,8450f49d-8d3c-4fb3-8979-c5d8d28661c7,1237 - One Bedroom Apartment Sea View,22e69912-2719-4499-992a-da09f47bcd80,true,2027-01-15,31
38f35894-fe66-4074-ac50-f4b4762a073e,8450f49d-8d3c-4fb3-8979-c5d8d28661c7,1237 - One Bedroom Apartment Sea View,22e69912-2719-4499-992a-da09f47bcd80,true,2027-01-16,31
abe5feb8-ecf0-436c-8851-64ae6f26e168,8450f49d-8d3c-4fb3-8979-c5d8d28661c7,1237 - One Bedroom Apartment Sea View,22e69912-2719-4499-992a-da09f47bcd80,true,2027-01-17,31
1bfd3093-6526-4443-a104-8c2125e5e401,8450f49d-8d3c-4fb3-8979-c5d8d28661c7,1237 - One Bedroom Apartment Sea View,22e69912-2719-4499-992a-da09f47bcd80,true,2027-01-18,31
2f3ca073-bf92-4b69-a7b8-7b93fe37976e,8450f49d-8d3c-4fb3-8979-c5d8d28661c7,1237 - One Bedroom Apartment Sea View,22e69912-2719-4499-992a-da09f47bcd80,true,2027-01-19,31
1dcd8c01-e30a-465f-8377-a256bceddcc6,8450f49d-8d3c-4fb3-8979-c5d8d28661c7,1237 - One Bedroom Apartment Sea View,22e69912-2719-4499-992a-da09f47bcd80,true,2027-01-20,31
76c60030-be6d-4916-8070-5fa4d6a4c460,8450f49d-8d3c-4fb3-8979-c5d8d28661c7,1237 - One Bedroom Apartment Sea View,22e69912-2719-4499-992a-da09f47bcd80,true,2027-01-21,31
1bc7c345-ab49-418d-8c50-03fdf4f596c3,8450f49d-8d3c-4fb3-8979-c5d8d28661c7,1237 - One Bedroom Apartment Sea View,22e69912-2719-4499-992a-da09f47bcd80,true,2027-01-22,31
b081356b-448d-46d7-b70c-635fb681ac8a,8450f49d-8d3c-4fb3-8979-c5d8d28661c7,1237 - One Bedroom Apartment Sea View,22e69912-2719-4499-992a-da09f47bcd80,true,2027-01-23,31
a1407eed-01ee-409f-b7cf-ae8bfb294ebc,8450f49d-8d3c-4fb3-8979-c5d8d28661c7,1237 - One Bedroom Apartment Sea View,22e69912-2719-4499-992a-da09f47bcd80,true,2027-01-24,31
4cc60276-4dec-49e3-882a-73db2f859e39,8450f49d-8d3c-4fb3-8979-c5d8d28661c7,1237 - One Bedroom Apartment Sea View,22e69912-2719-4499-992a-da09f47bcd80,true,2027-01-25,31
ade11d6b-c95f-4b1f-8177-aad2565d2c4f,8450f49d-8d3c-4fb3-8979-c5d8d28661c7,1237 - One Bedroom Apartment Sea View,22e69912-2719-4499-992a-da09f47bcd80,true,2027-01-26,31
8b8199cb-de6a-4201-99d9-d98bff1e470d,8450f49d-8d3c-4fb3-8979-c5d8d28661c7,1237 - One Bedroom Apartment Sea View,22e69912-2719-4499-992a-da09f47bcd80,true,2027-01-27,31
b5715799-0269-409a-ae67-ca1436409662,8450f49d-8d3c-4fb3-8979-c5d8d28661c7,1237 - One Bedroom Apartment Sea View,22e69912-2719-4499-992a-da09f47bcd80,true,2027-01-28,31
d4b77524-a61d-4cac-9261-413af887a362,8450f49d-8d3c-4fb3-8979-c5d8d28661c7,1237 - One Bedroom Apartment Sea View,22e69912-2719-4499-992a-da09f47bcd80,true,2027-01-29,31
c8694c91-b4d4-409a-b8bf-ba01d84924c7,8450f49d-8d3c-4fb3-8979-c5d8d28661c7,1237 - One Bedroom Apartment Sea View,22e69912-2719-4499-992a-da09f47bcd80,true,2027-01-30,31
d46bf846-eabd-4403-94ed-0a6e205540de,8450f49d-8d3c-4fb3-8979-c5d8d28661c7,1237 - One Bedroom Apartment Sea View,22e69912-2719-4499-992a-da09f47bcd80,true,2027-01-31,31
1000364d-040d-4305-b1ac-8dd431eb5446,8450f49d-8d3c-4fb3-8979-c5d8d28661c7,1237 - One Bedroom Apartment Sea View,22e69912-2719-4499-992a-da09f47bcd80,true,2027-02-01,31
3763786e-3854-468b-b384-4f119822238c,8450f49d-8d3c-4fb3-8979-c5d8d28661c7,1237 - One Bedroom Apartment Sea View,22e69912-2719-4499-992a-da09f47bcd80,true,2027-02-02,31
55d55f41-7dfb-4e8d-bd51-97a5f2bb4ebf,8450f49d-8d3c-4fb3-8979-c5d8d28661c7,1237 - One Bedroom Apartment Sea View,22e69912-2719-4499-992a-da09f47bcd80,true,2027-02-03,31
c31e89ab-330f-45d1-9c7d-bcd9f312a68d,8450f49d-8d3c-4fb3-8979-c5d8d28661c7,1237 - One Bedroom Apartment Sea View,22e69912-2719-4499-992a-da09f47bcd80,true,2027-02-04,31
70f0580f-9ceb-48dd-8aa8-6a6acbb8e882,8450f49d-8d3c-4fb3-8979-c5d8d28661c7,1237 - One Bedroom Apartment Sea View,22e69912-2719-4499-992a-da09f47bcd80,true,2027-02-05,31
434dec02-d716-4336-a4d9-548727dfeb79,8450f49d-8d3c-4fb3-8979-c5d8d28661c7,1237 - One Bedroom Apartment Sea View,22e69912-2719-4499-992a-da09f47bcd80,true,2027-02-06,31
5a745856-14e5-4bb2-9fe4-4f37d41fd101,8450f49d-8d3c-4fb3-8979-c5d8d28661c7,1237 - One Bedroom Apartment Sea View,22e69912-2719-4499-992a-da09f47bcd80,true,2027-02-07,31
3a3f83da-cee0-4c60-9e75-b7f749b40ed7,8450f49d-8d3c-4fb3-8979-c5d8d28661c7,1237 - One Bedroom Apartment Sea View,22e69912-2719-4499-992a-da09f47bcd80,true,2027-02-08,31
9a1161b4-a516-41ee-a3a7-0a4386ec4a35,8450f49d-8d3c-4fb3-8979-c5d8d28661c7,1237 - One Bedroom Apartment Sea View,22e69912-2719-4499-992a-da09f47bcd80,true,2027-02-09,31
f5aff848-46cd-4cdf-a883-ceb5f538f51b,8450f49d-8d3c-4fb3-8979-c5d8d28661c7,1237 - One Bedroom Apartment Sea View,22e69912-2719-4499-992a-da09f47bcd80,true,2027-02-10,31
dc559fcf-388e-44f5-ad99-68743ed3a057,8450f49d-8d3c-4fb3-8979-c5d8d28661c7,1237 - One Bedroom Apartment Sea View,22e69912-2719-4499-992a-da09f47bcd80,true,2027-02-11,31
502f7ece-432c-4c15-a212-de1ee7bac69b,8450f49d-8d3c-4fb3-8979-c5d8d28661c7,1237 - One Bedroom Apartment Sea View,22e69912-2719-4499-992a-da09f47bcd80,true,2027-02-12,31
14b9e301-ae3a-4191-b068-8d887ee4344f,8450f49d-8d3c-4fb3-8979-c5d8d28661c7,1237 - One Bedroom Apartment Sea View,22e69912-2719-4499-992a-da09f47bcd80,true,2027-02-13,31
5b7932b1-78cf-47cd-b45c-fd11c3d241ca,8450f49d-8d3c-4fb3-8979-c5d8d28661c7,1237 - One Bedroom Apartment Sea View,22e69912-2719-4499-992a-da09f47bcd80,true,2027-02-14,31
bc08a8c7-912f-499d-acd6-8c3c5312268b,8450f49d-8d3c-4fb3-8979-c5d8d28661c7,1237 - One Bedroom Apartment Sea View,22e69912-2719-4499-992a-da09f47bcd80,true,2027-02-15,31
684fee25-fda9-4118-92de-8903db62406a,8450f49d-8d3c-4fb3-8979-c5d8d28661c7,1237 - One Bedroom Apartment Sea View,22e69912-2719-4499-992a-da09f47bcd80,true,2027-02-16,31
cfc3f9eb-7d01-4a58-b836-9ebf134753da,8450f49d-8d3c-4fb3-8979-c5d8d28661c7,1237 - One Bedroom Apartment Sea View,22e69912-2719-4499-992a-da09f47bcd80,true,2027-02-17,31
5def91d8-e38b-4fdb-8f89-fcd1a343f606,8450f49d-8d3c-4fb3-8979-c5d8d28661c7,1237 - One Bedroom Apartment Sea View,22e69912-2719-4499-992a-da09f47bcd80,true,2027-02-18,31
361d9834-2f19-411d-8e30-546e62c29b6d,8450f49d-8d3c-4fb3-8979-c5d8d28661c7,1237 - One Bedroom Apartment Sea View,22e69912-2719-4499-992a-da09f47bcd80,true,2027-02-19,31
064f3b93-9e71-4e61-8f21-166c10486e3f,8450f49d-8d3c-4fb3-8979-c5d8d28661c7,1237 - One Bedroom Apartment Sea View,22e69912-2719-4499-992a-da09f47bcd80,true,2027-02-20,31
c9baca8f-10a6-45f1-9bea-05e7c1ecc501,8450f49d-8d3c-4fb3-8979-c5d8d28661c7,1237 - One Bedroom Apartment Sea View,22e69912-2719-4499-992a-da09f47bcd80,true,2027-02-21,31
40f4ca4f-8c76-4a57-9b6b-fa0dc1ab0ca6,8450f49d-8d3c-4fb3-8979-c5d8d28661c7,1237 - One Bedroom Apartment Sea View,22e69912-2719-4499-992a-da09f47bcd80,true,2027-02-22,31
0fc9c5ba-7327-4325-acbe-4c444bdd86a2,8450f49d-8d3c-4fb3-8979-c5d8d28661c7,1237 - One Bedroom Apartment Sea View,22e69912-2719-4499-992a-da09f47bcd80,true,2027-02-23,31
3c870c2a-93f6-4d08-9685-abb378507873,8450f49d-8d3c-4fb3-8979-c5d8d28661c7,1237 - One Bedroom Apartment Sea View,22e69912-2719-4499-992a-da09f47bcd80,true,2027-02-24,31
86bc59a8-cc58-4b80-890b-3ed15bc9431a,8450f49d-8d3c-4fb3-8979-c5d8d28661c7,1237 - One Bedroom Apartment Sea View,22e69912-2719-4499-992a-da09f47bcd80,true,2027-02-25,31
b82e2e7b-b583-4e5f-b162-92ce33847e5b,8450f49d-8d3c-4fb3-8979-c5d8d28661c7,1237 - One Bedroom Apartment Sea View,22e69912-2719-4499-992a-da09f47bcd80,true,2027-02-26,31
f3d3166d-67b0-4748-8fd9-22b4b09ebf5e,8450f49d-8d3c-4fb3-8979-c5d8d28661c7,1237 - One Bedroom Apartment Sea View,22e69912-2719-4499-992a-da09f47bcd80,true,2027-02-27,31
3434e9e7-9fa9-4c7f-9d13-39325813b3e9,8450f49d-8d3c-4fb3-8979-c5d8d28661c7,1237 - One Bedroom Apartment Sea View,22e69912-2719-4499-992a-da09f47bcd80,true,2027-02-28,31
e75b522d-0d80-45ec-aae7-e8cf87820d34,8450f49d-8d3c-4fb3-8979-c5d8d28661c7,1237 - One Bedroom Apartment Sea View,22e69912-2719-4499-992a-da09f47bcd80,true,2027-03-01,31
953a93db-15c3-4cfd-9230-4bf359f2988c,8450f49d-8d3c-4fb3-8979-c5d8d28661c7,1237 - One Bedroom Apartment Sea View,22e69912-2719-4499-992a-da09f47bcd80,true,2027-03-02,31
95afd264-2127-4448-bd85-9046dd61faf6,8450f49d-8d3c-4fb3-8979-c5d8d28661c7,1237 - One Bedroom Apartment Sea View,22e69912-2719-4499-992a-da09f47bcd80,true,2027-03-03,31
cd39c764-dfc3-47cc-a047-19fc22987cba,8450f49d-8d3c-4fb3-8979-c5d8d28661c7,1237 - One Bedroom Apartment Sea View,22e69912-2719-4499-992a-da09f47bcd80,true,2027-03-04,31
192748f7-de97-4e04-b94a-ff09595ef17c,8450f49d-8d3c-4fb3-8979-c5d8d28661c7,1237 - One Bedroom Apartment Sea View,22e69912-2719-4499-992a-da09f47bcd80,true,2027-03-05,31
c1e640eb-4d62-4f55-a9ff-9650ade91c8f,8450f49d-8d3c-4fb3-8979-c5d8d28661c7,1237 - One Bedroom Apartment Sea View,22e69912-2719-4499-992a-da09f47bcd80,true,2027-03-06,31
fe0a12c9-717d-440e-981c-b69675a4117d,8450f49d-8d3c-4fb3-8979-c5d8d28661c7,1237 - One Bedroom Apartment Sea View,22e69912-2719-4499-992a-da09f47bcd80,true,2027-03-07,31
59297816-1cfa-4399-8d69-fd5743c9a5d1,8450f49d-8d3c-4fb3-8979-c5d8d28661c7,1237 - One Bedroom Apartment Sea View,22e69912-2719-4499-992a-da09f47bcd80,true,2027-03-08,31
d4b04e17-7757-4485-af88-8dfe66d4dfeb,8450f49d-8d3c-4fb3-8979-c5d8d28661c7,1237 - One Bedroom Apartment Sea View,22e69912-2719-4499-992a-da09f47bcd80,true,2027-03-09,31
99861775-ecc3-41b4-954c-86829832fcab,8450f49d-8d3c-4fb3-8979-c5d8d28661c7,1237 - One Bedroom Apartment Sea View,22e69912-2719-4499-992a-da09f47bcd80,true,2027-03-10,31
3a1a6121-1368-4652-9b07-34c0f97b6261,8450f49d-8d3c-4fb3-8979-c5d8d28661c7,1237 - One Bedroom Apartment Sea View,22e69912-2719-4499-992a-da09f47bcd80,true,2027-03-11,31
1aebea22-2dc0-44b5-ac88-8f9331aa1c5d,8450f49d-8d3c-4fb3-8979-c5d8d28661c7,1237 - One Bedroom Apartment Sea View,22e69912-2719-4499-992a-da09f47bcd80,true,2027-03-12,31
cad4de23-4d3b-4d67-83c0-7a17c4a1f6a0,8450f49d-8d3c-4fb3-8979-c5d8d28661c7,1237 - One Bedroom Apartment Sea View,22e69912-2719-4499-992a-da09f47bcd80,true,2027-03-13,31
91a37540-d70b-4593-88f4-f35614581d33,8450f49d-8d3c-4fb3-8979-c5d8d28661c7,1237 - One Bedroom Apartment Sea View,22e69912-2719-4499-992a-da09f47bcd80,true,2027-03-14,31
654533c5-aef7-4b11-85bd-02def6257910,8450f49d-8d3c-4fb3-8979-c5d8d28661c7,1237 - One Bedroom Apartment Sea View,22e69912-2719-4499-992a-da09f47bcd80,true,2027-03-15,31
e9a43a71-542e-404b-bac9-abed9b0bac6b,8450f49d-8d3c-4fb3-8979-c5d8d28661c7,1237 - One Bedroom Apartment Sea View,22e69912-2719-4499-992a-da09f47bcd80,true,2027-03-16,31
58f7b2f9-af46-4dfc-ad85-711c35ae08f1,8450f49d-8d3c-4fb3-8979-c5d8d28661c7,1237 - One Bedroom Apartment Sea View,22e69912-2719-4499-992a-da09f47bcd80,true,2027-03-17,31
d0caf7ab-a5f9-4549-91de-b643aa1a2d6d,8450f49d-8d3c-4fb3-8979-c5d8d28661c7,1237 - One Bedroom Apartment Sea View,22e69912-2719-4499-992a-da09f47bcd80,true,2027-03-18,31
9f7b2a1a-1a5a-4f62-b6d9-2c96d208e830,8450f49d-8d3c-4fb3-8979-c5d8d28661c7,1237 - One Bedroom Apartment Sea View,22e69912-2719-4499-992a-da09f47bcd80,true,2027-03-19,31
aea64c60-7c29-4402-9cc2-929ab09e7f33,8450f49d-8d3c-4fb3-8979-c5d8d28661c7,1237 - One Bedroom Apartment Sea View,22e69912-2719-4499-992a-da09f47bcd80,true,2027-03-20,31
81a8585c-2805-4970-8487-c0d404cd5814,8450f49d-8d3c-4fb3-8979-c5d8d28661c7,1237 - One Bedroom Apartment Sea View,22e69912-2719-4499-992a-da09f47bcd80,true,2027-03-21,31
786594cb-20c6-46b4-93bc-e50c6e4bf3ec,8450f49d-8d3c-4fb3-8979-c5d8d28661c7,1237 - One Bedroom Apartment Sea View,22e69912-2719-4499-992a-da09f47bcd80,true,2027-03-22,31
1c414fdb-9a79-4bfb-a204-bdadcd9996b7,8450f49d-8d3c-4fb3-8979-c5d8d28661c7,1237 - One Bedroom Apartment Sea View,22e69912-2719-4499-992a-da09f47bcd80,true,2027-03-23,31
c66e3841-337f-480c-8279-278397c7c4b4,8450f49d-8d3c-4fb3-8979-c5d8d28661c7,1237 - One Bedroom Apartment Sea View,22e69912-2719-4499-992a-da09f47bcd80,true,2027-03-24,31
8f9e226a-6854-4c3c-bf39-eaf54851468b,8450f49d-8d3c-4fb3-8979-c5d8d28661c7,1237 - One Bedroom Apartment Sea View,22e69912-2719-4499-992a-da09f47bcd80,true,2027-03-25,31
14be0c68-e355-444e-9474-38f6c337a5e1,8450f49d-8d3c-4fb3-8979-c5d8d28661c7,1237 - One Bedroom Apartment Sea View,22e69912-2719-4499-992a-da09f47bcd80,true,2027-03-26,31
7d7b116b-8046-42c8-ac05-7f7d46d73733,8450f49d-8d3c-4fb3-8979-c5d8d28661c7,1237 - One Bedroom Apartment Sea View,22e69912-2719-4499-992a-da09f47bcd80,true,2027-03-27,31
c71ccf44-a215-4df8-9cd4-4437754d69d5,8450f49d-8d3c-4fb3-8979-c5d8d28661c7,1237 - One Bedroom Apartment Sea View,22e69912-2719-4499-992a-da09f47bcd80,true,2027-03-28,31
9d9bb03f-e5cb-400a-9924-810a7f7eaad8,8450f49d-8d3c-4fb3-8979-c5d8d28661c7,1237 - One Bedroom Apartment Sea View,22e69912-2719-4499-992a-da09f47bcd80,true,2027-03-29,31
cc41111f-83a4-480d-a147-0a95d96c7110,8450f49d-8d3c-4fb3-8979-c5d8d28661c7,1237 - One Bedroom Apartment Sea View,22e69912-2719-4499-992a-da09f47bcd80,true,2027-03-30,31
d4d8a1b7-ae50-4157-9629-95c4372018ed,8450f49d-8d3c-4fb3-8979-c5d8d28661c7,1237 - One Bedroom Apartment Sea View,22e69912-2719-4499-992a-da09f47bcd80,true,2027-03-31,31
4a827937-2228-4d0b-8594-3ef9fcb45394,8450f49d-8d3c-4fb3-8979-c5d8d28661c7,1237 - One Bedroom Apartment Sea View,22e69912-2719-4499-992a-da09f47bcd80,true,2027-04-01,31
7e66ef6c-384d-4c38-9579-24c19acaecf1,8450f49d-8d3c-4fb3-8979-c5d8d28661c7,1237 - One Bedroom Apartment Sea View,22e69912-2719-4499-992a-da09f47bcd80,true,2027-04-02,31
9c3d9021-1f9d-4717-83d3-ebb5d8e9e9f0,8450f49d-8d3c-4fb3-8979-c5d8d28661c7,1237 - One Bedroom Apartment Sea View,22e69912-2719-4499-992a-da09f47bcd80,true,2027-04-03,31
69828122-037e-4010-9b56-30d089b66ac0,8450f49d-8d3c-4fb3-8979-c5d8d28661c7,1237 - One Bedroom Apartment Sea View,22e69912-2719-4499-992a-da09f47bcd80,true,2027-04-04,31
ecf4a61e-3c7a-42be-b6ac-9ad5c60858e0,8450f49d-8d3c-4fb3-8979-c5d8d28661c7,1237 - One Bedroom Apartment Sea View,22e69912-2719-4499-992a-da09f47bcd80,true,2027-04-05,31
eb12f087-711c-4c2a-a137-52e9ccb7fc15,8450f49d-8d3c-4fb3-8979-c5d8d28661c7,1237 - One Bedroom Apartment Sea View,22e69912-2719-4499-992a-da09f47bcd80,true,2027-04-06,31
5f0d2b33-32de-40c2-8970-b0df9c12ccc1,8450f49d-8d3c-4fb3-8979-c5d8d28661c7,1237 - One Bedroom Apartment Sea View,22e69912-2719-4499-992a-da09f47bcd80,true,2027-04-07,31
c8672468-eea7-4ff5-88f0-78539f165263,8450f49d-8d3c-4fb3-8979-c5d8d28661c7,1237 - One Bedroom Apartment Sea View,22e69912-2719-4499-992a-da09f47bcd80,true,2027-04-08,31
ba90d00e-8498-4901-b741-0d6114af12e4,8450f49d-8d3c-4fb3-8979-c5d8d28661c7,1237 - One Bedroom Apartment Sea View,22e69912-2719-4499-992a-da09f47bcd80,true,2027-04-09,31
8281107f-3ce5-4698-a36c-48318b858417,8450f49d-8d3c-4fb3-8979-c5d8d28661c7,1237 - One Bedroom Apartment Sea View,22e69912-2719-4499-992a-da09f47bcd80,true,2027-04-10,31
68e9b354-7f3c-418a-a4b5-9b5675466f41,8450f49d-8d3c-4fb3-8979-c5d8d28661c7,1237 - One Bedroom Apartment Sea View,22e69912-2719-4499-992a-da09f47bcd80,true,2027-04-11,31
d42f77aa-8747-49fa-958b-1543bacb260f,8450f49d-8d3c-4fb3-8979-c5d8d28661c7,1237 - One Bedroom Apartment Sea View,22e69912-2719-4499-992a-da09f47bcd80,true,2027-04-12,31
bc838749-a46a-4cbd-ac4a-f61bae5f8ce3,8450f49d-8d3c-4fb3-8979-c5d8d28661c7,1237 - One Bedroom Apartment Sea View,22e69912-2719-4499-992a-da09f47bcd80,true,2027-04-13,31
95acc9a7-7677-4972-95ec-42b74610f18a,8450f49d-8d3c-4fb3-8979-c5d8d28661c7,1237 - One Bedroom Apartment Sea View,22e69912-2719-4499-992a-da09f47bcd80,true,2027-04-14,31
705ec9c0-e2e0-4fa1-a411-c65eb3878eca,8450f49d-8d3c-4fb3-8979-c5d8d28661c7,1237 - One Bedroom Apartment Sea View,22e69912-2719-4499-992a-da09f47bcd80,true,2027-04-15,31
c6f34fb1-cdba-49ad-af72-0fcbb014cfd5,8450f49d-8d3c-4fb3-8979-c5d8d28661c7,1237 - One Bedroom Apartment Sea View,22e69912-2719-4499-992a-da09f47bcd80,true,2027-04-16,31
43999631-facc-4684-9edc-9798221667e2,8450f49d-8d3c-4fb3-8979-c5d8d28661c7,1237 - One Bedroom Apartment Sea View,22e69912-2719-4499-992a-da09f47bcd80,true,2027-04-17,31
ec069c6d-badf-4f2a-93b1-366c824bc8d2,8450f49d-8d3c-4fb3-8979-c5d8d28661c7,1237 - One Bedroom Apartment Sea View,22e69912-2719-4499-992a-da09f47bcd80,true,2027-04-18,31
29eb4081-f6a2-4f07-95b6-98c59814893a,8450f49d-8d3c-4fb3-8979-c5d8d28661c7,1237 - One Bedroom Apartment Sea View,22e69912-2719-4499-992a-da09f47bcd80,true,2027-04-19,31
fe3fd5dc-6c68-4c19-b489-d90167d95998,8450f49d-8d3c-4fb3-8979-c5d8d28661c7,1237 - One Bedroom Apartment Sea View,22e69912-2719-4499-992a-da09f47bcd80,true,2027-04-20,31
0ce458dd-5d93-4816-b625-1acd24f13403,8450f49d-8d3c-4fb3-8979-c5d8d28661c7,1237 - One Bedroom Apartment Sea View,22e69912-2719-4499-992a-da09f47bcd80,true,2027-04-21,31
dd312b3b-184e-4722-b3d1-e2110f80d312,8450f49d-8d3c-4fb3-8979-c5d8d28661c7,1237 - One Bedroom Apartment Sea View,22e69912-2719-4499-992a-da09f47bcd80,true,2027-04-22,31
d5129dd3-9ca2-4393-a04b-4d4545c1b42e,8450f49d-8d3c-4fb3-8979-c5d8d28661c7,1237 - One Bedroom Apartment Sea View,22e69912-2719-4499-992a-da09f47bcd80,true,2027-04-23,31
676c6138-61bc-411e-ad4d-82adf0df1ff8,8450f49d-8d3c-4fb3-8979-c5d8d28661c7,1237 - One Bedroom Apartment Sea View,22e69912-2719-4499-992a-da09f47bcd80,true,2027-04-24,31
b5f9be38-7f7d-437a-96c6-c21e3ccc9277,8450f49d-8d3c-4fb3-8979-c5d8d28661c7,1237 - One Bedroom Apartment Sea View,22e69912-2719-4499-992a-da09f47bcd80,true,2027-04-25,31
b707ab29-51a7-44bc-9aa4-8bead6f9b2a2,8450f49d-8d3c-4fb3-8979-c5d8d28661c7,1237 - One Bedroom Apartment Sea View,22e69912-2719-4499-992a-da09f47bcd80,true,2027-04-26,31
e63334f0-d006-4595-bb47-eb5d182df1dc,8450f49d-8d3c-4fb3-8979-c5d8d28661c7,1237 - One Bedroom Apartment Sea View,22e69912-2719-4499-992a-da09f47bcd80,true,2027-04-27,31
58d76f30-634e-4cf3-98b1-3dcace6df4ac,8450f49d-8d3c-4fb3-8979-c5d8d28661c7,1237 - One Bedroom Apartment Sea View,22e69912-2719-4499-992a-da09f47bcd80,true,2027-04-28,31
e7674ddc-20c3-4864-8959-6a9a96fa8210,8450f49d-8d3c-4fb3-8979-c5d8d28661c7,1237 - One Bedroom Apartment Sea View,22e69912-2719-4499-992a-da09f47bcd80,true,2027-04-29,31
1910df42-ad16-40bf-962b-af814be6eabf,8450f49d-8d3c-4fb3-8979-c5d8d28661c7,1237 - One Bedroom Apartment Sea View,22e69912-2719-4499-992a-da09f47bcd80,true,2027-04-30,31
ed0f4090-7c15-429d-8713-0d9a0ccf7c90,8450f49d-8d3c-4fb3-8979-c5d8d28661c7,1237 - One Bedroom Apartment Sea View,22e69912-2719-4499-992a-da09f47bcd80,true,2027-05-01,31
434331fe-eb20-49e0-a7e6-a2b84484a34e,8450f49d-8d3c-4fb3-8979-c5d8d28661c7,1237 - One Bedroom Apartment Sea View,22e69912-2719-4499-992a-da09f47bcd80,true,2027-05-02,31
fc96eae0-32dc-45f7-995e-6dc61f845518,8450f49d-8d3c-4fb3-8979-c5d8d28661c7,1237 - One Bedroom Apartment Sea View,22e69912-2719-4499-992a-da09f47bcd80,true,2027-05-03,31
7a8684ea-80cc-4bfe-8632-0a0e4c6a095d,8450f49d-8d3c-4fb3-8979-c5d8d28661c7,1237 - One Bedroom Apartment Sea View,22e69912-2719-4499-992a-da09f47bcd80,true,2027-05-04,31
0539e6db-1d2a-48d8-b433-3e6a90e32c2b,8450f49d-8d3c-4fb3-8979-c5d8d28661c7,1237 - One Bedroom Apartment Sea View,22e69912-2719-4499-992a-da09f47bcd80,true,2027-05-05,31
f4f06d01-454f-4a67-8449-908dd5f25b49,8450f49d-8d3c-4fb3-8979-c5d8d28661c7,1237 - One Bedroom Apartment Sea View,22e69912-2719-4499-992a-da09f47bcd80,true,2027-05-06,31
33b438d1-2089-4397-b668-fc7e198661b5,8450f49d-8d3c-4fb3-8979-c5d8d28661c7,1237 - One Bedroom Apartment Sea View,22e69912-2719-4499-992a-da09f47bcd80,true,2027-05-07,31
d156f5cf-6dd2-46e8-a957-593fd1f78b02,8450f49d-8d3c-4fb3-8979-c5d8d28661c7,1237 - One Bedroom Apartment Sea View,22e69912-2719-4499-992a-da09f47bcd80,true,2027-05-08,31
7a716424-510b-481f-9536-1fa94b8683c3,8450f49d-8d3c-4fb3-8979-c5d8d28661c7,1237 - One Bedroom Apartment Sea View,22e69912-2719-4499-992a-da09f47bcd80,true,2027-05-09,31
914f708e-4782-4280-8507-30d2ec79be1e,8450f49d-8d3c-4fb3-8979-c5d8d28661c7,1237 - One Bedroom Apartment Sea View,22e69912-2719-4499-992a-da09f47bcd80,true,2027-05-10,31
3b77ff35-3102-4e42-8bfe-49be0d0a782a,8450f49d-8d3c-4fb3-8979-c5d8d28661c7,1237 - One Bedroom Apartment Sea View,22e69912-2719-4499-992a-da09f47bcd80,true,2027-05-11,31
835a1ddf-4108-4843-bdbd-5f59a2e49532,8450f49d-8d3c-4fb3-8979-c5d8d28661c7,1237 - One Bedroom Apartment Sea View,22e69912-2719-4499-992a-da09f47bcd80,true,2027-05-12,31
91315b85-1d4d-4169-afd8-705293a37ef6,8450f49d-8d3c-4fb3-8979-c5d8d28661c7,1237 - One Bedroom Apartment Sea View,22e69912-2719-4499-992a-da09f47bcd80,true,2027-05-13,31
9eee1845-7f54-4fe8-a42e-cab303ab1158,8450f49d-8d3c-4fb3-8979-c5d8d28661c7,1237 - One Bedroom Apartment Sea View,22e69912-2719-4499-992a-da09f47bcd80,true,2027-05-14,31
22f93eea-cceb-45bc-b9fd-a3d17a3eb108,8450f49d-8d3c-4fb3-8979-c5d8d28661c7,1237 - One Bedroom Apartment Sea View,22e69912-2719-4499-992a-da09f47bcd80,true,2027-05-15,31
5081bf15-8f6b-4bec-aacb-565b4a6e83f4,8450f49d-8d3c-4fb3-8979-c5d8d28661c7,1237 - One Bedroom Apartment Sea View,22e69912-2719-4499-992a-da09f47bcd80,true,2027-05-16,31
f3091eb3-457a-4cc0-8c95-f9ab2e00a8cc,8450f49d-8d3c-4fb3-8979-c5d8d28661c7,1237 - One Bedroom Apartment Sea View,22e69912-2719-4499-992a-da09f47bcd80,true,2027-05-17,31
0dfcfef9-d4e4-4edd-b311-d201b292eb39,8450f49d-8d3c-4fb3-8979-c5d8d28661c7,1237 - One Bedroom Apartment Sea View,22e69912-2719-4499-992a-da09f47bcd80,true,2027-05-18,31
3da6612f-c257-4125-863e-11756171a610,8450f49d-8d3c-4fb3-8979-c5d8d28661c7,1237 - One Bedroom Apartment Sea View,22e69912-2719-4499-992a-da09f47bcd80,true,2027-05-19,31
9ba9bde0-9a8a-4a55-ab48-c3039629f2bf,8450f49d-8d3c-4fb3-8979-c5d8d28661c7,1237 - One Bedroom Apartment Sea View,22e69912-2719-4499-992a-da09f47bcd80,true,2027-05-20,31
fe0c9dc6-b3b1-4418-99c4-16452e4c04d6,8450f49d-8d3c-4fb3-8979-c5d8d28661c7,1237 - One Bedroom Apartment Sea View,22e69912-2719-4499-992a-da09f47bcd80,true,2027-05-21,31
c9d8cd80-4864-4e34-8529-1f60faed542a,8450f49d-8d3c-4fb3-8979-c5d8d28661c7,1237 - One Bedroom Apartment Sea View,22e69912-2719-4499-992a-da09f47bcd80,true,2027-05-22,31
dfa18706-8231-468e-af41-9a1b909b6c3b,8450f49d-8d3c-4fb3-8979-c5d8d28661c7,1237 - One Bedroom Apartment Sea View,22e69912-2719-4499-992a-da09f47bcd80,true,2027-05-23,31
4311a20c-7873-4354-a990-31fd13f15dc5,8450f49d-8d3c-4fb3-8979-c5d8d28661c7,1237 - One Bedroom Apartment Sea View,22e69912-2719-4499-992a-da09f47bcd80,true,2027-05-24,31
e3f415cd-60b1-4d4c-9169-725b8d75069a,8450f49d-8d3c-4fb3-8979-c5d8d28661c7,1237 - One Bedroom Apartment Sea View,22e69912-2719-4499-992a-da09f47bcd80,true,2027-05-25,31
89d25089-7b6d-48fb-b0d5-cdd7d6c166eb,8450f49d-8d3c-4fb3-8979-c5d8d28661c7,1237 - One Bedroom Apartment Sea View,22e69912-2719-4499-992a-da09f47bcd80,true,2027-05-26,31
9c61c96b-eb31-4c9f-925c-176aaf40fb2d,8450f49d-8d3c-4fb3-8979-c5d8d28661c7,1237 - One Bedroom Apartment Sea View,22e69912-2719-4499-992a-da09f47bcd80,true,2027-05-27,31
1b2a144c-4d2c-467e-8d90-a36d38c5446a,8450f49d-8d3c-4fb3-8979-c5d8d28661c7,1237 - One Bedroom Apartment Sea View,22e69912-2719-4499-992a-da09f47bcd80,true,2027-05-28,31
81dadcbb-fbe5-4b66-af7b-3ac6a7de8af0,8450f49d-8d3c-4fb3-8979-c5d8d28661c7,1237 - One Bedroom Apartment Sea View,22e69912-2719-4499-992a-da09f47bcd80,true,2027-05-29,31
a84fce81-4fe6-4343-b109-522bd13dd5ca,8450f49d-8d3c-4fb3-8979-c5d8d28661c7,1237 - One Bedroom Apartment Sea View,22e69912-2719-4499-992a-da09f47bcd80,true,2027-05-30,31
28a4d417-2995-4a2f-a8a5-02a605a82c10,8450f49d-8d3c-4fb3-8979-c5d8d28661c7,1237 - One Bedroom Apartment Sea View,22e69912-2719-4499-992a-da09f47bcd80,true,2027-05-31,31
21f17deb-626b-4372-8533-40b237a40015,8450f49d-8d3c-4fb3-8979-c5d8d28661c7,1237 - One Bedroom Apartment Sea View,22e69912-2719-4499-992a-da09f47bcd80,true,2027-06-01,31
df36e1e2-4c99-42ce-99fe-9d71ebeed376,8450f49d-8d3c-4fb3-8979-c5d8d28661c7,1237 - One Bedroom Apartment Sea View,22e69912-2719-4499-992a-da09f47bcd80,true,2027-06-02,31
1684e296-4241-423b-9fc5-79531d4538cb,8450f49d-8d3c-4fb3-8979-c5d8d28661c7,1237 - One Bedroom Apartment Sea View,22e69912-2719-4499-992a-da09f47bcd80,true,2027-06-03,31
04ee3b63-11f6-4053-8df5-e4a84fe5a9ba,8450f49d-8d3c-4fb3-8979-c5d8d28661c7,1237 - One Bedroom Apartment Sea View,22e69912-2719-4499-992a-da09f47bcd80,true,2027-06-04,31
0154a0d5-518f-4779-953c-06197eead447,8450f49d-8d3c-4fb3-8979-c5d8d28661c7,1237 - One Bedroom Apartment Sea View,22e69912-2719-4499-992a-da09f47bcd80,true,2027-06-05,31
9141ee0f-79d8-412c-94fe-7d8bd6648453,8450f49d-8d3c-4fb3-8979-c5d8d28661c7,1237 - One Bedroom Apartment Sea View,22e69912-2719-4499-992a-da09f47bcd80,true,2027-06-06,31
ff2c9b69-ae50-4f15-ab76-294ac608b4c9,8450f49d-8d3c-4fb3-8979-c5d8d28661c7,1237 - One Bedroom Apartment Sea View,22e69912-2719-4499-992a-da09f47bcd80,true,2027-06-07,31
4eb27dcc-f4ea-45a3-81aa-281187deb045,8450f49d-8d3c-4fb3-8979-c5d8d28661c7,1237 - One Bedroom Apartment Sea View,22e69912-2719-4499-992a-da09f47bcd80,true,2027-06-08,31
9d6e4dea-0067-4daa-a576-ccf61f9935a2,8450f49d-8d3c-4fb3-8979-c5d8d28661c7,1237 - One Bedroom Apartment Sea View,22e69912-2719-4499-992a-da09f47bcd80,true,2027-06-09,31
42c62342-caa4-4c83-af24-a4a1a4086b5d,8450f49d-8d3c-4fb3-8979-c5d8d28661c7,1237 - One Bedroom Apartment Sea View,22e69912-2719-4499-992a-da09f47bcd80,true,2027-06-10,31
dc9baa92-1782-4406-a21a-e8b3cdca257e,8450f49d-8d3c-4fb3-8979-c5d8d28661c7,1237 - One Bedroom Apartment Sea View,22e69912-2719-4499-992a-da09f47bcd80,true,2027-06-11,31
88572b5c-d125-4674-ab8a-5cb2d3b08816,8450f49d-8d3c-4fb3-8979-c5d8d28661c7,1237 - One Bedroom Apartment Sea View,22e69912-2719-4499-992a-da09f47bcd80,true,2027-06-12,31
c0fc3795-9008-4fe7-8174-51bca186e87f,8450f49d-8d3c-4fb3-8979-c5d8d28661c7,1237 - One Bedroom Apartment Sea View,22e69912-2719-4499-992a-da09f47bcd80,true,2027-06-13,31
02330963-4020-49e5-90bb-4ded20460fb7,8450f49d-8d3c-4fb3-8979-c5d8d28661c7,1237 - One Bedroom Apartment Sea View,22e69912-2719-4499-992a-da09f47bcd80,true,2027-06-14,31
d707f5a5-13d5-4d2c-9981-27738bec1a3b,8450f49d-8d3c-4fb3-8979-c5d8d28661c7,1237 - One Bedroom Apartment Sea View,22e69912-2719-4499-992a-da09f47bcd80,true,2027-06-15,31
c62c210e-9abe-48d5-9396-5a54f44c5477,8450f49d-8d3c-4fb3-8979-c5d8d28661c7,1237 - One Bedroom Apartment Sea View,22e69912-2719-4499-992a-da09f47bcd80,true,2027-06-16,31
bdd6340c-ec7d-4423-aa14-c6aaeeb5403c,8450f49d-8d3c-4fb3-8979-c5d8d28661c7,1237 - One Bedroom Apartment Sea View,22e69912-2719-4499-992a-da09f47bcd80,true,2027-06-17,31
949db4b0-064e-490a-8df1-7b99624d38b6,8450f49d-8d3c-4fb3-8979-c5d8d28661c7,1237 - One Bedroom Apartment Sea View,22e69912-2719-4499-992a-da09f47bcd80,true,2027-06-18,31
8546d396-8c00-43f0-b9c0-f4c5e361352a,8450f49d-8d3c-4fb3-8979-c5d8d28661c7,1237 - One Bedroom Apartment Sea View,22e69912-2719-4499-992a-da09f47bcd80,true,2027-06-19,31
b958e243-be44-480b-bc36-c9c064d1076f,8450f49d-8d3c-4fb3-8979-c5d8d28661c7,1237 - One Bedroom Apartment Sea View,22e69912-2719-4499-992a-da09f47bcd80,true,2027-06-20,31
dfb4db36-3654-42c5-aaa2-e2e1903eb1b7,8450f49d-8d3c-4fb3-8979-c5d8d28661c7,1237 - One Bedroom Apartment Sea View,22e69912-2719-4499-992a-da09f47bcd80,true,2027-06-21,31
d3cf2631-26bc-417f-90d4-edf1fbefa5e8,8450f49d-8d3c-4fb3-8979-c5d8d28661c7,1237 - One Bedroom Apartment Sea View,22e69912-2719-4499-992a-da09f47bcd80,true,2027-06-22,31
2772aedf-99f7-4fbf-a896-866f1aa64ec4,8450f49d-8d3c-4fb3-8979-c5d8d28661c7,1237 - One Bedroom Apartment Sea View,22e69912-2719-4499-992a-da09f47bcd80,true,2027-06-23,31
603cd221-1d8d-4f30-829a-d512cd6a9209,8450f49d-8d3c-4fb3-8979-c5d8d28661c7,1237 - One Bedroom Apartment Sea View,22e69912-2719-4499-992a-da09f47bcd80,true,2027-06-24,31
0c7d5ad6-a833-416e-bf0f-416091b395be,8450f49d-8d3c-4fb3-8979-c5d8d28661c7,1237 - One Bedroom Apartment Sea View,22e69912-2719-4499-992a-da09f47bcd80,true,2027-06-25,31
cb0e1326-5e0e-4d24-83b1-2b911bc35539,8450f49d-8d3c-4fb3-8979-c5d8d28661c7,1237 - One Bedroom Apartment Sea View,22e69912-2719-4499-992a-da09f47bcd80,true,2027-06-26,31
577badf0-8c29-4fe3-9067-2e050d6aa76e,8450f49d-8d3c-4fb3-8979-c5d8d28661c7,1237 - One Bedroom Apartment Sea View,22e69912-2719-4499-992a-da09f47bcd80,true,2027-06-27,31
e39c8018-00b3-446a-8099-688f43c82e3d,8450f49d-8d3c-4fb3-8979-c5d8d28661c7,1237 - One Bedroom Apartment Sea View,22e69912-2719-4499-992a-da09f47bcd80,true,2027-06-28,31
721d9f97-dc1f-4637-8fb3-5abbfbed00ca,8450f49d-8d3c-4fb3-8979-c5d8d28661c7,1237 - One Bedroom Apartment Sea View,22e69912-2719-4499-992a-da09f47bcd80,true,2027-06-29,31
991dd1ec-896c-4fab-9d71-22796a08f646,8450f49d-8d3c-4fb3-8979-c5d8d28661c7,1237 - One Bedroom Apartment Sea View,22e69912-2719-4499-992a-da09f47bcd80,true,2027-06-30,31
9a7b7495-c084-4376-a8bc-ce15d4b0fb0a,8450f49d-8d3c-4fb3-8979-c5d8d28661c7,1237 - One Bedroom Apartment Sea View,22e69912-2719-4499-992a-da09f47bcd80,true,2027-07-01,31
25040526-1035-40e4-a88c-1b2a45f4d048,8450f49d-8d3c-4fb3-8979-c5d8d28661c7,1237 - One Bedroom Apartment Sea View,22e69912-2719-4499-992a-da09f47bcd80,true,2027-07-02,31
50525f58-73be-4957-aaf8-fbc4aad2af3e,8450f49d-8d3c-4fb3-8979-c5d8d28661c7,1237 - One Bedroom Apartment Sea View,22e69912-2719-4499-992a-da09f47bcd80,true,2027-07-03,31
30aa573e-87ab-40ee-acf5-27676165ccc2,8450f49d-8d3c-4fb3-8979-c5d8d28661c7,1237 - One Bedroom Apartment Sea View,22e69912-2719-4499-992a-da09f47bcd80,true,2027-07-04,31
82cfc5af-43ee-4b66-a75e-6e1c8c5087b3,8450f49d-8d3c-4fb3-8979-c5d8d28661c7,1237 - One Bedroom Apartment Sea View,22e69912-2719-4499-992a-da09f47bcd80,true,2027-07-05,31
2b30b814-e9f0-4bb2-8c76-6ebc655b1ec8,8450f49d-8d3c-4fb3-8979-c5d8d28661c7,1237 - One Bedroom Apartment Sea View,22e69912-2719-4499-992a-da09f47bcd80,true,2027-07-06,31
f8deb6e5-ef93-4bdc-9baf-c98421345068,8450f49d-8d3c-4fb3-8979-c5d8d28661c7,1237 - One Bedroom Apartment Sea View,22e69912-2719-4499-992a-da09f47bcd80,true,2027-07-07,31
1dcf70e9-0177-47df-b989-13730f6c713e,8450f49d-8d3c-4fb3-8979-c5d8d28661c7,1237 - One Bedroom Apartment Sea View,22e69912-2719-4499-992a-da09f47bcd80,true,2027-07-08,31
ba8ec07d-989f-48d7-9053-d4a76779c580,8450f49d-8d3c-4fb3-8979-c5d8d28661c7,1237 - One Bedroom Apartment Sea View,22e69912-2719-4499-992a-da09f47bcd80,true,2027-07-09,31
7f35c131-423c-46c4-8c23-41b92d3df387,8450f49d-8d3c-4fb3-8979-c5d8d28661c7,1237 - One Bedroom Apartment Sea View,22e69912-2719-4499-992a-da09f47bcd80,true,2027-07-10,31
4f0ab578-cc81-4915-92ec-031d43bdf3d4,8450f49d-8d3c-4fb3-8979-c5d8d28661c7,1237 - One Bedroom Apartment Sea View,22e69912-2719-4499-992a-da09f47bcd80,true,2027-07-11,31
a9d5d4de-4238-47c0-8cac-5fde6d8dd5ae,8450f49d-8d3c-4fb3-8979-c5d8d28661c7,1237 - One Bedroom Apartment Sea View,22e69912-2719-4499-992a-da09f47bcd80,true,2027-07-12,31
e0eebbc7-2485-479a-ae7c-0ef0de413a34,8450f49d-8d3c-4fb3-8979-c5d8d28661c7,1237 - One Bedroom Apartment Sea View,22e69912-2719-4499-992a-da09f47bcd80,true,2027-07-13,31
cfd2b76a-4d6e-4bc6-9d41-da84a4e11b53,8450f49d-8d3c-4fb3-8979-c5d8d28661c7,1237 - One Bedroom Apartment Sea View,22e69912-2719-4499-992a-da09f47bcd80,true,2027-07-14,31
c049a45d-b10a-4c99-a770-f7dfaebd2a8f,8450f49d-8d3c-4fb3-8979-c5d8d28661c7,1237 - One Bedroom Apartment Sea View,22e69912-2719-4499-992a-da09f47bcd80,true,2027-07-15,31
19944b61-de5b-42a1-bfe3-833111adcebe,8450f49d-8d3c-4fb3-8979-c5d8d28661c7,1237 - One Bedroom Apartment Sea View,22e69912-2719-4499-992a-da09f47bcd80,true,2027-07-16,31
bd5f24b5-8735-4810-855d-80eac7bba3a5,8450f49d-8d3c-4fb3-8979-c5d8d28661c7,1237 - One Bedroom Apartment Sea View,22e69912-2719-4499-992a-da09f47bcd80,true,2027-07-17,31
c9c3d812-377c-4a29-a580-c84600599a74,8450f49d-8d3c-4fb3-8979-c5d8d28661c7,1237 - One Bedroom Apartment Sea View,22e69912-2719-4499-992a-da09f47bcd80,true,2027-07-18,31
e8f7fafc-63ac-4131-bc9a-7bf85fa90a74,8450f49d-8d3c-4fb3-8979-c5d8d28661c7,1237 - One Bedroom Apartment Sea View,22e69912-2719-4499-992a-da09f47bcd80,true,2027-07-19,31
afdc3d24-66d3-4087-ab32-d0dfa91fe6e9,8450f49d-8d3c-4fb3-8979-c5d8d28661c7,1237 - One Bedroom Apartment Sea View,22e69912-2719-4499-992a-da09f47bcd80,true,2027-07-20,31
15450e52-3010-4eac-a8d2-82f3b74a1e39,8450f49d-8d3c-4fb3-8979-c5d8d28661c7,1237 - One Bedroom Apartment Sea View,22e69912-2719-4499-992a-da09f47bcd80,true,2027-07-21,31
d7bb93a8-7710-4b18-b50c-82575b3653b4,8450f49d-8d3c-4fb3-8979-c5d8d28661c7,1237 - One Bedroom Apartment Sea View,22e69912-2719-4499-992a-da09f47bcd80,true,2027-07-22,31
fea5c115-9dbd-49d8-96c0-d87b124f1326,8450f49d-8d3c-4fb3-8979-c5d8d28661c7,1237 - One Bedroom Apartment Sea View,22e69912-2719-4499-992a-da09f47bcd80,true,2027-07-23,31
7e021032-a575-485c-8933-74879f892816,8450f49d-8d3c-4fb3-8979-c5d8d28661c7,1237 - One Bedroom Apartment Sea View,22e69912-2719-4499-992a-da09f47bcd80,true,2027-07-24,31
e5a01410-7287-48a3-85c9-ce92b67e10cc,8450f49d-8d3c-4fb3-8979-c5d8d28661c7,1237 - One Bedroom Apartment Sea View,22e69912-2719-4499-992a-da09f47bcd80,true,2027-07-25,31
b9815192-1d1d-44cc-9b1d-60e3d5f77540,8450f49d-8d3c-4fb3-8979-c5d8d28661c7,1237 - One Bedroom Apartment Sea View,22e69912-2719-4499-992a-da09f47bcd80,true,2027-07-26,31
a2f649a0-9264-4483-b77c-6328f23927c7,8450f49d-8d3c-4fb3-8979-c5d8d28661c7,1237 - One Bedroom Apartment Sea View,22e69912-2719-4499-992a-da09f47bcd80,true,2027-07-27,31
91a1996b-4dda-46c7-b2bf-765015d78984,8450f49d-8d3c-4fb3-8979-c5d8d28661c7,1237 - One Bedroom Apartment Sea View,22e69912-2719-4499-992a-da09f47bcd80,true,2027-07-28,31
8ad28a3d-7608-49c9-9b17-bac3bb494645,8450f49d-8d3c-4fb3-8979-c5d8d28661c7,1237 - One Bedroom Apartment Sea View,22e69912-2719-4499-992a-da09f47bcd80,true,2027-07-29,31
72480a48-35cb-4496-bcd4-1b63d5468850,8450f49d-8d3c-4fb3-8979-c5d8d28661c7,1237 - One Bedroom Apartment Sea View,22e69912-2719-4499-992a-da09f47bcd80,true,2027-07-30,31
4cc286a5-b334-43d9-9e8b-524ed725d629,8450f49d-8d3c-4fb3-8979-c5d8d28661c7,1237 - One Bedroom Apartment Sea View,22e69912-2719-4499-992a-da09f47bcd80,true,2027-07-31,31
9e2fd72a-ae5c-4e2c-bbc7-6aae36263560,8450f49d-8d3c-4fb3-8979-c5d8d28661c7,1237 - One Bedroom Apartment Sea View,22e69912-2719-4499-992a-da09f47bcd80,true,2027-08-01,31
e1aed308-ff49-4c9b-8496-5df3e91a6492,8450f49d-8d3c-4fb3-8979-c5d8d28661c7,1237 - One Bedroom Apartment Sea View,22e69912-2719-4499-992a-da09f47bcd80,true,2027-08-02,31
b10a8b71-e3f6-48e0-8139-553fc41c0d75,8450f49d-8d3c-4fb3-8979-c5d8d28661c7,1237 - One Bedroom Apartment Sea View,22e69912-2719-4499-992a-da09f47bcd80,true,2027-08-03,31
bc168c3c-3b6e-40ec-a9e5-d64ed4c48c9f,fc7bfda0-3e8b-4ec5-bb25-92a0db11358b,1238 - Studio Delux,0742fe92-ec9b-4592-8e45-9e17ffc5e172,true,2026-07-05,31
af9ed23b-e82f-4d2b-a6a7-72ebf85cc53f,fc7bfda0-3e8b-4ec5-bb25-92a0db11358b,1238 - Studio Delux,0742fe92-ec9b-4592-8e45-9e17ffc5e172,true,2026-07-06,31
239f52c5-16d9-408c-a7b7-b312b83a64f2,fc7bfda0-3e8b-4ec5-bb25-92a0db11358b,1238 - Studio Delux,0742fe92-ec9b-4592-8e45-9e17ffc5e172,true,2026-07-07,31
c783b69a-9fed-4def-a30b-43f643a11692,fc7bfda0-3e8b-4ec5-bb25-92a0db11358b,1238 - Studio Delux,0742fe92-ec9b-4592-8e45-9e17ffc5e172,true,2026-07-08,31
e3601e28-53a6-44be-a14d-109f94b1e0f8,fc7bfda0-3e8b-4ec5-bb25-92a0db11358b,1238 - Studio Delux,0742fe92-ec9b-4592-8e45-9e17ffc5e172,true,2026-07-09,31
39179cb2-d9bf-4a3c-bc06-e621013c38d4,fc7bfda0-3e8b-4ec5-bb25-92a0db11358b,1238 - Studio Delux,0742fe92-ec9b-4592-8e45-9e17ffc5e172,true,2026-07-10,31
906f52a1-9fa0-4f92-863f-5e36e84b63b2,fc7bfda0-3e8b-4ec5-bb25-92a0db11358b,1238 - Studio Delux,0742fe92-ec9b-4592-8e45-9e17ffc5e172,true,2026-07-11,31
991b62dc-56dc-4de4-806a-5baa517dea12,fc7bfda0-3e8b-4ec5-bb25-92a0db11358b,1238 - Studio Delux,0742fe92-ec9b-4592-8e45-9e17ffc5e172,true,2026-07-12,31
cc8f14a6-7549-4edc-b0ba-c6db48f0f278,fc7bfda0-3e8b-4ec5-bb25-92a0db11358b,1238 - Studio Delux,0742fe92-ec9b-4592-8e45-9e17ffc5e172,true,2026-07-13,31
bc75c9bf-ba7a-4492-8a24-0c0b3dae9369,fc7bfda0-3e8b-4ec5-bb25-92a0db11358b,1238 - Studio Delux,0742fe92-ec9b-4592-8e45-9e17ffc5e172,true,2026-07-14,31
40d43b29-0616-4b1c-a51d-21ee51996e8d,fc7bfda0-3e8b-4ec5-bb25-92a0db11358b,1238 - Studio Delux,0742fe92-ec9b-4592-8e45-9e17ffc5e172,true,2026-07-15,31
ffa5a57f-34e1-427b-9626-a0ca144dfdb4,fc7bfda0-3e8b-4ec5-bb25-92a0db11358b,1238 - Studio Delux,0742fe92-ec9b-4592-8e45-9e17ffc5e172,true,2026-07-16,31
6b13eaa1-afa1-4a96-8073-c1debb94307b,fc7bfda0-3e8b-4ec5-bb25-92a0db11358b,1238 - Studio Delux,0742fe92-ec9b-4592-8e45-9e17ffc5e172,true,2026-07-17,31
2e24fc58-a7b6-43af-a7c3-3d2bbeb02fc1,fc7bfda0-3e8b-4ec5-bb25-92a0db11358b,1238 - Studio Delux,0742fe92-ec9b-4592-8e45-9e17ffc5e172,true,2026-07-18,31
b1923d35-7054-46a8-bacf-b192c7b7b6c4,fc7bfda0-3e8b-4ec5-bb25-92a0db11358b,1238 - Studio Delux,0742fe92-ec9b-4592-8e45-9e17ffc5e172,true,2026-07-19,31
a36164ae-d01f-45d9-a11b-3e740f48dde4,fc7bfda0-3e8b-4ec5-bb25-92a0db11358b,1238 - Studio Delux,0742fe92-ec9b-4592-8e45-9e17ffc5e172,true,2026-07-20,31
20a8c8bf-5230-4e65-9d80-b42e18ce59dd,fc7bfda0-3e8b-4ec5-bb25-92a0db11358b,1238 - Studio Delux,0742fe92-ec9b-4592-8e45-9e17ffc5e172,true,2026-07-21,31
9e018b18-2f0c-44a4-9a58-179dbac5a518,fc7bfda0-3e8b-4ec5-bb25-92a0db11358b,1238 - Studio Delux,0742fe92-ec9b-4592-8e45-9e17ffc5e172,true,2026-07-22,31
d0b315cb-384b-4a1c-873a-a71e1142b7f3,fc7bfda0-3e8b-4ec5-bb25-92a0db11358b,1238 - Studio Delux,0742fe92-ec9b-4592-8e45-9e17ffc5e172,true,2026-07-23,31
581db5a3-1381-4972-8da1-49c264d940fc,fc7bfda0-3e8b-4ec5-bb25-92a0db11358b,1238 - Studio Delux,0742fe92-ec9b-4592-8e45-9e17ffc5e172,true,2026-07-24,31
6e69c12b-2e67-4dc1-ace4-37aadc34d58b,fc7bfda0-3e8b-4ec5-bb25-92a0db11358b,1238 - Studio Delux,0742fe92-ec9b-4592-8e45-9e17ffc5e172,true,2026-07-25,31
9225fdd4-0371-4cec-8fef-f52e13454a1e,fc7bfda0-3e8b-4ec5-bb25-92a0db11358b,1238 - Studio Delux,0742fe92-ec9b-4592-8e45-9e17ffc5e172,true,2026-07-26,31
17059466-915e-4041-be5f-0a506c648f5c,fc7bfda0-3e8b-4ec5-bb25-92a0db11358b,1238 - Studio Delux,0742fe92-ec9b-4592-8e45-9e17ffc5e172,true,2026-07-27,31
cc9e10fa-066c-4b66-99f7-0ae5b931300c,fc7bfda0-3e8b-4ec5-bb25-92a0db11358b,1238 - Studio Delux,0742fe92-ec9b-4592-8e45-9e17ffc5e172,true,2026-07-28,31
ea44a0eb-f949-4a8a-8aa7-ef6c00af280b,fc7bfda0-3e8b-4ec5-bb25-92a0db11358b,1238 - Studio Delux,0742fe92-ec9b-4592-8e45-9e17ffc5e172,true,2026-07-29,31
b5ac2c18-1817-4ff2-8a6b-eb6e2822626d,fc7bfda0-3e8b-4ec5-bb25-92a0db11358b,1238 - Studio Delux,0742fe92-ec9b-4592-8e45-9e17ffc5e172,true,2026-07-30,31
e717fa97-1c84-42ae-93b8-65d2655aa5ff,fc7bfda0-3e8b-4ec5-bb25-92a0db11358b,1238 - Studio Delux,0742fe92-ec9b-4592-8e45-9e17ffc5e172,true,2026-07-31,31
6c04ed3c-7409-410c-b25b-0e9f4581713b,fc7bfda0-3e8b-4ec5-bb25-92a0db11358b,1238 - Studio Delux,0742fe92-ec9b-4592-8e45-9e17ffc5e172,true,2026-08-01,31
0b4d09cc-c74f-4c48-9e82-a976eeb97481,fc7bfda0-3e8b-4ec5-bb25-92a0db11358b,1238 - Studio Delux,0742fe92-ec9b-4592-8e45-9e17ffc5e172,true,2026-08-02,31
e4072dfd-7b35-4205-9725-d881f89aa8dc,fc7bfda0-3e8b-4ec5-bb25-92a0db11358b,1238 - Studio Delux,0742fe92-ec9b-4592-8e45-9e17ffc5e172,true,2026-08-03,31
809792e5-b8a7-427f-ac68-f880a6897738,fc7bfda0-3e8b-4ec5-bb25-92a0db11358b,1238 - Studio Delux,0742fe92-ec9b-4592-8e45-9e17ffc5e172,true,2026-08-04,31
cceecbe1-f1bf-441a-9093-94789aa992d7,fc7bfda0-3e8b-4ec5-bb25-92a0db11358b,1238 - Studio Delux,0742fe92-ec9b-4592-8e45-9e17ffc5e172,true,2026-08-05,31
fe0515ae-f03e-493a-adf3-171f1de80ff8,fc7bfda0-3e8b-4ec5-bb25-92a0db11358b,1238 - Studio Delux,0742fe92-ec9b-4592-8e45-9e17ffc5e172,true,2026-08-06,31
312d5579-abdb-4720-bf45-02f5f8d323ef,fc7bfda0-3e8b-4ec5-bb25-92a0db11358b,1238 - Studio Delux,0742fe92-ec9b-4592-8e45-9e17ffc5e172,true,2026-08-07,31
01822399-905c-4eb6-9c25-4b96af8c2b42,fc7bfda0-3e8b-4ec5-bb25-92a0db11358b,1238 - Studio Delux,0742fe92-ec9b-4592-8e45-9e17ffc5e172,true,2026-08-08,31
72d32e60-919b-459f-8f8c-a519790b9760,fc7bfda0-3e8b-4ec5-bb25-92a0db11358b,1238 - Studio Delux,0742fe92-ec9b-4592-8e45-9e17ffc5e172,true,2026-08-09,31
1b788df2-af8a-43fc-9feb-c7371aa6abb1,fc7bfda0-3e8b-4ec5-bb25-92a0db11358b,1238 - Studio Delux,0742fe92-ec9b-4592-8e45-9e17ffc5e172,true,2026-08-10,31
7c6cfca1-0b8c-4917-a969-3ec6b68c5fed,fc7bfda0-3e8b-4ec5-bb25-92a0db11358b,1238 - Studio Delux,0742fe92-ec9b-4592-8e45-9e17ffc5e172,true,2026-08-11,31
e8314149-f200-4ffa-ac1c-6bb5aba8f4e1,fc7bfda0-3e8b-4ec5-bb25-92a0db11358b,1238 - Studio Delux,0742fe92-ec9b-4592-8e45-9e17ffc5e172,true,2026-08-12,31
1291541b-939b-407b-b1c9-9362548d5516,fc7bfda0-3e8b-4ec5-bb25-92a0db11358b,1238 - Studio Delux,0742fe92-ec9b-4592-8e45-9e17ffc5e172,true,2026-08-13,31
a25fe8b9-54c8-4fdc-9826-c2e38f0073bb,fc7bfda0-3e8b-4ec5-bb25-92a0db11358b,1238 - Studio Delux,0742fe92-ec9b-4592-8e45-9e17ffc5e172,true,2026-08-14,31
35b94f19-cb13-4943-9855-736b927877fd,fc7bfda0-3e8b-4ec5-bb25-92a0db11358b,1238 - Studio Delux,0742fe92-ec9b-4592-8e45-9e17ffc5e172,true,2026-08-15,31
c89680da-868d-432b-811f-8c77bd617532,fc7bfda0-3e8b-4ec5-bb25-92a0db11358b,1238 - Studio Delux,0742fe92-ec9b-4592-8e45-9e17ffc5e172,true,2026-08-16,31
c73c5a6d-7603-4742-94bf-7c1ec8b366f9,fc7bfda0-3e8b-4ec5-bb25-92a0db11358b,1238 - Studio Delux,0742fe92-ec9b-4592-8e45-9e17ffc5e172,true,2026-08-17,31
6470edc4-234c-4633-8a75-bd72a7ca5cf6,fc7bfda0-3e8b-4ec5-bb25-92a0db11358b,1238 - Studio Delux,0742fe92-ec9b-4592-8e45-9e17ffc5e172,true,2026-08-18,31
c115d9d6-c91f-4ba3-993c-d982bf6586a2,fc7bfda0-3e8b-4ec5-bb25-92a0db11358b,1238 - Studio Delux,0742fe92-ec9b-4592-8e45-9e17ffc5e172,true,2026-08-19,31
9de7f5c8-2d47-4755-86f0-fcda57c92140,fc7bfda0-3e8b-4ec5-bb25-92a0db11358b,1238 - Studio Delux,0742fe92-ec9b-4592-8e45-9e17ffc5e172,true,2026-08-20,31
a39b25e3-cf41-4609-a025-719b8a3446a3,fc7bfda0-3e8b-4ec5-bb25-92a0db11358b,1238 - Studio Delux,0742fe92-ec9b-4592-8e45-9e17ffc5e172,true,2026-08-21,31
cfb0aeb0-eae9-4615-84d6-f95f68aa8b2b,fc7bfda0-3e8b-4ec5-bb25-92a0db11358b,1238 - Studio Delux,0742fe92-ec9b-4592-8e45-9e17ffc5e172,true,2026-08-22,31
d427f8c3-9e64-4006-8d7f-072959fb6926,fc7bfda0-3e8b-4ec5-bb25-92a0db11358b,1238 - Studio Delux,0742fe92-ec9b-4592-8e45-9e17ffc5e172,true,2026-08-23,31
0fee7018-4f0c-4782-b402-aa0f78c45df6,fc7bfda0-3e8b-4ec5-bb25-92a0db11358b,1238 - Studio Delux,0742fe92-ec9b-4592-8e45-9e17ffc5e172,true,2026-08-24,31
5416637f-a0fe-493a-b173-3784c3c3b377,fc7bfda0-3e8b-4ec5-bb25-92a0db11358b,1238 - Studio Delux,0742fe92-ec9b-4592-8e45-9e17ffc5e172,true,2026-08-25,31
7cdf1f65-956c-4e10-af9b-9c483680852c,fc7bfda0-3e8b-4ec5-bb25-92a0db11358b,1238 - Studio Delux,0742fe92-ec9b-4592-8e45-9e17ffc5e172,true,2026-08-26,31
aba99078-6d19-4ee4-9bd3-07e34cf0e5b2,fc7bfda0-3e8b-4ec5-bb25-92a0db11358b,1238 - Studio Delux,0742fe92-ec9b-4592-8e45-9e17ffc5e172,true,2026-08-27,31
85be195b-7547-49eb-96fa-89b123aef604,fc7bfda0-3e8b-4ec5-bb25-92a0db11358b,1238 - Studio Delux,0742fe92-ec9b-4592-8e45-9e17ffc5e172,true,2026-08-28,31
05e05c6e-abcf-4a4e-a02f-219e4b3f30e5,fc7bfda0-3e8b-4ec5-bb25-92a0db11358b,1238 - Studio Delux,0742fe92-ec9b-4592-8e45-9e17ffc5e172,true,2026-08-29,31
c58b728c-3cc3-4b7e-bed4-b56f1a9b2cb7,fc7bfda0-3e8b-4ec5-bb25-92a0db11358b,1238 - Studio Delux,0742fe92-ec9b-4592-8e45-9e17ffc5e172,true,2026-08-30,31
465efaec-e3d6-4baa-9939-6b361fe7d999,fc7bfda0-3e8b-4ec5-bb25-92a0db11358b,1238 - Studio Delux,0742fe92-ec9b-4592-8e45-9e17ffc5e172,true,2026-08-31,31
1c025848-f71d-49fe-9d0f-4ab86e17c18f,fc7bfda0-3e8b-4ec5-bb25-92a0db11358b,1238 - Studio Delux,0742fe92-ec9b-4592-8e45-9e17ffc5e172,true,2026-09-01,31
9bd73662-d9a2-4d98-805b-65effa3e1f95,fc7bfda0-3e8b-4ec5-bb25-92a0db11358b,1238 - Studio Delux,0742fe92-ec9b-4592-8e45-9e17ffc5e172,true,2026-09-02,31
436b4633-4e85-47aa-8032-02ff3a88f748,fc7bfda0-3e8b-4ec5-bb25-92a0db11358b,1238 - Studio Delux,0742fe92-ec9b-4592-8e45-9e17ffc5e172,true,2026-09-03,31
aef462b6-f641-4e7f-b1e3-6286924efb11,fc7bfda0-3e8b-4ec5-bb25-92a0db11358b,1238 - Studio Delux,0742fe92-ec9b-4592-8e45-9e17ffc5e172,true,2026-09-04,31
05abaf61-80a2-474a-995c-8018c8d4f129,fc7bfda0-3e8b-4ec5-bb25-92a0db11358b,1238 - Studio Delux,0742fe92-ec9b-4592-8e45-9e17ffc5e172,true,2026-09-05,31
b5401474-91f5-49d5-84a4-154e4ca0075f,fc7bfda0-3e8b-4ec5-bb25-92a0db11358b,1238 - Studio Delux,0742fe92-ec9b-4592-8e45-9e17ffc5e172,true,2026-09-06,31
04e04580-5d27-4ac9-ad53-5bb9c1a31fab,fc7bfda0-3e8b-4ec5-bb25-92a0db11358b,1238 - Studio Delux,0742fe92-ec9b-4592-8e45-9e17ffc5e172,true,2026-09-07,31
ae681115-947e-498e-bf18-14b834e93c5a,fc7bfda0-3e8b-4ec5-bb25-92a0db11358b,1238 - Studio Delux,0742fe92-ec9b-4592-8e45-9e17ffc5e172,true,2026-09-08,31
29af23e7-c4ab-40fb-86e2-5a978172ea08,fc7bfda0-3e8b-4ec5-bb25-92a0db11358b,1238 - Studio Delux,0742fe92-ec9b-4592-8e45-9e17ffc5e172,true,2026-09-09,31
3eac0c7d-fdba-4853-aedf-98fb3f39816f,fc7bfda0-3e8b-4ec5-bb25-92a0db11358b,1238 - Studio Delux,0742fe92-ec9b-4592-8e45-9e17ffc5e172,true,2026-09-10,31
1c03513f-be4f-4071-a8e0-ecb3b29b0d26,fc7bfda0-3e8b-4ec5-bb25-92a0db11358b,1238 - Studio Delux,0742fe92-ec9b-4592-8e45-9e17ffc5e172,true,2026-09-11,31
f18bb0d2-bc03-4e5c-ada1-eb4f55b1d643,fc7bfda0-3e8b-4ec5-bb25-92a0db11358b,1238 - Studio Delux,0742fe92-ec9b-4592-8e45-9e17ffc5e172,true,2026-09-12,31
52e2c825-7c37-48eb-a1ae-11a73374bba5,fc7bfda0-3e8b-4ec5-bb25-92a0db11358b,1238 - Studio Delux,0742fe92-ec9b-4592-8e45-9e17ffc5e172,true,2026-09-13,31
e2906852-550f-4c9c-a0a2-eae880d544ac,fc7bfda0-3e8b-4ec5-bb25-92a0db11358b,1238 - Studio Delux,0742fe92-ec9b-4592-8e45-9e17ffc5e172,true,2026-09-14,31
4068c725-6946-4850-a95d-13357877b1de,fc7bfda0-3e8b-4ec5-bb25-92a0db11358b,1238 - Studio Delux,0742fe92-ec9b-4592-8e45-9e17ffc5e172,true,2026-09-15,31
f435c460-7c02-4104-a098-42403c46e96b,fc7bfda0-3e8b-4ec5-bb25-92a0db11358b,1238 - Studio Delux,0742fe92-ec9b-4592-8e45-9e17ffc5e172,true,2026-09-16,31
d70a7346-9e98-4cd6-96bd-fbc567eac7b2,fc7bfda0-3e8b-4ec5-bb25-92a0db11358b,1238 - Studio Delux,0742fe92-ec9b-4592-8e45-9e17ffc5e172,true,2026-09-17,31
a40aaea2-43a7-4cab-b491-72d57633d4c4,fc7bfda0-3e8b-4ec5-bb25-92a0db11358b,1238 - Studio Delux,0742fe92-ec9b-4592-8e45-9e17ffc5e172,true,2026-09-18,31
4a2cf010-ae00-4f50-a74c-6a28e6a99035,fc7bfda0-3e8b-4ec5-bb25-92a0db11358b,1238 - Studio Delux,0742fe92-ec9b-4592-8e45-9e17ffc5e172,true,2026-09-19,31
b020eb9c-240f-460b-8aef-160ca4486a9e,fc7bfda0-3e8b-4ec5-bb25-92a0db11358b,1238 - Studio Delux,0742fe92-ec9b-4592-8e45-9e17ffc5e172,true,2026-09-20,31
1cdb46c6-dfc2-421b-badc-5ac843c2ab04,fc7bfda0-3e8b-4ec5-bb25-92a0db11358b,1238 - Studio Delux,0742fe92-ec9b-4592-8e45-9e17ffc5e172,true,2026-09-21,31
3f41a7cd-673d-4786-a496-c1b922f090cb,fc7bfda0-3e8b-4ec5-bb25-92a0db11358b,1238 - Studio Delux,0742fe92-ec9b-4592-8e45-9e17ffc5e172,true,2026-09-22,31
4cf9e3d3-1c1b-4537-943f-c3da15cd17b1,fc7bfda0-3e8b-4ec5-bb25-92a0db11358b,1238 - Studio Delux,0742fe92-ec9b-4592-8e45-9e17ffc5e172,true,2026-09-23,31
d41f4232-ae36-4fb9-97bf-13134b089112,fc7bfda0-3e8b-4ec5-bb25-92a0db11358b,1238 - Studio Delux,0742fe92-ec9b-4592-8e45-9e17ffc5e172,true,2026-09-24,31
8805dd61-a7a1-4997-89e4-597a5b8a929c,fc7bfda0-3e8b-4ec5-bb25-92a0db11358b,1238 - Studio Delux,0742fe92-ec9b-4592-8e45-9e17ffc5e172,true,2026-09-25,31
02862ff9-f462-4656-aff2-1f6497257b08,fc7bfda0-3e8b-4ec5-bb25-92a0db11358b,1238 - Studio Delux,0742fe92-ec9b-4592-8e45-9e17ffc5e172,true,2026-09-26,31
d10f720a-ad0b-4d0e-9603-309c39880bdd,fc7bfda0-3e8b-4ec5-bb25-92a0db11358b,1238 - Studio Delux,0742fe92-ec9b-4592-8e45-9e17ffc5e172,true,2026-09-27,31
81c8fcf1-586c-4079-8e32-8bd89d2bddff,fc7bfda0-3e8b-4ec5-bb25-92a0db11358b,1238 - Studio Delux,0742fe92-ec9b-4592-8e45-9e17ffc5e172,true,2026-09-28,31
77f222c8-f492-4742-894e-5411f6fbd6de,fc7bfda0-3e8b-4ec5-bb25-92a0db11358b,1238 - Studio Delux,0742fe92-ec9b-4592-8e45-9e17ffc5e172,true,2026-09-29,31
d11e4586-f625-4fec-8b1e-d45ead8d2e5c,fc7bfda0-3e8b-4ec5-bb25-92a0db11358b,1238 - Studio Delux,0742fe92-ec9b-4592-8e45-9e17ffc5e172,true,2026-09-30,31
4350c9e3-de86-484c-9556-19809e543e16,fc7bfda0-3e8b-4ec5-bb25-92a0db11358b,1238 - Studio Delux,0742fe92-ec9b-4592-8e45-9e17ffc5e172,true,2026-10-01,31
59f6ce22-3c56-4e46-bd8b-3ef712f03b27,fc7bfda0-3e8b-4ec5-bb25-92a0db11358b,1238 - Studio Delux,0742fe92-ec9b-4592-8e45-9e17ffc5e172,true,2026-10-02,31
b331550e-7e7b-4494-83db-b73f382eaed9,fc7bfda0-3e8b-4ec5-bb25-92a0db11358b,1238 - Studio Delux,0742fe92-ec9b-4592-8e45-9e17ffc5e172,true,2026-10-03,31
9a4e3f7c-7c2a-4169-97a7-9239981fce31,fc7bfda0-3e8b-4ec5-bb25-92a0db11358b,1238 - Studio Delux,0742fe92-ec9b-4592-8e45-9e17ffc5e172,true,2026-10-04,31
8597d265-62b0-4e81-8753-e34ee0b56c55,fc7bfda0-3e8b-4ec5-bb25-92a0db11358b,1238 - Studio Delux,0742fe92-ec9b-4592-8e45-9e17ffc5e172,true,2026-10-05,31
33134aea-b71b-4f12-98a4-e20349539ebb,fc7bfda0-3e8b-4ec5-bb25-92a0db11358b,1238 - Studio Delux,0742fe92-ec9b-4592-8e45-9e17ffc5e172,true,2026-10-06,31
71cd7fa3-cf22-4254-8393-904756ef9d41,fc7bfda0-3e8b-4ec5-bb25-92a0db11358b,1238 - Studio Delux,0742fe92-ec9b-4592-8e45-9e17ffc5e172,true,2026-10-07,31
3903ec4f-fca8-47ef-85c5-149979ac5790,fc7bfda0-3e8b-4ec5-bb25-92a0db11358b,1238 - Studio Delux,0742fe92-ec9b-4592-8e45-9e17ffc5e172,true,2026-10-08,31
79ec0896-7f06-4273-9430-3ad22b5630e4,fc7bfda0-3e8b-4ec5-bb25-92a0db11358b,1238 - Studio Delux,0742fe92-ec9b-4592-8e45-9e17ffc5e172,true,2026-10-09,31
cbfee91d-f775-4c86-938c-1eb89304cd34,fc7bfda0-3e8b-4ec5-bb25-92a0db11358b,1238 - Studio Delux,0742fe92-ec9b-4592-8e45-9e17ffc5e172,true,2026-10-10,31
3284305c-222e-4550-9978-238e115e08c5,fc7bfda0-3e8b-4ec5-bb25-92a0db11358b,1238 - Studio Delux,0742fe92-ec9b-4592-8e45-9e17ffc5e172,true,2026-10-11,31
f1ff138f-f57d-45fa-a4d2-2e12e2c499d4,fc7bfda0-3e8b-4ec5-bb25-92a0db11358b,1238 - Studio Delux,0742fe92-ec9b-4592-8e45-9e17ffc5e172,true,2026-10-12,31
2f63fcd7-40c5-46e2-a46f-f8ddb1f38ea8,fc7bfda0-3e8b-4ec5-bb25-92a0db11358b,1238 - Studio Delux,0742fe92-ec9b-4592-8e45-9e17ffc5e172,true,2026-10-13,31
a08194eb-2aff-40d9-9104-803e9f5cef60,fc7bfda0-3e8b-4ec5-bb25-92a0db11358b,1238 - Studio Delux,0742fe92-ec9b-4592-8e45-9e17ffc5e172,true,2026-10-14,31
f97a4996-c0ee-44e4-8609-41068c7f58ee,fc7bfda0-3e8b-4ec5-bb25-92a0db11358b,1238 - Studio Delux,0742fe92-ec9b-4592-8e45-9e17ffc5e172,true,2026-10-15,31
d487c2d7-740f-4d8e-8abf-6fc23b5998d9,fc7bfda0-3e8b-4ec5-bb25-92a0db11358b,1238 - Studio Delux,0742fe92-ec9b-4592-8e45-9e17ffc5e172,true,2026-10-16,31
a9fcb05c-05b4-4d62-aa3f-1a2f26c9d552,fc7bfda0-3e8b-4ec5-bb25-92a0db11358b,1238 - Studio Delux,0742fe92-ec9b-4592-8e45-9e17ffc5e172,true,2026-10-17,31
53e55ea9-4412-4896-83ec-117d9b4b084f,fc7bfda0-3e8b-4ec5-bb25-92a0db11358b,1238 - Studio Delux,0742fe92-ec9b-4592-8e45-9e17ffc5e172,true,2026-10-18,31
f0dec7f7-58e3-44c2-9dc1-ca1c8bfb2a81,fc7bfda0-3e8b-4ec5-bb25-92a0db11358b,1238 - Studio Delux,0742fe92-ec9b-4592-8e45-9e17ffc5e172,true,2026-10-19,31
4745b72d-0d63-47f9-834f-dfb897d1823c,fc7bfda0-3e8b-4ec5-bb25-92a0db11358b,1238 - Studio Delux,0742fe92-ec9b-4592-8e45-9e17ffc5e172,true,2026-10-20,31
36409c22-d285-43af-b278-882acb4640b8,fc7bfda0-3e8b-4ec5-bb25-92a0db11358b,1238 - Studio Delux,0742fe92-ec9b-4592-8e45-9e17ffc5e172,true,2026-10-21,31
9c6c8ddb-79db-430c-bf7a-98382007d102,fc7bfda0-3e8b-4ec5-bb25-92a0db11358b,1238 - Studio Delux,0742fe92-ec9b-4592-8e45-9e17ffc5e172,true,2026-10-22,31
66518473-2639-4699-9ee7-1e0677044a32,fc7bfda0-3e8b-4ec5-bb25-92a0db11358b,1238 - Studio Delux,0742fe92-ec9b-4592-8e45-9e17ffc5e172,true,2026-10-23,31
97e3b375-8c7e-4d15-8bd7-5605ed85ff79,fc7bfda0-3e8b-4ec5-bb25-92a0db11358b,1238 - Studio Delux,0742fe92-ec9b-4592-8e45-9e17ffc5e172,true,2026-10-24,31
fd3c60c6-3a60-4b2e-a7a4-2a659bbd0670,fc7bfda0-3e8b-4ec5-bb25-92a0db11358b,1238 - Studio Delux,0742fe92-ec9b-4592-8e45-9e17ffc5e172,true,2026-10-25,31
1cfe36f1-030b-49c4-b24e-038f218c61d9,fc7bfda0-3e8b-4ec5-bb25-92a0db11358b,1238 - Studio Delux,0742fe92-ec9b-4592-8e45-9e17ffc5e172,true,2026-10-26,31
c8c30383-d934-48ee-9f91-d553264a3f92,fc7bfda0-3e8b-4ec5-bb25-92a0db11358b,1238 - Studio Delux,0742fe92-ec9b-4592-8e45-9e17ffc5e172,true,2026-10-27,31
cf3a6ea0-0cce-4099-95f3-c8f854842a1c,fc7bfda0-3e8b-4ec5-bb25-92a0db11358b,1238 - Studio Delux,0742fe92-ec9b-4592-8e45-9e17ffc5e172,true,2026-10-28,31
dba23789-1fbc-4ddc-a4e1-ca9b7877b052,fc7bfda0-3e8b-4ec5-bb25-92a0db11358b,1238 - Studio Delux,0742fe92-ec9b-4592-8e45-9e17ffc5e172,true,2026-10-29,31
e88ac55d-2046-41e6-88cb-d217d3ec7a08,fc7bfda0-3e8b-4ec5-bb25-92a0db11358b,1238 - Studio Delux,0742fe92-ec9b-4592-8e45-9e17ffc5e172,true,2026-10-30,31
53ba6183-4895-4a60-9719-1ee33d7731c1,fc7bfda0-3e8b-4ec5-bb25-92a0db11358b,1238 - Studio Delux,0742fe92-ec9b-4592-8e45-9e17ffc5e172,true,2026-10-31,31
69ed5025-9cc2-4347-a943-5343d52dd851,fc7bfda0-3e8b-4ec5-bb25-92a0db11358b,1238 - Studio Delux,0742fe92-ec9b-4592-8e45-9e17ffc5e172,true,2026-11-01,31
f62efd62-ee4b-47a7-87a0-e6521512bf7d,fc7bfda0-3e8b-4ec5-bb25-92a0db11358b,1238 - Studio Delux,0742fe92-ec9b-4592-8e45-9e17ffc5e172,true,2026-11-02,31
1452bfe9-9404-4cf2-8e29-d2da8f563f43,fc7bfda0-3e8b-4ec5-bb25-92a0db11358b,1238 - Studio Delux,0742fe92-ec9b-4592-8e45-9e17ffc5e172,true,2026-11-03,31
ad730602-8c2f-4882-9a10-8f0f6f7a8535,fc7bfda0-3e8b-4ec5-bb25-92a0db11358b,1238 - Studio Delux,0742fe92-ec9b-4592-8e45-9e17ffc5e172,true,2026-11-04,31
f9ee41cc-de19-446d-9c86-6afafc436919,fc7bfda0-3e8b-4ec5-bb25-92a0db11358b,1238 - Studio Delux,0742fe92-ec9b-4592-8e45-9e17ffc5e172,true,2026-11-05,31
6e17ddd4-37d7-4f20-becf-cd3ba4f0b4af,fc7bfda0-3e8b-4ec5-bb25-92a0db11358b,1238 - Studio Delux,0742fe92-ec9b-4592-8e45-9e17ffc5e172,true,2026-11-06,31
2c10e251-c252-4504-9cab-cef637eccbb0,fc7bfda0-3e8b-4ec5-bb25-92a0db11358b,1238 - Studio Delux,0742fe92-ec9b-4592-8e45-9e17ffc5e172,true,2026-11-07,31
b957df67-3e1f-4382-a28c-27955b9da1b5,fc7bfda0-3e8b-4ec5-bb25-92a0db11358b,1238 - Studio Delux,0742fe92-ec9b-4592-8e45-9e17ffc5e172,true,2026-11-08,31
73784d04-fd01-4f43-9390-b781c5e834a6,fc7bfda0-3e8b-4ec5-bb25-92a0db11358b,1238 - Studio Delux,0742fe92-ec9b-4592-8e45-9e17ffc5e172,true,2026-11-09,31
d7bd1cbb-1504-426e-944e-caf0ba7c5af0,fc7bfda0-3e8b-4ec5-bb25-92a0db11358b,1238 - Studio Delux,0742fe92-ec9b-4592-8e45-9e17ffc5e172,true,2026-11-10,31
6cb9b088-9406-4e02-8490-c40183a8d076,fc7bfda0-3e8b-4ec5-bb25-92a0db11358b,1238 - Studio Delux,0742fe92-ec9b-4592-8e45-9e17ffc5e172,true,2026-11-11,31
d405c928-86a7-48a6-902f-6dd233b10377,fc7bfda0-3e8b-4ec5-bb25-92a0db11358b,1238 - Studio Delux,0742fe92-ec9b-4592-8e45-9e17ffc5e172,true,2026-11-12,31
3950c5b8-ef3c-4ded-a074-9bb161022c0f,fc7bfda0-3e8b-4ec5-bb25-92a0db11358b,1238 - Studio Delux,0742fe92-ec9b-4592-8e45-9e17ffc5e172,true,2026-11-13,31
a46b2485-9d08-4482-aee3-9d06f516b130,fc7bfda0-3e8b-4ec5-bb25-92a0db11358b,1238 - Studio Delux,0742fe92-ec9b-4592-8e45-9e17ffc5e172,true,2026-11-14,31
379f266c-6d2c-45c3-a3a8-7032bca58429,fc7bfda0-3e8b-4ec5-bb25-92a0db11358b,1238 - Studio Delux,0742fe92-ec9b-4592-8e45-9e17ffc5e172,true,2026-11-15,31
4145275a-ceee-4c7f-9f71-d24942ef2d90,fc7bfda0-3e8b-4ec5-bb25-92a0db11358b,1238 - Studio Delux,0742fe92-ec9b-4592-8e45-9e17ffc5e172,true,2026-11-16,31
a0ad6569-71d6-4693-8d04-278ccf11896d,fc7bfda0-3e8b-4ec5-bb25-92a0db11358b,1238 - Studio Delux,0742fe92-ec9b-4592-8e45-9e17ffc5e172,true,2026-11-17,31
23284334-125d-4e1e-ada2-2979b1661073,fc7bfda0-3e8b-4ec5-bb25-92a0db11358b,1238 - Studio Delux,0742fe92-ec9b-4592-8e45-9e17ffc5e172,true,2026-11-18,31
cbdd15af-46c9-40bf-b2af-440dc0344b06,fc7bfda0-3e8b-4ec5-bb25-92a0db11358b,1238 - Studio Delux,0742fe92-ec9b-4592-8e45-9e17ffc5e172,true,2026-11-19,31
8e9cb09d-338e-47d5-b4d2-b18875b2b580,fc7bfda0-3e8b-4ec5-bb25-92a0db11358b,1238 - Studio Delux,0742fe92-ec9b-4592-8e45-9e17ffc5e172,true,2026-11-20,31
f5fe8ce3-c16c-4903-8ebf-af031b453278,fc7bfda0-3e8b-4ec5-bb25-92a0db11358b,1238 - Studio Delux,0742fe92-ec9b-4592-8e45-9e17ffc5e172,true,2026-11-21,31
4c0422ec-709e-4294-ba62-2a50459ade7c,fc7bfda0-3e8b-4ec5-bb25-92a0db11358b,1238 - Studio Delux,0742fe92-ec9b-4592-8e45-9e17ffc5e172,true,2026-11-22,31
02e4c871-7c2b-4184-b14a-aa3d19be78e9,fc7bfda0-3e8b-4ec5-bb25-92a0db11358b,1238 - Studio Delux,0742fe92-ec9b-4592-8e45-9e17ffc5e172,true,2026-11-23,31
c1ee9fb7-f9d2-46cb-9429-0b36b1a3d1de,fc7bfda0-3e8b-4ec5-bb25-92a0db11358b,1238 - Studio Delux,0742fe92-ec9b-4592-8e45-9e17ffc5e172,true,2026-11-24,31
28c3dc14-6d7d-48f9-987d-173715775e4b,fc7bfda0-3e8b-4ec5-bb25-92a0db11358b,1238 - Studio Delux,0742fe92-ec9b-4592-8e45-9e17ffc5e172,true,2026-11-25,31
7f0f8ded-d73f-442f-9dea-673669e3a88e,fc7bfda0-3e8b-4ec5-bb25-92a0db11358b,1238 - Studio Delux,0742fe92-ec9b-4592-8e45-9e17ffc5e172,true,2026-11-26,31
78ce2fd5-fe07-426c-800e-7766b98cd6b5,fc7bfda0-3e8b-4ec5-bb25-92a0db11358b,1238 - Studio Delux,0742fe92-ec9b-4592-8e45-9e17ffc5e172,true,2026-11-27,31
6fe978e6-4630-4524-b461-7eec2f2585c1,fc7bfda0-3e8b-4ec5-bb25-92a0db11358b,1238 - Studio Delux,0742fe92-ec9b-4592-8e45-9e17ffc5e172,true,2026-11-28,31
585c7ed4-26d7-4b35-9690-f821c937e394,fc7bfda0-3e8b-4ec5-bb25-92a0db11358b,1238 - Studio Delux,0742fe92-ec9b-4592-8e45-9e17ffc5e172,true,2026-11-29,31
886857a7-7876-4bce-8ba1-cb36735f3bb7,fc7bfda0-3e8b-4ec5-bb25-92a0db11358b,1238 - Studio Delux,0742fe92-ec9b-4592-8e45-9e17ffc5e172,true,2026-11-30,31
3b993115-36da-4117-9b4c-16c7942e7aef,fc7bfda0-3e8b-4ec5-bb25-92a0db11358b,1238 - Studio Delux,0742fe92-ec9b-4592-8e45-9e17ffc5e172,true,2026-12-01,31
636f9044-c734-44ad-a6c9-cecbf8247fc4,fc7bfda0-3e8b-4ec5-bb25-92a0db11358b,1238 - Studio Delux,0742fe92-ec9b-4592-8e45-9e17ffc5e172,true,2026-12-02,31
d3bf6612-0e5d-431c-b881-d913b889dabd,fc7bfda0-3e8b-4ec5-bb25-92a0db11358b,1238 - Studio Delux,0742fe92-ec9b-4592-8e45-9e17ffc5e172,true,2026-12-03,31
ccda07d0-3c99-4b9a-b93e-3251ca28c258,fc7bfda0-3e8b-4ec5-bb25-92a0db11358b,1238 - Studio Delux,0742fe92-ec9b-4592-8e45-9e17ffc5e172,true,2026-12-04,31
2ff69d7a-7fc2-456f-9cd0-a89931cf0edc,fc7bfda0-3e8b-4ec5-bb25-92a0db11358b,1238 - Studio Delux,0742fe92-ec9b-4592-8e45-9e17ffc5e172,true,2026-12-05,31
bd142249-23f0-4b62-b4c9-d03c1fe492a9,fc7bfda0-3e8b-4ec5-bb25-92a0db11358b,1238 - Studio Delux,0742fe92-ec9b-4592-8e45-9e17ffc5e172,true,2026-12-06,31
cb65418a-06b3-41c8-ac65-b74467c8ab05,fc7bfda0-3e8b-4ec5-bb25-92a0db11358b,1238 - Studio Delux,0742fe92-ec9b-4592-8e45-9e17ffc5e172,true,2026-12-07,31
fea8d7d5-54b1-40aa-8096-bab512681610,fc7bfda0-3e8b-4ec5-bb25-92a0db11358b,1238 - Studio Delux,0742fe92-ec9b-4592-8e45-9e17ffc5e172,true,2026-12-08,31
bc588b4c-e3c8-4449-95b8-b14b0fe7ca28,fc7bfda0-3e8b-4ec5-bb25-92a0db11358b,1238 - Studio Delux,0742fe92-ec9b-4592-8e45-9e17ffc5e172,true,2026-12-09,31
306d4044-457e-422f-b5be-45cbac54bcb8,fc7bfda0-3e8b-4ec5-bb25-92a0db11358b,1238 - Studio Delux,0742fe92-ec9b-4592-8e45-9e17ffc5e172,true,2026-12-10,31
e4d64dc1-7737-490c-8839-e3b89b265ba0,fc7bfda0-3e8b-4ec5-bb25-92a0db11358b,1238 - Studio Delux,0742fe92-ec9b-4592-8e45-9e17ffc5e172,true,2026-12-11,31
5dd79a2d-6f39-42e5-a42a-d0cbdbdbbf72,fc7bfda0-3e8b-4ec5-bb25-92a0db11358b,1238 - Studio Delux,0742fe92-ec9b-4592-8e45-9e17ffc5e172,true,2026-12-12,31
0ffe61e5-c80a-4a43-8d91-c1d1e2485399,fc7bfda0-3e8b-4ec5-bb25-92a0db11358b,1238 - Studio Delux,0742fe92-ec9b-4592-8e45-9e17ffc5e172,true,2026-12-13,31
f24e16c3-2832-42c3-b55d-38d8b2621498,fc7bfda0-3e8b-4ec5-bb25-92a0db11358b,1238 - Studio Delux,0742fe92-ec9b-4592-8e45-9e17ffc5e172,true,2026-12-14,31
64c1b138-660f-459b-ad8c-6ec149c43e81,fc7bfda0-3e8b-4ec5-bb25-92a0db11358b,1238 - Studio Delux,0742fe92-ec9b-4592-8e45-9e17ffc5e172,true,2026-12-15,31
dd07479a-e40b-4de9-8993-7aa7939cdd02,fc7bfda0-3e8b-4ec5-bb25-92a0db11358b,1238 - Studio Delux,0742fe92-ec9b-4592-8e45-9e17ffc5e172,true,2026-12-16,31
5bf54362-5cc3-40c8-8bca-b57abae8ad13,fc7bfda0-3e8b-4ec5-bb25-92a0db11358b,1238 - Studio Delux,0742fe92-ec9b-4592-8e45-9e17ffc5e172,true,2026-12-17,31
946cdcd1-edf1-4cb3-abb8-54daaa6458c0,fc7bfda0-3e8b-4ec5-bb25-92a0db11358b,1238 - Studio Delux,0742fe92-ec9b-4592-8e45-9e17ffc5e172,true,2026-12-18,31
3da1b99b-dc6d-4440-9886-77537a688483,fc7bfda0-3e8b-4ec5-bb25-92a0db11358b,1238 - Studio Delux,0742fe92-ec9b-4592-8e45-9e17ffc5e172,true,2026-12-19,31
27a1a5d4-8bb9-49fa-bb68-6010dc8e5363,fc7bfda0-3e8b-4ec5-bb25-92a0db11358b,1238 - Studio Delux,0742fe92-ec9b-4592-8e45-9e17ffc5e172,true,2026-12-20,31
01876e66-de61-4907-8691-8fe798e55022,fc7bfda0-3e8b-4ec5-bb25-92a0db11358b,1238 - Studio Delux,0742fe92-ec9b-4592-8e45-9e17ffc5e172,true,2026-12-21,31
2027b60a-b5af-4207-bc1d-e0d9997e7bbb,fc7bfda0-3e8b-4ec5-bb25-92a0db11358b,1238 - Studio Delux,0742fe92-ec9b-4592-8e45-9e17ffc5e172,true,2026-12-22,31
26134f9a-082d-4c94-9b75-b9955d74660e,fc7bfda0-3e8b-4ec5-bb25-92a0db11358b,1238 - Studio Delux,0742fe92-ec9b-4592-8e45-9e17ffc5e172,true,2026-12-23,31
c91fbed4-40cf-4c99-95f7-d2cb48ac50ea,fc7bfda0-3e8b-4ec5-bb25-92a0db11358b,1238 - Studio Delux,0742fe92-ec9b-4592-8e45-9e17ffc5e172,true,2026-12-24,31
ac8577e6-a4bb-41c6-b921-7b2bd6653767,fc7bfda0-3e8b-4ec5-bb25-92a0db11358b,1238 - Studio Delux,0742fe92-ec9b-4592-8e45-9e17ffc5e172,true,2026-12-25,31
3b503a56-c91f-4659-a78d-36c13331f32f,fc7bfda0-3e8b-4ec5-bb25-92a0db11358b,1238 - Studio Delux,0742fe92-ec9b-4592-8e45-9e17ffc5e172,true,2026-12-26,31
fc8bbf0d-4882-47e3-a3bf-83685d483273,fc7bfda0-3e8b-4ec5-bb25-92a0db11358b,1238 - Studio Delux,0742fe92-ec9b-4592-8e45-9e17ffc5e172,true,2026-12-27,31
b6f8f0bc-172d-45b0-a2ec-40a80fbbb444,fc7bfda0-3e8b-4ec5-bb25-92a0db11358b,1238 - Studio Delux,0742fe92-ec9b-4592-8e45-9e17ffc5e172,true,2026-12-28,31
ead46498-18b6-4bae-bb75-2daaa9c6a320,fc7bfda0-3e8b-4ec5-bb25-92a0db11358b,1238 - Studio Delux,0742fe92-ec9b-4592-8e45-9e17ffc5e172,true,2026-12-29,31
f5379e86-40a3-45c4-b4ef-c70d01b3008f,fc7bfda0-3e8b-4ec5-bb25-92a0db11358b,1238 - Studio Delux,0742fe92-ec9b-4592-8e45-9e17ffc5e172,true,2026-12-30,31
2721897f-77e9-4f15-b833-b3c87d99d07c,fc7bfda0-3e8b-4ec5-bb25-92a0db11358b,1238 - Studio Delux,0742fe92-ec9b-4592-8e45-9e17ffc5e172,true,2026-12-31,31
0d7bd87d-e341-494e-9d1e-4c67651d47f3,fc7bfda0-3e8b-4ec5-bb25-92a0db11358b,1238 - Studio Delux,0742fe92-ec9b-4592-8e45-9e17ffc5e172,true,2027-01-01,31
8bac753c-5992-48f5-9037-c843689be019,fc7bfda0-3e8b-4ec5-bb25-92a0db11358b,1238 - Studio Delux,0742fe92-ec9b-4592-8e45-9e17ffc5e172,true,2027-01-02,31
f417f6f4-90b0-43ec-9af1-d0407eb97fcf,fc7bfda0-3e8b-4ec5-bb25-92a0db11358b,1238 - Studio Delux,0742fe92-ec9b-4592-8e45-9e17ffc5e172,true,2027-01-03,31
73f710a2-d47d-470b-b787-fb1a8bc5c2e6,fc7bfda0-3e8b-4ec5-bb25-92a0db11358b,1238 - Studio Delux,0742fe92-ec9b-4592-8e45-9e17ffc5e172,true,2027-01-04,31
65012b74-f856-4ab6-8d4c-ca77c5de8be8,fc7bfda0-3e8b-4ec5-bb25-92a0db11358b,1238 - Studio Delux,0742fe92-ec9b-4592-8e45-9e17ffc5e172,true,2027-01-05,31
02e6bd33-6c7c-4e6a-bc04-ed2ad45494f7,fc7bfda0-3e8b-4ec5-bb25-92a0db11358b,1238 - Studio Delux,0742fe92-ec9b-4592-8e45-9e17ffc5e172,true,2027-01-06,31
f112037b-6ee7-4c95-a5c9-cad88362c98d,fc7bfda0-3e8b-4ec5-bb25-92a0db11358b,1238 - Studio Delux,0742fe92-ec9b-4592-8e45-9e17ffc5e172,true,2027-01-07,31
0a728809-28e3-4fa0-a56a-9f5695cb3f3e,fc7bfda0-3e8b-4ec5-bb25-92a0db11358b,1238 - Studio Delux,0742fe92-ec9b-4592-8e45-9e17ffc5e172,true,2027-01-08,31
89be9f25-35a6-4c86-9565-2a17b526e811,fc7bfda0-3e8b-4ec5-bb25-92a0db11358b,1238 - Studio Delux,0742fe92-ec9b-4592-8e45-9e17ffc5e172,true,2027-01-09,31
12c1e606-1fe7-4a87-a9e7-1d54353b4649,fc7bfda0-3e8b-4ec5-bb25-92a0db11358b,1238 - Studio Delux,0742fe92-ec9b-4592-8e45-9e17ffc5e172,true,2027-01-10,31
f7d62ad4-8271-4683-bcee-7019c3a31c27,fc7bfda0-3e8b-4ec5-bb25-92a0db11358b,1238 - Studio Delux,0742fe92-ec9b-4592-8e45-9e17ffc5e172,true,2027-01-11,31
e537cb91-7df2-4c76-a67e-d00323ee0726,fc7bfda0-3e8b-4ec5-bb25-92a0db11358b,1238 - Studio Delux,0742fe92-ec9b-4592-8e45-9e17ffc5e172,true,2027-01-12,31
9509c9fd-51ce-4afb-9b96-ab8fc076cfbe,fc7bfda0-3e8b-4ec5-bb25-92a0db11358b,1238 - Studio Delux,0742fe92-ec9b-4592-8e45-9e17ffc5e172,true,2027-01-13,31
b529fddc-cc53-49fb-ba8a-5d551b5e0232,fc7bfda0-3e8b-4ec5-bb25-92a0db11358b,1238 - Studio Delux,0742fe92-ec9b-4592-8e45-9e17ffc5e172,true,2027-01-14,31
7df8c167-b02d-427b-a477-1350b1aa9092,fc7bfda0-3e8b-4ec5-bb25-92a0db11358b,1238 - Studio Delux,0742fe92-ec9b-4592-8e45-9e17ffc5e172,true,2027-01-15,31
c9516f79-aef7-48ea-bfd4-658205638acf,fc7bfda0-3e8b-4ec5-bb25-92a0db11358b,1238 - Studio Delux,0742fe92-ec9b-4592-8e45-9e17ffc5e172,true,2027-01-16,31
447b7ff2-ad10-46a1-b549-56139e44dc41,fc7bfda0-3e8b-4ec5-bb25-92a0db11358b,1238 - Studio Delux,0742fe92-ec9b-4592-8e45-9e17ffc5e172,true,2027-01-17,31
6933fe88-2833-4693-b12b-c84cb960642c,fc7bfda0-3e8b-4ec5-bb25-92a0db11358b,1238 - Studio Delux,0742fe92-ec9b-4592-8e45-9e17ffc5e172,true,2027-01-18,31
9a03f22e-e69c-4153-b813-7fbb2a656e60,fc7bfda0-3e8b-4ec5-bb25-92a0db11358b,1238 - Studio Delux,0742fe92-ec9b-4592-8e45-9e17ffc5e172,true,2027-01-19,31
fc243c0c-3ffa-4691-955a-7bb98714196f,fc7bfda0-3e8b-4ec5-bb25-92a0db11358b,1238 - Studio Delux,0742fe92-ec9b-4592-8e45-9e17ffc5e172,true,2027-01-20,31
78517997-c1ab-4e31-883e-36786b771095,fc7bfda0-3e8b-4ec5-bb25-92a0db11358b,1238 - Studio Delux,0742fe92-ec9b-4592-8e45-9e17ffc5e172,true,2027-01-21,31
970d7d61-5631-49ad-b141-0fc9c61e3a80,fc7bfda0-3e8b-4ec5-bb25-92a0db11358b,1238 - Studio Delux,0742fe92-ec9b-4592-8e45-9e17ffc5e172,true,2027-01-22,31
0bc50454-dea7-40ce-a6ee-f9175dde243c,fc7bfda0-3e8b-4ec5-bb25-92a0db11358b,1238 - Studio Delux,0742fe92-ec9b-4592-8e45-9e17ffc5e172,true,2027-01-23,31
0fc97952-716c-431f-a106-e0681266929c,fc7bfda0-3e8b-4ec5-bb25-92a0db11358b,1238 - Studio Delux,0742fe92-ec9b-4592-8e45-9e17ffc5e172,true,2027-01-24,31
3f9a699a-f84b-4086-bede-8f527986cdee,fc7bfda0-3e8b-4ec5-bb25-92a0db11358b,1238 - Studio Delux,0742fe92-ec9b-4592-8e45-9e17ffc5e172,true,2027-01-25,31
d1f08943-04bc-48a0-9df3-b7caaec732dc,fc7bfda0-3e8b-4ec5-bb25-92a0db11358b,1238 - Studio Delux,0742fe92-ec9b-4592-8e45-9e17ffc5e172,true,2027-01-26,31
05789d6a-0a4a-4c89-a034-667343f84441,fc7bfda0-3e8b-4ec5-bb25-92a0db11358b,1238 - Studio Delux,0742fe92-ec9b-4592-8e45-9e17ffc5e172,true,2027-01-27,31
a5a4232d-3112-468f-b597-ab793ec1adee,fc7bfda0-3e8b-4ec5-bb25-92a0db11358b,1238 - Studio Delux,0742fe92-ec9b-4592-8e45-9e17ffc5e172,true,2027-01-28,31
2d3d4a85-c04b-426f-9c9c-d87829d391b4,fc7bfda0-3e8b-4ec5-bb25-92a0db11358b,1238 - Studio Delux,0742fe92-ec9b-4592-8e45-9e17ffc5e172,true,2027-01-29,31
c098aea2-0010-4afe-94f8-df867feff7bc,fc7bfda0-3e8b-4ec5-bb25-92a0db11358b,1238 - Studio Delux,0742fe92-ec9b-4592-8e45-9e17ffc5e172,true,2027-01-30,31
26888ffa-bcc2-42bf-9683-f6e4a94c9bd0,fc7bfda0-3e8b-4ec5-bb25-92a0db11358b,1238 - Studio Delux,0742fe92-ec9b-4592-8e45-9e17ffc5e172,true,2027-01-31,31
8aba5823-eaf6-43b6-b107-ae2f9ace32ad,fc7bfda0-3e8b-4ec5-bb25-92a0db11358b,1238 - Studio Delux,0742fe92-ec9b-4592-8e45-9e17ffc5e172,true,2027-02-01,31
6bad69fe-5e27-4a91-b038-6e98b8871b34,fc7bfda0-3e8b-4ec5-bb25-92a0db11358b,1238 - Studio Delux,0742fe92-ec9b-4592-8e45-9e17ffc5e172,true,2027-02-02,31
65316df6-44a1-4b54-b176-db1113e305e2,fc7bfda0-3e8b-4ec5-bb25-92a0db11358b,1238 - Studio Delux,0742fe92-ec9b-4592-8e45-9e17ffc5e172,true,2027-02-03,31
a96962b3-414f-4291-acab-2a44f52322b0,fc7bfda0-3e8b-4ec5-bb25-92a0db11358b,1238 - Studio Delux,0742fe92-ec9b-4592-8e45-9e17ffc5e172,true,2027-02-04,31
dc6fd483-e027-4189-a59a-e6f69f1cb44d,fc7bfda0-3e8b-4ec5-bb25-92a0db11358b,1238 - Studio Delux,0742fe92-ec9b-4592-8e45-9e17ffc5e172,true,2027-02-05,31
8ba75169-0fdd-4c3e-8ec8-15955e0ab1bd,fc7bfda0-3e8b-4ec5-bb25-92a0db11358b,1238 - Studio Delux,0742fe92-ec9b-4592-8e45-9e17ffc5e172,true,2027-02-06,31
8f0c614b-c750-41d6-a5ac-377dc3a7cbb5,fc7bfda0-3e8b-4ec5-bb25-92a0db11358b,1238 - Studio Delux,0742fe92-ec9b-4592-8e45-9e17ffc5e172,true,2027-02-07,31
f542acb0-05c0-4422-a8f2-c2e23ab55204,fc7bfda0-3e8b-4ec5-bb25-92a0db11358b,1238 - Studio Delux,0742fe92-ec9b-4592-8e45-9e17ffc5e172,true,2027-02-08,31
e507dbef-155b-439a-979a-06d3ffdea1ce,fc7bfda0-3e8b-4ec5-bb25-92a0db11358b,1238 - Studio Delux,0742fe92-ec9b-4592-8e45-9e17ffc5e172,true,2027-02-09,31
c6996036-4bfd-41f7-a372-749e56ac631c,fc7bfda0-3e8b-4ec5-bb25-92a0db11358b,1238 - Studio Delux,0742fe92-ec9b-4592-8e45-9e17ffc5e172,true,2027-02-10,31
a9cea240-6277-4fc7-abeb-ac098f6d258e,fc7bfda0-3e8b-4ec5-bb25-92a0db11358b,1238 - Studio Delux,0742fe92-ec9b-4592-8e45-9e17ffc5e172,true,2027-02-11,31
7491b207-8c8d-46a7-8f39-52315cdd91b5,fc7bfda0-3e8b-4ec5-bb25-92a0db11358b,1238 - Studio Delux,0742fe92-ec9b-4592-8e45-9e17ffc5e172,true,2027-02-12,31
41e11a2a-63fc-4b1c-b278-b14d25cdac48,fc7bfda0-3e8b-4ec5-bb25-92a0db11358b,1238 - Studio Delux,0742fe92-ec9b-4592-8e45-9e17ffc5e172,true,2027-02-13,31
bdc35b9d-88c9-499b-b85a-3a1fb127c0e1,fc7bfda0-3e8b-4ec5-bb25-92a0db11358b,1238 - Studio Delux,0742fe92-ec9b-4592-8e45-9e17ffc5e172,true,2027-02-14,31
3a9f193b-4502-4d89-b9ef-f3a0e774643b,fc7bfda0-3e8b-4ec5-bb25-92a0db11358b,1238 - Studio Delux,0742fe92-ec9b-4592-8e45-9e17ffc5e172,true,2027-02-15,31
1a519d0a-eb06-4342-b9fa-677123473f09,fc7bfda0-3e8b-4ec5-bb25-92a0db11358b,1238 - Studio Delux,0742fe92-ec9b-4592-8e45-9e17ffc5e172,true,2027-02-16,31
42673c68-1303-4ff8-9b2e-1f04194202b9,fc7bfda0-3e8b-4ec5-bb25-92a0db11358b,1238 - Studio Delux,0742fe92-ec9b-4592-8e45-9e17ffc5e172,true,2027-02-17,31
5d5d541b-8c80-46d6-b67b-a257a4b5ca4e,fc7bfda0-3e8b-4ec5-bb25-92a0db11358b,1238 - Studio Delux,0742fe92-ec9b-4592-8e45-9e17ffc5e172,true,2027-02-18,31
0c62f452-a9b1-471b-a2a0-a32f8d16392b,fc7bfda0-3e8b-4ec5-bb25-92a0db11358b,1238 - Studio Delux,0742fe92-ec9b-4592-8e45-9e17ffc5e172,true,2027-02-19,31
d8ecb47a-099d-41a5-87f8-92b408a92421,fc7bfda0-3e8b-4ec5-bb25-92a0db11358b,1238 - Studio Delux,0742fe92-ec9b-4592-8e45-9e17ffc5e172,true,2027-02-20,31
ff00e3cf-ad70-484e-8428-e02d00cd8ce0,fc7bfda0-3e8b-4ec5-bb25-92a0db11358b,1238 - Studio Delux,0742fe92-ec9b-4592-8e45-9e17ffc5e172,true,2027-02-21,31
6c04ec61-721c-42b6-81f9-5d6be2a55047,fc7bfda0-3e8b-4ec5-bb25-92a0db11358b,1238 - Studio Delux,0742fe92-ec9b-4592-8e45-9e17ffc5e172,true,2027-02-22,31
0b5114ff-6538-4278-8f3f-72879118a719,fc7bfda0-3e8b-4ec5-bb25-92a0db11358b,1238 - Studio Delux,0742fe92-ec9b-4592-8e45-9e17ffc5e172,true,2027-02-23,31
fdb710e8-a722-4d2e-b074-911d477f4311,fc7bfda0-3e8b-4ec5-bb25-92a0db11358b,1238 - Studio Delux,0742fe92-ec9b-4592-8e45-9e17ffc5e172,true,2027-02-24,31
ad904fb6-e49b-47a0-a331-fd9071f8a4d9,fc7bfda0-3e8b-4ec5-bb25-92a0db11358b,1238 - Studio Delux,0742fe92-ec9b-4592-8e45-9e17ffc5e172,true,2027-02-25,31
273b285c-151f-4b00-9245-64390d55cf0c,fc7bfda0-3e8b-4ec5-bb25-92a0db11358b,1238 - Studio Delux,0742fe92-ec9b-4592-8e45-9e17ffc5e172,true,2027-02-26,31
b16d3d7f-dfa7-4bf2-9d89-f0f9c7a82b0c,fc7bfda0-3e8b-4ec5-bb25-92a0db11358b,1238 - Studio Delux,0742fe92-ec9b-4592-8e45-9e17ffc5e172,true,2027-02-27,31
c73e6003-9140-4e86-976b-0865e270fe5d,fc7bfda0-3e8b-4ec5-bb25-92a0db11358b,1238 - Studio Delux,0742fe92-ec9b-4592-8e45-9e17ffc5e172,true,2027-02-28,31
33eb004d-8cee-408d-b6ef-c7ef3b5c96e5,fc7bfda0-3e8b-4ec5-bb25-92a0db11358b,1238 - Studio Delux,0742fe92-ec9b-4592-8e45-9e17ffc5e172,true,2027-03-01,31
ab50e58c-620b-49ff-b92a-555ae496b985,fc7bfda0-3e8b-4ec5-bb25-92a0db11358b,1238 - Studio Delux,0742fe92-ec9b-4592-8e45-9e17ffc5e172,true,2027-03-02,31
67a542a5-9f35-4d00-9a8a-abfbd5d8032c,fc7bfda0-3e8b-4ec5-bb25-92a0db11358b,1238 - Studio Delux,0742fe92-ec9b-4592-8e45-9e17ffc5e172,true,2027-03-03,31
5bf3cf6f-6e69-43ff-9b8b-30093dfff95b,fc7bfda0-3e8b-4ec5-bb25-92a0db11358b,1238 - Studio Delux,0742fe92-ec9b-4592-8e45-9e17ffc5e172,true,2027-03-04,31
508da0b2-fb49-4ad2-b80a-3ff53ccbb6ee,fc7bfda0-3e8b-4ec5-bb25-92a0db11358b,1238 - Studio Delux,0742fe92-ec9b-4592-8e45-9e17ffc5e172,true,2027-03-05,31
c297dc1d-1dde-4c49-9286-ab6a4edd19e2,fc7bfda0-3e8b-4ec5-bb25-92a0db11358b,1238 - Studio Delux,0742fe92-ec9b-4592-8e45-9e17ffc5e172,true,2027-03-06,31
587d84bf-f697-4857-9fcc-3f7fbf8df923,fc7bfda0-3e8b-4ec5-bb25-92a0db11358b,1238 - Studio Delux,0742fe92-ec9b-4592-8e45-9e17ffc5e172,true,2027-03-07,31
5e0f1742-e880-464d-83ac-c5a1b9852ff0,fc7bfda0-3e8b-4ec5-bb25-92a0db11358b,1238 - Studio Delux,0742fe92-ec9b-4592-8e45-9e17ffc5e172,true,2027-03-08,31
74643c09-2a07-4d93-8a1a-a5261ebc47c1,fc7bfda0-3e8b-4ec5-bb25-92a0db11358b,1238 - Studio Delux,0742fe92-ec9b-4592-8e45-9e17ffc5e172,true,2027-03-09,31
aa0269fb-a6d6-4548-b603-6e8c546bf07c,fc7bfda0-3e8b-4ec5-bb25-92a0db11358b,1238 - Studio Delux,0742fe92-ec9b-4592-8e45-9e17ffc5e172,true,2027-03-10,31
ed7f26e7-13e8-489e-9cc6-ea95dc2ba695,fc7bfda0-3e8b-4ec5-bb25-92a0db11358b,1238 - Studio Delux,0742fe92-ec9b-4592-8e45-9e17ffc5e172,true,2027-03-11,31
a655acd4-912e-478b-a8c3-98266fedfa06,fc7bfda0-3e8b-4ec5-bb25-92a0db11358b,1238 - Studio Delux,0742fe92-ec9b-4592-8e45-9e17ffc5e172,true,2027-03-12,31
bcc83476-b450-4fad-9330-1a764eee08f3,fc7bfda0-3e8b-4ec5-bb25-92a0db11358b,1238 - Studio Delux,0742fe92-ec9b-4592-8e45-9e17ffc5e172,true,2027-03-13,31
cef2cf87-d412-4b9e-aa80-764eca07e8be,fc7bfda0-3e8b-4ec5-bb25-92a0db11358b,1238 - Studio Delux,0742fe92-ec9b-4592-8e45-9e17ffc5e172,true,2027-03-14,31
508ca051-1aad-44be-bb6f-114d2496d61e,fc7bfda0-3e8b-4ec5-bb25-92a0db11358b,1238 - Studio Delux,0742fe92-ec9b-4592-8e45-9e17ffc5e172,true,2027-03-15,31
646d84ce-bb2c-4bf1-8a0f-1ef130219e29,fc7bfda0-3e8b-4ec5-bb25-92a0db11358b,1238 - Studio Delux,0742fe92-ec9b-4592-8e45-9e17ffc5e172,true,2027-03-16,31
145e5c89-06f9-4ab1-8339-4f1129bf37b7,fc7bfda0-3e8b-4ec5-bb25-92a0db11358b,1238 - Studio Delux,0742fe92-ec9b-4592-8e45-9e17ffc5e172,true,2027-03-17,31
1c90b681-abcf-4e15-b28e-3d4f7bd05f4c,fc7bfda0-3e8b-4ec5-bb25-92a0db11358b,1238 - Studio Delux,0742fe92-ec9b-4592-8e45-9e17ffc5e172,true,2027-03-18,31
d9d85c0a-7747-4f89-9e03-17a3bf47da93,fc7bfda0-3e8b-4ec5-bb25-92a0db11358b,1238 - Studio Delux,0742fe92-ec9b-4592-8e45-9e17ffc5e172,true,2027-03-19,31
100c21b6-6d7d-405b-bd4e-8f5fd7861f43,fc7bfda0-3e8b-4ec5-bb25-92a0db11358b,1238 - Studio Delux,0742fe92-ec9b-4592-8e45-9e17ffc5e172,true,2027-03-20,31
87548fca-bcc0-4c14-80b9-38c647f8a2ce,fc7bfda0-3e8b-4ec5-bb25-92a0db11358b,1238 - Studio Delux,0742fe92-ec9b-4592-8e45-9e17ffc5e172,true,2027-03-21,31
d7476d25-bb9b-4767-ad96-61587ee40db6,fc7bfda0-3e8b-4ec5-bb25-92a0db11358b,1238 - Studio Delux,0742fe92-ec9b-4592-8e45-9e17ffc5e172,true,2027-03-22,31
a23727dc-1017-43db-9443-c0fc972c5060,fc7bfda0-3e8b-4ec5-bb25-92a0db11358b,1238 - Studio Delux,0742fe92-ec9b-4592-8e45-9e17ffc5e172,true,2027-03-23,31
bbe91ee8-062b-4110-9651-0e174b950d70,fc7bfda0-3e8b-4ec5-bb25-92a0db11358b,1238 - Studio Delux,0742fe92-ec9b-4592-8e45-9e17ffc5e172,true,2027-03-24,31
750207f9-012c-486f-9a1c-73c1723ff4ed,fc7bfda0-3e8b-4ec5-bb25-92a0db11358b,1238 - Studio Delux,0742fe92-ec9b-4592-8e45-9e17ffc5e172,true,2027-03-25,31
dfb5c3fc-4e9f-4e7f-bf81-5f942f4989a4,fc7bfda0-3e8b-4ec5-bb25-92a0db11358b,1238 - Studio Delux,0742fe92-ec9b-4592-8e45-9e17ffc5e172,true,2027-03-26,31
0f6b0bb7-4506-41b5-88a6-92918d09a8d9,fc7bfda0-3e8b-4ec5-bb25-92a0db11358b,1238 - Studio Delux,0742fe92-ec9b-4592-8e45-9e17ffc5e172,true,2027-03-27,31
d217fe8b-b9d8-4351-9f6e-92ea6ad22cc5,fc7bfda0-3e8b-4ec5-bb25-92a0db11358b,1238 - Studio Delux,0742fe92-ec9b-4592-8e45-9e17ffc5e172,true,2027-03-28,31
fe0658d1-c693-4d4c-b8d8-9176d002b605,fc7bfda0-3e8b-4ec5-bb25-92a0db11358b,1238 - Studio Delux,0742fe92-ec9b-4592-8e45-9e17ffc5e172,true,2027-03-29,31
0e7e16f2-ff18-4fb6-804f-5cc7c8b09430,fc7bfda0-3e8b-4ec5-bb25-92a0db11358b,1238 - Studio Delux,0742fe92-ec9b-4592-8e45-9e17ffc5e172,true,2027-03-30,31
889cf34a-b5f5-4ed9-90e7-08bf7118a604,fc7bfda0-3e8b-4ec5-bb25-92a0db11358b,1238 - Studio Delux,0742fe92-ec9b-4592-8e45-9e17ffc5e172,true,2027-03-31,31
bfe7fee5-3c18-4621-be24-001ad6cfa233,fc7bfda0-3e8b-4ec5-bb25-92a0db11358b,1238 - Studio Delux,0742fe92-ec9b-4592-8e45-9e17ffc5e172,true,2027-04-01,31
0d6041d6-9831-49aa-aa48-795197cb4095,fc7bfda0-3e8b-4ec5-bb25-92a0db11358b,1238 - Studio Delux,0742fe92-ec9b-4592-8e45-9e17ffc5e172,true,2027-04-02,31
60001423-05ff-49b3-b71a-d36ecc87eaf7,fc7bfda0-3e8b-4ec5-bb25-92a0db11358b,1238 - Studio Delux,0742fe92-ec9b-4592-8e45-9e17ffc5e172,true,2027-04-03,31
6ca32035-ec14-4bbd-99b4-ae2a3693a5ca,fc7bfda0-3e8b-4ec5-bb25-92a0db11358b,1238 - Studio Delux,0742fe92-ec9b-4592-8e45-9e17ffc5e172,true,2027-04-04,31
48141772-0441-4cea-af62-a20265c868cd,fc7bfda0-3e8b-4ec5-bb25-92a0db11358b,1238 - Studio Delux,0742fe92-ec9b-4592-8e45-9e17ffc5e172,true,2027-04-05,31
4eab43b8-432f-4f12-a30c-292ff4e50519,fc7bfda0-3e8b-4ec5-bb25-92a0db11358b,1238 - Studio Delux,0742fe92-ec9b-4592-8e45-9e17ffc5e172,true,2027-04-06,31
a71c0ebd-0166-41ec-9b1c-3b82fdb25f18,fc7bfda0-3e8b-4ec5-bb25-92a0db11358b,1238 - Studio Delux,0742fe92-ec9b-4592-8e45-9e17ffc5e172,true,2027-04-07,31
e34e1879-9531-4df1-a5ae-2272305ab46a,fc7bfda0-3e8b-4ec5-bb25-92a0db11358b,1238 - Studio Delux,0742fe92-ec9b-4592-8e45-9e17ffc5e172,true,2027-04-08,31
7eaf4ed9-7131-4570-b76d-a78f0f6401a1,fc7bfda0-3e8b-4ec5-bb25-92a0db11358b,1238 - Studio Delux,0742fe92-ec9b-4592-8e45-9e17ffc5e172,true,2027-04-09,31
d1d38a7b-0855-48a7-840c-87301f5347f6,fc7bfda0-3e8b-4ec5-bb25-92a0db11358b,1238 - Studio Delux,0742fe92-ec9b-4592-8e45-9e17ffc5e172,true,2027-04-10,31
6959524f-3408-48a2-b933-b5fac7fd17b7,fc7bfda0-3e8b-4ec5-bb25-92a0db11358b,1238 - Studio Delux,0742fe92-ec9b-4592-8e45-9e17ffc5e172,true,2027-04-11,31
d1812f1f-f93d-43ab-bb27-0eb9cea7ddda,fc7bfda0-3e8b-4ec5-bb25-92a0db11358b,1238 - Studio Delux,0742fe92-ec9b-4592-8e45-9e17ffc5e172,true,2027-04-12,31
5e4733d1-ff57-4d82-9885-ede99799f94e,fc7bfda0-3e8b-4ec5-bb25-92a0db11358b,1238 - Studio Delux,0742fe92-ec9b-4592-8e45-9e17ffc5e172,true,2027-04-13,31
e3ab7853-5bcd-4699-9632-ec9cee61daf5,fc7bfda0-3e8b-4ec5-bb25-92a0db11358b,1238 - Studio Delux,0742fe92-ec9b-4592-8e45-9e17ffc5e172,true,2027-04-14,31
4783fa67-3a30-4553-8e8f-6f98dd932164,fc7bfda0-3e8b-4ec5-bb25-92a0db11358b,1238 - Studio Delux,0742fe92-ec9b-4592-8e45-9e17ffc5e172,true,2027-04-15,31
3c1a6047-b554-4861-9952-196626d5d7f0,fc7bfda0-3e8b-4ec5-bb25-92a0db11358b,1238 - Studio Delux,0742fe92-ec9b-4592-8e45-9e17ffc5e172,true,2027-04-16,31
fef2df6a-a1b7-48e4-b166-3e14ea7d01a2,fc7bfda0-3e8b-4ec5-bb25-92a0db11358b,1238 - Studio Delux,0742fe92-ec9b-4592-8e45-9e17ffc5e172,true,2027-04-17,31
f9fd2fca-12b6-4d52-ad9b-6b33d2c40e42,fc7bfda0-3e8b-4ec5-bb25-92a0db11358b,1238 - Studio Delux,0742fe92-ec9b-4592-8e45-9e17ffc5e172,true,2027-04-18,31
4f61fd0d-80e4-4b11-87a1-b0403cf569b4,fc7bfda0-3e8b-4ec5-bb25-92a0db11358b,1238 - Studio Delux,0742fe92-ec9b-4592-8e45-9e17ffc5e172,true,2027-04-19,31
34a2b5c4-74cd-4784-99a5-b83c6d494fcd,fc7bfda0-3e8b-4ec5-bb25-92a0db11358b,1238 - Studio Delux,0742fe92-ec9b-4592-8e45-9e17ffc5e172,true,2027-04-20,31
c2ebc756-e935-4848-9003-e40bd32636e5,fc7bfda0-3e8b-4ec5-bb25-92a0db11358b,1238 - Studio Delux,0742fe92-ec9b-4592-8e45-9e17ffc5e172,true,2027-04-21,31
8d3efa49-0807-4c15-a691-05ccbe16fee7,fc7bfda0-3e8b-4ec5-bb25-92a0db11358b,1238 - Studio Delux,0742fe92-ec9b-4592-8e45-9e17ffc5e172,true,2027-04-22,31
6eafecf4-6c6c-4e39-b9da-97300c3d33ab,fc7bfda0-3e8b-4ec5-bb25-92a0db11358b,1238 - Studio Delux,0742fe92-ec9b-4592-8e45-9e17ffc5e172,true,2027-04-23,31
7d2dfa44-9ec8-464e-8742-9afc3e781c07,fc7bfda0-3e8b-4ec5-bb25-92a0db11358b,1238 - Studio Delux,0742fe92-ec9b-4592-8e45-9e17ffc5e172,true,2027-04-24,31
ec5fec93-22dd-4b9b-b724-d05e59569d13,fc7bfda0-3e8b-4ec5-bb25-92a0db11358b,1238 - Studio Delux,0742fe92-ec9b-4592-8e45-9e17ffc5e172,true,2027-04-25,31
5b53cfe4-f344-4893-950c-1ee8c0d59221,fc7bfda0-3e8b-4ec5-bb25-92a0db11358b,1238 - Studio Delux,0742fe92-ec9b-4592-8e45-9e17ffc5e172,true,2027-04-26,31
b31ba5dc-c005-4e49-98fe-04d3ced14ad2,fc7bfda0-3e8b-4ec5-bb25-92a0db11358b,1238 - Studio Delux,0742fe92-ec9b-4592-8e45-9e17ffc5e172,true,2027-04-27,31
5c07c504-e310-48a2-8194-d42643d5248f,fc7bfda0-3e8b-4ec5-bb25-92a0db11358b,1238 - Studio Delux,0742fe92-ec9b-4592-8e45-9e17ffc5e172,true,2027-04-28,31
4190b3bc-4c8e-4fde-9f78-dd6f96a75757,fc7bfda0-3e8b-4ec5-bb25-92a0db11358b,1238 - Studio Delux,0742fe92-ec9b-4592-8e45-9e17ffc5e172,true,2027-04-29,31
4113bc2f-d645-4b5d-9e05-91b0e44eb3d7,fc7bfda0-3e8b-4ec5-bb25-92a0db11358b,1238 - Studio Delux,0742fe92-ec9b-4592-8e45-9e17ffc5e172,true,2027-04-30,31
87dba1f0-5833-44c2-8a2e-3ebf6a9a3f8a,fc7bfda0-3e8b-4ec5-bb25-92a0db11358b,1238 - Studio Delux,0742fe92-ec9b-4592-8e45-9e17ffc5e172,true,2027-05-01,31
ae4d1b8d-681b-4a01-8f2e-9c233e43629d,fc7bfda0-3e8b-4ec5-bb25-92a0db11358b,1238 - Studio Delux,0742fe92-ec9b-4592-8e45-9e17ffc5e172,true,2027-05-02,31
cb18b058-95c6-45cb-8e75-7328d710aa95,fc7bfda0-3e8b-4ec5-bb25-92a0db11358b,1238 - Studio Delux,0742fe92-ec9b-4592-8e45-9e17ffc5e172,true,2027-05-03,31
67c60003-0a08-4d8f-93fb-b65c4a7abd62,fc7bfda0-3e8b-4ec5-bb25-92a0db11358b,1238 - Studio Delux,0742fe92-ec9b-4592-8e45-9e17ffc5e172,true,2027-05-04,31
8accb3f2-b413-43aa-88ee-c923713bc2b5,fc7bfda0-3e8b-4ec5-bb25-92a0db11358b,1238 - Studio Delux,0742fe92-ec9b-4592-8e45-9e17ffc5e172,true,2027-05-05,31
6dfc4e83-9607-4b0c-a543-08fe210c159a,fc7bfda0-3e8b-4ec5-bb25-92a0db11358b,1238 - Studio Delux,0742fe92-ec9b-4592-8e45-9e17ffc5e172,true,2027-05-06,31
4b7eb9dd-7526-448d-8705-4c41ef84361b,fc7bfda0-3e8b-4ec5-bb25-92a0db11358b,1238 - Studio Delux,0742fe92-ec9b-4592-8e45-9e17ffc5e172,true,2027-05-07,31
3f407b54-8c22-4412-b413-c8f9b86f82cb,fc7bfda0-3e8b-4ec5-bb25-92a0db11358b,1238 - Studio Delux,0742fe92-ec9b-4592-8e45-9e17ffc5e172,true,2027-05-08,31
60cb2856-842e-4917-b5be-a92394068e31,fc7bfda0-3e8b-4ec5-bb25-92a0db11358b,1238 - Studio Delux,0742fe92-ec9b-4592-8e45-9e17ffc5e172,true,2027-05-09,31
6ff29af0-ee29-4977-9310-120be75fcf23,fc7bfda0-3e8b-4ec5-bb25-92a0db11358b,1238 - Studio Delux,0742fe92-ec9b-4592-8e45-9e17ffc5e172,true,2027-05-10,31
ba0d190f-37d2-4568-b834-5b11e1f32ef2,fc7bfda0-3e8b-4ec5-bb25-92a0db11358b,1238 - Studio Delux,0742fe92-ec9b-4592-8e45-9e17ffc5e172,true,2027-05-11,31
00fcd563-e825-40dc-83fb-15c17c85c2ad,fc7bfda0-3e8b-4ec5-bb25-92a0db11358b,1238 - Studio Delux,0742fe92-ec9b-4592-8e45-9e17ffc5e172,true,2027-05-12,31
66b050c1-d91c-4977-aa76-11faf5bda702,fc7bfda0-3e8b-4ec5-bb25-92a0db11358b,1238 - Studio Delux,0742fe92-ec9b-4592-8e45-9e17ffc5e172,true,2027-05-13,31
a103ff0e-5408-4e0a-8b2f-30dbe3cd0e7d,fc7bfda0-3e8b-4ec5-bb25-92a0db11358b,1238 - Studio Delux,0742fe92-ec9b-4592-8e45-9e17ffc5e172,true,2027-05-14,31
ef8441f7-f271-4b9f-beec-ea91896e58b7,fc7bfda0-3e8b-4ec5-bb25-92a0db11358b,1238 - Studio Delux,0742fe92-ec9b-4592-8e45-9e17ffc5e172,true,2027-05-15,31
c2f4018c-1cbe-47d3-8f39-00ddd5b3de3c,fc7bfda0-3e8b-4ec5-bb25-92a0db11358b,1238 - Studio Delux,0742fe92-ec9b-4592-8e45-9e17ffc5e172,true,2027-05-16,31
6621bd82-3bdf-4fef-95b5-53bafe11bf41,fc7bfda0-3e8b-4ec5-bb25-92a0db11358b,1238 - Studio Delux,0742fe92-ec9b-4592-8e45-9e17ffc5e172,true,2027-05-17,31
771c9255-982e-4a83-a23d-fdaab5a40204,fc7bfda0-3e8b-4ec5-bb25-92a0db11358b,1238 - Studio Delux,0742fe92-ec9b-4592-8e45-9e17ffc5e172,true,2027-05-18,31
86d03f70-6ef4-4091-aade-097633dd3014,fc7bfda0-3e8b-4ec5-bb25-92a0db11358b,1238 - Studio Delux,0742fe92-ec9b-4592-8e45-9e17ffc5e172,true,2027-05-19,31
649786c5-8489-40b2-829f-e58ccbaa0137,fc7bfda0-3e8b-4ec5-bb25-92a0db11358b,1238 - Studio Delux,0742fe92-ec9b-4592-8e45-9e17ffc5e172,true,2027-05-20,31
2b5f9f42-a8e2-466a-aa32-377cc0a40ae0,fc7bfda0-3e8b-4ec5-bb25-92a0db11358b,1238 - Studio Delux,0742fe92-ec9b-4592-8e45-9e17ffc5e172,true,2027-05-21,31
14c0da16-8ae7-4140-a67f-6419beef715b,fc7bfda0-3e8b-4ec5-bb25-92a0db11358b,1238 - Studio Delux,0742fe92-ec9b-4592-8e45-9e17ffc5e172,true,2027-05-22,31
a858999f-51df-4af1-b540-8c588b4968d2,fc7bfda0-3e8b-4ec5-bb25-92a0db11358b,1238 - Studio Delux,0742fe92-ec9b-4592-8e45-9e17ffc5e172,true,2027-05-23,31
11094afc-35c4-40a4-8aea-bfcd8111cd40,fc7bfda0-3e8b-4ec5-bb25-92a0db11358b,1238 - Studio Delux,0742fe92-ec9b-4592-8e45-9e17ffc5e172,true,2027-05-24,31
9286b6cd-09e9-4caa-8224-1947908b41a0,fc7bfda0-3e8b-4ec5-bb25-92a0db11358b,1238 - Studio Delux,0742fe92-ec9b-4592-8e45-9e17ffc5e172,true,2027-05-25,31
e641ad0f-fe60-4571-9299-36d71ad725c3,fc7bfda0-3e8b-4ec5-bb25-92a0db11358b,1238 - Studio Delux,0742fe92-ec9b-4592-8e45-9e17ffc5e172,true,2027-05-26,31
3e720448-513e-4fa1-aee4-d8f0d349ea14,fc7bfda0-3e8b-4ec5-bb25-92a0db11358b,1238 - Studio Delux,0742fe92-ec9b-4592-8e45-9e17ffc5e172,true,2027-05-27,31
d1618bef-fd8c-4647-9503-06d3b5a9ef1c,fc7bfda0-3e8b-4ec5-bb25-92a0db11358b,1238 - Studio Delux,0742fe92-ec9b-4592-8e45-9e17ffc5e172,true,2027-05-28,31
4c0d8043-fbce-4a1e-b028-00567c386494,fc7bfda0-3e8b-4ec5-bb25-92a0db11358b,1238 - Studio Delux,0742fe92-ec9b-4592-8e45-9e17ffc5e172,true,2027-05-29,31
1c971f51-5083-44a8-96c1-4b803cffb393,fc7bfda0-3e8b-4ec5-bb25-92a0db11358b,1238 - Studio Delux,0742fe92-ec9b-4592-8e45-9e17ffc5e172,true,2027-05-30,31
6c58ad24-3756-4620-a5b1-63151f5d677b,fc7bfda0-3e8b-4ec5-bb25-92a0db11358b,1238 - Studio Delux,0742fe92-ec9b-4592-8e45-9e17ffc5e172,true,2027-05-31,31
3dcebce7-f06f-4962-b0fb-b04ed49d4c85,fc7bfda0-3e8b-4ec5-bb25-92a0db11358b,1238 - Studio Delux,0742fe92-ec9b-4592-8e45-9e17ffc5e172,true,2027-06-01,31
8ea79794-fa44-48cd-a3bd-cee3a304c736,fc7bfda0-3e8b-4ec5-bb25-92a0db11358b,1238 - Studio Delux,0742fe92-ec9b-4592-8e45-9e17ffc5e172,true,2027-06-02,31
f7a945d3-f301-4c80-b82e-ad5e310c60aa,fc7bfda0-3e8b-4ec5-bb25-92a0db11358b,1238 - Studio Delux,0742fe92-ec9b-4592-8e45-9e17ffc5e172,true,2027-06-03,31
3f40b13b-9345-416e-bd77-d46dc1a8c986,fc7bfda0-3e8b-4ec5-bb25-92a0db11358b,1238 - Studio Delux,0742fe92-ec9b-4592-8e45-9e17ffc5e172,true,2027-06-04,31
3d9a1573-c366-44b2-ad40-69d03f6d168e,fc7bfda0-3e8b-4ec5-bb25-92a0db11358b,1238 - Studio Delux,0742fe92-ec9b-4592-8e45-9e17ffc5e172,true,2027-06-05,31
2b666356-7bd8-476a-a877-24c6d6ecca43,fc7bfda0-3e8b-4ec5-bb25-92a0db11358b,1238 - Studio Delux,0742fe92-ec9b-4592-8e45-9e17ffc5e172,true,2027-06-06,31
9efb2481-55cb-4b54-ac56-2ae2ac799a6f,fc7bfda0-3e8b-4ec5-bb25-92a0db11358b,1238 - Studio Delux,0742fe92-ec9b-4592-8e45-9e17ffc5e172,true,2027-06-07,31
90cc3c2c-5a8b-463f-a3cd-64112df91532,fc7bfda0-3e8b-4ec5-bb25-92a0db11358b,1238 - Studio Delux,0742fe92-ec9b-4592-8e45-9e17ffc5e172,true,2027-06-08,31
5bb3046a-28b3-4a93-8177-ab3a4573baa8,fc7bfda0-3e8b-4ec5-bb25-92a0db11358b,1238 - Studio Delux,0742fe92-ec9b-4592-8e45-9e17ffc5e172,true,2027-06-09,31
f78926df-d9d3-42d7-ad78-61cbe212791c,fc7bfda0-3e8b-4ec5-bb25-92a0db11358b,1238 - Studio Delux,0742fe92-ec9b-4592-8e45-9e17ffc5e172,true,2027-06-10,31
ab4fb787-e24c-48be-b107-34cd9f263458,fc7bfda0-3e8b-4ec5-bb25-92a0db11358b,1238 - Studio Delux,0742fe92-ec9b-4592-8e45-9e17ffc5e172,true,2027-06-11,31
66407675-1846-42ee-913b-b9dfc021e72b,fc7bfda0-3e8b-4ec5-bb25-92a0db11358b,1238 - Studio Delux,0742fe92-ec9b-4592-8e45-9e17ffc5e172,true,2027-06-12,31
f58a6e84-a2d9-426c-b720-22a6dcc8a0aa,fc7bfda0-3e8b-4ec5-bb25-92a0db11358b,1238 - Studio Delux,0742fe92-ec9b-4592-8e45-9e17ffc5e172,true,2027-06-13,31
882b3fba-55e5-482e-8c82-0ee5d6e1059f,fc7bfda0-3e8b-4ec5-bb25-92a0db11358b,1238 - Studio Delux,0742fe92-ec9b-4592-8e45-9e17ffc5e172,true,2027-06-14,31
45e55c13-a61a-4732-af46-694aa085ff29,fc7bfda0-3e8b-4ec5-bb25-92a0db11358b,1238 - Studio Delux,0742fe92-ec9b-4592-8e45-9e17ffc5e172,true,2027-06-15,31
d840b0ba-8fbd-485f-94d6-2c1c9f422cdc,fc7bfda0-3e8b-4ec5-bb25-92a0db11358b,1238 - Studio Delux,0742fe92-ec9b-4592-8e45-9e17ffc5e172,true,2027-06-16,31
18b2f743-42cf-49ff-946e-f9172c3ae512,fc7bfda0-3e8b-4ec5-bb25-92a0db11358b,1238 - Studio Delux,0742fe92-ec9b-4592-8e45-9e17ffc5e172,true,2027-06-17,31
154c1030-e16e-427e-91f9-dbe65cb6ba18,fc7bfda0-3e8b-4ec5-bb25-92a0db11358b,1238 - Studio Delux,0742fe92-ec9b-4592-8e45-9e17ffc5e172,true,2027-06-18,31
55d86c16-c868-411b-bdca-5f892455b989,fc7bfda0-3e8b-4ec5-bb25-92a0db11358b,1238 - Studio Delux,0742fe92-ec9b-4592-8e45-9e17ffc5e172,true,2027-06-19,31
ebfaf024-b371-4978-afce-bde750c57ab1,fc7bfda0-3e8b-4ec5-bb25-92a0db11358b,1238 - Studio Delux,0742fe92-ec9b-4592-8e45-9e17ffc5e172,true,2027-06-20,31
acee71be-446b-4f29-b371-3514824619f2,fc7bfda0-3e8b-4ec5-bb25-92a0db11358b,1238 - Studio Delux,0742fe92-ec9b-4592-8e45-9e17ffc5e172,true,2027-06-21,31
7c35fa38-32e8-4900-8b16-e4acbd931c6b,fc7bfda0-3e8b-4ec5-bb25-92a0db11358b,1238 - Studio Delux,0742fe92-ec9b-4592-8e45-9e17ffc5e172,true,2027-06-22,31
6f4d0e3c-e32d-4358-9ab4-538b19261d08,fc7bfda0-3e8b-4ec5-bb25-92a0db11358b,1238 - Studio Delux,0742fe92-ec9b-4592-8e45-9e17ffc5e172,true,2027-06-23,31
33d15019-f0da-4b23-8dd9-42d8549ed734,fc7bfda0-3e8b-4ec5-bb25-92a0db11358b,1238 - Studio Delux,0742fe92-ec9b-4592-8e45-9e17ffc5e172,true,2027-06-24,31
cf875ca7-9d29-4cd4-a404-8d423db46568,fc7bfda0-3e8b-4ec5-bb25-92a0db11358b,1238 - Studio Delux,0742fe92-ec9b-4592-8e45-9e17ffc5e172,true,2027-06-25,31
6078e4b1-4093-459c-96eb-ecb778eace49,fc7bfda0-3e8b-4ec5-bb25-92a0db11358b,1238 - Studio Delux,0742fe92-ec9b-4592-8e45-9e17ffc5e172,true,2027-06-26,31
0eccc1bc-251a-4447-bc49-d6350d314e82,fc7bfda0-3e8b-4ec5-bb25-92a0db11358b,1238 - Studio Delux,0742fe92-ec9b-4592-8e45-9e17ffc5e172,true,2027-06-27,31
a3a514a7-6425-4140-bcee-63f41bfa6028,fc7bfda0-3e8b-4ec5-bb25-92a0db11358b,1238 - Studio Delux,0742fe92-ec9b-4592-8e45-9e17ffc5e172,true,2027-06-28,31
4f7bd15f-394e-4765-96d0-460a7b0f4668,fc7bfda0-3e8b-4ec5-bb25-92a0db11358b,1238 - Studio Delux,0742fe92-ec9b-4592-8e45-9e17ffc5e172,true,2027-06-29,31
1a1a8998-e418-4d06-bc5d-667004ce8b47,fc7bfda0-3e8b-4ec5-bb25-92a0db11358b,1238 - Studio Delux,0742fe92-ec9b-4592-8e45-9e17ffc5e172,true,2027-06-30,31
657f57ee-bb66-4939-ae27-fd397e6bc470,fc7bfda0-3e8b-4ec5-bb25-92a0db11358b,1238 - Studio Delux,0742fe92-ec9b-4592-8e45-9e17ffc5e172,true,2027-07-01,31
f13d2025-89ca-461d-9486-8a82a1859030,fc7bfda0-3e8b-4ec5-bb25-92a0db11358b,1238 - Studio Delux,0742fe92-ec9b-4592-8e45-9e17ffc5e172,true,2027-07-02,31
94cca53b-cf6d-4e72-b65e-817a7cd4b167,fc7bfda0-3e8b-4ec5-bb25-92a0db11358b,1238 - Studio Delux,0742fe92-ec9b-4592-8e45-9e17ffc5e172,true,2027-07-03,31
4bd5b36c-cb78-4797-a0df-5945f63315ca,fc7bfda0-3e8b-4ec5-bb25-92a0db11358b,1238 - Studio Delux,0742fe92-ec9b-4592-8e45-9e17ffc5e172,true,2027-07-04,31
40b56ab2-a7a8-49e5-8bb4-a99ebc384cac,fc7bfda0-3e8b-4ec5-bb25-92a0db11358b,1238 - Studio Delux,0742fe92-ec9b-4592-8e45-9e17ffc5e172,true,2027-07-05,31
7646263a-525e-4883-b27d-d10b41db9d1a,fc7bfda0-3e8b-4ec5-bb25-92a0db11358b,1238 - Studio Delux,0742fe92-ec9b-4592-8e45-9e17ffc5e172,true,2027-07-06,31
f40c0010-769d-4747-8fdd-95889aec27e7,fc7bfda0-3e8b-4ec5-bb25-92a0db11358b,1238 - Studio Delux,0742fe92-ec9b-4592-8e45-9e17ffc5e172,true,2027-07-07,31
7731d9fc-5703-42a3-85ec-2aa8aaca17cc,fc7bfda0-3e8b-4ec5-bb25-92a0db11358b,1238 - Studio Delux,0742fe92-ec9b-4592-8e45-9e17ffc5e172,true,2027-07-08,31
a256a433-e446-4544-a276-997df1529ffd,fc7bfda0-3e8b-4ec5-bb25-92a0db11358b,1238 - Studio Delux,0742fe92-ec9b-4592-8e45-9e17ffc5e172,true,2027-07-09,31
6e1f5eab-bb1d-4c52-968e-815855100031,fc7bfda0-3e8b-4ec5-bb25-92a0db11358b,1238 - Studio Delux,0742fe92-ec9b-4592-8e45-9e17ffc5e172,true,2027-07-10,31
097a1ae0-6ddd-4713-94a4-a2b63bc4c55a,fc7bfda0-3e8b-4ec5-bb25-92a0db11358b,1238 - Studio Delux,0742fe92-ec9b-4592-8e45-9e17ffc5e172,true,2027-07-11,31
710add40-ddb1-4485-8527-cebc09c79afc,fc7bfda0-3e8b-4ec5-bb25-92a0db11358b,1238 - Studio Delux,0742fe92-ec9b-4592-8e45-9e17ffc5e172,true,2027-07-12,31
10d8b118-3c50-4c1c-8ada-fbfbaef946e7,fc7bfda0-3e8b-4ec5-bb25-92a0db11358b,1238 - Studio Delux,0742fe92-ec9b-4592-8e45-9e17ffc5e172,true,2027-07-13,31
964aee87-1f07-4d75-9bf8-2d0318483310,fc7bfda0-3e8b-4ec5-bb25-92a0db11358b,1238 - Studio Delux,0742fe92-ec9b-4592-8e45-9e17ffc5e172,true,2027-07-14,31
3d3f1594-bd05-4ea0-8bc6-6eb479c3e049,fc7bfda0-3e8b-4ec5-bb25-92a0db11358b,1238 - Studio Delux,0742fe92-ec9b-4592-8e45-9e17ffc5e172,true,2027-07-15,31
82c700f7-5872-4ad8-a9f5-932092233e9f,fc7bfda0-3e8b-4ec5-bb25-92a0db11358b,1238 - Studio Delux,0742fe92-ec9b-4592-8e45-9e17ffc5e172,true,2027-07-16,31
a530941e-7100-4c7f-b289-31cba3ad8618,fc7bfda0-3e8b-4ec5-bb25-92a0db11358b,1238 - Studio Delux,0742fe92-ec9b-4592-8e45-9e17ffc5e172,true,2027-07-17,31
6e10e72a-7c4c-464a-9bb1-3efdb71c44ca,fc7bfda0-3e8b-4ec5-bb25-92a0db11358b,1238 - Studio Delux,0742fe92-ec9b-4592-8e45-9e17ffc5e172,true,2027-07-18,31
3d838dff-84c0-44bc-9762-fe7b625a96c0,fc7bfda0-3e8b-4ec5-bb25-92a0db11358b,1238 - Studio Delux,0742fe92-ec9b-4592-8e45-9e17ffc5e172,true,2027-07-19,31
f1c080ac-9304-48c2-a9c7-47ac52f2c0af,fc7bfda0-3e8b-4ec5-bb25-92a0db11358b,1238 - Studio Delux,0742fe92-ec9b-4592-8e45-9e17ffc5e172,true,2027-07-20,31
7c3a7106-5328-4b04-8240-d2987ab9c225,fc7bfda0-3e8b-4ec5-bb25-92a0db11358b,1238 - Studio Delux,0742fe92-ec9b-4592-8e45-9e17ffc5e172,true,2027-07-21,31
35297b5b-d325-4b58-8e7a-4feaa729d6b6,fc7bfda0-3e8b-4ec5-bb25-92a0db11358b,1238 - Studio Delux,0742fe92-ec9b-4592-8e45-9e17ffc5e172,true,2027-07-22,31
5e801656-e29c-40a5-b228-08f45166a6c9,fc7bfda0-3e8b-4ec5-bb25-92a0db11358b,1238 - Studio Delux,0742fe92-ec9b-4592-8e45-9e17ffc5e172,true,2027-07-23,31
16b3a679-7258-4db1-8beb-03d69146a7e0,fc7bfda0-3e8b-4ec5-bb25-92a0db11358b,1238 - Studio Delux,0742fe92-ec9b-4592-8e45-9e17ffc5e172,true,2027-07-24,31
4e8518d1-b490-4959-85d4-b48a2573ca26,fc7bfda0-3e8b-4ec5-bb25-92a0db11358b,1238 - Studio Delux,0742fe92-ec9b-4592-8e45-9e17ffc5e172,true,2027-07-25,31
bd095cb2-1eef-4a6d-bd82-76b6f2f0b9fb,fc7bfda0-3e8b-4ec5-bb25-92a0db11358b,1238 - Studio Delux,0742fe92-ec9b-4592-8e45-9e17ffc5e172,true,2027-07-26,31
7a2f030d-4479-4f77-ba71-370530acc940,fc7bfda0-3e8b-4ec5-bb25-92a0db11358b,1238 - Studio Delux,0742fe92-ec9b-4592-8e45-9e17ffc5e172,true,2027-07-27,31
c4659e1b-ac76-4cb5-b17d-0fc52041b0f4,fc7bfda0-3e8b-4ec5-bb25-92a0db11358b,1238 - Studio Delux,0742fe92-ec9b-4592-8e45-9e17ffc5e172,true,2027-07-28,31
2d60a46a-9be2-4d5b-a51d-d716ec4db558,fc7bfda0-3e8b-4ec5-bb25-92a0db11358b,1238 - Studio Delux,0742fe92-ec9b-4592-8e45-9e17ffc5e172,true,2027-07-29,31
c4f5542e-941b-4cea-a6f7-25c05a136d67,fc7bfda0-3e8b-4ec5-bb25-92a0db11358b,1238 - Studio Delux,0742fe92-ec9b-4592-8e45-9e17ffc5e172,true,2027-07-30,31
fc86cb77-7a4d-4ffc-a3cf-460feba3672c,fc7bfda0-3e8b-4ec5-bb25-92a0db11358b,1238 - Studio Delux,0742fe92-ec9b-4592-8e45-9e17ffc5e172,true,2027-07-31,31
47a5622d-ab8c-4891-9471-a6613322eb44,fc7bfda0-3e8b-4ec5-bb25-92a0db11358b,1238 - Studio Delux,0742fe92-ec9b-4592-8e45-9e17ffc5e172,true,2027-08-01,31
606adc76-8630-48e5-a016-425c176e43c2,fc7bfda0-3e8b-4ec5-bb25-92a0db11358b,1238 - Studio Delux,0742fe92-ec9b-4592-8e45-9e17ffc5e172,true,2027-08-02,31
d49f9636-1744-4499-ac13-1f299a5e448e,fc7bfda0-3e8b-4ec5-bb25-92a0db11358b,1238 - Studio Delux,0742fe92-ec9b-4592-8e45-9e17ffc5e172,true,2027-08-03,31
9a5635c8-e78c-4802-b805-19509ac0ef94,0a750175-d43d-4c20-9290-5bcbdf976003,1242 - One Bedroom Apartment Sea View,4e68626e-7774-4bcc-8f75-15da497961a8,true,2026-07-05,31
c6fbe320-c1d5-4ab7-b020-c34ad680c4db,0a750175-d43d-4c20-9290-5bcbdf976003,1242 - One Bedroom Apartment Sea View,4e68626e-7774-4bcc-8f75-15da497961a8,true,2026-07-06,31
0c874e83-80b3-4a36-a150-a6320b4c88e9,0a750175-d43d-4c20-9290-5bcbdf976003,1242 - One Bedroom Apartment Sea View,4e68626e-7774-4bcc-8f75-15da497961a8,true,2026-07-07,31
11bacdb2-26f2-4e1b-87ef-907f333678bd,0a750175-d43d-4c20-9290-5bcbdf976003,1242 - One Bedroom Apartment Sea View,4e68626e-7774-4bcc-8f75-15da497961a8,true,2026-07-08,31
c96c7369-9b01-49ca-af86-e0c1a6a1e522,0a750175-d43d-4c20-9290-5bcbdf976003,1242 - One Bedroom Apartment Sea View,4e68626e-7774-4bcc-8f75-15da497961a8,true,2026-07-09,31
29a34df0-7cb6-4f57-8785-74693770555a,0a750175-d43d-4c20-9290-5bcbdf976003,1242 - One Bedroom Apartment Sea View,4e68626e-7774-4bcc-8f75-15da497961a8,true,2026-07-10,31
55151ebe-04dd-4339-8c7d-41b6a89c2f20,0a750175-d43d-4c20-9290-5bcbdf976003,1242 - One Bedroom Apartment Sea View,4e68626e-7774-4bcc-8f75-15da497961a8,true,2026-07-11,31
27ef53bb-9bad-4890-98a8-8f1148f75a75,0a750175-d43d-4c20-9290-5bcbdf976003,1242 - One Bedroom Apartment Sea View,4e68626e-7774-4bcc-8f75-15da497961a8,true,2026-07-12,31
a588ec9f-e137-47ed-aa23-a24bc567a934,0a750175-d43d-4c20-9290-5bcbdf976003,1242 - One Bedroom Apartment Sea View,4e68626e-7774-4bcc-8f75-15da497961a8,true,2026-07-13,31
ed33a280-78c6-4980-a322-3f1613785a66,0a750175-d43d-4c20-9290-5bcbdf976003,1242 - One Bedroom Apartment Sea View,4e68626e-7774-4bcc-8f75-15da497961a8,true,2026-07-14,31
2126718b-b29e-4144-b7d9-790af1c42dad,0a750175-d43d-4c20-9290-5bcbdf976003,1242 - One Bedroom Apartment Sea View,4e68626e-7774-4bcc-8f75-15da497961a8,true,2026-07-15,31
d0042e0f-071c-43db-8022-3767d80ea6c8,0a750175-d43d-4c20-9290-5bcbdf976003,1242 - One Bedroom Apartment Sea View,4e68626e-7774-4bcc-8f75-15da497961a8,true,2026-07-16,31
5adc4be4-1f61-4f48-9999-83b80af0210b,0a750175-d43d-4c20-9290-5bcbdf976003,1242 - One Bedroom Apartment Sea View,4e68626e-7774-4bcc-8f75-15da497961a8,true,2026-07-17,31
28b3dad0-8c76-47e1-9e00-b29e659ede80,0a750175-d43d-4c20-9290-5bcbdf976003,1242 - One Bedroom Apartment Sea View,4e68626e-7774-4bcc-8f75-15da497961a8,true,2026-07-18,31
d5b554d5-46b5-494e-9124-57897730c2cd,0a750175-d43d-4c20-9290-5bcbdf976003,1242 - One Bedroom Apartment Sea View,4e68626e-7774-4bcc-8f75-15da497961a8,true,2026-07-19,31
3bc2d4c3-67a3-463d-804d-e376b900f6ce,0a750175-d43d-4c20-9290-5bcbdf976003,1242 - One Bedroom Apartment Sea View,4e68626e-7774-4bcc-8f75-15da497961a8,true,2026-07-20,31
b32700bd-acba-4a4c-bf85-7246285cbd96,0a750175-d43d-4c20-9290-5bcbdf976003,1242 - One Bedroom Apartment Sea View,4e68626e-7774-4bcc-8f75-15da497961a8,true,2026-07-21,31
fc06ae7c-f96a-4e70-864e-6ab7cb225199,0a750175-d43d-4c20-9290-5bcbdf976003,1242 - One Bedroom Apartment Sea View,4e68626e-7774-4bcc-8f75-15da497961a8,true,2026-07-22,31
fcb90c58-827e-4dcb-8262-5916b6af8cc6,0a750175-d43d-4c20-9290-5bcbdf976003,1242 - One Bedroom Apartment Sea View,4e68626e-7774-4bcc-8f75-15da497961a8,true,2026-07-23,31
aa64823e-e376-493a-8afb-7528a6ada898,0a750175-d43d-4c20-9290-5bcbdf976003,1242 - One Bedroom Apartment Sea View,4e68626e-7774-4bcc-8f75-15da497961a8,true,2026-07-24,31
43dd22d1-7d6f-49ce-9c41-da9a772f5777,0a750175-d43d-4c20-9290-5bcbdf976003,1242 - One Bedroom Apartment Sea View,4e68626e-7774-4bcc-8f75-15da497961a8,true,2026-07-25,31
639764df-54c9-4b6f-83ac-e0da119b3b4f,0a750175-d43d-4c20-9290-5bcbdf976003,1242 - One Bedroom Apartment Sea View,4e68626e-7774-4bcc-8f75-15da497961a8,true,2026-07-26,31
65ae9097-9ef5-4eec-8b01-212939227ab2,0a750175-d43d-4c20-9290-5bcbdf976003,1242 - One Bedroom Apartment Sea View,4e68626e-7774-4bcc-8f75-15da497961a8,true,2026-07-27,31
73ad8942-3bca-4c35-beb7-b6551b0e5b5e,0a750175-d43d-4c20-9290-5bcbdf976003,1242 - One Bedroom Apartment Sea View,4e68626e-7774-4bcc-8f75-15da497961a8,true,2026-07-28,31
7a2f4066-9980-4394-b8fa-45cf77c7f1d0,0a750175-d43d-4c20-9290-5bcbdf976003,1242 - One Bedroom Apartment Sea View,4e68626e-7774-4bcc-8f75-15da497961a8,true,2026-07-29,31
9db3c9f9-2b0a-4306-8b62-6a7082bdf418,0a750175-d43d-4c20-9290-5bcbdf976003,1242 - One Bedroom Apartment Sea View,4e68626e-7774-4bcc-8f75-15da497961a8,true,2026-07-30,31
86c3ba79-5529-43c4-8198-ca44fbe2d39d,0a750175-d43d-4c20-9290-5bcbdf976003,1242 - One Bedroom Apartment Sea View,4e68626e-7774-4bcc-8f75-15da497961a8,true,2026-07-31,31
c177d917-5f44-4a13-a45e-b2033a901e7d,0a750175-d43d-4c20-9290-5bcbdf976003,1242 - One Bedroom Apartment Sea View,4e68626e-7774-4bcc-8f75-15da497961a8,true,2026-08-01,31
e1613058-dd32-4364-8550-dce17367dcc0,0a750175-d43d-4c20-9290-5bcbdf976003,1242 - One Bedroom Apartment Sea View,4e68626e-7774-4bcc-8f75-15da497961a8,true,2026-08-02,31
9d587cb3-a575-42b6-86a2-2a23e7705348,0a750175-d43d-4c20-9290-5bcbdf976003,1242 - One Bedroom Apartment Sea View,4e68626e-7774-4bcc-8f75-15da497961a8,true,2026-08-03,31
7f939a2c-75f9-469b-a951-f4597c54a209,0a750175-d43d-4c20-9290-5bcbdf976003,1242 - One Bedroom Apartment Sea View,4e68626e-7774-4bcc-8f75-15da497961a8,true,2026-08-04,31
7fdb9f13-447b-4e8d-989c-1d309a9f52d0,0a750175-d43d-4c20-9290-5bcbdf976003,1242 - One Bedroom Apartment Sea View,4e68626e-7774-4bcc-8f75-15da497961a8,true,2026-08-05,31
e8eb3be9-220a-4501-bb42-52d02b3acec5,0a750175-d43d-4c20-9290-5bcbdf976003,1242 - One Bedroom Apartment Sea View,4e68626e-7774-4bcc-8f75-15da497961a8,true,2026-08-06,31
a1f770d7-f690-4fd5-883f-667f6aabd7c1,0a750175-d43d-4c20-9290-5bcbdf976003,1242 - One Bedroom Apartment Sea View,4e68626e-7774-4bcc-8f75-15da497961a8,true,2026-08-07,31
602a8da7-a45b-46a8-8567-68f1627aea73,0a750175-d43d-4c20-9290-5bcbdf976003,1242 - One Bedroom Apartment Sea View,4e68626e-7774-4bcc-8f75-15da497961a8,true,2026-08-08,31
da67451e-df0b-499a-9f3e-cca442979597,0a750175-d43d-4c20-9290-5bcbdf976003,1242 - One Bedroom Apartment Sea View,4e68626e-7774-4bcc-8f75-15da497961a8,true,2026-08-09,31
ff4a01cc-6ed6-471e-803c-13d9f9fd49a2,0a750175-d43d-4c20-9290-5bcbdf976003,1242 - One Bedroom Apartment Sea View,4e68626e-7774-4bcc-8f75-15da497961a8,true,2026-08-10,31
b1c4b992-245c-4562-a253-394072a73611,0a750175-d43d-4c20-9290-5bcbdf976003,1242 - One Bedroom Apartment Sea View,4e68626e-7774-4bcc-8f75-15da497961a8,true,2026-08-11,31
6dc0b3be-b245-4276-9ccc-70c159ee8c85,0a750175-d43d-4c20-9290-5bcbdf976003,1242 - One Bedroom Apartment Sea View,4e68626e-7774-4bcc-8f75-15da497961a8,true,2026-08-12,31
c17b4c98-0481-400f-be80-d888fbdb0309,0a750175-d43d-4c20-9290-5bcbdf976003,1242 - One Bedroom Apartment Sea View,4e68626e-7774-4bcc-8f75-15da497961a8,true,2026-08-13,31
8d43b37d-9a24-47cb-bbc7-1c171d936f0d,0a750175-d43d-4c20-9290-5bcbdf976003,1242 - One Bedroom Apartment Sea View,4e68626e-7774-4bcc-8f75-15da497961a8,true,2026-08-14,31
cd6946e9-1e48-443d-b465-001002615dce,0a750175-d43d-4c20-9290-5bcbdf976003,1242 - One Bedroom Apartment Sea View,4e68626e-7774-4bcc-8f75-15da497961a8,true,2026-08-15,31
0bf1ef4a-9884-4891-b228-9f1718152451,0a750175-d43d-4c20-9290-5bcbdf976003,1242 - One Bedroom Apartment Sea View,4e68626e-7774-4bcc-8f75-15da497961a8,true,2026-08-16,31
0b097c68-6fd3-48e1-a545-970892e6ee36,0a750175-d43d-4c20-9290-5bcbdf976003,1242 - One Bedroom Apartment Sea View,4e68626e-7774-4bcc-8f75-15da497961a8,true,2026-08-17,31
bada4ae9-ebb5-4442-a169-afc4183b9dc9,0a750175-d43d-4c20-9290-5bcbdf976003,1242 - One Bedroom Apartment Sea View,4e68626e-7774-4bcc-8f75-15da497961a8,true,2026-08-18,31
47feec2c-ab56-4be7-a036-1a10af60b325,0a750175-d43d-4c20-9290-5bcbdf976003,1242 - One Bedroom Apartment Sea View,4e68626e-7774-4bcc-8f75-15da497961a8,true,2026-08-19,31
a2746508-f23f-48aa-882c-b4dc27f2e8c6,0a750175-d43d-4c20-9290-5bcbdf976003,1242 - One Bedroom Apartment Sea View,4e68626e-7774-4bcc-8f75-15da497961a8,true,2026-08-20,31
58f34b04-27df-404c-a878-c623bce7a399,0a750175-d43d-4c20-9290-5bcbdf976003,1242 - One Bedroom Apartment Sea View,4e68626e-7774-4bcc-8f75-15da497961a8,true,2026-08-21,31
c476bbd9-98cc-4431-967f-ae77031ce00b,0a750175-d43d-4c20-9290-5bcbdf976003,1242 - One Bedroom Apartment Sea View,4e68626e-7774-4bcc-8f75-15da497961a8,true,2026-08-22,31
d067a541-b34e-4b72-897c-0119e404cdc7,0a750175-d43d-4c20-9290-5bcbdf976003,1242 - One Bedroom Apartment Sea View,4e68626e-7774-4bcc-8f75-15da497961a8,true,2026-08-23,31
3c18101d-901d-4205-92c5-a804815c5228,0a750175-d43d-4c20-9290-5bcbdf976003,1242 - One Bedroom Apartment Sea View,4e68626e-7774-4bcc-8f75-15da497961a8,true,2026-08-24,31
798ae1e8-321c-43e5-b300-17e72316dc8a,0a750175-d43d-4c20-9290-5bcbdf976003,1242 - One Bedroom Apartment Sea View,4e68626e-7774-4bcc-8f75-15da497961a8,true,2026-08-25,31
2ddd87a5-583e-46f4-8d99-d7a74d65e35a,0a750175-d43d-4c20-9290-5bcbdf976003,1242 - One Bedroom Apartment Sea View,4e68626e-7774-4bcc-8f75-15da497961a8,true,2026-08-26,31
788afc86-ec01-4157-bbef-a8c055e90707,0a750175-d43d-4c20-9290-5bcbdf976003,1242 - One Bedroom Apartment Sea View,4e68626e-7774-4bcc-8f75-15da497961a8,true,2026-08-27,31
c1915e50-7119-41cd-b7e6-c98dd6c9d3cf,0a750175-d43d-4c20-9290-5bcbdf976003,1242 - One Bedroom Apartment Sea View,4e68626e-7774-4bcc-8f75-15da497961a8,true,2026-08-28,31
0dd0e913-46fb-4603-87f3-97a74340ae4c,0a750175-d43d-4c20-9290-5bcbdf976003,1242 - One Bedroom Apartment Sea View,4e68626e-7774-4bcc-8f75-15da497961a8,true,2026-08-29,31
d85380f5-a3ae-4609-8d87-0fb75af84d31,0a750175-d43d-4c20-9290-5bcbdf976003,1242 - One Bedroom Apartment Sea View,4e68626e-7774-4bcc-8f75-15da497961a8,true,2026-08-30,31
6b4d2fcd-6460-42bb-8dc8-1806819eaa02,0a750175-d43d-4c20-9290-5bcbdf976003,1242 - One Bedroom Apartment Sea View,4e68626e-7774-4bcc-8f75-15da497961a8,true,2026-08-31,31
c988a363-32cd-4864-9221-af8d153e0354,0a750175-d43d-4c20-9290-5bcbdf976003,1242 - One Bedroom Apartment Sea View,4e68626e-7774-4bcc-8f75-15da497961a8,true,2026-09-01,31
21034785-6821-4bca-948c-553b5e460eb6,0a750175-d43d-4c20-9290-5bcbdf976003,1242 - One Bedroom Apartment Sea View,4e68626e-7774-4bcc-8f75-15da497961a8,true,2026-09-02,31
3bf02af3-3b05-42d6-b62b-d0b64157613a,0a750175-d43d-4c20-9290-5bcbdf976003,1242 - One Bedroom Apartment Sea View,4e68626e-7774-4bcc-8f75-15da497961a8,true,2026-09-03,31
436b977a-5e40-4520-a418-8f5a34baa2ce,0a750175-d43d-4c20-9290-5bcbdf976003,1242 - One Bedroom Apartment Sea View,4e68626e-7774-4bcc-8f75-15da497961a8,true,2026-09-04,31
5090686e-e919-4f39-8b7d-d982eb8dd8d3,0a750175-d43d-4c20-9290-5bcbdf976003,1242 - One Bedroom Apartment Sea View,4e68626e-7774-4bcc-8f75-15da497961a8,true,2026-09-05,31
0accbe10-e28a-4d29-a083-b914c67247d0,0a750175-d43d-4c20-9290-5bcbdf976003,1242 - One Bedroom Apartment Sea View,4e68626e-7774-4bcc-8f75-15da497961a8,true,2026-09-06,31
e495f767-e8cd-4a4f-86be-4ffa77f5fbc0,0a750175-d43d-4c20-9290-5bcbdf976003,1242 - One Bedroom Apartment Sea View,4e68626e-7774-4bcc-8f75-15da497961a8,true,2026-09-07,31
3b09e199-39a4-4596-8891-b13fa66056b4,0a750175-d43d-4c20-9290-5bcbdf976003,1242 - One Bedroom Apartment Sea View,4e68626e-7774-4bcc-8f75-15da497961a8,true,2026-09-08,31
f7a7dcc0-ec2a-4db2-bb0b-a17b8e16b913,0a750175-d43d-4c20-9290-5bcbdf976003,1242 - One Bedroom Apartment Sea View,4e68626e-7774-4bcc-8f75-15da497961a8,true,2026-09-09,31
e79c2d62-9069-49ae-9f4d-330884c4b75e,0a750175-d43d-4c20-9290-5bcbdf976003,1242 - One Bedroom Apartment Sea View,4e68626e-7774-4bcc-8f75-15da497961a8,true,2026-09-10,31
c634c9be-537a-4f5d-8515-a33163a4bbb7,0a750175-d43d-4c20-9290-5bcbdf976003,1242 - One Bedroom Apartment Sea View,4e68626e-7774-4bcc-8f75-15da497961a8,true,2026-09-11,31
a51a36a5-37b1-4863-bd8f-f61de99b8af8,0a750175-d43d-4c20-9290-5bcbdf976003,1242 - One Bedroom Apartment Sea View,4e68626e-7774-4bcc-8f75-15da497961a8,true,2026-09-12,31
c5c46c7f-62aa-4bd3-b886-14bcf0d75da2,0a750175-d43d-4c20-9290-5bcbdf976003,1242 - One Bedroom Apartment Sea View,4e68626e-7774-4bcc-8f75-15da497961a8,true,2026-09-13,31
76064f1c-11d8-47d6-a55d-3c47e0c63613,0a750175-d43d-4c20-9290-5bcbdf976003,1242 - One Bedroom Apartment Sea View,4e68626e-7774-4bcc-8f75-15da497961a8,true,2026-09-14,31
7fdf21ed-12ed-4195-856d-5c7cd522e31a,0a750175-d43d-4c20-9290-5bcbdf976003,1242 - One Bedroom Apartment Sea View,4e68626e-7774-4bcc-8f75-15da497961a8,true,2026-09-15,31
384c255b-70e0-477d-9ee2-c43ccfd2df6c,0a750175-d43d-4c20-9290-5bcbdf976003,1242 - One Bedroom Apartment Sea View,4e68626e-7774-4bcc-8f75-15da497961a8,true,2026-09-16,31
1426a4b5-6c5a-47e3-85d4-1410860f44a2,0a750175-d43d-4c20-9290-5bcbdf976003,1242 - One Bedroom Apartment Sea View,4e68626e-7774-4bcc-8f75-15da497961a8,true,2026-09-17,31
5372673c-8164-4e50-b630-37121598aa2a,0a750175-d43d-4c20-9290-5bcbdf976003,1242 - One Bedroom Apartment Sea View,4e68626e-7774-4bcc-8f75-15da497961a8,true,2026-09-18,31
a7df8c49-bf21-4ae3-b7d2-53e9b8652586,0a750175-d43d-4c20-9290-5bcbdf976003,1242 - One Bedroom Apartment Sea View,4e68626e-7774-4bcc-8f75-15da497961a8,true,2026-09-19,31
480e5b9a-d148-460e-aeab-714e4848ba5a,0a750175-d43d-4c20-9290-5bcbdf976003,1242 - One Bedroom Apartment Sea View,4e68626e-7774-4bcc-8f75-15da497961a8,true,2026-09-20,31
e48758c9-f6a0-40c6-9dd1-ac42002efb75,0a750175-d43d-4c20-9290-5bcbdf976003,1242 - One Bedroom Apartment Sea View,4e68626e-7774-4bcc-8f75-15da497961a8,true,2026-09-21,31
f789206b-431c-44dc-9a0b-4c27fa1ec6cc,0a750175-d43d-4c20-9290-5bcbdf976003,1242 - One Bedroom Apartment Sea View,4e68626e-7774-4bcc-8f75-15da497961a8,true,2026-09-22,31
f6da398d-4486-48d2-aa47-e24f2f778640,0a750175-d43d-4c20-9290-5bcbdf976003,1242 - One Bedroom Apartment Sea View,4e68626e-7774-4bcc-8f75-15da497961a8,true,2026-09-23,31
4d0ee4a4-c3af-42fb-be05-4f76c9174ec7,0a750175-d43d-4c20-9290-5bcbdf976003,1242 - One Bedroom Apartment Sea View,4e68626e-7774-4bcc-8f75-15da497961a8,true,2026-09-24,31
a33b2b61-a8a5-4e64-89ab-a165837bca72,0a750175-d43d-4c20-9290-5bcbdf976003,1242 - One Bedroom Apartment Sea View,4e68626e-7774-4bcc-8f75-15da497961a8,true,2026-09-25,31
545cdfc8-a14c-4808-897b-f8c2796fde35,0a750175-d43d-4c20-9290-5bcbdf976003,1242 - One Bedroom Apartment Sea View,4e68626e-7774-4bcc-8f75-15da497961a8,true,2026-09-26,31
6ea0d888-18c8-44a4-9e9f-94f911e91b6d,0a750175-d43d-4c20-9290-5bcbdf976003,1242 - One Bedroom Apartment Sea View,4e68626e-7774-4bcc-8f75-15da497961a8,true,2026-09-27,31
05e760ae-c0b8-40c0-ab70-15e0cc52be50,0a750175-d43d-4c20-9290-5bcbdf976003,1242 - One Bedroom Apartment Sea View,4e68626e-7774-4bcc-8f75-15da497961a8,true,2026-09-28,31
b03afc9a-ed1a-4dc0-8ecb-631d60e91b21,0a750175-d43d-4c20-9290-5bcbdf976003,1242 - One Bedroom Apartment Sea View,4e68626e-7774-4bcc-8f75-15da497961a8,true,2026-09-29,31
adbf6b75-a475-4d48-a08e-f1c155d28424,0a750175-d43d-4c20-9290-5bcbdf976003,1242 - One Bedroom Apartment Sea View,4e68626e-7774-4bcc-8f75-15da497961a8,true,2026-09-30,31
d4289b4b-ab97-4ab1-b278-fcb540e6522e,0a750175-d43d-4c20-9290-5bcbdf976003,1242 - One Bedroom Apartment Sea View,4e68626e-7774-4bcc-8f75-15da497961a8,true,2026-10-01,31
6a1c9c33-7733-4aaa-a596-6fc005b8a60a,0a750175-d43d-4c20-9290-5bcbdf976003,1242 - One Bedroom Apartment Sea View,4e68626e-7774-4bcc-8f75-15da497961a8,true,2026-10-02,31
f3eb7b2b-4515-4b7a-b96f-f08bfb93cd79,0a750175-d43d-4c20-9290-5bcbdf976003,1242 - One Bedroom Apartment Sea View,4e68626e-7774-4bcc-8f75-15da497961a8,true,2026-10-03,31
b3eff0dd-da8c-42b9-bde4-e89c029a51c5,0a750175-d43d-4c20-9290-5bcbdf976003,1242 - One Bedroom Apartment Sea View,4e68626e-7774-4bcc-8f75-15da497961a8,true,2026-10-04,31
2b26f41b-526a-43f7-86e7-0ac8e24d078b,0a750175-d43d-4c20-9290-5bcbdf976003,1242 - One Bedroom Apartment Sea View,4e68626e-7774-4bcc-8f75-15da497961a8,true,2026-10-05,31
3861a339-bee8-467f-9c3c-cdaff671b315,0a750175-d43d-4c20-9290-5bcbdf976003,1242 - One Bedroom Apartment Sea View,4e68626e-7774-4bcc-8f75-15da497961a8,true,2026-10-06,31
f6cb32c3-d8d8-4bdc-9aa4-0f89f42fd10e,0a750175-d43d-4c20-9290-5bcbdf976003,1242 - One Bedroom Apartment Sea View,4e68626e-7774-4bcc-8f75-15da497961a8,true,2026-10-07,31
58380c49-04c5-47b3-b782-701ab2985053,0a750175-d43d-4c20-9290-5bcbdf976003,1242 - One Bedroom Apartment Sea View,4e68626e-7774-4bcc-8f75-15da497961a8,true,2026-10-08,31
68608662-38bc-47d5-a191-d26d6bd7c11a,0a750175-d43d-4c20-9290-5bcbdf976003,1242 - One Bedroom Apartment Sea View,4e68626e-7774-4bcc-8f75-15da497961a8,true,2026-10-09,31
a8a7359a-776a-4a22-a4a8-072e9823aac4,0a750175-d43d-4c20-9290-5bcbdf976003,1242 - One Bedroom Apartment Sea View,4e68626e-7774-4bcc-8f75-15da497961a8,true,2026-10-10,31
b40fcde1-e0c4-45b8-8187-dc07c616de3c,0a750175-d43d-4c20-9290-5bcbdf976003,1242 - One Bedroom Apartment Sea View,4e68626e-7774-4bcc-8f75-15da497961a8,true,2026-10-11,31
c32f9f43-6794-4e4a-9dc8-030444f98d44,0a750175-d43d-4c20-9290-5bcbdf976003,1242 - One Bedroom Apartment Sea View,4e68626e-7774-4bcc-8f75-15da497961a8,true,2026-10-12,31
22a589a9-2cb7-4093-9bb4-5021f32f9e4e,0a750175-d43d-4c20-9290-5bcbdf976003,1242 - One Bedroom Apartment Sea View,4e68626e-7774-4bcc-8f75-15da497961a8,true,2026-10-13,31
b33135ed-6e79-4b43-b353-8900e5d9af0f,0a750175-d43d-4c20-9290-5bcbdf976003,1242 - One Bedroom Apartment Sea View,4e68626e-7774-4bcc-8f75-15da497961a8,true,2026-10-14,31
4d53b594-840c-43d5-bc10-53fdde65d3ea,0a750175-d43d-4c20-9290-5bcbdf976003,1242 - One Bedroom Apartment Sea View,4e68626e-7774-4bcc-8f75-15da497961a8,true,2026-10-15,31
94e5960e-95aa-4d96-9d14-11a58198fc3a,0a750175-d43d-4c20-9290-5bcbdf976003,1242 - One Bedroom Apartment Sea View,4e68626e-7774-4bcc-8f75-15da497961a8,true,2026-10-16,31
ae397c3f-e941-4690-98ed-51848cf02cb9,0a750175-d43d-4c20-9290-5bcbdf976003,1242 - One Bedroom Apartment Sea View,4e68626e-7774-4bcc-8f75-15da497961a8,true,2026-10-17,31
11850b82-6003-49bf-aff1-2baac1537d9d,0a750175-d43d-4c20-9290-5bcbdf976003,1242 - One Bedroom Apartment Sea View,4e68626e-7774-4bcc-8f75-15da497961a8,true,2026-10-18,31
87911d30-c470-4106-b5af-139b8796e95a,0a750175-d43d-4c20-9290-5bcbdf976003,1242 - One Bedroom Apartment Sea View,4e68626e-7774-4bcc-8f75-15da497961a8,true,2026-10-19,31
d4c9c36f-77fc-44c6-b022-2f2ea76cfcab,0a750175-d43d-4c20-9290-5bcbdf976003,1242 - One Bedroom Apartment Sea View,4e68626e-7774-4bcc-8f75-15da497961a8,true,2026-10-20,31
39823e94-f65f-4e10-a124-ad41ed8daa9b,0a750175-d43d-4c20-9290-5bcbdf976003,1242 - One Bedroom Apartment Sea View,4e68626e-7774-4bcc-8f75-15da497961a8,true,2026-10-21,31
b068bb6c-f545-4956-80c9-bc45693b7ea1,0a750175-d43d-4c20-9290-5bcbdf976003,1242 - One Bedroom Apartment Sea View,4e68626e-7774-4bcc-8f75-15da497961a8,true,2026-10-22,31
a498a857-1533-4b71-bd30-27316c3a07bf,0a750175-d43d-4c20-9290-5bcbdf976003,1242 - One Bedroom Apartment Sea View,4e68626e-7774-4bcc-8f75-15da497961a8,true,2026-10-23,31
f11a6ad1-b688-402d-b72e-7337370d49a3,0a750175-d43d-4c20-9290-5bcbdf976003,1242 - One Bedroom Apartment Sea View,4e68626e-7774-4bcc-8f75-15da497961a8,true,2026-10-24,31
0a1acbd2-a17a-4ba9-980e-3fe2614831a4,0a750175-d43d-4c20-9290-5bcbdf976003,1242 - One Bedroom Apartment Sea View,4e68626e-7774-4bcc-8f75-15da497961a8,true,2026-10-25,31
2353a604-e198-4c54-933f-a24d71bcacd9,0a750175-d43d-4c20-9290-5bcbdf976003,1242 - One Bedroom Apartment Sea View,4e68626e-7774-4bcc-8f75-15da497961a8,true,2026-10-26,31
ec9fa8a2-5c1d-4fbb-b16a-f50e726c4381,0a750175-d43d-4c20-9290-5bcbdf976003,1242 - One Bedroom Apartment Sea View,4e68626e-7774-4bcc-8f75-15da497961a8,true,2026-10-27,31
064c36b3-ce5c-4c36-b14a-8e52c5a418cf,0a750175-d43d-4c20-9290-5bcbdf976003,1242 - One Bedroom Apartment Sea View,4e68626e-7774-4bcc-8f75-15da497961a8,true,2026-10-28,31
c0acef8e-9774-464a-ba2a-cf1e6a883c6c,0a750175-d43d-4c20-9290-5bcbdf976003,1242 - One Bedroom Apartment Sea View,4e68626e-7774-4bcc-8f75-15da497961a8,true,2026-10-29,31
951008fa-3698-4440-8fa2-f0a12fb1a018,0a750175-d43d-4c20-9290-5bcbdf976003,1242 - One Bedroom Apartment Sea View,4e68626e-7774-4bcc-8f75-15da497961a8,true,2026-10-30,31
74839053-7509-4c4c-bc36-518179dff780,0a750175-d43d-4c20-9290-5bcbdf976003,1242 - One Bedroom Apartment Sea View,4e68626e-7774-4bcc-8f75-15da497961a8,true,2026-10-31,31
33a201b4-d6ba-4b7e-9edb-b16b3798b0d1,0a750175-d43d-4c20-9290-5bcbdf976003,1242 - One Bedroom Apartment Sea View,4e68626e-7774-4bcc-8f75-15da497961a8,true,2026-11-01,31
5f3f5369-9da7-499d-ae0e-e139efe42111,0a750175-d43d-4c20-9290-5bcbdf976003,1242 - One Bedroom Apartment Sea View,4e68626e-7774-4bcc-8f75-15da497961a8,true,2026-11-02,31
08461ad2-73fe-42ff-adc1-04a92177165d,0a750175-d43d-4c20-9290-5bcbdf976003,1242 - One Bedroom Apartment Sea View,4e68626e-7774-4bcc-8f75-15da497961a8,true,2026-11-03,31
d9612f2d-65fb-4f7b-a348-551179814321,0a750175-d43d-4c20-9290-5bcbdf976003,1242 - One Bedroom Apartment Sea View,4e68626e-7774-4bcc-8f75-15da497961a8,true,2026-11-04,31
71197dd4-b4f3-4d6b-a004-77c3c22f3e70,0a750175-d43d-4c20-9290-5bcbdf976003,1242 - One Bedroom Apartment Sea View,4e68626e-7774-4bcc-8f75-15da497961a8,true,2026-11-05,31
c9f6af38-7357-43c6-871a-f30b434b7b05,0a750175-d43d-4c20-9290-5bcbdf976003,1242 - One Bedroom Apartment Sea View,4e68626e-7774-4bcc-8f75-15da497961a8,true,2026-11-06,31
78b2fae1-6bf9-48d7-b59c-25ce07f1d2bd,0a750175-d43d-4c20-9290-5bcbdf976003,1242 - One Bedroom Apartment Sea View,4e68626e-7774-4bcc-8f75-15da497961a8,true,2026-11-07,31
802f95bf-ce88-4043-a229-0728fdd85066,0a750175-d43d-4c20-9290-5bcbdf976003,1242 - One Bedroom Apartment Sea View,4e68626e-7774-4bcc-8f75-15da497961a8,true,2026-11-08,31
2f8f68b1-6044-421d-b9eb-d7b45a8740da,0a750175-d43d-4c20-9290-5bcbdf976003,1242 - One Bedroom Apartment Sea View,4e68626e-7774-4bcc-8f75-15da497961a8,true,2026-11-09,31
b58d6d34-de79-4845-8134-2e6b56be2246,0a750175-d43d-4c20-9290-5bcbdf976003,1242 - One Bedroom Apartment Sea View,4e68626e-7774-4bcc-8f75-15da497961a8,true,2026-11-10,31
26ef3a82-7fa1-468e-a381-e7ca27d53e33,0a750175-d43d-4c20-9290-5bcbdf976003,1242 - One Bedroom Apartment Sea View,4e68626e-7774-4bcc-8f75-15da497961a8,true,2026-11-11,31
a47d1ff8-ab41-4083-a9b8-dc2aec4f5081,0a750175-d43d-4c20-9290-5bcbdf976003,1242 - One Bedroom Apartment Sea View,4e68626e-7774-4bcc-8f75-15da497961a8,true,2026-11-12,31
6e3a4e90-5a19-4737-b01f-1d34f98d6980,0a750175-d43d-4c20-9290-5bcbdf976003,1242 - One Bedroom Apartment Sea View,4e68626e-7774-4bcc-8f75-15da497961a8,true,2026-11-13,31
5ff9efda-2099-4bb7-ad87-a811775f8571,0a750175-d43d-4c20-9290-5bcbdf976003,1242 - One Bedroom Apartment Sea View,4e68626e-7774-4bcc-8f75-15da497961a8,true,2026-11-14,31
925ac8bd-1ac9-499c-97cb-43632cab1edd,0a750175-d43d-4c20-9290-5bcbdf976003,1242 - One Bedroom Apartment Sea View,4e68626e-7774-4bcc-8f75-15da497961a8,true,2026-11-15,31
9c81f2a5-8e2f-4b47-88b2-9c482fc1b016,0a750175-d43d-4c20-9290-5bcbdf976003,1242 - One Bedroom Apartment Sea View,4e68626e-7774-4bcc-8f75-15da497961a8,true,2026-11-16,31
7ac09eeb-79d8-4ace-8f27-946fd2bbf8b4,0a750175-d43d-4c20-9290-5bcbdf976003,1242 - One Bedroom Apartment Sea View,4e68626e-7774-4bcc-8f75-15da497961a8,true,2026-11-17,31
0c8855a0-c5fb-43f9-8547-e366205ad1aa,0a750175-d43d-4c20-9290-5bcbdf976003,1242 - One Bedroom Apartment Sea View,4e68626e-7774-4bcc-8f75-15da497961a8,true,2026-11-18,31
8f43f8b2-f2ef-4043-9fd4-8ead6dab53fa,0a750175-d43d-4c20-9290-5bcbdf976003,1242 - One Bedroom Apartment Sea View,4e68626e-7774-4bcc-8f75-15da497961a8,true,2026-11-19,31
c51e89b0-6370-40d3-9b2e-45a289d1bc5c,0a750175-d43d-4c20-9290-5bcbdf976003,1242 - One Bedroom Apartment Sea View,4e68626e-7774-4bcc-8f75-15da497961a8,true,2026-11-20,31
1afd1d95-47a7-4df0-8ee6-85d4e1ced62d,0a750175-d43d-4c20-9290-5bcbdf976003,1242 - One Bedroom Apartment Sea View,4e68626e-7774-4bcc-8f75-15da497961a8,true,2026-11-21,31
73037dfa-cc06-4f64-81ad-02345e6c4164,0a750175-d43d-4c20-9290-5bcbdf976003,1242 - One Bedroom Apartment Sea View,4e68626e-7774-4bcc-8f75-15da497961a8,true,2026-11-22,31
8d724cd7-b5f7-4720-9139-e7b86cd71434,0a750175-d43d-4c20-9290-5bcbdf976003,1242 - One Bedroom Apartment Sea View,4e68626e-7774-4bcc-8f75-15da497961a8,true,2026-11-23,31
cf092f3b-2aba-40c4-99da-ca9719ac1c96,0a750175-d43d-4c20-9290-5bcbdf976003,1242 - One Bedroom Apartment Sea View,4e68626e-7774-4bcc-8f75-15da497961a8,true,2026-11-24,31
3ff0db3e-e1e6-43ea-9509-2fb5fe873b20,0a750175-d43d-4c20-9290-5bcbdf976003,1242 - One Bedroom Apartment Sea View,4e68626e-7774-4bcc-8f75-15da497961a8,true,2026-11-25,31
f7403377-ca8e-439d-bd25-07e756557d22,0a750175-d43d-4c20-9290-5bcbdf976003,1242 - One Bedroom Apartment Sea View,4e68626e-7774-4bcc-8f75-15da497961a8,true,2026-11-26,31
18fef2de-bfd0-48ff-85c2-c92936f8f4b8,0a750175-d43d-4c20-9290-5bcbdf976003,1242 - One Bedroom Apartment Sea View,4e68626e-7774-4bcc-8f75-15da497961a8,true,2026-11-27,31
544ba110-71fe-499e-a34b-a8f0298a1532,0a750175-d43d-4c20-9290-5bcbdf976003,1242 - One Bedroom Apartment Sea View,4e68626e-7774-4bcc-8f75-15da497961a8,true,2026-11-28,31
ad20b84a-3e3e-412b-98c0-e7b73b61d738,0a750175-d43d-4c20-9290-5bcbdf976003,1242 - One Bedroom Apartment Sea View,4e68626e-7774-4bcc-8f75-15da497961a8,true,2026-11-29,31
03a25cfa-6139-43e2-a5aa-4f7243713146,0a750175-d43d-4c20-9290-5bcbdf976003,1242 - One Bedroom Apartment Sea View,4e68626e-7774-4bcc-8f75-15da497961a8,true,2026-11-30,31
92b2596e-699a-4298-af1d-65204e4ca490,0a750175-d43d-4c20-9290-5bcbdf976003,1242 - One Bedroom Apartment Sea View,4e68626e-7774-4bcc-8f75-15da497961a8,true,2026-12-01,31
f4920d6d-3392-45ae-b164-de5d2fa86c6a,0a750175-d43d-4c20-9290-5bcbdf976003,1242 - One Bedroom Apartment Sea View,4e68626e-7774-4bcc-8f75-15da497961a8,true,2026-12-02,31
f909b4a3-96fd-4dfe-9048-dbb2b710931e,0a750175-d43d-4c20-9290-5bcbdf976003,1242 - One Bedroom Apartment Sea View,4e68626e-7774-4bcc-8f75-15da497961a8,true,2026-12-03,31
565a7c72-6d3e-4a31-9a35-3d96149a20f8,0a750175-d43d-4c20-9290-5bcbdf976003,1242 - One Bedroom Apartment Sea View,4e68626e-7774-4bcc-8f75-15da497961a8,true,2026-12-04,31
8d8f35af-f522-45a9-9498-8c7216f0db61,0a750175-d43d-4c20-9290-5bcbdf976003,1242 - One Bedroom Apartment Sea View,4e68626e-7774-4bcc-8f75-15da497961a8,true,2026-12-05,31
005aa2ae-3350-4f2a-b690-6eeed3aa4b03,0a750175-d43d-4c20-9290-5bcbdf976003,1242 - One Bedroom Apartment Sea View,4e68626e-7774-4bcc-8f75-15da497961a8,true,2026-12-06,31
518df4d5-a9f3-488b-ad4c-e92a25f3c6dc,0a750175-d43d-4c20-9290-5bcbdf976003,1242 - One Bedroom Apartment Sea View,4e68626e-7774-4bcc-8f75-15da497961a8,true,2026-12-07,31
34b3135b-d032-4025-80e4-bd9a47ced161,0a750175-d43d-4c20-9290-5bcbdf976003,1242 - One Bedroom Apartment Sea View,4e68626e-7774-4bcc-8f75-15da497961a8,true,2026-12-08,31
4d0b26ac-f364-488e-8b5a-a8d7087ebe5e,0a750175-d43d-4c20-9290-5bcbdf976003,1242 - One Bedroom Apartment Sea View,4e68626e-7774-4bcc-8f75-15da497961a8,true,2026-12-09,31
f4aaba57-ffea-4d22-af40-a3e9feadfea9,0a750175-d43d-4c20-9290-5bcbdf976003,1242 - One Bedroom Apartment Sea View,4e68626e-7774-4bcc-8f75-15da497961a8,true,2026-12-10,31
e3d7a5fb-3e4f-4a4d-bd12-aad3f8beb936,0a750175-d43d-4c20-9290-5bcbdf976003,1242 - One Bedroom Apartment Sea View,4e68626e-7774-4bcc-8f75-15da497961a8,true,2026-12-11,31
d7951496-83b3-4631-89ef-9cd792f2054e,0a750175-d43d-4c20-9290-5bcbdf976003,1242 - One Bedroom Apartment Sea View,4e68626e-7774-4bcc-8f75-15da497961a8,true,2026-12-12,31
a8bbbb5a-094b-4b7d-bca5-1ef167031b7d,0a750175-d43d-4c20-9290-5bcbdf976003,1242 - One Bedroom Apartment Sea View,4e68626e-7774-4bcc-8f75-15da497961a8,true,2026-12-13,31
54ccc156-08ed-44e3-b6f9-d11e9b5c0816,0a750175-d43d-4c20-9290-5bcbdf976003,1242 - One Bedroom Apartment Sea View,4e68626e-7774-4bcc-8f75-15da497961a8,true,2026-12-14,31
ad4be9ea-ea76-4931-94b8-db76899061f3,0a750175-d43d-4c20-9290-5bcbdf976003,1242 - One Bedroom Apartment Sea View,4e68626e-7774-4bcc-8f75-15da497961a8,true,2026-12-15,31
f15e3639-f9bc-4abf-8a34-06144cecde33,0a750175-d43d-4c20-9290-5bcbdf976003,1242 - One Bedroom Apartment Sea View,4e68626e-7774-4bcc-8f75-15da497961a8,true,2026-12-16,31
9cb17eee-58a8-406f-a205-8bb055005e70,0a750175-d43d-4c20-9290-5bcbdf976003,1242 - One Bedroom Apartment Sea View,4e68626e-7774-4bcc-8f75-15da497961a8,true,2026-12-17,31
1759daa0-1ba7-402c-ac34-a17de8679611,0a750175-d43d-4c20-9290-5bcbdf976003,1242 - One Bedroom Apartment Sea View,4e68626e-7774-4bcc-8f75-15da497961a8,true,2026-12-18,31
8db302a1-1d0b-48cd-814b-d8745abcc164,0a750175-d43d-4c20-9290-5bcbdf976003,1242 - One Bedroom Apartment Sea View,4e68626e-7774-4bcc-8f75-15da497961a8,true,2026-12-19,31
a1729ab2-63f2-4b1a-8dd7-4922a2ab8973,0a750175-d43d-4c20-9290-5bcbdf976003,1242 - One Bedroom Apartment Sea View,4e68626e-7774-4bcc-8f75-15da497961a8,true,2026-12-20,31
cbb9831d-7dfd-45ab-9821-919fba21abae,0a750175-d43d-4c20-9290-5bcbdf976003,1242 - One Bedroom Apartment Sea View,4e68626e-7774-4bcc-8f75-15da497961a8,true,2026-12-21,31
f42eedd5-b4a1-4146-8bd7-b676fcefb2e4,0a750175-d43d-4c20-9290-5bcbdf976003,1242 - One Bedroom Apartment Sea View,4e68626e-7774-4bcc-8f75-15da497961a8,true,2026-12-22,31
e8b85418-9b30-46c2-a249-e85347be2d4f,0a750175-d43d-4c20-9290-5bcbdf976003,1242 - One Bedroom Apartment Sea View,4e68626e-7774-4bcc-8f75-15da497961a8,true,2026-12-23,31
80bd401d-c9c6-4c2e-b027-3c1cca2ea0a6,0a750175-d43d-4c20-9290-5bcbdf976003,1242 - One Bedroom Apartment Sea View,4e68626e-7774-4bcc-8f75-15da497961a8,true,2026-12-24,31
b9353985-d519-40ae-98ec-93b6e41791a8,0a750175-d43d-4c20-9290-5bcbdf976003,1242 - One Bedroom Apartment Sea View,4e68626e-7774-4bcc-8f75-15da497961a8,true,2026-12-25,31
5a68bab4-2c5e-4b7f-9950-d1df499bd90d,0a750175-d43d-4c20-9290-5bcbdf976003,1242 - One Bedroom Apartment Sea View,4e68626e-7774-4bcc-8f75-15da497961a8,true,2026-12-26,31
48a98c36-6f42-488e-8f88-d8562569b61a,0a750175-d43d-4c20-9290-5bcbdf976003,1242 - One Bedroom Apartment Sea View,4e68626e-7774-4bcc-8f75-15da497961a8,true,2026-12-27,31
0bef2167-4620-4d17-abde-1ec03bc92f7a,0a750175-d43d-4c20-9290-5bcbdf976003,1242 - One Bedroom Apartment Sea View,4e68626e-7774-4bcc-8f75-15da497961a8,true,2026-12-28,31
1263f9d7-d9d7-4cb2-b3d5-d0663cdfe96f,0a750175-d43d-4c20-9290-5bcbdf976003,1242 - One Bedroom Apartment Sea View,4e68626e-7774-4bcc-8f75-15da497961a8,true,2026-12-29,31
4a3cccbd-e021-4361-a478-e5725828d7c0,0a750175-d43d-4c20-9290-5bcbdf976003,1242 - One Bedroom Apartment Sea View,4e68626e-7774-4bcc-8f75-15da497961a8,true,2026-12-30,31
a84e989d-8c01-466b-894c-c2e243af3728,0a750175-d43d-4c20-9290-5bcbdf976003,1242 - One Bedroom Apartment Sea View,4e68626e-7774-4bcc-8f75-15da497961a8,true,2026-12-31,31
9645dc07-bdce-401f-8449-da4b6ee3797a,0a750175-d43d-4c20-9290-5bcbdf976003,1242 - One Bedroom Apartment Sea View,4e68626e-7774-4bcc-8f75-15da497961a8,true,2027-01-01,31
c9d738d6-43c3-43cf-a77b-fc4d988b39ab,0a750175-d43d-4c20-9290-5bcbdf976003,1242 - One Bedroom Apartment Sea View,4e68626e-7774-4bcc-8f75-15da497961a8,true,2027-01-02,31
97cc378f-ad8f-45d7-a6a4-e3a6bf862433,0a750175-d43d-4c20-9290-5bcbdf976003,1242 - One Bedroom Apartment Sea View,4e68626e-7774-4bcc-8f75-15da497961a8,true,2027-01-03,31
60ee19d0-d356-47bf-8ef7-ab8073fa9b8b,0a750175-d43d-4c20-9290-5bcbdf976003,1242 - One Bedroom Apartment Sea View,4e68626e-7774-4bcc-8f75-15da497961a8,true,2027-01-04,31
f670e3eb-2472-46a5-b27c-7a9e84a08ccc,0a750175-d43d-4c20-9290-5bcbdf976003,1242 - One Bedroom Apartment Sea View,4e68626e-7774-4bcc-8f75-15da497961a8,true,2027-01-05,31
85564db2-cf36-4334-9e8d-962100fd7b1f,0a750175-d43d-4c20-9290-5bcbdf976003,1242 - One Bedroom Apartment Sea View,4e68626e-7774-4bcc-8f75-15da497961a8,true,2027-01-06,31
93186681-bc6f-4a31-a301-57ba2ec4219e,0a750175-d43d-4c20-9290-5bcbdf976003,1242 - One Bedroom Apartment Sea View,4e68626e-7774-4bcc-8f75-15da497961a8,true,2027-01-07,31
4fbcd37a-3dfe-479b-8a3b-9f674d759218,0a750175-d43d-4c20-9290-5bcbdf976003,1242 - One Bedroom Apartment Sea View,4e68626e-7774-4bcc-8f75-15da497961a8,true,2027-01-08,31
4909c2f2-b4e9-44cf-a925-c196f7634e29,0a750175-d43d-4c20-9290-5bcbdf976003,1242 - One Bedroom Apartment Sea View,4e68626e-7774-4bcc-8f75-15da497961a8,true,2027-01-09,31
540615ba-7e0b-4628-b3b9-fec89fd0c656,0a750175-d43d-4c20-9290-5bcbdf976003,1242 - One Bedroom Apartment Sea View,4e68626e-7774-4bcc-8f75-15da497961a8,true,2027-01-10,31
b83fa301-10cc-4fe6-af6d-e0846b69559c,0a750175-d43d-4c20-9290-5bcbdf976003,1242 - One Bedroom Apartment Sea View,4e68626e-7774-4bcc-8f75-15da497961a8,true,2027-01-11,31
7dc40376-76db-4c1f-8ecf-2ae3586357fc,0a750175-d43d-4c20-9290-5bcbdf976003,1242 - One Bedroom Apartment Sea View,4e68626e-7774-4bcc-8f75-15da497961a8,true,2027-01-12,31
e87c3c27-f7c5-4268-840c-73b600712609,0a750175-d43d-4c20-9290-5bcbdf976003,1242 - One Bedroom Apartment Sea View,4e68626e-7774-4bcc-8f75-15da497961a8,true,2027-01-13,31
d3c90885-6fde-4ee5-91e2-62468687369a,0a750175-d43d-4c20-9290-5bcbdf976003,1242 - One Bedroom Apartment Sea View,4e68626e-7774-4bcc-8f75-15da497961a8,true,2027-01-14,31
13b56260-827e-4f43-b580-1e0f451be45d,0a750175-d43d-4c20-9290-5bcbdf976003,1242 - One Bedroom Apartment Sea View,4e68626e-7774-4bcc-8f75-15da497961a8,true,2027-01-15,31
f97c3000-6981-4328-bf34-f828f0930281,0a750175-d43d-4c20-9290-5bcbdf976003,1242 - One Bedroom Apartment Sea View,4e68626e-7774-4bcc-8f75-15da497961a8,true,2027-01-16,31
2f1a861c-f1ec-4be5-aa1f-174e235c75b4,0a750175-d43d-4c20-9290-5bcbdf976003,1242 - One Bedroom Apartment Sea View,4e68626e-7774-4bcc-8f75-15da497961a8,true,2027-01-17,31
782bc272-5c87-4ec5-a737-bb2adb39ba35,0a750175-d43d-4c20-9290-5bcbdf976003,1242 - One Bedroom Apartment Sea View,4e68626e-7774-4bcc-8f75-15da497961a8,true,2027-01-18,31
b330d889-79df-4382-af72-cbe75e5448e4,0a750175-d43d-4c20-9290-5bcbdf976003,1242 - One Bedroom Apartment Sea View,4e68626e-7774-4bcc-8f75-15da497961a8,true,2027-01-19,31
c1601314-555a-4f4b-aefb-bfb7d107dbc4,0a750175-d43d-4c20-9290-5bcbdf976003,1242 - One Bedroom Apartment Sea View,4e68626e-7774-4bcc-8f75-15da497961a8,true,2027-01-20,31
100d0835-36be-4c0f-97e7-1251e05e855c,0a750175-d43d-4c20-9290-5bcbdf976003,1242 - One Bedroom Apartment Sea View,4e68626e-7774-4bcc-8f75-15da497961a8,true,2027-01-21,31
2ed20ffc-102d-42e5-b220-5811b5a8a348,0a750175-d43d-4c20-9290-5bcbdf976003,1242 - One Bedroom Apartment Sea View,4e68626e-7774-4bcc-8f75-15da497961a8,true,2027-01-22,31
511c779b-8f1d-4614-b405-84545996ed87,0a750175-d43d-4c20-9290-5bcbdf976003,1242 - One Bedroom Apartment Sea View,4e68626e-7774-4bcc-8f75-15da497961a8,true,2027-01-23,31
8cc30c33-c8a0-4665-9f73-a9b1edfad90a,0a750175-d43d-4c20-9290-5bcbdf976003,1242 - One Bedroom Apartment Sea View,4e68626e-7774-4bcc-8f75-15da497961a8,true,2027-01-24,31
e4bdfaa9-f139-48b8-a819-4c20e460f204,0a750175-d43d-4c20-9290-5bcbdf976003,1242 - One Bedroom Apartment Sea View,4e68626e-7774-4bcc-8f75-15da497961a8,true,2027-01-25,31
e5cfb8da-945d-4a37-977b-68d75f809587,0a750175-d43d-4c20-9290-5bcbdf976003,1242 - One Bedroom Apartment Sea View,4e68626e-7774-4bcc-8f75-15da497961a8,true,2027-01-26,31
043a0b0b-1bfc-4418-bdbc-276d19fcda18,0a750175-d43d-4c20-9290-5bcbdf976003,1242 - One Bedroom Apartment Sea View,4e68626e-7774-4bcc-8f75-15da497961a8,true,2027-01-27,31
d26c9c85-1545-4b86-851d-7b95f1e7db61,0a750175-d43d-4c20-9290-5bcbdf976003,1242 - One Bedroom Apartment Sea View,4e68626e-7774-4bcc-8f75-15da497961a8,true,2027-01-28,31
e730c4e2-557f-4209-b89a-d6a0920fb469,0a750175-d43d-4c20-9290-5bcbdf976003,1242 - One Bedroom Apartment Sea View,4e68626e-7774-4bcc-8f75-15da497961a8,true,2027-01-29,31
7013fdcb-24c1-4558-81bb-13bc4af78857,0a750175-d43d-4c20-9290-5bcbdf976003,1242 - One Bedroom Apartment Sea View,4e68626e-7774-4bcc-8f75-15da497961a8,true,2027-01-30,31
4e06dc5d-d095-42e1-ad61-f344d3950092,0a750175-d43d-4c20-9290-5bcbdf976003,1242 - One Bedroom Apartment Sea View,4e68626e-7774-4bcc-8f75-15da497961a8,true,2027-01-31,31
d6e64be0-72df-4492-84a4-eced6cfab278,0a750175-d43d-4c20-9290-5bcbdf976003,1242 - One Bedroom Apartment Sea View,4e68626e-7774-4bcc-8f75-15da497961a8,true,2027-02-01,31
03e8f461-2ee9-48f3-a5f1-afb9e144e1c6,0a750175-d43d-4c20-9290-5bcbdf976003,1242 - One Bedroom Apartment Sea View,4e68626e-7774-4bcc-8f75-15da497961a8,true,2027-02-02,31
22f99acf-f6be-4383-8bab-df2e1a80a066,0a750175-d43d-4c20-9290-5bcbdf976003,1242 - One Bedroom Apartment Sea View,4e68626e-7774-4bcc-8f75-15da497961a8,true,2027-02-03,31
9db0f810-2b06-4e89-a530-cd86fb181bd3,0a750175-d43d-4c20-9290-5bcbdf976003,1242 - One Bedroom Apartment Sea View,4e68626e-7774-4bcc-8f75-15da497961a8,true,2027-02-04,31
b20bb9b0-062b-4443-ac8f-3803385e4fa0,0a750175-d43d-4c20-9290-5bcbdf976003,1242 - One Bedroom Apartment Sea View,4e68626e-7774-4bcc-8f75-15da497961a8,true,2027-02-05,31
b101eba3-2731-4e6a-b284-cd5c1748cb9a,0a750175-d43d-4c20-9290-5bcbdf976003,1242 - One Bedroom Apartment Sea View,4e68626e-7774-4bcc-8f75-15da497961a8,true,2027-02-06,31
1caaa10b-a4b4-41be-916d-6e1f09345bbe,0a750175-d43d-4c20-9290-5bcbdf976003,1242 - One Bedroom Apartment Sea View,4e68626e-7774-4bcc-8f75-15da497961a8,true,2027-02-07,31
5c215d05-6062-47aa-a3ac-9172bcd14a63,0a750175-d43d-4c20-9290-5bcbdf976003,1242 - One Bedroom Apartment Sea View,4e68626e-7774-4bcc-8f75-15da497961a8,true,2027-02-08,31
2804cca5-b742-440d-9eb9-cc0419a81f4c,0a750175-d43d-4c20-9290-5bcbdf976003,1242 - One Bedroom Apartment Sea View,4e68626e-7774-4bcc-8f75-15da497961a8,true,2027-02-09,31
63d148c8-933d-4dac-9667-2bbe7eb30609,0a750175-d43d-4c20-9290-5bcbdf976003,1242 - One Bedroom Apartment Sea View,4e68626e-7774-4bcc-8f75-15da497961a8,true,2027-02-10,31
8bb113fa-5e47-4fdc-b8e6-6c538cceece2,0a750175-d43d-4c20-9290-5bcbdf976003,1242 - One Bedroom Apartment Sea View,4e68626e-7774-4bcc-8f75-15da497961a8,true,2027-02-11,31
b656a611-bcfa-4fdd-99f8-c88bcb66632f,0a750175-d43d-4c20-9290-5bcbdf976003,1242 - One Bedroom Apartment Sea View,4e68626e-7774-4bcc-8f75-15da497961a8,true,2027-02-12,31
467eb106-45fe-4c16-b34f-138ab17d480d,0a750175-d43d-4c20-9290-5bcbdf976003,1242 - One Bedroom Apartment Sea View,4e68626e-7774-4bcc-8f75-15da497961a8,true,2027-02-13,31
f73a23f7-28db-4696-bd2d-c18a25cd5827,0a750175-d43d-4c20-9290-5bcbdf976003,1242 - One Bedroom Apartment Sea View,4e68626e-7774-4bcc-8f75-15da497961a8,true,2027-02-14,31
4ab76d54-4893-49e7-a21d-2f25809c5296,0a750175-d43d-4c20-9290-5bcbdf976003,1242 - One Bedroom Apartment Sea View,4e68626e-7774-4bcc-8f75-15da497961a8,true,2027-02-15,31
41658e0b-ae13-4d1c-bc1a-e7cb348d3b20,0a750175-d43d-4c20-9290-5bcbdf976003,1242 - One Bedroom Apartment Sea View,4e68626e-7774-4bcc-8f75-15da497961a8,true,2027-02-16,31
4e012808-b227-4286-8dd8-ba6e1476933e,0a750175-d43d-4c20-9290-5bcbdf976003,1242 - One Bedroom Apartment Sea View,4e68626e-7774-4bcc-8f75-15da497961a8,true,2027-02-17,31
febdf324-ae18-41fc-881f-f2e2a89b2fc7,0a750175-d43d-4c20-9290-5bcbdf976003,1242 - One Bedroom Apartment Sea View,4e68626e-7774-4bcc-8f75-15da497961a8,true,2027-02-18,31
aa3c5857-9adc-4b8e-8619-6d20b0f7e5ae,0a750175-d43d-4c20-9290-5bcbdf976003,1242 - One Bedroom Apartment Sea View,4e68626e-7774-4bcc-8f75-15da497961a8,true,2027-02-19,31
f74af830-e050-4be6-a183-cfdefef01d63,0a750175-d43d-4c20-9290-5bcbdf976003,1242 - One Bedroom Apartment Sea View,4e68626e-7774-4bcc-8f75-15da497961a8,true,2027-02-20,31
d9a1b663-0d2a-40a7-95ca-28eea6e9b421,0a750175-d43d-4c20-9290-5bcbdf976003,1242 - One Bedroom Apartment Sea View,4e68626e-7774-4bcc-8f75-15da497961a8,true,2027-02-21,31
1d8a9ef2-25d3-40b4-a28a-78bb273e0c66,0a750175-d43d-4c20-9290-5bcbdf976003,1242 - One Bedroom Apartment Sea View,4e68626e-7774-4bcc-8f75-15da497961a8,true,2027-02-22,31
61865569-386b-4ed9-8feb-a6f7e1645815,0a750175-d43d-4c20-9290-5bcbdf976003,1242 - One Bedroom Apartment Sea View,4e68626e-7774-4bcc-8f75-15da497961a8,true,2027-02-23,31
751c816d-4d43-4f40-a049-d8bc635e079d,0a750175-d43d-4c20-9290-5bcbdf976003,1242 - One Bedroom Apartment Sea View,4e68626e-7774-4bcc-8f75-15da497961a8,true,2027-02-24,31
5a89a358-aa6e-4836-b272-f9845d521dd8,0a750175-d43d-4c20-9290-5bcbdf976003,1242 - One Bedroom Apartment Sea View,4e68626e-7774-4bcc-8f75-15da497961a8,true,2027-02-25,31
7aa2f7ea-f5c0-4adf-be53-da46506d0871,0a750175-d43d-4c20-9290-5bcbdf976003,1242 - One Bedroom Apartment Sea View,4e68626e-7774-4bcc-8f75-15da497961a8,true,2027-02-26,31
c0af1268-d0de-486b-a8fe-adaed5234560,0a750175-d43d-4c20-9290-5bcbdf976003,1242 - One Bedroom Apartment Sea View,4e68626e-7774-4bcc-8f75-15da497961a8,true,2027-02-27,31
1e8c368f-84e8-4948-8598-66d30c2042b3,0a750175-d43d-4c20-9290-5bcbdf976003,1242 - One Bedroom Apartment Sea View,4e68626e-7774-4bcc-8f75-15da497961a8,true,2027-02-28,31
3a97b2bf-4b8d-4540-9655-c6a520fa1bd3,0a750175-d43d-4c20-9290-5bcbdf976003,1242 - One Bedroom Apartment Sea View,4e68626e-7774-4bcc-8f75-15da497961a8,true,2027-03-01,31
9d81bb67-9a78-4de9-b415-5aa9d3206308,0a750175-d43d-4c20-9290-5bcbdf976003,1242 - One Bedroom Apartment Sea View,4e68626e-7774-4bcc-8f75-15da497961a8,true,2027-03-02,31
d5838e14-751d-4147-897c-80f6860c145f,0a750175-d43d-4c20-9290-5bcbdf976003,1242 - One Bedroom Apartment Sea View,4e68626e-7774-4bcc-8f75-15da497961a8,true,2027-03-03,31
14a7adf6-dfab-4e28-a707-125652c83454,0a750175-d43d-4c20-9290-5bcbdf976003,1242 - One Bedroom Apartment Sea View,4e68626e-7774-4bcc-8f75-15da497961a8,true,2027-03-04,31
ffe95bae-e0f4-42a4-8e42-08cf1c385efd,0a750175-d43d-4c20-9290-5bcbdf976003,1242 - One Bedroom Apartment Sea View,4e68626e-7774-4bcc-8f75-15da497961a8,true,2027-03-05,31
a28583ad-1cd7-4df7-8e34-3d2529e11e27,0a750175-d43d-4c20-9290-5bcbdf976003,1242 - One Bedroom Apartment Sea View,4e68626e-7774-4bcc-8f75-15da497961a8,true,2027-03-06,31
905389c5-3f9b-487f-93db-7ca56fdb417b,0a750175-d43d-4c20-9290-5bcbdf976003,1242 - One Bedroom Apartment Sea View,4e68626e-7774-4bcc-8f75-15da497961a8,true,2027-03-07,31
4ea1d112-700c-4ca1-a11b-b18e8f7e627f,0a750175-d43d-4c20-9290-5bcbdf976003,1242 - One Bedroom Apartment Sea View,4e68626e-7774-4bcc-8f75-15da497961a8,true,2027-03-08,31
5c381fad-6eea-4895-b78b-eafc2116cc68,0a750175-d43d-4c20-9290-5bcbdf976003,1242 - One Bedroom Apartment Sea View,4e68626e-7774-4bcc-8f75-15da497961a8,true,2027-03-09,31
330b4397-c913-4e24-a260-340039eee87d,0a750175-d43d-4c20-9290-5bcbdf976003,1242 - One Bedroom Apartment Sea View,4e68626e-7774-4bcc-8f75-15da497961a8,true,2027-03-10,31
0786c7f4-4f2a-43ef-afda-b5c45b630043,0a750175-d43d-4c20-9290-5bcbdf976003,1242 - One Bedroom Apartment Sea View,4e68626e-7774-4bcc-8f75-15da497961a8,true,2027-03-11,31
2ebc9b23-d23b-4478-8e73-5ccd37e51d0c,0a750175-d43d-4c20-9290-5bcbdf976003,1242 - One Bedroom Apartment Sea View,4e68626e-7774-4bcc-8f75-15da497961a8,true,2027-03-12,31
0dbcd08e-ac5d-4417-8b68-97a729296302,0a750175-d43d-4c20-9290-5bcbdf976003,1242 - One Bedroom Apartment Sea View,4e68626e-7774-4bcc-8f75-15da497961a8,true,2027-03-13,31
e228e52f-61ff-4a52-877a-4548b85852b4,0a750175-d43d-4c20-9290-5bcbdf976003,1242 - One Bedroom Apartment Sea View,4e68626e-7774-4bcc-8f75-15da497961a8,true,2027-03-14,31
52e56085-a2e5-4b26-88ed-f62bf5ffeea1,0a750175-d43d-4c20-9290-5bcbdf976003,1242 - One Bedroom Apartment Sea View,4e68626e-7774-4bcc-8f75-15da497961a8,true,2027-03-15,31
fe951d61-038b-45df-aa2b-1a53d7372e26,0a750175-d43d-4c20-9290-5bcbdf976003,1242 - One Bedroom Apartment Sea View,4e68626e-7774-4bcc-8f75-15da497961a8,true,2027-03-16,31
140a6530-41a7-4042-a135-a5edeb4f669c,0a750175-d43d-4c20-9290-5bcbdf976003,1242 - One Bedroom Apartment Sea View,4e68626e-7774-4bcc-8f75-15da497961a8,true,2027-03-17,31
b77840cf-73ff-4fd9-bee1-1075ff97a4b4,0a750175-d43d-4c20-9290-5bcbdf976003,1242 - One Bedroom Apartment Sea View,4e68626e-7774-4bcc-8f75-15da497961a8,true,2027-03-18,31
05bb1a5e-651a-4a87-a030-47ca4a52e5fe,0a750175-d43d-4c20-9290-5bcbdf976003,1242 - One Bedroom Apartment Sea View,4e68626e-7774-4bcc-8f75-15da497961a8,true,2027-03-19,31
390c98df-843a-477b-8870-ac6095d5b719,0a750175-d43d-4c20-9290-5bcbdf976003,1242 - One Bedroom Apartment Sea View,4e68626e-7774-4bcc-8f75-15da497961a8,true,2027-03-20,31
9485447f-0c3c-4312-86f7-06b6e2eb40e5,0a750175-d43d-4c20-9290-5bcbdf976003,1242 - One Bedroom Apartment Sea View,4e68626e-7774-4bcc-8f75-15da497961a8,true,2027-03-21,31
cd4fe2bb-867a-4e7b-ab4c-691be9067ed8,0a750175-d43d-4c20-9290-5bcbdf976003,1242 - One Bedroom Apartment Sea View,4e68626e-7774-4bcc-8f75-15da497961a8,true,2027-03-22,31
b5774092-4a93-4776-b6f9-b7b269aec278,0a750175-d43d-4c20-9290-5bcbdf976003,1242 - One Bedroom Apartment Sea View,4e68626e-7774-4bcc-8f75-15da497961a8,true,2027-03-23,31
ea25124a-930b-405d-9d08-f25199d36bed,0a750175-d43d-4c20-9290-5bcbdf976003,1242 - One Bedroom Apartment Sea View,4e68626e-7774-4bcc-8f75-15da497961a8,true,2027-03-24,31
482cf3de-24f1-4bb2-afaa-8ca822e6821d,0a750175-d43d-4c20-9290-5bcbdf976003,1242 - One Bedroom Apartment Sea View,4e68626e-7774-4bcc-8f75-15da497961a8,true,2027-03-25,31
e9759da8-6dc2-49a3-958f-6e09fa769305,0a750175-d43d-4c20-9290-5bcbdf976003,1242 - One Bedroom Apartment Sea View,4e68626e-7774-4bcc-8f75-15da497961a8,true,2027-03-26,31
293301fe-cca7-45cc-9db7-d8d67eef049f,0a750175-d43d-4c20-9290-5bcbdf976003,1242 - One Bedroom Apartment Sea View,4e68626e-7774-4bcc-8f75-15da497961a8,true,2027-03-27,31
b3e24b6c-49b7-4daf-92af-42f0936dfbc1,0a750175-d43d-4c20-9290-5bcbdf976003,1242 - One Bedroom Apartment Sea View,4e68626e-7774-4bcc-8f75-15da497961a8,true,2027-03-28,31
2781e976-1376-4e6f-b5e7-a20a25ae0b2d,0a750175-d43d-4c20-9290-5bcbdf976003,1242 - One Bedroom Apartment Sea View,4e68626e-7774-4bcc-8f75-15da497961a8,true,2027-03-29,31
523a8009-2d12-49a3-831d-43552473e2cc,0a750175-d43d-4c20-9290-5bcbdf976003,1242 - One Bedroom Apartment Sea View,4e68626e-7774-4bcc-8f75-15da497961a8,true,2027-03-30,31
0d92c10e-fed1-44cc-abd3-78d77aac4bb9,0a750175-d43d-4c20-9290-5bcbdf976003,1242 - One Bedroom Apartment Sea View,4e68626e-7774-4bcc-8f75-15da497961a8,true,2027-03-31,31
c02ea35b-61bc-4215-92c1-ce78042c4b6b,0a750175-d43d-4c20-9290-5bcbdf976003,1242 - One Bedroom Apartment Sea View,4e68626e-7774-4bcc-8f75-15da497961a8,true,2027-04-01,31
ba4f334c-a627-434e-beef-7f2cc61dcf8e,0a750175-d43d-4c20-9290-5bcbdf976003,1242 - One Bedroom Apartment Sea View,4e68626e-7774-4bcc-8f75-15da497961a8,true,2027-04-02,31
f68d0a4d-5c30-4190-8ed6-43f37ffd579f,0a750175-d43d-4c20-9290-5bcbdf976003,1242 - One Bedroom Apartment Sea View,4e68626e-7774-4bcc-8f75-15da497961a8,true,2027-04-03,31
248384b8-66a3-470d-b362-f9208d52b1cd,0a750175-d43d-4c20-9290-5bcbdf976003,1242 - One Bedroom Apartment Sea View,4e68626e-7774-4bcc-8f75-15da497961a8,true,2027-04-04,31
a0ccf79c-e654-4264-bb05-d96c4c5524a0,0a750175-d43d-4c20-9290-5bcbdf976003,1242 - One Bedroom Apartment Sea View,4e68626e-7774-4bcc-8f75-15da497961a8,true,2027-04-05,31
3d09bc7a-a4e1-400e-9613-cab3934efb60,0a750175-d43d-4c20-9290-5bcbdf976003,1242 - One Bedroom Apartment Sea View,4e68626e-7774-4bcc-8f75-15da497961a8,true,2027-04-06,31
864975da-e992-4388-bd39-ff596b6ca054,0a750175-d43d-4c20-9290-5bcbdf976003,1242 - One Bedroom Apartment Sea View,4e68626e-7774-4bcc-8f75-15da497961a8,true,2027-04-07,31
17eccbba-9603-444c-a7d7-cc32aa4dde48,0a750175-d43d-4c20-9290-5bcbdf976003,1242 - One Bedroom Apartment Sea View,4e68626e-7774-4bcc-8f75-15da497961a8,true,2027-04-08,31
4c73324e-298e-4afd-9393-5752eaae404e,0a750175-d43d-4c20-9290-5bcbdf976003,1242 - One Bedroom Apartment Sea View,4e68626e-7774-4bcc-8f75-15da497961a8,true,2027-04-09,31
566de35c-fc66-4764-bf62-99ecd88e3ada,0a750175-d43d-4c20-9290-5bcbdf976003,1242 - One Bedroom Apartment Sea View,4e68626e-7774-4bcc-8f75-15da497961a8,true,2027-04-10,31
5deb7825-7928-492f-8f38-1c871ed35c7c,0a750175-d43d-4c20-9290-5bcbdf976003,1242 - One Bedroom Apartment Sea View,4e68626e-7774-4bcc-8f75-15da497961a8,true,2027-04-11,31
bfc6c57e-d46b-463d-8aa4-53b09ad0f53f,0a750175-d43d-4c20-9290-5bcbdf976003,1242 - One Bedroom Apartment Sea View,4e68626e-7774-4bcc-8f75-15da497961a8,true,2027-04-12,31
df8712ae-f95e-4232-a0bc-45b5e55f17c9,0a750175-d43d-4c20-9290-5bcbdf976003,1242 - One Bedroom Apartment Sea View,4e68626e-7774-4bcc-8f75-15da497961a8,true,2027-04-13,31
05ba4d85-523b-48e8-bc1b-68f753aa9e65,0a750175-d43d-4c20-9290-5bcbdf976003,1242 - One Bedroom Apartment Sea View,4e68626e-7774-4bcc-8f75-15da497961a8,true,2027-04-14,31
5e708e9e-17d9-49b7-b6e2-ea62eb2ac0fd,0a750175-d43d-4c20-9290-5bcbdf976003,1242 - One Bedroom Apartment Sea View,4e68626e-7774-4bcc-8f75-15da497961a8,true,2027-04-15,31
2a8fd2f0-5d85-4adf-9b30-4622c39cb5de,0a750175-d43d-4c20-9290-5bcbdf976003,1242 - One Bedroom Apartment Sea View,4e68626e-7774-4bcc-8f75-15da497961a8,true,2027-04-16,31
3e5199a7-9061-45e9-a44f-1052d02d3fee,0a750175-d43d-4c20-9290-5bcbdf976003,1242 - One Bedroom Apartment Sea View,4e68626e-7774-4bcc-8f75-15da497961a8,true,2027-04-17,31
838b55db-9e0c-49fd-93e0-59844df5b710,0a750175-d43d-4c20-9290-5bcbdf976003,1242 - One Bedroom Apartment Sea View,4e68626e-7774-4bcc-8f75-15da497961a8,true,2027-04-18,31
8fc552e2-6498-4f34-9739-3b19cce160bc,0a750175-d43d-4c20-9290-5bcbdf976003,1242 - One Bedroom Apartment Sea View,4e68626e-7774-4bcc-8f75-15da497961a8,true,2027-04-19,31
aaeaefc5-be1b-4db8-8664-e5921a246010,0a750175-d43d-4c20-9290-5bcbdf976003,1242 - One Bedroom Apartment Sea View,4e68626e-7774-4bcc-8f75-15da497961a8,true,2027-04-20,31
f941fb04-bd45-4d54-be26-00fb7e5badcf,0a750175-d43d-4c20-9290-5bcbdf976003,1242 - One Bedroom Apartment Sea View,4e68626e-7774-4bcc-8f75-15da497961a8,true,2027-04-21,31
0c70ca50-a563-4057-a1eb-5e417af217cb,0a750175-d43d-4c20-9290-5bcbdf976003,1242 - One Bedroom Apartment Sea View,4e68626e-7774-4bcc-8f75-15da497961a8,true,2027-04-22,31
2f15f967-de06-4ebb-bcc4-cb94b83e8046,0a750175-d43d-4c20-9290-5bcbdf976003,1242 - One Bedroom Apartment Sea View,4e68626e-7774-4bcc-8f75-15da497961a8,true,2027-04-23,31
500c85e4-a0f1-4759-8636-da85168ab07e,0a750175-d43d-4c20-9290-5bcbdf976003,1242 - One Bedroom Apartment Sea View,4e68626e-7774-4bcc-8f75-15da497961a8,true,2027-04-24,31
34ef9057-16d2-46ea-b977-7710a02bdf70,0a750175-d43d-4c20-9290-5bcbdf976003,1242 - One Bedroom Apartment Sea View,4e68626e-7774-4bcc-8f75-15da497961a8,true,2027-04-25,31
cc27651b-5c78-4baa-8ddf-aa5eae308c0f,0a750175-d43d-4c20-9290-5bcbdf976003,1242 - One Bedroom Apartment Sea View,4e68626e-7774-4bcc-8f75-15da497961a8,true,2027-04-26,31
e6727380-930d-4cc6-b6a6-5ea08e65ef14,0a750175-d43d-4c20-9290-5bcbdf976003,1242 - One Bedroom Apartment Sea View,4e68626e-7774-4bcc-8f75-15da497961a8,true,2027-04-27,31
93d22557-ff9f-4ebf-807a-d6403366c4a6,0a750175-d43d-4c20-9290-5bcbdf976003,1242 - One Bedroom Apartment Sea View,4e68626e-7774-4bcc-8f75-15da497961a8,true,2027-04-28,31
11d88b06-4541-42eb-9ec7-c75b7de21dd9,0a750175-d43d-4c20-9290-5bcbdf976003,1242 - One Bedroom Apartment Sea View,4e68626e-7774-4bcc-8f75-15da497961a8,true,2027-04-29,31
8358b0d0-c12b-4afe-b843-07f0e39834b9,0a750175-d43d-4c20-9290-5bcbdf976003,1242 - One Bedroom Apartment Sea View,4e68626e-7774-4bcc-8f75-15da497961a8,true,2027-04-30,31
9a312937-39c6-45e3-b396-a00dea512b48,0a750175-d43d-4c20-9290-5bcbdf976003,1242 - One Bedroom Apartment Sea View,4e68626e-7774-4bcc-8f75-15da497961a8,true,2027-05-01,31
ccc9c4d9-3d34-48c0-8892-e114fbe848bc,0a750175-d43d-4c20-9290-5bcbdf976003,1242 - One Bedroom Apartment Sea View,4e68626e-7774-4bcc-8f75-15da497961a8,true,2027-05-02,31
cdb0bc85-0019-4b5a-8e21-192e9ff4866f,0a750175-d43d-4c20-9290-5bcbdf976003,1242 - One Bedroom Apartment Sea View,4e68626e-7774-4bcc-8f75-15da497961a8,true,2027-05-03,31
02b59133-324c-478d-a64b-f937196fc33c,0a750175-d43d-4c20-9290-5bcbdf976003,1242 - One Bedroom Apartment Sea View,4e68626e-7774-4bcc-8f75-15da497961a8,true,2027-05-04,31
ceb64bbd-6eab-4796-9b5b-f24883689ddc,0a750175-d43d-4c20-9290-5bcbdf976003,1242 - One Bedroom Apartment Sea View,4e68626e-7774-4bcc-8f75-15da497961a8,true,2027-05-05,31
edf80d87-6874-4350-8bdf-0ea811f01cf5,0a750175-d43d-4c20-9290-5bcbdf976003,1242 - One Bedroom Apartment Sea View,4e68626e-7774-4bcc-8f75-15da497961a8,true,2027-05-06,31
26e90e8e-4dbd-47e2-941c-766e60025b66,0a750175-d43d-4c20-9290-5bcbdf976003,1242 - One Bedroom Apartment Sea View,4e68626e-7774-4bcc-8f75-15da497961a8,true,2027-05-07,31
4981c8d5-6f10-4cc1-9226-3764955d396d,0a750175-d43d-4c20-9290-5bcbdf976003,1242 - One Bedroom Apartment Sea View,4e68626e-7774-4bcc-8f75-15da497961a8,true,2027-05-08,31
2e2d0069-a5d1-4f32-8ce0-72df5d7adca1,0a750175-d43d-4c20-9290-5bcbdf976003,1242 - One Bedroom Apartment Sea View,4e68626e-7774-4bcc-8f75-15da497961a8,true,2027-05-09,31
961be10c-322b-409f-995e-ab377f6a5d90,0a750175-d43d-4c20-9290-5bcbdf976003,1242 - One Bedroom Apartment Sea View,4e68626e-7774-4bcc-8f75-15da497961a8,true,2027-05-10,31
0fc98a49-03ef-4c7c-954b-5e39ea6d3811,0a750175-d43d-4c20-9290-5bcbdf976003,1242 - One Bedroom Apartment Sea View,4e68626e-7774-4bcc-8f75-15da497961a8,true,2027-05-11,31
bb933548-eb60-4deb-8d7d-00037e9a73a2,0a750175-d43d-4c20-9290-5bcbdf976003,1242 - One Bedroom Apartment Sea View,4e68626e-7774-4bcc-8f75-15da497961a8,true,2027-05-12,31
f3390d5e-0468-4e95-8e14-d806da21b276,0a750175-d43d-4c20-9290-5bcbdf976003,1242 - One Bedroom Apartment Sea View,4e68626e-7774-4bcc-8f75-15da497961a8,true,2027-05-13,31
fe128061-a574-4578-b4c8-9bd54870eb3e,0a750175-d43d-4c20-9290-5bcbdf976003,1242 - One Bedroom Apartment Sea View,4e68626e-7774-4bcc-8f75-15da497961a8,true,2027-05-14,31
f2ce3cf5-f39d-4f80-b2ae-5e08d386631e,0a750175-d43d-4c20-9290-5bcbdf976003,1242 - One Bedroom Apartment Sea View,4e68626e-7774-4bcc-8f75-15da497961a8,true,2027-05-15,31
18b61de6-148e-495a-bcaf-d674c65ed133,0a750175-d43d-4c20-9290-5bcbdf976003,1242 - One Bedroom Apartment Sea View,4e68626e-7774-4bcc-8f75-15da497961a8,true,2027-05-16,31
28e42063-fe4e-4298-9118-5dcbeb66cb8b,0a750175-d43d-4c20-9290-5bcbdf976003,1242 - One Bedroom Apartment Sea View,4e68626e-7774-4bcc-8f75-15da497961a8,true,2027-05-17,31
5086ee89-dc46-423a-8e3b-89b863d6bfbc,0a750175-d43d-4c20-9290-5bcbdf976003,1242 - One Bedroom Apartment Sea View,4e68626e-7774-4bcc-8f75-15da497961a8,true,2027-05-18,31
a314ace2-a7bb-471d-a7c5-f952839fa895,0a750175-d43d-4c20-9290-5bcbdf976003,1242 - One Bedroom Apartment Sea View,4e68626e-7774-4bcc-8f75-15da497961a8,true,2027-05-19,31
d7ea32fc-0e44-4182-a1ac-838c1945ccc4,0a750175-d43d-4c20-9290-5bcbdf976003,1242 - One Bedroom Apartment Sea View,4e68626e-7774-4bcc-8f75-15da497961a8,true,2027-05-20,31
8d3c8744-9b0e-4913-8733-849be9aad734,0a750175-d43d-4c20-9290-5bcbdf976003,1242 - One Bedroom Apartment Sea View,4e68626e-7774-4bcc-8f75-15da497961a8,true,2027-05-21,31
7d2fafb7-171f-4dc6-8e8c-f174d2a79d8d,0a750175-d43d-4c20-9290-5bcbdf976003,1242 - One Bedroom Apartment Sea View,4e68626e-7774-4bcc-8f75-15da497961a8,true,2027-05-22,31
d12a23bf-6a79-41b9-a148-800bdb48c21b,0a750175-d43d-4c20-9290-5bcbdf976003,1242 - One Bedroom Apartment Sea View,4e68626e-7774-4bcc-8f75-15da497961a8,true,2027-05-23,31
ff4c6ddf-f3a7-4566-8061-fd34dc2f58c4,0a750175-d43d-4c20-9290-5bcbdf976003,1242 - One Bedroom Apartment Sea View,4e68626e-7774-4bcc-8f75-15da497961a8,true,2027-05-24,31
f27b5acf-2c20-45ec-a2b8-0a11cb01f44e,0a750175-d43d-4c20-9290-5bcbdf976003,1242 - One Bedroom Apartment Sea View,4e68626e-7774-4bcc-8f75-15da497961a8,true,2027-05-25,31
8f07f45a-5f01-4088-a07e-653da370744b,0a750175-d43d-4c20-9290-5bcbdf976003,1242 - One Bedroom Apartment Sea View,4e68626e-7774-4bcc-8f75-15da497961a8,true,2027-05-26,31
a04f69d4-0a3a-4370-b1e8-5b80b82e24e9,0a750175-d43d-4c20-9290-5bcbdf976003,1242 - One Bedroom Apartment Sea View,4e68626e-7774-4bcc-8f75-15da497961a8,true,2027-05-27,31
1d6a7257-c5ba-480b-ab54-bd368140aa59,0a750175-d43d-4c20-9290-5bcbdf976003,1242 - One Bedroom Apartment Sea View,4e68626e-7774-4bcc-8f75-15da497961a8,true,2027-05-28,31
85cdc2ef-4f61-4279-88d5-4ea0e39d0d8c,0a750175-d43d-4c20-9290-5bcbdf976003,1242 - One Bedroom Apartment Sea View,4e68626e-7774-4bcc-8f75-15da497961a8,true,2027-05-29,31
b73b897c-d207-4dcb-a30d-c571d5f5453e,0a750175-d43d-4c20-9290-5bcbdf976003,1242 - One Bedroom Apartment Sea View,4e68626e-7774-4bcc-8f75-15da497961a8,true,2027-05-30,31
2542baa6-15ee-45d8-a840-60912cb0cd41,0a750175-d43d-4c20-9290-5bcbdf976003,1242 - One Bedroom Apartment Sea View,4e68626e-7774-4bcc-8f75-15da497961a8,true,2027-05-31,31
c33b63b7-acdf-44c1-90cc-225292252210,0a750175-d43d-4c20-9290-5bcbdf976003,1242 - One Bedroom Apartment Sea View,4e68626e-7774-4bcc-8f75-15da497961a8,true,2027-06-01,31
6adc3a62-ddd9-4b20-bfd3-8900313c82f1,0a750175-d43d-4c20-9290-5bcbdf976003,1242 - One Bedroom Apartment Sea View,4e68626e-7774-4bcc-8f75-15da497961a8,true,2027-06-02,31
33026821-c9ad-412f-a9cc-e6d95681c720,0a750175-d43d-4c20-9290-5bcbdf976003,1242 - One Bedroom Apartment Sea View,4e68626e-7774-4bcc-8f75-15da497961a8,true,2027-06-03,31
dea86e6c-2806-4b54-8ecd-3e15177c389a,0a750175-d43d-4c20-9290-5bcbdf976003,1242 - One Bedroom Apartment Sea View,4e68626e-7774-4bcc-8f75-15da497961a8,true,2027-06-04,31
35c8e7be-7155-4681-9011-9b6d68fb854f,0a750175-d43d-4c20-9290-5bcbdf976003,1242 - One Bedroom Apartment Sea View,4e68626e-7774-4bcc-8f75-15da497961a8,true,2027-06-05,31
7f73a593-4bd2-49a4-b04f-1cf7768f84be,0a750175-d43d-4c20-9290-5bcbdf976003,1242 - One Bedroom Apartment Sea View,4e68626e-7774-4bcc-8f75-15da497961a8,true,2027-06-06,31
ffd0a647-1914-45a5-8e71-b96413d00f15,0a750175-d43d-4c20-9290-5bcbdf976003,1242 - One Bedroom Apartment Sea View,4e68626e-7774-4bcc-8f75-15da497961a8,true,2027-06-07,31
9829d0dd-c908-46f9-a145-f2e98826938e,0a750175-d43d-4c20-9290-5bcbdf976003,1242 - One Bedroom Apartment Sea View,4e68626e-7774-4bcc-8f75-15da497961a8,true,2027-06-08,31
8d8ea517-b276-4144-aef2-c9b40374fab1,0a750175-d43d-4c20-9290-5bcbdf976003,1242 - One Bedroom Apartment Sea View,4e68626e-7774-4bcc-8f75-15da497961a8,true,2027-06-09,31
87a3f66d-7adc-4a44-a5cf-2f630c33da2b,0a750175-d43d-4c20-9290-5bcbdf976003,1242 - One Bedroom Apartment Sea View,4e68626e-7774-4bcc-8f75-15da497961a8,true,2027-06-10,31
b79b80e9-fd9f-4dc6-84d8-30b48533f799,0a750175-d43d-4c20-9290-5bcbdf976003,1242 - One Bedroom Apartment Sea View,4e68626e-7774-4bcc-8f75-15da497961a8,true,2027-06-11,31
c6cf3971-02b4-4081-802c-0a4cc25ec4e8,0a750175-d43d-4c20-9290-5bcbdf976003,1242 - One Bedroom Apartment Sea View,4e68626e-7774-4bcc-8f75-15da497961a8,true,2027-06-12,31
d864c6f6-2da9-4607-8ed2-907adca578f1,0a750175-d43d-4c20-9290-5bcbdf976003,1242 - One Bedroom Apartment Sea View,4e68626e-7774-4bcc-8f75-15da497961a8,true,2027-06-13,31
e63db191-2c34-40d8-963e-4f54d4f55af9,0a750175-d43d-4c20-9290-5bcbdf976003,1242 - One Bedroom Apartment Sea View,4e68626e-7774-4bcc-8f75-15da497961a8,true,2027-06-14,31
6b47b796-a93a-4c7b-a96d-b68725d05f62,0a750175-d43d-4c20-9290-5bcbdf976003,1242 - One Bedroom Apartment Sea View,4e68626e-7774-4bcc-8f75-15da497961a8,true,2027-06-15,31
8fc7a7e2-d725-44eb-bd8c-763ab97ba5d4,0a750175-d43d-4c20-9290-5bcbdf976003,1242 - One Bedroom Apartment Sea View,4e68626e-7774-4bcc-8f75-15da497961a8,true,2027-06-16,31
a5b79c8a-bc8f-4d5f-8491-d836fa64a81f,0a750175-d43d-4c20-9290-5bcbdf976003,1242 - One Bedroom Apartment Sea View,4e68626e-7774-4bcc-8f75-15da497961a8,true,2027-06-17,31
fde57480-d550-40da-ad03-e983662ee23c,0a750175-d43d-4c20-9290-5bcbdf976003,1242 - One Bedroom Apartment Sea View,4e68626e-7774-4bcc-8f75-15da497961a8,true,2027-06-18,31
2b8acbaa-b64f-425e-a74d-532e44584e04,0a750175-d43d-4c20-9290-5bcbdf976003,1242 - One Bedroom Apartment Sea View,4e68626e-7774-4bcc-8f75-15da497961a8,true,2027-06-19,31
e618e60a-695b-441b-944d-60cbad87959f,0a750175-d43d-4c20-9290-5bcbdf976003,1242 - One Bedroom Apartment Sea View,4e68626e-7774-4bcc-8f75-15da497961a8,true,2027-06-20,31
633655e8-026d-4c49-89ae-ca80ffae32bc,0a750175-d43d-4c20-9290-5bcbdf976003,1242 - One Bedroom Apartment Sea View,4e68626e-7774-4bcc-8f75-15da497961a8,true,2027-06-21,31
0da8f10e-4c2e-4e08-aa50-09f0ae7015af,0a750175-d43d-4c20-9290-5bcbdf976003,1242 - One Bedroom Apartment Sea View,4e68626e-7774-4bcc-8f75-15da497961a8,true,2027-06-22,31
98e540ad-e79e-4914-9751-5b03fd7e5dcb,0a750175-d43d-4c20-9290-5bcbdf976003,1242 - One Bedroom Apartment Sea View,4e68626e-7774-4bcc-8f75-15da497961a8,true,2027-06-23,31
cf00073b-39cb-4221-9d2e-5642dd978ff5,0a750175-d43d-4c20-9290-5bcbdf976003,1242 - One Bedroom Apartment Sea View,4e68626e-7774-4bcc-8f75-15da497961a8,true,2027-06-24,31
920e24b2-336c-4e4c-8f05-7a143aababbf,0a750175-d43d-4c20-9290-5bcbdf976003,1242 - One Bedroom Apartment Sea View,4e68626e-7774-4bcc-8f75-15da497961a8,true,2027-06-25,31
a0f41384-1948-4ae8-b3bb-f4195af1eba5,0a750175-d43d-4c20-9290-5bcbdf976003,1242 - One Bedroom Apartment Sea View,4e68626e-7774-4bcc-8f75-15da497961a8,true,2027-06-26,31
30f789d3-4817-4632-b1c5-ae6849e0638a,0a750175-d43d-4c20-9290-5bcbdf976003,1242 - One Bedroom Apartment Sea View,4e68626e-7774-4bcc-8f75-15da497961a8,true,2027-06-27,31
8fc2ce2b-4de8-43f1-9733-3570718a9b33,0a750175-d43d-4c20-9290-5bcbdf976003,1242 - One Bedroom Apartment Sea View,4e68626e-7774-4bcc-8f75-15da497961a8,true,2027-06-28,31
f5b0e54f-1ec7-4abd-a842-2773cfd3662f,0a750175-d43d-4c20-9290-5bcbdf976003,1242 - One Bedroom Apartment Sea View,4e68626e-7774-4bcc-8f75-15da497961a8,true,2027-06-29,31
2b9ead7e-eb55-4cec-9085-a423cf34bb83,0a750175-d43d-4c20-9290-5bcbdf976003,1242 - One Bedroom Apartment Sea View,4e68626e-7774-4bcc-8f75-15da497961a8,true,2027-06-30,31
130db129-057c-42d7-ab51-948f4ae5ce67,0a750175-d43d-4c20-9290-5bcbdf976003,1242 - One Bedroom Apartment Sea View,4e68626e-7774-4bcc-8f75-15da497961a8,true,2027-07-01,31
c0ee5202-0208-4c74-8ee7-ea98e313a383,0a750175-d43d-4c20-9290-5bcbdf976003,1242 - One Bedroom Apartment Sea View,4e68626e-7774-4bcc-8f75-15da497961a8,true,2027-07-02,31
57ad70ee-b47a-423c-a647-898e9a2e9200,0a750175-d43d-4c20-9290-5bcbdf976003,1242 - One Bedroom Apartment Sea View,4e68626e-7774-4bcc-8f75-15da497961a8,true,2027-07-03,31
87c8577d-b718-4d82-a32d-2923307cddd9,0a750175-d43d-4c20-9290-5bcbdf976003,1242 - One Bedroom Apartment Sea View,4e68626e-7774-4bcc-8f75-15da497961a8,true,2027-07-04,31
0bd00ef7-b6a6-40f6-8d45-a5ae35b44c7d,0a750175-d43d-4c20-9290-5bcbdf976003,1242 - One Bedroom Apartment Sea View,4e68626e-7774-4bcc-8f75-15da497961a8,true,2027-07-05,31
e938636c-c035-4eb6-98e5-90e3aa3ffc56,0a750175-d43d-4c20-9290-5bcbdf976003,1242 - One Bedroom Apartment Sea View,4e68626e-7774-4bcc-8f75-15da497961a8,true,2027-07-06,31
88ff4535-f561-4274-9267-07a35ad679ed,0a750175-d43d-4c20-9290-5bcbdf976003,1242 - One Bedroom Apartment Sea View,4e68626e-7774-4bcc-8f75-15da497961a8,true,2027-07-07,31
6ca93c35-078f-4c78-a0ee-5f31969d2a00,0a750175-d43d-4c20-9290-5bcbdf976003,1242 - One Bedroom Apartment Sea View,4e68626e-7774-4bcc-8f75-15da497961a8,true,2027-07-08,31
73a90278-4f81-4ba1-8350-c93035d6d5e0,0a750175-d43d-4c20-9290-5bcbdf976003,1242 - One Bedroom Apartment Sea View,4e68626e-7774-4bcc-8f75-15da497961a8,true,2027-07-09,31
989c82ca-baa4-4d41-aa31-3db010c4405b,0a750175-d43d-4c20-9290-5bcbdf976003,1242 - One Bedroom Apartment Sea View,4e68626e-7774-4bcc-8f75-15da497961a8,true,2027-07-10,31
3174ee1c-0c49-486b-8914-d0d1b64d8bac,0a750175-d43d-4c20-9290-5bcbdf976003,1242 - One Bedroom Apartment Sea View,4e68626e-7774-4bcc-8f75-15da497961a8,true,2027-07-11,31
357914ef-f0ee-48d0-964f-1f0c8f81bdd0,0a750175-d43d-4c20-9290-5bcbdf976003,1242 - One Bedroom Apartment Sea View,4e68626e-7774-4bcc-8f75-15da497961a8,true,2027-07-12,31
1c09d2ef-134f-466a-afbb-7525f97b5edb,0a750175-d43d-4c20-9290-5bcbdf976003,1242 - One Bedroom Apartment Sea View,4e68626e-7774-4bcc-8f75-15da497961a8,true,2027-07-13,31
a4a6659e-53f0-4c7d-b661-20898fd586ef,0a750175-d43d-4c20-9290-5bcbdf976003,1242 - One Bedroom Apartment Sea View,4e68626e-7774-4bcc-8f75-15da497961a8,true,2027-07-14,31
83a57567-5505-4b29-9ad9-8f01e3a5ebe6,0a750175-d43d-4c20-9290-5bcbdf976003,1242 - One Bedroom Apartment Sea View,4e68626e-7774-4bcc-8f75-15da497961a8,true,2027-07-15,31
526cf1aa-12da-406e-8f56-25445a5f79d8,0a750175-d43d-4c20-9290-5bcbdf976003,1242 - One Bedroom Apartment Sea View,4e68626e-7774-4bcc-8f75-15da497961a8,true,2027-07-16,31
3433cdff-91d9-4577-a5da-1fd8227f29cf,0a750175-d43d-4c20-9290-5bcbdf976003,1242 - One Bedroom Apartment Sea View,4e68626e-7774-4bcc-8f75-15da497961a8,true,2027-07-17,31
3d7e6cea-7955-4e71-ac74-c6ae3e474d6a,0a750175-d43d-4c20-9290-5bcbdf976003,1242 - One Bedroom Apartment Sea View,4e68626e-7774-4bcc-8f75-15da497961a8,true,2027-07-18,31
ba742a0b-2765-4652-9fe8-f76d15489d7d,0a750175-d43d-4c20-9290-5bcbdf976003,1242 - One Bedroom Apartment Sea View,4e68626e-7774-4bcc-8f75-15da497961a8,true,2027-07-19,31
f4ed38f0-e41d-4362-b368-1e2fffd5f6f5,0a750175-d43d-4c20-9290-5bcbdf976003,1242 - One Bedroom Apartment Sea View,4e68626e-7774-4bcc-8f75-15da497961a8,true,2027-07-20,31
ca9dd542-0a14-4680-bc5b-dd3a1d60edee,0a750175-d43d-4c20-9290-5bcbdf976003,1242 - One Bedroom Apartment Sea View,4e68626e-7774-4bcc-8f75-15da497961a8,true,2027-07-21,31
69cbf014-1306-4eef-bac8-74ddd96c9c6a,0a750175-d43d-4c20-9290-5bcbdf976003,1242 - One Bedroom Apartment Sea View,4e68626e-7774-4bcc-8f75-15da497961a8,true,2027-07-22,31
0d4bea99-4922-49aa-afd3-be6db0e2977c,0a750175-d43d-4c20-9290-5bcbdf976003,1242 - One Bedroom Apartment Sea View,4e68626e-7774-4bcc-8f75-15da497961a8,true,2027-07-23,31
caee6a18-eaf3-40d7-adaf-d6125b14ea18,0a750175-d43d-4c20-9290-5bcbdf976003,1242 - One Bedroom Apartment Sea View,4e68626e-7774-4bcc-8f75-15da497961a8,true,2027-07-24,31
98f94c64-3527-4e7a-983b-dc55e1a28e16,0a750175-d43d-4c20-9290-5bcbdf976003,1242 - One Bedroom Apartment Sea View,4e68626e-7774-4bcc-8f75-15da497961a8,true,2027-07-25,31
41719dd3-1bcf-429c-a386-bdff1e825617,0a750175-d43d-4c20-9290-5bcbdf976003,1242 - One Bedroom Apartment Sea View,4e68626e-7774-4bcc-8f75-15da497961a8,true,2027-07-26,31
f4baa92d-e64c-4982-b30c-a04b30d41ff8,0a750175-d43d-4c20-9290-5bcbdf976003,1242 - One Bedroom Apartment Sea View,4e68626e-7774-4bcc-8f75-15da497961a8,true,2027-07-27,31
99c3cada-39af-4625-870a-023a35156961,0a750175-d43d-4c20-9290-5bcbdf976003,1242 - One Bedroom Apartment Sea View,4e68626e-7774-4bcc-8f75-15da497961a8,true,2027-07-28,31
f0aaca01-77da-4e72-8006-294ea6f26856,0a750175-d43d-4c20-9290-5bcbdf976003,1242 - One Bedroom Apartment Sea View,4e68626e-7774-4bcc-8f75-15da497961a8,true,2027-07-29,31
ea4474a3-0766-4da8-a5bf-d961eb13cd4e,0a750175-d43d-4c20-9290-5bcbdf976003,1242 - One Bedroom Apartment Sea View,4e68626e-7774-4bcc-8f75-15da497961a8,true,2027-07-30,31
cabe1b20-3ba7-48c4-a180-1203e06b283e,0a750175-d43d-4c20-9290-5bcbdf976003,1242 - One Bedroom Apartment Sea View,4e68626e-7774-4bcc-8f75-15da497961a8,true,2027-07-31,31
09bf2046-6d7f-43c2-8184-e76df18be542,0a750175-d43d-4c20-9290-5bcbdf976003,1242 - One Bedroom Apartment Sea View,4e68626e-7774-4bcc-8f75-15da497961a8,true,2027-08-01,31
87558e39-0f58-4cd6-ba99-c46fd364ffd9,0a750175-d43d-4c20-9290-5bcbdf976003,1242 - One Bedroom Apartment Sea View,4e68626e-7774-4bcc-8f75-15da497961a8,true,2027-08-02,31
0ffa457b-24c9-4a83-a946-a47012cc7053,0a750175-d43d-4c20-9290-5bcbdf976003,1242 - One Bedroom Apartment Sea View,4e68626e-7774-4bcc-8f75-15da497961a8,true,2027-08-03,31
315e52e7-555e-4476-af8a-f2b90284788a,d7c5ecf0-74e4-4fd4-8db1-46385924deae,1245 - One Bedroom Apartment Sea View,9f13945b-cf18-453b-9eda-2cd30ef32664,true,2026-07-05,31
5ab9714a-f6a0-4d20-9f25-692e16bd3510,d7c5ecf0-74e4-4fd4-8db1-46385924deae,1245 - One Bedroom Apartment Sea View,9f13945b-cf18-453b-9eda-2cd30ef32664,true,2026-07-06,31
6020eb17-1ed2-4736-b47a-5538d4eaff1b,d7c5ecf0-74e4-4fd4-8db1-46385924deae,1245 - One Bedroom Apartment Sea View,9f13945b-cf18-453b-9eda-2cd30ef32664,true,2026-07-07,31
08e5dcd6-7d92-45a9-b269-4cdc278938fb,d7c5ecf0-74e4-4fd4-8db1-46385924deae,1245 - One Bedroom Apartment Sea View,9f13945b-cf18-453b-9eda-2cd30ef32664,true,2026-07-08,31
12ccfbb2-12e1-4a57-888d-3aad3333ed30,d7c5ecf0-74e4-4fd4-8db1-46385924deae,1245 - One Bedroom Apartment Sea View,9f13945b-cf18-453b-9eda-2cd30ef32664,true,2026-07-09,31
53fd3e23-53fd-4abf-9645-eb0902f489c8,d7c5ecf0-74e4-4fd4-8db1-46385924deae,1245 - One Bedroom Apartment Sea View,9f13945b-cf18-453b-9eda-2cd30ef32664,true,2026-07-10,31
c439c565-f253-439a-a3aa-e950b75186d7,d7c5ecf0-74e4-4fd4-8db1-46385924deae,1245 - One Bedroom Apartment Sea View,9f13945b-cf18-453b-9eda-2cd30ef32664,true,2026-07-11,31
07e56d26-c453-4fbf-9a65-512c37075699,d7c5ecf0-74e4-4fd4-8db1-46385924deae,1245 - One Bedroom Apartment Sea View,9f13945b-cf18-453b-9eda-2cd30ef32664,true,2026-07-12,31
5fbd04c6-b695-4ea4-9875-41bcead311a4,d7c5ecf0-74e4-4fd4-8db1-46385924deae,1245 - One Bedroom Apartment Sea View,9f13945b-cf18-453b-9eda-2cd30ef32664,true,2026-07-13,31
9a94ddbe-5134-4804-8389-63dcc3550e00,d7c5ecf0-74e4-4fd4-8db1-46385924deae,1245 - One Bedroom Apartment Sea View,9f13945b-cf18-453b-9eda-2cd30ef32664,true,2026-07-14,31
b5c4c600-14f2-461b-b777-77a90ddbaccc,d7c5ecf0-74e4-4fd4-8db1-46385924deae,1245 - One Bedroom Apartment Sea View,9f13945b-cf18-453b-9eda-2cd30ef32664,true,2026-07-15,31
d99e6701-f376-4e0b-99fd-8b4f0db60911,d7c5ecf0-74e4-4fd4-8db1-46385924deae,1245 - One Bedroom Apartment Sea View,9f13945b-cf18-453b-9eda-2cd30ef32664,true,2026-07-16,31
6c038758-6d92-42c0-9db1-84e17dbedbaa,d7c5ecf0-74e4-4fd4-8db1-46385924deae,1245 - One Bedroom Apartment Sea View,9f13945b-cf18-453b-9eda-2cd30ef32664,true,2026-07-17,31
15b5768a-2130-4728-87df-61fdb9013c36,d7c5ecf0-74e4-4fd4-8db1-46385924deae,1245 - One Bedroom Apartment Sea View,9f13945b-cf18-453b-9eda-2cd30ef32664,true,2026-07-18,31
def8a10a-f145-4c73-bb83-65750375671d,d7c5ecf0-74e4-4fd4-8db1-46385924deae,1245 - One Bedroom Apartment Sea View,9f13945b-cf18-453b-9eda-2cd30ef32664,true,2026-07-19,31
92371e1f-9723-4456-a340-4d84d64cf8a3,d7c5ecf0-74e4-4fd4-8db1-46385924deae,1245 - One Bedroom Apartment Sea View,9f13945b-cf18-453b-9eda-2cd30ef32664,true,2026-07-20,31
36e868aa-cdeb-49a3-adb4-531a572d0356,d7c5ecf0-74e4-4fd4-8db1-46385924deae,1245 - One Bedroom Apartment Sea View,9f13945b-cf18-453b-9eda-2cd30ef32664,true,2026-07-21,31
b9014d57-6b79-4352-aca9-16a32ea973b8,d7c5ecf0-74e4-4fd4-8db1-46385924deae,1245 - One Bedroom Apartment Sea View,9f13945b-cf18-453b-9eda-2cd30ef32664,true,2026-07-22,31
63edb3ac-8709-406d-b18e-4c836e6faf78,d7c5ecf0-74e4-4fd4-8db1-46385924deae,1245 - One Bedroom Apartment Sea View,9f13945b-cf18-453b-9eda-2cd30ef32664,true,2026-07-23,31
11af1dbe-351e-4951-8341-4d38fbc37674,d7c5ecf0-74e4-4fd4-8db1-46385924deae,1245 - One Bedroom Apartment Sea View,9f13945b-cf18-453b-9eda-2cd30ef32664,true,2026-07-24,31
4e4b106a-36db-475e-a9ee-d4451988e83f,d7c5ecf0-74e4-4fd4-8db1-46385924deae,1245 - One Bedroom Apartment Sea View,9f13945b-cf18-453b-9eda-2cd30ef32664,true,2026-07-25,31
034e9916-b45f-4a0c-8ac3-bcdb2739dfd0,d7c5ecf0-74e4-4fd4-8db1-46385924deae,1245 - One Bedroom Apartment Sea View,9f13945b-cf18-453b-9eda-2cd30ef32664,true,2026-07-26,31
7e349fb3-1cbf-4034-9d77-e6ee0e0c45ab,d7c5ecf0-74e4-4fd4-8db1-46385924deae,1245 - One Bedroom Apartment Sea View,9f13945b-cf18-453b-9eda-2cd30ef32664,true,2026-07-27,31
73aa401e-8948-40f4-be36-d90bbbeef039,d7c5ecf0-74e4-4fd4-8db1-46385924deae,1245 - One Bedroom Apartment Sea View,9f13945b-cf18-453b-9eda-2cd30ef32664,true,2026-07-28,31
f7371f7d-2796-43bc-9d28-a126dff41994,d7c5ecf0-74e4-4fd4-8db1-46385924deae,1245 - One Bedroom Apartment Sea View,9f13945b-cf18-453b-9eda-2cd30ef32664,true,2026-07-29,31
aacf15b3-8a38-4bdc-b861-ad024f8d547a,d7c5ecf0-74e4-4fd4-8db1-46385924deae,1245 - One Bedroom Apartment Sea View,9f13945b-cf18-453b-9eda-2cd30ef32664,true,2026-07-30,31
7e55193b-cebf-45e0-bf91-887d3597ee40,d7c5ecf0-74e4-4fd4-8db1-46385924deae,1245 - One Bedroom Apartment Sea View,9f13945b-cf18-453b-9eda-2cd30ef32664,true,2026-07-31,31
7f562ce5-35bf-4ebc-8532-4528d6071e2e,d7c5ecf0-74e4-4fd4-8db1-46385924deae,1245 - One Bedroom Apartment Sea View,9f13945b-cf18-453b-9eda-2cd30ef32664,true,2026-08-01,31
230940a8-07fc-487b-8e33-1f2e8a243cbe,d7c5ecf0-74e4-4fd4-8db1-46385924deae,1245 - One Bedroom Apartment Sea View,9f13945b-cf18-453b-9eda-2cd30ef32664,true,2026-08-02,31
fe7a60a1-f17a-4765-acfe-56ed631c9155,d7c5ecf0-74e4-4fd4-8db1-46385924deae,1245 - One Bedroom Apartment Sea View,9f13945b-cf18-453b-9eda-2cd30ef32664,true,2026-08-03,31
8b4bf38a-1798-4103-a8e1-0994d5078e1a,d7c5ecf0-74e4-4fd4-8db1-46385924deae,1245 - One Bedroom Apartment Sea View,9f13945b-cf18-453b-9eda-2cd30ef32664,true,2026-08-04,31
cb4978e5-69b7-4f8f-a21a-00ca1a8da5fd,d7c5ecf0-74e4-4fd4-8db1-46385924deae,1245 - One Bedroom Apartment Sea View,9f13945b-cf18-453b-9eda-2cd30ef32664,true,2026-08-05,31
3775e1a9-5844-407c-9c64-1f86f61c3a2b,d7c5ecf0-74e4-4fd4-8db1-46385924deae,1245 - One Bedroom Apartment Sea View,9f13945b-cf18-453b-9eda-2cd30ef32664,true,2026-08-06,31
9c3ac091-bccc-44fa-afce-49ca08272500,d7c5ecf0-74e4-4fd4-8db1-46385924deae,1245 - One Bedroom Apartment Sea View,9f13945b-cf18-453b-9eda-2cd30ef32664,true,2026-08-07,31
26b9f96c-1f43-447b-9651-f61fdd6cf99e,d7c5ecf0-74e4-4fd4-8db1-46385924deae,1245 - One Bedroom Apartment Sea View,9f13945b-cf18-453b-9eda-2cd30ef32664,true,2026-08-08,31
4c0249bc-2ce1-44c3-9561-6a7f1e992d27,d7c5ecf0-74e4-4fd4-8db1-46385924deae,1245 - One Bedroom Apartment Sea View,9f13945b-cf18-453b-9eda-2cd30ef32664,true,2026-08-09,31
54a76314-4a68-45e8-8acf-4b6be52b4751,d7c5ecf0-74e4-4fd4-8db1-46385924deae,1245 - One Bedroom Apartment Sea View,9f13945b-cf18-453b-9eda-2cd30ef32664,true,2026-08-10,31
c371c608-ffe0-433f-8151-7295ed02805d,d7c5ecf0-74e4-4fd4-8db1-46385924deae,1245 - One Bedroom Apartment Sea View,9f13945b-cf18-453b-9eda-2cd30ef32664,true,2026-08-11,31
3f4d4f3a-3b0c-45ca-b2a9-0e4474b58c9f,d7c5ecf0-74e4-4fd4-8db1-46385924deae,1245 - One Bedroom Apartment Sea View,9f13945b-cf18-453b-9eda-2cd30ef32664,true,2026-08-12,31
fd225717-d276-4c22-9b2a-b0a4d9413f54,d7c5ecf0-74e4-4fd4-8db1-46385924deae,1245 - One Bedroom Apartment Sea View,9f13945b-cf18-453b-9eda-2cd30ef32664,true,2026-08-13,31
33898726-d342-43ea-8190-7f7307ad5b06,d7c5ecf0-74e4-4fd4-8db1-46385924deae,1245 - One Bedroom Apartment Sea View,9f13945b-cf18-453b-9eda-2cd30ef32664,true,2026-08-14,31
179dba1d-11fe-4257-8a20-1d0bf08a6673,d7c5ecf0-74e4-4fd4-8db1-46385924deae,1245 - One Bedroom Apartment Sea View,9f13945b-cf18-453b-9eda-2cd30ef32664,true,2026-08-15,31
2b0698c3-3a34-419e-96c0-8f3abe266185,d7c5ecf0-74e4-4fd4-8db1-46385924deae,1245 - One Bedroom Apartment Sea View,9f13945b-cf18-453b-9eda-2cd30ef32664,true,2026-08-16,31
44fcd9d0-615c-4cd8-b4f2-828cab832f4d,d7c5ecf0-74e4-4fd4-8db1-46385924deae,1245 - One Bedroom Apartment Sea View,9f13945b-cf18-453b-9eda-2cd30ef32664,true,2026-08-17,31
8b587c1f-7efc-4435-93a2-11d99c7397a7,d7c5ecf0-74e4-4fd4-8db1-46385924deae,1245 - One Bedroom Apartment Sea View,9f13945b-cf18-453b-9eda-2cd30ef32664,true,2026-08-18,31
a09f26f3-bcaf-4d5c-99b9-bfe6f88d375d,d7c5ecf0-74e4-4fd4-8db1-46385924deae,1245 - One Bedroom Apartment Sea View,9f13945b-cf18-453b-9eda-2cd30ef32664,true,2026-08-19,31
c6a4c229-1019-4069-8132-7680ab043c45,d7c5ecf0-74e4-4fd4-8db1-46385924deae,1245 - One Bedroom Apartment Sea View,9f13945b-cf18-453b-9eda-2cd30ef32664,true,2026-08-20,31
b5e970bb-5414-41bf-ba7b-59c2ddfaa30c,d7c5ecf0-74e4-4fd4-8db1-46385924deae,1245 - One Bedroom Apartment Sea View,9f13945b-cf18-453b-9eda-2cd30ef32664,true,2026-08-21,31
90de54db-d8b3-444d-a987-b0017467fd2b,d7c5ecf0-74e4-4fd4-8db1-46385924deae,1245 - One Bedroom Apartment Sea View,9f13945b-cf18-453b-9eda-2cd30ef32664,true,2026-08-22,31
03ac7e6b-ef7f-47f6-8fe4-3bea59d0dfec,d7c5ecf0-74e4-4fd4-8db1-46385924deae,1245 - One Bedroom Apartment Sea View,9f13945b-cf18-453b-9eda-2cd30ef32664,true,2026-08-23,31
11b6f3d3-31b4-425f-b55b-ca67f034fd51,d7c5ecf0-74e4-4fd4-8db1-46385924deae,1245 - One Bedroom Apartment Sea View,9f13945b-cf18-453b-9eda-2cd30ef32664,true,2026-08-24,31
209716f0-399e-4f9d-a309-4afcaaef79be,d7c5ecf0-74e4-4fd4-8db1-46385924deae,1245 - One Bedroom Apartment Sea View,9f13945b-cf18-453b-9eda-2cd30ef32664,true,2026-08-25,31
0c66f8c7-93ea-4351-af76-e31dfcb17f08,d7c5ecf0-74e4-4fd4-8db1-46385924deae,1245 - One Bedroom Apartment Sea View,9f13945b-cf18-453b-9eda-2cd30ef32664,true,2026-08-26,31
e60d4436-cb19-4d0c-a7e9-cb83286e6203,d7c5ecf0-74e4-4fd4-8db1-46385924deae,1245 - One Bedroom Apartment Sea View,9f13945b-cf18-453b-9eda-2cd30ef32664,true,2026-08-27,31
d3077e34-4af1-4717-a559-2bf23015e7f0,d7c5ecf0-74e4-4fd4-8db1-46385924deae,1245 - One Bedroom Apartment Sea View,9f13945b-cf18-453b-9eda-2cd30ef32664,true,2026-08-28,31
f2f2b856-6c6a-40b3-807a-df0ea5a2eac5,d7c5ecf0-74e4-4fd4-8db1-46385924deae,1245 - One Bedroom Apartment Sea View,9f13945b-cf18-453b-9eda-2cd30ef32664,true,2026-08-29,31
985bcd4a-cdd2-4e9a-903f-1718344aa010,d7c5ecf0-74e4-4fd4-8db1-46385924deae,1245 - One Bedroom Apartment Sea View,9f13945b-cf18-453b-9eda-2cd30ef32664,true,2026-08-30,31
47b2cb17-b665-4711-ae20-b9e8b5753122,d7c5ecf0-74e4-4fd4-8db1-46385924deae,1245 - One Bedroom Apartment Sea View,9f13945b-cf18-453b-9eda-2cd30ef32664,true,2026-08-31,31
bda17e21-4d75-42f7-b169-367a9c0ad832,d7c5ecf0-74e4-4fd4-8db1-46385924deae,1245 - One Bedroom Apartment Sea View,9f13945b-cf18-453b-9eda-2cd30ef32664,true,2026-09-01,31
ef2d2ffc-23aa-47ef-9712-5b5042193929,d7c5ecf0-74e4-4fd4-8db1-46385924deae,1245 - One Bedroom Apartment Sea View,9f13945b-cf18-453b-9eda-2cd30ef32664,true,2026-09-02,31
4de40c4b-512d-4674-8375-39915aab8b88,d7c5ecf0-74e4-4fd4-8db1-46385924deae,1245 - One Bedroom Apartment Sea View,9f13945b-cf18-453b-9eda-2cd30ef32664,true,2026-09-03,31
5135485a-475c-4f36-95a3-c4be4d2ccfb6,d7c5ecf0-74e4-4fd4-8db1-46385924deae,1245 - One Bedroom Apartment Sea View,9f13945b-cf18-453b-9eda-2cd30ef32664,true,2026-09-04,31
c5a014e1-baf5-4955-b477-191bce833ee1,d7c5ecf0-74e4-4fd4-8db1-46385924deae,1245 - One Bedroom Apartment Sea View,9f13945b-cf18-453b-9eda-2cd30ef32664,true,2026-09-05,31
75d5d7a0-af1e-44f5-85f4-4a0b8f849920,d7c5ecf0-74e4-4fd4-8db1-46385924deae,1245 - One Bedroom Apartment Sea View,9f13945b-cf18-453b-9eda-2cd30ef32664,true,2026-09-06,31
0e1832b8-78cb-440b-bfac-bcf454d3ce36,d7c5ecf0-74e4-4fd4-8db1-46385924deae,1245 - One Bedroom Apartment Sea View,9f13945b-cf18-453b-9eda-2cd30ef32664,true,2026-09-07,31
559fce33-e1cf-4a93-981a-beb1f0145492,d7c5ecf0-74e4-4fd4-8db1-46385924deae,1245 - One Bedroom Apartment Sea View,9f13945b-cf18-453b-9eda-2cd30ef32664,true,2026-09-08,31
66561ae5-0741-465a-bd6e-5747bf38c5f2,d7c5ecf0-74e4-4fd4-8db1-46385924deae,1245 - One Bedroom Apartment Sea View,9f13945b-cf18-453b-9eda-2cd30ef32664,true,2026-09-09,31
7e6936c2-aac1-46bc-ac5d-58fb8b71ff69,d7c5ecf0-74e4-4fd4-8db1-46385924deae,1245 - One Bedroom Apartment Sea View,9f13945b-cf18-453b-9eda-2cd30ef32664,true,2026-09-10,31
26fb36a8-f102-4db2-b7bd-4f34bb51b766,d7c5ecf0-74e4-4fd4-8db1-46385924deae,1245 - One Bedroom Apartment Sea View,9f13945b-cf18-453b-9eda-2cd30ef32664,true,2026-09-11,31
fc9cc20a-9dec-48c6-8b62-dece6d919c0f,d7c5ecf0-74e4-4fd4-8db1-46385924deae,1245 - One Bedroom Apartment Sea View,9f13945b-cf18-453b-9eda-2cd30ef32664,true,2026-09-12,31
1a8bcdd3-35a8-4b98-819e-35b8479d37c3,d7c5ecf0-74e4-4fd4-8db1-46385924deae,1245 - One Bedroom Apartment Sea View,9f13945b-cf18-453b-9eda-2cd30ef32664,true,2026-09-13,31
6eead1ef-d355-4e44-a4af-8daa7297b0db,d7c5ecf0-74e4-4fd4-8db1-46385924deae,1245 - One Bedroom Apartment Sea View,9f13945b-cf18-453b-9eda-2cd30ef32664,true,2026-09-14,31
11899d72-b7b4-4362-821d-905f08d9f691,d7c5ecf0-74e4-4fd4-8db1-46385924deae,1245 - One Bedroom Apartment Sea View,9f13945b-cf18-453b-9eda-2cd30ef32664,true,2026-09-15,31
2cbf426f-eac1-4796-b5a4-a72b74bd6d06,d7c5ecf0-74e4-4fd4-8db1-46385924deae,1245 - One Bedroom Apartment Sea View,9f13945b-cf18-453b-9eda-2cd30ef32664,true,2026-09-16,31
0922487b-e1e8-48f9-b651-f38cbf80b9b1,d7c5ecf0-74e4-4fd4-8db1-46385924deae,1245 - One Bedroom Apartment Sea View,9f13945b-cf18-453b-9eda-2cd30ef32664,true,2026-09-17,31
09566dac-1fec-4d5f-940e-95175468e94c,d7c5ecf0-74e4-4fd4-8db1-46385924deae,1245 - One Bedroom Apartment Sea View,9f13945b-cf18-453b-9eda-2cd30ef32664,true,2026-09-18,31
12c987dc-4438-4b2d-a808-4a90f0e0829e,d7c5ecf0-74e4-4fd4-8db1-46385924deae,1245 - One Bedroom Apartment Sea View,9f13945b-cf18-453b-9eda-2cd30ef32664,true,2026-09-19,31
a11a080c-62b5-40ae-baa1-d5d6fb943981,d7c5ecf0-74e4-4fd4-8db1-46385924deae,1245 - One Bedroom Apartment Sea View,9f13945b-cf18-453b-9eda-2cd30ef32664,true,2026-09-20,31
4ab91c4e-01cc-4c96-afb4-51de0fa5acb9,d7c5ecf0-74e4-4fd4-8db1-46385924deae,1245 - One Bedroom Apartment Sea View,9f13945b-cf18-453b-9eda-2cd30ef32664,true,2026-09-21,31
a31b03ad-f055-4ef3-86b7-b6c39a1b45c3,d7c5ecf0-74e4-4fd4-8db1-46385924deae,1245 - One Bedroom Apartment Sea View,9f13945b-cf18-453b-9eda-2cd30ef32664,true,2026-09-22,31
9d555305-52fb-456b-88b8-160941b025fa,d7c5ecf0-74e4-4fd4-8db1-46385924deae,1245 - One Bedroom Apartment Sea View,9f13945b-cf18-453b-9eda-2cd30ef32664,true,2026-09-23,31
44ffc890-7557-4055-95a1-525f125bfacd,d7c5ecf0-74e4-4fd4-8db1-46385924deae,1245 - One Bedroom Apartment Sea View,9f13945b-cf18-453b-9eda-2cd30ef32664,true,2026-09-24,31
9ad0f096-4618-49fe-9094-3113e5c4752c,d7c5ecf0-74e4-4fd4-8db1-46385924deae,1245 - One Bedroom Apartment Sea View,9f13945b-cf18-453b-9eda-2cd30ef32664,true,2026-09-25,31
6ff16d92-a5a1-4dbc-b601-51d7aed8eae2,d7c5ecf0-74e4-4fd4-8db1-46385924deae,1245 - One Bedroom Apartment Sea View,9f13945b-cf18-453b-9eda-2cd30ef32664,true,2026-09-26,31
e86a4bd2-7e90-4c58-8e5b-dddc0f252621,d7c5ecf0-74e4-4fd4-8db1-46385924deae,1245 - One Bedroom Apartment Sea View,9f13945b-cf18-453b-9eda-2cd30ef32664,true,2026-09-27,31
2ffa0661-94a8-4569-a6c2-a97184c22ee0,d7c5ecf0-74e4-4fd4-8db1-46385924deae,1245 - One Bedroom Apartment Sea View,9f13945b-cf18-453b-9eda-2cd30ef32664,true,2026-09-28,31
e7f16cf5-f12d-4bc9-aacf-ce81fca31c07,d7c5ecf0-74e4-4fd4-8db1-46385924deae,1245 - One Bedroom Apartment Sea View,9f13945b-cf18-453b-9eda-2cd30ef32664,true,2026-09-29,31
fe56067f-2273-4b84-ab2b-ddaa4774e31b,d7c5ecf0-74e4-4fd4-8db1-46385924deae,1245 - One Bedroom Apartment Sea View,9f13945b-cf18-453b-9eda-2cd30ef32664,true,2026-09-30,31
d7763776-be17-4c2d-8f50-418b7347a175,d7c5ecf0-74e4-4fd4-8db1-46385924deae,1245 - One Bedroom Apartment Sea View,9f13945b-cf18-453b-9eda-2cd30ef32664,true,2026-10-01,31
aa80756e-73af-40a6-86b3-b548ac49da72,d7c5ecf0-74e4-4fd4-8db1-46385924deae,1245 - One Bedroom Apartment Sea View,9f13945b-cf18-453b-9eda-2cd30ef32664,true,2026-10-02,31
993f036a-ce5e-4ee6-8c17-9a05f4090f60,d7c5ecf0-74e4-4fd4-8db1-46385924deae,1245 - One Bedroom Apartment Sea View,9f13945b-cf18-453b-9eda-2cd30ef32664,true,2026-10-03,31
ada52e06-13e4-4205-87b4-9058d6a50bf3,d7c5ecf0-74e4-4fd4-8db1-46385924deae,1245 - One Bedroom Apartment Sea View,9f13945b-cf18-453b-9eda-2cd30ef32664,true,2026-10-04,31
3bf85ca0-6dcb-4266-8c31-2e96376a45e4,d7c5ecf0-74e4-4fd4-8db1-46385924deae,1245 - One Bedroom Apartment Sea View,9f13945b-cf18-453b-9eda-2cd30ef32664,true,2026-10-05,31
57b309d4-69ba-4c1d-9724-de7962f155dd,d7c5ecf0-74e4-4fd4-8db1-46385924deae,1245 - One Bedroom Apartment Sea View,9f13945b-cf18-453b-9eda-2cd30ef32664,true,2026-10-06,31
82911040-8ee7-4c19-b78a-33cd78aaad0c,d7c5ecf0-74e4-4fd4-8db1-46385924deae,1245 - One Bedroom Apartment Sea View,9f13945b-cf18-453b-9eda-2cd30ef32664,true,2026-10-07,31
06213d45-84df-461d-bfe1-ab165859921f,d7c5ecf0-74e4-4fd4-8db1-46385924deae,1245 - One Bedroom Apartment Sea View,9f13945b-cf18-453b-9eda-2cd30ef32664,true,2026-10-08,31
c3b4b44c-8191-479e-b8aa-d7c908c06a32,d7c5ecf0-74e4-4fd4-8db1-46385924deae,1245 - One Bedroom Apartment Sea View,9f13945b-cf18-453b-9eda-2cd30ef32664,true,2026-10-09,31
b9220d81-7e3a-4b94-a111-69e9e0df420c,d7c5ecf0-74e4-4fd4-8db1-46385924deae,1245 - One Bedroom Apartment Sea View,9f13945b-cf18-453b-9eda-2cd30ef32664,true,2026-10-10,31
854c8386-2a40-47b0-930d-46971ab7cc53,d7c5ecf0-74e4-4fd4-8db1-46385924deae,1245 - One Bedroom Apartment Sea View,9f13945b-cf18-453b-9eda-2cd30ef32664,true,2026-10-11,31
bdd43c39-6429-47d8-ada7-ab10226b9ce3,d7c5ecf0-74e4-4fd4-8db1-46385924deae,1245 - One Bedroom Apartment Sea View,9f13945b-cf18-453b-9eda-2cd30ef32664,true,2026-10-12,31
b2ded270-cdd2-450e-9104-ff6caae6b3af,d7c5ecf0-74e4-4fd4-8db1-46385924deae,1245 - One Bedroom Apartment Sea View,9f13945b-cf18-453b-9eda-2cd30ef32664,true,2026-10-13,31
ea5625a2-56c2-4b77-9f34-2790b607b9c9,d7c5ecf0-74e4-4fd4-8db1-46385924deae,1245 - One Bedroom Apartment Sea View,9f13945b-cf18-453b-9eda-2cd30ef32664,true,2026-10-14,31
26c38a8a-c1f1-45e1-834e-4fbc3693518d,d7c5ecf0-74e4-4fd4-8db1-46385924deae,1245 - One Bedroom Apartment Sea View,9f13945b-cf18-453b-9eda-2cd30ef32664,true,2026-10-15,31
c27ccb0c-3b6c-456f-b680-7c4d0f6ad700,d7c5ecf0-74e4-4fd4-8db1-46385924deae,1245 - One Bedroom Apartment Sea View,9f13945b-cf18-453b-9eda-2cd30ef32664,true,2026-10-16,31
d96c0c4a-b76c-4843-b0f5-b5a7c96bccfb,d7c5ecf0-74e4-4fd4-8db1-46385924deae,1245 - One Bedroom Apartment Sea View,9f13945b-cf18-453b-9eda-2cd30ef32664,true,2026-10-17,31
451bd760-e849-442f-a4bc-fac15cfd95e8,d7c5ecf0-74e4-4fd4-8db1-46385924deae,1245 - One Bedroom Apartment Sea View,9f13945b-cf18-453b-9eda-2cd30ef32664,true,2026-10-18,31
b5f31179-bfb3-4047-954f-7d6753698f8d,d7c5ecf0-74e4-4fd4-8db1-46385924deae,1245 - One Bedroom Apartment Sea View,9f13945b-cf18-453b-9eda-2cd30ef32664,true,2026-10-19,31
f7f41b91-5efc-4a19-ad75-91ae2696df14,d7c5ecf0-74e4-4fd4-8db1-46385924deae,1245 - One Bedroom Apartment Sea View,9f13945b-cf18-453b-9eda-2cd30ef32664,true,2026-10-20,31
c280919b-9ca3-4054-a2c2-7d72e0af956a,d7c5ecf0-74e4-4fd4-8db1-46385924deae,1245 - One Bedroom Apartment Sea View,9f13945b-cf18-453b-9eda-2cd30ef32664,true,2026-10-21,31
cab346e0-7c2f-4804-826a-de4ebecd86b1,d7c5ecf0-74e4-4fd4-8db1-46385924deae,1245 - One Bedroom Apartment Sea View,9f13945b-cf18-453b-9eda-2cd30ef32664,true,2026-10-22,31
2cf22ec3-6861-43d2-8e74-75d7af8e60cf,d7c5ecf0-74e4-4fd4-8db1-46385924deae,1245 - One Bedroom Apartment Sea View,9f13945b-cf18-453b-9eda-2cd30ef32664,true,2026-10-23,31
d29527e2-1a46-4a62-b663-52927ad3b470,d7c5ecf0-74e4-4fd4-8db1-46385924deae,1245 - One Bedroom Apartment Sea View,9f13945b-cf18-453b-9eda-2cd30ef32664,true,2026-10-24,31
a57edc0b-abd3-4f4b-80a9-2f880891b584,d7c5ecf0-74e4-4fd4-8db1-46385924deae,1245 - One Bedroom Apartment Sea View,9f13945b-cf18-453b-9eda-2cd30ef32664,true,2026-10-25,31
b63a9a2e-9a8e-4b7d-b1e7-b1dcbcfb2c07,d7c5ecf0-74e4-4fd4-8db1-46385924deae,1245 - One Bedroom Apartment Sea View,9f13945b-cf18-453b-9eda-2cd30ef32664,true,2026-10-26,31
fac83fd5-1062-447e-98f4-d4bb9e6c93ca,d7c5ecf0-74e4-4fd4-8db1-46385924deae,1245 - One Bedroom Apartment Sea View,9f13945b-cf18-453b-9eda-2cd30ef32664,true,2026-10-27,31
6bf17f86-e1ef-4318-9590-0a65601565e7,d7c5ecf0-74e4-4fd4-8db1-46385924deae,1245 - One Bedroom Apartment Sea View,9f13945b-cf18-453b-9eda-2cd30ef32664,true,2026-10-28,31
71861dbb-59cf-4566-8168-486683764f0e,d7c5ecf0-74e4-4fd4-8db1-46385924deae,1245 - One Bedroom Apartment Sea View,9f13945b-cf18-453b-9eda-2cd30ef32664,true,2026-10-29,31
95f57f06-5a7b-445b-b6c9-0e858310e121,d7c5ecf0-74e4-4fd4-8db1-46385924deae,1245 - One Bedroom Apartment Sea View,9f13945b-cf18-453b-9eda-2cd30ef32664,true,2026-10-30,31
c825c374-3c57-43fd-a93e-a62b2e2f424f,d7c5ecf0-74e4-4fd4-8db1-46385924deae,1245 - One Bedroom Apartment Sea View,9f13945b-cf18-453b-9eda-2cd30ef32664,true,2026-10-31,31
9249e883-3fed-45dd-ab8c-2fa44ff1e4df,d7c5ecf0-74e4-4fd4-8db1-46385924deae,1245 - One Bedroom Apartment Sea View,9f13945b-cf18-453b-9eda-2cd30ef32664,true,2026-11-01,31
5d222000-0ce4-4cb8-9791-98e061c846b8,d7c5ecf0-74e4-4fd4-8db1-46385924deae,1245 - One Bedroom Apartment Sea View,9f13945b-cf18-453b-9eda-2cd30ef32664,true,2026-11-02,31
36e71bbd-9ecc-44c6-b603-3ad0aa1df9c3,d7c5ecf0-74e4-4fd4-8db1-46385924deae,1245 - One Bedroom Apartment Sea View,9f13945b-cf18-453b-9eda-2cd30ef32664,true,2026-11-03,31
90fabc18-0195-44cb-af11-c4dd05e66017,d7c5ecf0-74e4-4fd4-8db1-46385924deae,1245 - One Bedroom Apartment Sea View,9f13945b-cf18-453b-9eda-2cd30ef32664,true,2026-11-04,31
9e2ae5ff-88a6-4491-9020-779ae53222a7,d7c5ecf0-74e4-4fd4-8db1-46385924deae,1245 - One Bedroom Apartment Sea View,9f13945b-cf18-453b-9eda-2cd30ef32664,true,2026-11-05,31
6b191e84-5776-407e-9113-9660a0566cbe,d7c5ecf0-74e4-4fd4-8db1-46385924deae,1245 - One Bedroom Apartment Sea View,9f13945b-cf18-453b-9eda-2cd30ef32664,true,2026-11-06,31
74e6af93-2c8f-4d0a-aa03-0834bfddf6a6,d7c5ecf0-74e4-4fd4-8db1-46385924deae,1245 - One Bedroom Apartment Sea View,9f13945b-cf18-453b-9eda-2cd30ef32664,true,2026-11-07,31
35887b09-1023-43a2-8560-f2c0c9774cfc,d7c5ecf0-74e4-4fd4-8db1-46385924deae,1245 - One Bedroom Apartment Sea View,9f13945b-cf18-453b-9eda-2cd30ef32664,true,2026-11-08,31
715fc3ff-e882-42c7-bb4d-f06c4d1538b9,d7c5ecf0-74e4-4fd4-8db1-46385924deae,1245 - One Bedroom Apartment Sea View,9f13945b-cf18-453b-9eda-2cd30ef32664,true,2026-11-09,31
3ac24962-fa6b-4981-bfa5-163988a29d7c,d7c5ecf0-74e4-4fd4-8db1-46385924deae,1245 - One Bedroom Apartment Sea View,9f13945b-cf18-453b-9eda-2cd30ef32664,true,2026-11-10,31
2b43cc35-06fb-442e-8239-bae8abdc0559,d7c5ecf0-74e4-4fd4-8db1-46385924deae,1245 - One Bedroom Apartment Sea View,9f13945b-cf18-453b-9eda-2cd30ef32664,true,2026-11-11,31
92ab9081-4834-4c3a-8867-12dd6433d087,d7c5ecf0-74e4-4fd4-8db1-46385924deae,1245 - One Bedroom Apartment Sea View,9f13945b-cf18-453b-9eda-2cd30ef32664,true,2026-11-12,31
a52df2bf-95dc-483a-b028-96033b6525c6,d7c5ecf0-74e4-4fd4-8db1-46385924deae,1245 - One Bedroom Apartment Sea View,9f13945b-cf18-453b-9eda-2cd30ef32664,true,2026-11-13,31
6ac57ced-9f98-462a-a408-386d220226bb,d7c5ecf0-74e4-4fd4-8db1-46385924deae,1245 - One Bedroom Apartment Sea View,9f13945b-cf18-453b-9eda-2cd30ef32664,true,2026-11-14,31
d0572975-be17-4b09-8718-78e8c3fce084,d7c5ecf0-74e4-4fd4-8db1-46385924deae,1245 - One Bedroom Apartment Sea View,9f13945b-cf18-453b-9eda-2cd30ef32664,true,2026-11-15,31
2276441b-549e-4755-bafc-4c24d5dd29a6,d7c5ecf0-74e4-4fd4-8db1-46385924deae,1245 - One Bedroom Apartment Sea View,9f13945b-cf18-453b-9eda-2cd30ef32664,true,2026-11-16,31
18ad4b57-3705-46e9-ad22-187ba176ba60,d7c5ecf0-74e4-4fd4-8db1-46385924deae,1245 - One Bedroom Apartment Sea View,9f13945b-cf18-453b-9eda-2cd30ef32664,true,2026-11-17,31
1bd8bf22-6ee7-45e3-9371-a391039527c0,d7c5ecf0-74e4-4fd4-8db1-46385924deae,1245 - One Bedroom Apartment Sea View,9f13945b-cf18-453b-9eda-2cd30ef32664,true,2026-11-18,31
3b53be1e-f92e-4e91-a629-cdc512b6ed22,d7c5ecf0-74e4-4fd4-8db1-46385924deae,1245 - One Bedroom Apartment Sea View,9f13945b-cf18-453b-9eda-2cd30ef32664,true,2026-11-19,31
61d9e23d-0617-4a45-b13b-0f5f1cb0025d,d7c5ecf0-74e4-4fd4-8db1-46385924deae,1245 - One Bedroom Apartment Sea View,9f13945b-cf18-453b-9eda-2cd30ef32664,true,2026-11-20,31
61d88510-0f75-4b44-bfdc-6290515bcf54,d7c5ecf0-74e4-4fd4-8db1-46385924deae,1245 - One Bedroom Apartment Sea View,9f13945b-cf18-453b-9eda-2cd30ef32664,true,2026-11-21,31
be7f265a-b385-4a33-9504-f711f3fbfb39,d7c5ecf0-74e4-4fd4-8db1-46385924deae,1245 - One Bedroom Apartment Sea View,9f13945b-cf18-453b-9eda-2cd30ef32664,true,2026-11-22,31
ed51a8db-d3c2-46ff-bb08-15f23e717054,d7c5ecf0-74e4-4fd4-8db1-46385924deae,1245 - One Bedroom Apartment Sea View,9f13945b-cf18-453b-9eda-2cd30ef32664,true,2026-11-23,31
c11d31fe-b34e-4f07-a6af-b317e7c37f8a,d7c5ecf0-74e4-4fd4-8db1-46385924deae,1245 - One Bedroom Apartment Sea View,9f13945b-cf18-453b-9eda-2cd30ef32664,true,2026-11-24,31
73ed0045-f07b-4410-922b-b41d29f8d0f5,d7c5ecf0-74e4-4fd4-8db1-46385924deae,1245 - One Bedroom Apartment Sea View,9f13945b-cf18-453b-9eda-2cd30ef32664,true,2026-11-25,31
924199d4-e866-4adf-b074-5c1e420fa933,d7c5ecf0-74e4-4fd4-8db1-46385924deae,1245 - One Bedroom Apartment Sea View,9f13945b-cf18-453b-9eda-2cd30ef32664,true,2026-11-26,31
ec2f6b17-f6ba-42aa-aed6-c0afe5faeaeb,d7c5ecf0-74e4-4fd4-8db1-46385924deae,1245 - One Bedroom Apartment Sea View,9f13945b-cf18-453b-9eda-2cd30ef32664,true,2026-11-27,31
b4f7f6fc-b093-4b31-95ec-db716e5e0585,d7c5ecf0-74e4-4fd4-8db1-46385924deae,1245 - One Bedroom Apartment Sea View,9f13945b-cf18-453b-9eda-2cd30ef32664,true,2026-11-28,31
8efb551c-7149-4a64-8526-10ca2f561d89,d7c5ecf0-74e4-4fd4-8db1-46385924deae,1245 - One Bedroom Apartment Sea View,9f13945b-cf18-453b-9eda-2cd30ef32664,true,2026-11-29,31
98abcf6d-f211-4fa5-98e4-278313efbe30,d7c5ecf0-74e4-4fd4-8db1-46385924deae,1245 - One Bedroom Apartment Sea View,9f13945b-cf18-453b-9eda-2cd30ef32664,true,2026-11-30,31
9e866ad4-4fa7-40fe-a237-3b2fad37f439,d7c5ecf0-74e4-4fd4-8db1-46385924deae,1245 - One Bedroom Apartment Sea View,9f13945b-cf18-453b-9eda-2cd30ef32664,true,2026-12-01,31
f163d58c-31e0-4d0c-837f-002d63ccfea8,d7c5ecf0-74e4-4fd4-8db1-46385924deae,1245 - One Bedroom Apartment Sea View,9f13945b-cf18-453b-9eda-2cd30ef32664,true,2026-12-02,31
6c2a94dd-0b3c-44a1-a141-357fd5e85264,d7c5ecf0-74e4-4fd4-8db1-46385924deae,1245 - One Bedroom Apartment Sea View,9f13945b-cf18-453b-9eda-2cd30ef32664,true,2026-12-03,31
9e30a080-ff0c-4e8b-b55d-370cc8191a12,d7c5ecf0-74e4-4fd4-8db1-46385924deae,1245 - One Bedroom Apartment Sea View,9f13945b-cf18-453b-9eda-2cd30ef32664,true,2026-12-04,31
f18fc09a-4d95-40c3-bed8-304f0efac85f,d7c5ecf0-74e4-4fd4-8db1-46385924deae,1245 - One Bedroom Apartment Sea View,9f13945b-cf18-453b-9eda-2cd30ef32664,true,2026-12-05,31
94a4b67c-6d84-4303-a9ff-046746b59f24,d7c5ecf0-74e4-4fd4-8db1-46385924deae,1245 - One Bedroom Apartment Sea View,9f13945b-cf18-453b-9eda-2cd30ef32664,true,2026-12-06,31
da65a2fb-2d32-4786-bf6c-44ae8a1390d8,d7c5ecf0-74e4-4fd4-8db1-46385924deae,1245 - One Bedroom Apartment Sea View,9f13945b-cf18-453b-9eda-2cd30ef32664,true,2026-12-07,31
74e76dd0-7db6-4355-936c-5485da70a446,d7c5ecf0-74e4-4fd4-8db1-46385924deae,1245 - One Bedroom Apartment Sea View,9f13945b-cf18-453b-9eda-2cd30ef32664,true,2026-12-08,31
c20e2f28-8861-4337-be63-1b9d57c4231f,d7c5ecf0-74e4-4fd4-8db1-46385924deae,1245 - One Bedroom Apartment Sea View,9f13945b-cf18-453b-9eda-2cd30ef32664,true,2026-12-09,31
0fea1795-04e2-449f-bf48-4dab8a24fa42,d7c5ecf0-74e4-4fd4-8db1-46385924deae,1245 - One Bedroom Apartment Sea View,9f13945b-cf18-453b-9eda-2cd30ef32664,true,2026-12-10,31
f917f616-e0ad-4513-889d-b52f1d1a4989,d7c5ecf0-74e4-4fd4-8db1-46385924deae,1245 - One Bedroom Apartment Sea View,9f13945b-cf18-453b-9eda-2cd30ef32664,true,2026-12-11,31
eda733e8-9177-4f7b-98fb-0c493ec57a77,d7c5ecf0-74e4-4fd4-8db1-46385924deae,1245 - One Bedroom Apartment Sea View,9f13945b-cf18-453b-9eda-2cd30ef32664,true,2026-12-12,31
f2675bb3-85ac-4284-be4b-faf791d7cdc0,d7c5ecf0-74e4-4fd4-8db1-46385924deae,1245 - One Bedroom Apartment Sea View,9f13945b-cf18-453b-9eda-2cd30ef32664,true,2026-12-13,31
a67fcf15-9018-4d7e-9ee1-1f232ff2ad43,d7c5ecf0-74e4-4fd4-8db1-46385924deae,1245 - One Bedroom Apartment Sea View,9f13945b-cf18-453b-9eda-2cd30ef32664,true,2026-12-14,31
ab2c2045-30a7-48a8-af49-17389c115a0b,d7c5ecf0-74e4-4fd4-8db1-46385924deae,1245 - One Bedroom Apartment Sea View,9f13945b-cf18-453b-9eda-2cd30ef32664,true,2026-12-15,31
dfffcc72-968f-4035-adc6-f350b1ea5355,d7c5ecf0-74e4-4fd4-8db1-46385924deae,1245 - One Bedroom Apartment Sea View,9f13945b-cf18-453b-9eda-2cd30ef32664,true,2026-12-16,31
1dc660ed-8860-4568-b886-f519c2e184bd,d7c5ecf0-74e4-4fd4-8db1-46385924deae,1245 - One Bedroom Apartment Sea View,9f13945b-cf18-453b-9eda-2cd30ef32664,true,2026-12-17,31
ee4a7bd1-d07c-4846-8200-8ca920a3d1a1,d7c5ecf0-74e4-4fd4-8db1-46385924deae,1245 - One Bedroom Apartment Sea View,9f13945b-cf18-453b-9eda-2cd30ef32664,true,2026-12-18,31
70b1c9f1-0a39-4af3-9698-161e792faed8,d7c5ecf0-74e4-4fd4-8db1-46385924deae,1245 - One Bedroom Apartment Sea View,9f13945b-cf18-453b-9eda-2cd30ef32664,true,2026-12-19,31
4d45460e-1003-4544-9070-156876a5ad7f,d7c5ecf0-74e4-4fd4-8db1-46385924deae,1245 - One Bedroom Apartment Sea View,9f13945b-cf18-453b-9eda-2cd30ef32664,true,2026-12-20,31
d2e9845e-05f8-4c74-8fb8-9e7a8a9ff397,d7c5ecf0-74e4-4fd4-8db1-46385924deae,1245 - One Bedroom Apartment Sea View,9f13945b-cf18-453b-9eda-2cd30ef32664,true,2026-12-21,31
a7bfd184-9124-4cc3-aada-975b8f2fcfe2,d7c5ecf0-74e4-4fd4-8db1-46385924deae,1245 - One Bedroom Apartment Sea View,9f13945b-cf18-453b-9eda-2cd30ef32664,true,2026-12-22,31
e76120d4-bf47-4f31-aeaa-b70959b4fabe,d7c5ecf0-74e4-4fd4-8db1-46385924deae,1245 - One Bedroom Apartment Sea View,9f13945b-cf18-453b-9eda-2cd30ef32664,true,2026-12-23,31
f6eb69bf-1c87-4f86-bbdb-0c88faf6a0ec,d7c5ecf0-74e4-4fd4-8db1-46385924deae,1245 - One Bedroom Apartment Sea View,9f13945b-cf18-453b-9eda-2cd30ef32664,true,2026-12-24,31
268bb06d-d227-4aa5-9ba7-3e1485e9226f,d7c5ecf0-74e4-4fd4-8db1-46385924deae,1245 - One Bedroom Apartment Sea View,9f13945b-cf18-453b-9eda-2cd30ef32664,true,2026-12-25,31
c8693b2d-64bb-4297-9405-324784f167f5,d7c5ecf0-74e4-4fd4-8db1-46385924deae,1245 - One Bedroom Apartment Sea View,9f13945b-cf18-453b-9eda-2cd30ef32664,true,2026-12-26,31
a732fc42-6337-43c6-b1af-f31373d35cc0,d7c5ecf0-74e4-4fd4-8db1-46385924deae,1245 - One Bedroom Apartment Sea View,9f13945b-cf18-453b-9eda-2cd30ef32664,true,2026-12-27,31
7b86a69f-331d-44a3-ad18-227abc157817,d7c5ecf0-74e4-4fd4-8db1-46385924deae,1245 - One Bedroom Apartment Sea View,9f13945b-cf18-453b-9eda-2cd30ef32664,true,2026-12-28,31
d96633ff-ed76-4eeb-9079-92f0ac4dedde,d7c5ecf0-74e4-4fd4-8db1-46385924deae,1245 - One Bedroom Apartment Sea View,9f13945b-cf18-453b-9eda-2cd30ef32664,true,2026-12-29,31
5967b282-f057-4c1b-8abc-db81b95a2cfe,d7c5ecf0-74e4-4fd4-8db1-46385924deae,1245 - One Bedroom Apartment Sea View,9f13945b-cf18-453b-9eda-2cd30ef32664,true,2026-12-30,31
1896f3a8-acfa-4bbf-aa0f-f900b851ab9f,d7c5ecf0-74e4-4fd4-8db1-46385924deae,1245 - One Bedroom Apartment Sea View,9f13945b-cf18-453b-9eda-2cd30ef32664,true,2026-12-31,31
9f668860-3f9b-42a4-b205-a4fc4c381b60,d7c5ecf0-74e4-4fd4-8db1-46385924deae,1245 - One Bedroom Apartment Sea View,9f13945b-cf18-453b-9eda-2cd30ef32664,true,2027-01-01,31
b670803a-38d8-4cd2-8f0d-24e0d9d004fe,d7c5ecf0-74e4-4fd4-8db1-46385924deae,1245 - One Bedroom Apartment Sea View,9f13945b-cf18-453b-9eda-2cd30ef32664,true,2027-01-02,31
b1e01982-4109-479d-b005-924764206ab0,d7c5ecf0-74e4-4fd4-8db1-46385924deae,1245 - One Bedroom Apartment Sea View,9f13945b-cf18-453b-9eda-2cd30ef32664,true,2027-01-03,31
42aa4691-a5d5-472d-a45a-cb1e0dbcbbd4,d7c5ecf0-74e4-4fd4-8db1-46385924deae,1245 - One Bedroom Apartment Sea View,9f13945b-cf18-453b-9eda-2cd30ef32664,true,2027-01-04,31
17f35262-a14a-45ba-8211-2f06b7c70f88,d7c5ecf0-74e4-4fd4-8db1-46385924deae,1245 - One Bedroom Apartment Sea View,9f13945b-cf18-453b-9eda-2cd30ef32664,true,2027-01-05,31
f4966f57-efbd-4004-977a-7e7ab01b51e4,d7c5ecf0-74e4-4fd4-8db1-46385924deae,1245 - One Bedroom Apartment Sea View,9f13945b-cf18-453b-9eda-2cd30ef32664,true,2027-01-06,31
b7f51af1-8e58-4d1b-bb13-7d1517a2508b,d7c5ecf0-74e4-4fd4-8db1-46385924deae,1245 - One Bedroom Apartment Sea View,9f13945b-cf18-453b-9eda-2cd30ef32664,true,2027-01-07,31
2c2383ee-0b5a-4952-90ac-27462f4a7e5f,d7c5ecf0-74e4-4fd4-8db1-46385924deae,1245 - One Bedroom Apartment Sea View,9f13945b-cf18-453b-9eda-2cd30ef32664,true,2027-01-08,31
ef77e442-aafa-4554-b65c-e5c6a9d98ef2,d7c5ecf0-74e4-4fd4-8db1-46385924deae,1245 - One Bedroom Apartment Sea View,9f13945b-cf18-453b-9eda-2cd30ef32664,true,2027-01-09,31
7008edd7-01c3-49ca-beac-eba3c5bf9678,d7c5ecf0-74e4-4fd4-8db1-46385924deae,1245 - One Bedroom Apartment Sea View,9f13945b-cf18-453b-9eda-2cd30ef32664,true,2027-01-10,31
1881e570-78db-43b9-9041-bb7058b38e07,d7c5ecf0-74e4-4fd4-8db1-46385924deae,1245 - One Bedroom Apartment Sea View,9f13945b-cf18-453b-9eda-2cd30ef32664,true,2027-01-11,31
555c6cfe-4799-4c8e-849f-7d1d93c5836f,d7c5ecf0-74e4-4fd4-8db1-46385924deae,1245 - One Bedroom Apartment Sea View,9f13945b-cf18-453b-9eda-2cd30ef32664,true,2027-01-12,31
3ad9ce9b-db6c-4d7b-8387-15aca229ba65,d7c5ecf0-74e4-4fd4-8db1-46385924deae,1245 - One Bedroom Apartment Sea View,9f13945b-cf18-453b-9eda-2cd30ef32664,true,2027-01-13,31
b057d622-78d1-4230-ab85-cb6e2d68842c,d7c5ecf0-74e4-4fd4-8db1-46385924deae,1245 - One Bedroom Apartment Sea View,9f13945b-cf18-453b-9eda-2cd30ef32664,true,2027-01-14,31
00385ccc-04e0-4849-a891-3941fe3af096,d7c5ecf0-74e4-4fd4-8db1-46385924deae,1245 - One Bedroom Apartment Sea View,9f13945b-cf18-453b-9eda-2cd30ef32664,true,2027-01-15,31
d96440ea-edbf-4f4a-84ed-df8a207cd127,d7c5ecf0-74e4-4fd4-8db1-46385924deae,1245 - One Bedroom Apartment Sea View,9f13945b-cf18-453b-9eda-2cd30ef32664,true,2027-01-16,31
873a5f86-b98a-426a-89bb-e54dfcdfeea2,d7c5ecf0-74e4-4fd4-8db1-46385924deae,1245 - One Bedroom Apartment Sea View,9f13945b-cf18-453b-9eda-2cd30ef32664,true,2027-01-17,31
69e9206d-0e59-4746-9d0e-8ed574f2d581,d7c5ecf0-74e4-4fd4-8db1-46385924deae,1245 - One Bedroom Apartment Sea View,9f13945b-cf18-453b-9eda-2cd30ef32664,true,2027-01-18,31
a924d597-6658-426d-8990-dd0a3bf53ae1,d7c5ecf0-74e4-4fd4-8db1-46385924deae,1245 - One Bedroom Apartment Sea View,9f13945b-cf18-453b-9eda-2cd30ef32664,true,2027-01-19,31
3dbf62cb-2555-4594-8725-b5aa95a62924,d7c5ecf0-74e4-4fd4-8db1-46385924deae,1245 - One Bedroom Apartment Sea View,9f13945b-cf18-453b-9eda-2cd30ef32664,true,2027-01-20,31
43524dd4-cc0b-4857-8288-cf162e5155b5,d7c5ecf0-74e4-4fd4-8db1-46385924deae,1245 - One Bedroom Apartment Sea View,9f13945b-cf18-453b-9eda-2cd30ef32664,true,2027-01-21,31
1e68b4b7-3759-4431-9c2b-8dd5247703d7,d7c5ecf0-74e4-4fd4-8db1-46385924deae,1245 - One Bedroom Apartment Sea View,9f13945b-cf18-453b-9eda-2cd30ef32664,true,2027-01-22,31
8e2c154d-08b3-4beb-9b32-d4b8be13934c,d7c5ecf0-74e4-4fd4-8db1-46385924deae,1245 - One Bedroom Apartment Sea View,9f13945b-cf18-453b-9eda-2cd30ef32664,true,2027-01-23,31
7dad719c-12bf-4acc-9074-6fb82857ce4c,d7c5ecf0-74e4-4fd4-8db1-46385924deae,1245 - One Bedroom Apartment Sea View,9f13945b-cf18-453b-9eda-2cd30ef32664,true,2027-01-24,31
fd34d277-2f57-4f92-a5c5-2f6b1228c804,d7c5ecf0-74e4-4fd4-8db1-46385924deae,1245 - One Bedroom Apartment Sea View,9f13945b-cf18-453b-9eda-2cd30ef32664,true,2027-01-25,31
81ec606a-02ec-4291-a38f-1236a603612d,d7c5ecf0-74e4-4fd4-8db1-46385924deae,1245 - One Bedroom Apartment Sea View,9f13945b-cf18-453b-9eda-2cd30ef32664,true,2027-01-26,31
507463e6-d94a-433c-aaef-631d7d949a37,d7c5ecf0-74e4-4fd4-8db1-46385924deae,1245 - One Bedroom Apartment Sea View,9f13945b-cf18-453b-9eda-2cd30ef32664,true,2027-01-27,31
a1a78d03-ba7d-4f37-8c53-e76e229636d9,d7c5ecf0-74e4-4fd4-8db1-46385924deae,1245 - One Bedroom Apartment Sea View,9f13945b-cf18-453b-9eda-2cd30ef32664,true,2027-01-28,31
e866ca74-dc12-4653-940a-df1e612bd070,d7c5ecf0-74e4-4fd4-8db1-46385924deae,1245 - One Bedroom Apartment Sea View,9f13945b-cf18-453b-9eda-2cd30ef32664,true,2027-01-29,31
65bcb578-776a-4393-a462-2b1c4e705738,d7c5ecf0-74e4-4fd4-8db1-46385924deae,1245 - One Bedroom Apartment Sea View,9f13945b-cf18-453b-9eda-2cd30ef32664,true,2027-01-30,31
ca341dce-b8d7-4e2e-b189-a0f9d20b09a1,d7c5ecf0-74e4-4fd4-8db1-46385924deae,1245 - One Bedroom Apartment Sea View,9f13945b-cf18-453b-9eda-2cd30ef32664,true,2027-01-31,31
c4659768-f173-461b-8e29-a1a42f81ed67,d7c5ecf0-74e4-4fd4-8db1-46385924deae,1245 - One Bedroom Apartment Sea View,9f13945b-cf18-453b-9eda-2cd30ef32664,true,2027-02-01,31
b88f7488-995d-4690-83fe-d33efe706503,d7c5ecf0-74e4-4fd4-8db1-46385924deae,1245 - One Bedroom Apartment Sea View,9f13945b-cf18-453b-9eda-2cd30ef32664,true,2027-02-02,31
c1c2a0fe-a977-4939-9e80-194c3ffc72dd,d7c5ecf0-74e4-4fd4-8db1-46385924deae,1245 - One Bedroom Apartment Sea View,9f13945b-cf18-453b-9eda-2cd30ef32664,true,2027-02-03,31
3a9ba3de-d779-469b-be74-3176b8b1292a,d7c5ecf0-74e4-4fd4-8db1-46385924deae,1245 - One Bedroom Apartment Sea View,9f13945b-cf18-453b-9eda-2cd30ef32664,true,2027-02-04,31
aa0ec1d2-214f-4b33-b1b4-c9b0d9300eab,d7c5ecf0-74e4-4fd4-8db1-46385924deae,1245 - One Bedroom Apartment Sea View,9f13945b-cf18-453b-9eda-2cd30ef32664,true,2027-02-05,31
20f3265f-6a1e-41d5-88ba-1c7550da8239,d7c5ecf0-74e4-4fd4-8db1-46385924deae,1245 - One Bedroom Apartment Sea View,9f13945b-cf18-453b-9eda-2cd30ef32664,true,2027-02-06,31
b4417f80-4650-416f-8ad0-13010077c488,d7c5ecf0-74e4-4fd4-8db1-46385924deae,1245 - One Bedroom Apartment Sea View,9f13945b-cf18-453b-9eda-2cd30ef32664,true,2027-02-07,31
29d61dea-47e7-419f-98d4-864825c70416,d7c5ecf0-74e4-4fd4-8db1-46385924deae,1245 - One Bedroom Apartment Sea View,9f13945b-cf18-453b-9eda-2cd30ef32664,true,2027-02-08,31
48f29a09-3c8e-49fa-98ac-326fdf47049f,d7c5ecf0-74e4-4fd4-8db1-46385924deae,1245 - One Bedroom Apartment Sea View,9f13945b-cf18-453b-9eda-2cd30ef32664,true,2027-02-09,31
26fe09c4-98c6-4db2-b2ab-1fbb771e6fa0,d7c5ecf0-74e4-4fd4-8db1-46385924deae,1245 - One Bedroom Apartment Sea View,9f13945b-cf18-453b-9eda-2cd30ef32664,true,2027-02-10,31
cab9ed14-afaf-4ec9-a9ed-6d155d891970,d7c5ecf0-74e4-4fd4-8db1-46385924deae,1245 - One Bedroom Apartment Sea View,9f13945b-cf18-453b-9eda-2cd30ef32664,true,2027-02-11,31
b47fc9e5-dd33-4c5e-97c2-25f16e786d2f,d7c5ecf0-74e4-4fd4-8db1-46385924deae,1245 - One Bedroom Apartment Sea View,9f13945b-cf18-453b-9eda-2cd30ef32664,true,2027-02-12,31
f8b39aea-f82b-40c9-a194-30584c4a713c,d7c5ecf0-74e4-4fd4-8db1-46385924deae,1245 - One Bedroom Apartment Sea View,9f13945b-cf18-453b-9eda-2cd30ef32664,true,2027-02-13,31
9afdb53a-22be-422d-b4a8-0c27f1c2d10a,d7c5ecf0-74e4-4fd4-8db1-46385924deae,1245 - One Bedroom Apartment Sea View,9f13945b-cf18-453b-9eda-2cd30ef32664,true,2027-02-14,31
d98a342f-4c70-41ed-a9c6-72b6d20acce5,d7c5ecf0-74e4-4fd4-8db1-46385924deae,1245 - One Bedroom Apartment Sea View,9f13945b-cf18-453b-9eda-2cd30ef32664,true,2027-02-15,31
1cd1179d-1599-4989-9cb9-d2d81fb33e13,d7c5ecf0-74e4-4fd4-8db1-46385924deae,1245 - One Bedroom Apartment Sea View,9f13945b-cf18-453b-9eda-2cd30ef32664,true,2027-02-16,31
c71cbbe4-0e4b-436a-8767-218d526fc970,d7c5ecf0-74e4-4fd4-8db1-46385924deae,1245 - One Bedroom Apartment Sea View,9f13945b-cf18-453b-9eda-2cd30ef32664,true,2027-02-17,31
77d06788-f265-4148-8207-b111a334d2ff,d7c5ecf0-74e4-4fd4-8db1-46385924deae,1245 - One Bedroom Apartment Sea View,9f13945b-cf18-453b-9eda-2cd30ef32664,true,2027-02-18,31
ca7ec262-886a-4d32-83f3-6dfc0279a7b1,d7c5ecf0-74e4-4fd4-8db1-46385924deae,1245 - One Bedroom Apartment Sea View,9f13945b-cf18-453b-9eda-2cd30ef32664,true,2027-02-19,31
50b7aed7-58cf-4d36-b910-257ec0b0cc0a,d7c5ecf0-74e4-4fd4-8db1-46385924deae,1245 - One Bedroom Apartment Sea View,9f13945b-cf18-453b-9eda-2cd30ef32664,true,2027-02-20,31
4a27e526-ec1d-4632-a07d-75a17b998845,d7c5ecf0-74e4-4fd4-8db1-46385924deae,1245 - One Bedroom Apartment Sea View,9f13945b-cf18-453b-9eda-2cd30ef32664,true,2027-02-21,31
e5b93adf-31a0-4ca7-9695-119de225483b,d7c5ecf0-74e4-4fd4-8db1-46385924deae,1245 - One Bedroom Apartment Sea View,9f13945b-cf18-453b-9eda-2cd30ef32664,true,2027-02-22,31
2e560c67-1438-4cc0-a040-30873c25fa42,d7c5ecf0-74e4-4fd4-8db1-46385924deae,1245 - One Bedroom Apartment Sea View,9f13945b-cf18-453b-9eda-2cd30ef32664,true,2027-02-23,31
2fc48bd4-bf65-4874-8dc0-fec5f528ba9f,d7c5ecf0-74e4-4fd4-8db1-46385924deae,1245 - One Bedroom Apartment Sea View,9f13945b-cf18-453b-9eda-2cd30ef32664,true,2027-02-24,31
d06f3a1d-8b27-48ee-80c1-1e5531daaba8,d7c5ecf0-74e4-4fd4-8db1-46385924deae,1245 - One Bedroom Apartment Sea View,9f13945b-cf18-453b-9eda-2cd30ef32664,true,2027-02-25,31
5370eace-30f5-449b-a7db-d3b0a5c65153,d7c5ecf0-74e4-4fd4-8db1-46385924deae,1245 - One Bedroom Apartment Sea View,9f13945b-cf18-453b-9eda-2cd30ef32664,true,2027-02-26,31
e79acba4-fc2a-4119-a00e-d6db72f0e99b,d7c5ecf0-74e4-4fd4-8db1-46385924deae,1245 - One Bedroom Apartment Sea View,9f13945b-cf18-453b-9eda-2cd30ef32664,true,2027-02-27,31
172f4bc0-5d9f-487a-b331-a41f86ee521c,d7c5ecf0-74e4-4fd4-8db1-46385924deae,1245 - One Bedroom Apartment Sea View,9f13945b-cf18-453b-9eda-2cd30ef32664,true,2027-02-28,31
213cad41-e41d-4d39-9868-fc58e4df0c3c,d7c5ecf0-74e4-4fd4-8db1-46385924deae,1245 - One Bedroom Apartment Sea View,9f13945b-cf18-453b-9eda-2cd30ef32664,true,2027-03-01,31
e0787310-7b65-4dd0-8cf8-57095004711a,d7c5ecf0-74e4-4fd4-8db1-46385924deae,1245 - One Bedroom Apartment Sea View,9f13945b-cf18-453b-9eda-2cd30ef32664,true,2027-03-02,31
9acab33a-7109-441c-b8ee-d2b385fbce60,d7c5ecf0-74e4-4fd4-8db1-46385924deae,1245 - One Bedroom Apartment Sea View,9f13945b-cf18-453b-9eda-2cd30ef32664,true,2027-03-03,31
db69d19a-acc5-456c-b4b0-174c1e2cc74b,d7c5ecf0-74e4-4fd4-8db1-46385924deae,1245 - One Bedroom Apartment Sea View,9f13945b-cf18-453b-9eda-2cd30ef32664,true,2027-03-04,31
a91674fd-d98a-477b-9e95-f85a1bea6ab3,d7c5ecf0-74e4-4fd4-8db1-46385924deae,1245 - One Bedroom Apartment Sea View,9f13945b-cf18-453b-9eda-2cd30ef32664,true,2027-03-05,31
3e2d5850-e99c-41d0-8dc0-4133b950a377,d7c5ecf0-74e4-4fd4-8db1-46385924deae,1245 - One Bedroom Apartment Sea View,9f13945b-cf18-453b-9eda-2cd30ef32664,true,2027-03-06,31
ae34ab85-549b-4c20-842c-6c18a9193fe3,d7c5ecf0-74e4-4fd4-8db1-46385924deae,1245 - One Bedroom Apartment Sea View,9f13945b-cf18-453b-9eda-2cd30ef32664,true,2027-03-07,31
a0399223-c950-49c8-b616-4fd7ae321609,d7c5ecf0-74e4-4fd4-8db1-46385924deae,1245 - One Bedroom Apartment Sea View,9f13945b-cf18-453b-9eda-2cd30ef32664,true,2027-03-08,31
65c2cd61-db77-4a78-8368-d9ad2ed33a36,d7c5ecf0-74e4-4fd4-8db1-46385924deae,1245 - One Bedroom Apartment Sea View,9f13945b-cf18-453b-9eda-2cd30ef32664,true,2027-03-09,31
379d0729-1564-4c09-acf5-66c3f259b763,d7c5ecf0-74e4-4fd4-8db1-46385924deae,1245 - One Bedroom Apartment Sea View,9f13945b-cf18-453b-9eda-2cd30ef32664,true,2027-03-10,31
3132c200-41eb-4b79-a629-5cafafe7a248,d7c5ecf0-74e4-4fd4-8db1-46385924deae,1245 - One Bedroom Apartment Sea View,9f13945b-cf18-453b-9eda-2cd30ef32664,true,2027-03-11,31
eaf1ef98-63a2-470c-8dd2-dd7f51d4ba8b,d7c5ecf0-74e4-4fd4-8db1-46385924deae,1245 - One Bedroom Apartment Sea View,9f13945b-cf18-453b-9eda-2cd30ef32664,true,2027-03-12,31
a64020ee-a4c4-4a1c-b87a-14a8ab11e172,d7c5ecf0-74e4-4fd4-8db1-46385924deae,1245 - One Bedroom Apartment Sea View,9f13945b-cf18-453b-9eda-2cd30ef32664,true,2027-03-13,31
81eb5084-b6b3-4910-867c-abb8aa78f02b,d7c5ecf0-74e4-4fd4-8db1-46385924deae,1245 - One Bedroom Apartment Sea View,9f13945b-cf18-453b-9eda-2cd30ef32664,true,2027-03-14,31
b46dd4f7-bdbb-4a67-af63-a928d9e56633,d7c5ecf0-74e4-4fd4-8db1-46385924deae,1245 - One Bedroom Apartment Sea View,9f13945b-cf18-453b-9eda-2cd30ef32664,true,2027-03-15,31
13d03e6e-4754-461a-97a7-5744287f9dc1,d7c5ecf0-74e4-4fd4-8db1-46385924deae,1245 - One Bedroom Apartment Sea View,9f13945b-cf18-453b-9eda-2cd30ef32664,true,2027-03-16,31
13c869ef-7123-49d7-9132-d4b5d4aa1f47,d7c5ecf0-74e4-4fd4-8db1-46385924deae,1245 - One Bedroom Apartment Sea View,9f13945b-cf18-453b-9eda-2cd30ef32664,true,2027-03-17,31
dec05b90-f640-4743-931d-5e82bdc2d228,d7c5ecf0-74e4-4fd4-8db1-46385924deae,1245 - One Bedroom Apartment Sea View,9f13945b-cf18-453b-9eda-2cd30ef32664,true,2027-03-18,31
8eec99dd-53b9-4fe8-9df8-59b9e2341094,d7c5ecf0-74e4-4fd4-8db1-46385924deae,1245 - One Bedroom Apartment Sea View,9f13945b-cf18-453b-9eda-2cd30ef32664,true,2027-03-19,31
1957124d-413d-4833-97a7-a2e9bc8f1d37,d7c5ecf0-74e4-4fd4-8db1-46385924deae,1245 - One Bedroom Apartment Sea View,9f13945b-cf18-453b-9eda-2cd30ef32664,true,2027-03-20,31
7a8264c5-c457-43e7-ae23-c0218965fa1e,d7c5ecf0-74e4-4fd4-8db1-46385924deae,1245 - One Bedroom Apartment Sea View,9f13945b-cf18-453b-9eda-2cd30ef32664,true,2027-03-21,31
38c255ae-7253-4b6c-852f-df6cca300f66,d7c5ecf0-74e4-4fd4-8db1-46385924deae,1245 - One Bedroom Apartment Sea View,9f13945b-cf18-453b-9eda-2cd30ef32664,true,2027-03-22,31
99ea5c82-98c3-41c0-9a63-c42810bfffea,d7c5ecf0-74e4-4fd4-8db1-46385924deae,1245 - One Bedroom Apartment Sea View,9f13945b-cf18-453b-9eda-2cd30ef32664,true,2027-03-23,31
fb595cf4-22d5-4630-875e-129dfb51b577,d7c5ecf0-74e4-4fd4-8db1-46385924deae,1245 - One Bedroom Apartment Sea View,9f13945b-cf18-453b-9eda-2cd30ef32664,true,2027-03-24,31
87327ac0-a852-421e-ab46-b701a1f132f9,d7c5ecf0-74e4-4fd4-8db1-46385924deae,1245 - One Bedroom Apartment Sea View,9f13945b-cf18-453b-9eda-2cd30ef32664,true,2027-03-25,31
3ce790dc-5e39-4acf-8a31-c3ad747783dc,d7c5ecf0-74e4-4fd4-8db1-46385924deae,1245 - One Bedroom Apartment Sea View,9f13945b-cf18-453b-9eda-2cd30ef32664,true,2027-03-26,31
2f7c6f63-c130-4d97-aba1-384352924b82,d7c5ecf0-74e4-4fd4-8db1-46385924deae,1245 - One Bedroom Apartment Sea View,9f13945b-cf18-453b-9eda-2cd30ef32664,true,2027-03-27,31
49624f5f-c0e8-4926-b81d-012412a51c36,d7c5ecf0-74e4-4fd4-8db1-46385924deae,1245 - One Bedroom Apartment Sea View,9f13945b-cf18-453b-9eda-2cd30ef32664,true,2027-03-28,31
60b057b2-2ab5-4135-b534-442a5009ad39,d7c5ecf0-74e4-4fd4-8db1-46385924deae,1245 - One Bedroom Apartment Sea View,9f13945b-cf18-453b-9eda-2cd30ef32664,true,2027-03-29,31
50e8bada-962c-43a4-88b2-3ef09270219a,d7c5ecf0-74e4-4fd4-8db1-46385924deae,1245 - One Bedroom Apartment Sea View,9f13945b-cf18-453b-9eda-2cd30ef32664,true,2027-03-30,31
fa2c3704-3962-4c3f-a3a1-934a43b08967,d7c5ecf0-74e4-4fd4-8db1-46385924deae,1245 - One Bedroom Apartment Sea View,9f13945b-cf18-453b-9eda-2cd30ef32664,true,2027-03-31,31
781be3f5-f31e-4882-b06f-d1914f62d862,d7c5ecf0-74e4-4fd4-8db1-46385924deae,1245 - One Bedroom Apartment Sea View,9f13945b-cf18-453b-9eda-2cd30ef32664,true,2027-04-01,31
ef3cf3f0-7d5a-4599-9bfa-6f883c52bf1c,d7c5ecf0-74e4-4fd4-8db1-46385924deae,1245 - One Bedroom Apartment Sea View,9f13945b-cf18-453b-9eda-2cd30ef32664,true,2027-04-02,31
9494d84f-1e4e-4a0e-9e5b-7ee2e187f633,d7c5ecf0-74e4-4fd4-8db1-46385924deae,1245 - One Bedroom Apartment Sea View,9f13945b-cf18-453b-9eda-2cd30ef32664,true,2027-04-03,31
06847b17-2542-4c35-9107-e099899ee5bf,d7c5ecf0-74e4-4fd4-8db1-46385924deae,1245 - One Bedroom Apartment Sea View,9f13945b-cf18-453b-9eda-2cd30ef32664,true,2027-04-04,31
16f20112-3aca-4a85-ba3b-40bb205ef93c,d7c5ecf0-74e4-4fd4-8db1-46385924deae,1245 - One Bedroom Apartment Sea View,9f13945b-cf18-453b-9eda-2cd30ef32664,true,2027-04-05,31
4dae6a51-95d1-4e97-812c-926de505758a,d7c5ecf0-74e4-4fd4-8db1-46385924deae,1245 - One Bedroom Apartment Sea View,9f13945b-cf18-453b-9eda-2cd30ef32664,true,2027-04-06,31
922ad74e-b2ad-4790-b8ac-82402d469e6b,d7c5ecf0-74e4-4fd4-8db1-46385924deae,1245 - One Bedroom Apartment Sea View,9f13945b-cf18-453b-9eda-2cd30ef32664,true,2027-04-07,31
696f8428-b485-4c83-87f7-2f8c464ab8ad,d7c5ecf0-74e4-4fd4-8db1-46385924deae,1245 - One Bedroom Apartment Sea View,9f13945b-cf18-453b-9eda-2cd30ef32664,true,2027-04-08,31
62739207-3278-4cc5-8bfb-946a61edf7b9,d7c5ecf0-74e4-4fd4-8db1-46385924deae,1245 - One Bedroom Apartment Sea View,9f13945b-cf18-453b-9eda-2cd30ef32664,true,2027-04-09,31
fba53149-bc0c-468d-9414-46317b7450a7,d7c5ecf0-74e4-4fd4-8db1-46385924deae,1245 - One Bedroom Apartment Sea View,9f13945b-cf18-453b-9eda-2cd30ef32664,true,2027-04-10,31
8c53386e-1e8a-4aba-b3c4-d5f71d325ac7,d7c5ecf0-74e4-4fd4-8db1-46385924deae,1245 - One Bedroom Apartment Sea View,9f13945b-cf18-453b-9eda-2cd30ef32664,true,2027-04-11,31
a6482bae-636b-48bf-b7f2-1f2921de0b0a,d7c5ecf0-74e4-4fd4-8db1-46385924deae,1245 - One Bedroom Apartment Sea View,9f13945b-cf18-453b-9eda-2cd30ef32664,true,2027-04-12,31
0f17e394-5be7-4854-84e7-c1b77c139cc1,d7c5ecf0-74e4-4fd4-8db1-46385924deae,1245 - One Bedroom Apartment Sea View,9f13945b-cf18-453b-9eda-2cd30ef32664,true,2027-04-13,31
ddf9bf3b-348c-48d4-9db7-3503bc5b2750,d7c5ecf0-74e4-4fd4-8db1-46385924deae,1245 - One Bedroom Apartment Sea View,9f13945b-cf18-453b-9eda-2cd30ef32664,true,2027-04-14,31
6d9c5f82-90b1-4227-a78d-3448de753795,d7c5ecf0-74e4-4fd4-8db1-46385924deae,1245 - One Bedroom Apartment Sea View,9f13945b-cf18-453b-9eda-2cd30ef32664,true,2027-04-15,31
27d9a9a0-1d30-459d-b3e1-c0ac6aaacadf,d7c5ecf0-74e4-4fd4-8db1-46385924deae,1245 - One Bedroom Apartment Sea View,9f13945b-cf18-453b-9eda-2cd30ef32664,true,2027-04-16,31
d8341a76-ba84-42de-ac34-100f57802f22,d7c5ecf0-74e4-4fd4-8db1-46385924deae,1245 - One Bedroom Apartment Sea View,9f13945b-cf18-453b-9eda-2cd30ef32664,true,2027-04-17,31
275eb7ba-eea6-441f-a459-724b74a97c16,d7c5ecf0-74e4-4fd4-8db1-46385924deae,1245 - One Bedroom Apartment Sea View,9f13945b-cf18-453b-9eda-2cd30ef32664,true,2027-04-18,31
7cb88570-3f64-473a-a77a-976fdbdcd3d7,d7c5ecf0-74e4-4fd4-8db1-46385924deae,1245 - One Bedroom Apartment Sea View,9f13945b-cf18-453b-9eda-2cd30ef32664,true,2027-04-19,31
6d3a8632-d8f2-4ae0-a019-3d1dbb1f9169,d7c5ecf0-74e4-4fd4-8db1-46385924deae,1245 - One Bedroom Apartment Sea View,9f13945b-cf18-453b-9eda-2cd30ef32664,true,2027-04-20,31
7fda84f3-adb2-4ad4-ac02-5c48f06d782f,d7c5ecf0-74e4-4fd4-8db1-46385924deae,1245 - One Bedroom Apartment Sea View,9f13945b-cf18-453b-9eda-2cd30ef32664,true,2027-04-21,31
8c04820d-f4a3-4ee6-a965-12bdb99460b6,d7c5ecf0-74e4-4fd4-8db1-46385924deae,1245 - One Bedroom Apartment Sea View,9f13945b-cf18-453b-9eda-2cd30ef32664,true,2027-04-22,31
66a1587e-074f-4e0c-bf45-ba05eb0f5038,d7c5ecf0-74e4-4fd4-8db1-46385924deae,1245 - One Bedroom Apartment Sea View,9f13945b-cf18-453b-9eda-2cd30ef32664,true,2027-04-23,31
fb0b70e7-72fb-4a7f-910c-3ace30e2926e,d7c5ecf0-74e4-4fd4-8db1-46385924deae,1245 - One Bedroom Apartment Sea View,9f13945b-cf18-453b-9eda-2cd30ef32664,true,2027-04-24,31
06568ca5-1779-4e9c-b412-6ecdb36a48a4,d7c5ecf0-74e4-4fd4-8db1-46385924deae,1245 - One Bedroom Apartment Sea View,9f13945b-cf18-453b-9eda-2cd30ef32664,true,2027-04-25,31
e8843053-ae08-4a4f-a3cf-228384d7ba43,d7c5ecf0-74e4-4fd4-8db1-46385924deae,1245 - One Bedroom Apartment Sea View,9f13945b-cf18-453b-9eda-2cd30ef32664,true,2027-04-26,31
429a6d93-b0d2-4755-b1ed-b03ed8e25713,d7c5ecf0-74e4-4fd4-8db1-46385924deae,1245 - One Bedroom Apartment Sea View,9f13945b-cf18-453b-9eda-2cd30ef32664,true,2027-04-27,31
6c77a9f4-9873-4e9e-9faa-d60b063937b9,d7c5ecf0-74e4-4fd4-8db1-46385924deae,1245 - One Bedroom Apartment Sea View,9f13945b-cf18-453b-9eda-2cd30ef32664,true,2027-04-28,31
5830991a-3b3b-4329-844d-b43a94745661,d7c5ecf0-74e4-4fd4-8db1-46385924deae,1245 - One Bedroom Apartment Sea View,9f13945b-cf18-453b-9eda-2cd30ef32664,true,2027-04-29,31
04173574-da7b-42de-979c-f7cd21f95da6,d7c5ecf0-74e4-4fd4-8db1-46385924deae,1245 - One Bedroom Apartment Sea View,9f13945b-cf18-453b-9eda-2cd30ef32664,true,2027-04-30,31
a2f9dc84-bb8f-40cf-8e4d-14a6a820413d,d7c5ecf0-74e4-4fd4-8db1-46385924deae,1245 - One Bedroom Apartment Sea View,9f13945b-cf18-453b-9eda-2cd30ef32664,true,2027-05-01,31
31da30a8-0b74-4d26-91b5-839418d2e9d8,d7c5ecf0-74e4-4fd4-8db1-46385924deae,1245 - One Bedroom Apartment Sea View,9f13945b-cf18-453b-9eda-2cd30ef32664,true,2027-05-02,31
fef0974a-8578-4987-b8c5-8a33da51f87a,d7c5ecf0-74e4-4fd4-8db1-46385924deae,1245 - One Bedroom Apartment Sea View,9f13945b-cf18-453b-9eda-2cd30ef32664,true,2027-05-03,31
e466bc89-9af5-4320-b031-416aab4b27b5,d7c5ecf0-74e4-4fd4-8db1-46385924deae,1245 - One Bedroom Apartment Sea View,9f13945b-cf18-453b-9eda-2cd30ef32664,true,2027-05-04,31
f2707405-d52c-459e-aa7c-105be9aee1a9,d7c5ecf0-74e4-4fd4-8db1-46385924deae,1245 - One Bedroom Apartment Sea View,9f13945b-cf18-453b-9eda-2cd30ef32664,true,2027-05-05,31
9e1a32ed-9498-4d34-8a3c-92c83fe5bfae,d7c5ecf0-74e4-4fd4-8db1-46385924deae,1245 - One Bedroom Apartment Sea View,9f13945b-cf18-453b-9eda-2cd30ef32664,true,2027-05-06,31
74c45b32-1712-414a-aa2c-49f650cae0a1,d7c5ecf0-74e4-4fd4-8db1-46385924deae,1245 - One Bedroom Apartment Sea View,9f13945b-cf18-453b-9eda-2cd30ef32664,true,2027-05-07,31
5548511b-77b1-4191-aea6-0913acec840a,d7c5ecf0-74e4-4fd4-8db1-46385924deae,1245 - One Bedroom Apartment Sea View,9f13945b-cf18-453b-9eda-2cd30ef32664,true,2027-05-08,31
69b941ad-f491-4b23-8953-d8ec8c61a67b,d7c5ecf0-74e4-4fd4-8db1-46385924deae,1245 - One Bedroom Apartment Sea View,9f13945b-cf18-453b-9eda-2cd30ef32664,true,2027-05-09,31
302b3693-7c8d-4439-8503-750e69904db2,d7c5ecf0-74e4-4fd4-8db1-46385924deae,1245 - One Bedroom Apartment Sea View,9f13945b-cf18-453b-9eda-2cd30ef32664,true,2027-05-10,31
60b2fecd-ed67-4bb1-86de-305f9185de4c,d7c5ecf0-74e4-4fd4-8db1-46385924deae,1245 - One Bedroom Apartment Sea View,9f13945b-cf18-453b-9eda-2cd30ef32664,true,2027-05-11,31
2aa81be3-716b-4832-9233-942b9b34be34,d7c5ecf0-74e4-4fd4-8db1-46385924deae,1245 - One Bedroom Apartment Sea View,9f13945b-cf18-453b-9eda-2cd30ef32664,true,2027-05-12,31
2a6f79e7-b841-4074-9309-43ab63b8b54b,d7c5ecf0-74e4-4fd4-8db1-46385924deae,1245 - One Bedroom Apartment Sea View,9f13945b-cf18-453b-9eda-2cd30ef32664,true,2027-05-13,31
4b1137d4-98e5-4d01-8da0-e8103f6ca14e,d7c5ecf0-74e4-4fd4-8db1-46385924deae,1245 - One Bedroom Apartment Sea View,9f13945b-cf18-453b-9eda-2cd30ef32664,true,2027-05-14,31
1fb2ce07-6703-4a7f-a69c-2c069ef1836a,d7c5ecf0-74e4-4fd4-8db1-46385924deae,1245 - One Bedroom Apartment Sea View,9f13945b-cf18-453b-9eda-2cd30ef32664,true,2027-05-15,31
ed03c8a8-205a-4aca-b945-98d49f7655a4,d7c5ecf0-74e4-4fd4-8db1-46385924deae,1245 - One Bedroom Apartment Sea View,9f13945b-cf18-453b-9eda-2cd30ef32664,true,2027-05-16,31
9e3ad389-0998-4285-a651-a0f00f8317b2,d7c5ecf0-74e4-4fd4-8db1-46385924deae,1245 - One Bedroom Apartment Sea View,9f13945b-cf18-453b-9eda-2cd30ef32664,true,2027-05-17,31
a41b0ad1-c911-4c1a-991d-08f2230681f3,d7c5ecf0-74e4-4fd4-8db1-46385924deae,1245 - One Bedroom Apartment Sea View,9f13945b-cf18-453b-9eda-2cd30ef32664,true,2027-05-18,31
99a16c11-1c28-4beb-807b-d3cba13f32a1,d7c5ecf0-74e4-4fd4-8db1-46385924deae,1245 - One Bedroom Apartment Sea View,9f13945b-cf18-453b-9eda-2cd30ef32664,true,2027-05-19,31
52a5746e-c69b-4e11-b7c8-f15dd7717db7,d7c5ecf0-74e4-4fd4-8db1-46385924deae,1245 - One Bedroom Apartment Sea View,9f13945b-cf18-453b-9eda-2cd30ef32664,true,2027-05-20,31
93ea040e-2038-479c-b874-f18170e7680e,d7c5ecf0-74e4-4fd4-8db1-46385924deae,1245 - One Bedroom Apartment Sea View,9f13945b-cf18-453b-9eda-2cd30ef32664,true,2027-05-21,31
650ff163-18f3-4388-8625-4eb125e955b9,d7c5ecf0-74e4-4fd4-8db1-46385924deae,1245 - One Bedroom Apartment Sea View,9f13945b-cf18-453b-9eda-2cd30ef32664,true,2027-05-22,31
1c02ddfb-cca7-43ec-b4d4-f78244def506,d7c5ecf0-74e4-4fd4-8db1-46385924deae,1245 - One Bedroom Apartment Sea View,9f13945b-cf18-453b-9eda-2cd30ef32664,true,2027-05-23,31
f57bb400-eb2a-4734-92eb-13a2590f666a,d7c5ecf0-74e4-4fd4-8db1-46385924deae,1245 - One Bedroom Apartment Sea View,9f13945b-cf18-453b-9eda-2cd30ef32664,true,2027-05-24,31
5ca71474-6d8e-4e1c-93e9-66c1ca8a1302,d7c5ecf0-74e4-4fd4-8db1-46385924deae,1245 - One Bedroom Apartment Sea View,9f13945b-cf18-453b-9eda-2cd30ef32664,true,2027-05-25,31
611576e3-3ed4-4bac-9943-15da6a2fe813,d7c5ecf0-74e4-4fd4-8db1-46385924deae,1245 - One Bedroom Apartment Sea View,9f13945b-cf18-453b-9eda-2cd30ef32664,true,2027-05-26,31
2cb887b9-78cf-4ca8-8412-6948866be55d,d7c5ecf0-74e4-4fd4-8db1-46385924deae,1245 - One Bedroom Apartment Sea View,9f13945b-cf18-453b-9eda-2cd30ef32664,true,2027-05-27,31
8506f35b-c81e-4e65-86e0-930deb1ae45e,d7c5ecf0-74e4-4fd4-8db1-46385924deae,1245 - One Bedroom Apartment Sea View,9f13945b-cf18-453b-9eda-2cd30ef32664,true,2027-05-28,31
e88127dd-c5ec-4f8e-a5c6-9bdeb2ccd33d,d7c5ecf0-74e4-4fd4-8db1-46385924deae,1245 - One Bedroom Apartment Sea View,9f13945b-cf18-453b-9eda-2cd30ef32664,true,2027-05-29,31
5e622883-561e-47ab-aa12-c7d25c734bf5,d7c5ecf0-74e4-4fd4-8db1-46385924deae,1245 - One Bedroom Apartment Sea View,9f13945b-cf18-453b-9eda-2cd30ef32664,true,2027-05-30,31
cfcd5edd-ba2a-47cc-b34b-6476ac8e7c42,d7c5ecf0-74e4-4fd4-8db1-46385924deae,1245 - One Bedroom Apartment Sea View,9f13945b-cf18-453b-9eda-2cd30ef32664,true,2027-05-31,31
6cd34ca7-5d58-4535-ad95-8bb88b7af445,d7c5ecf0-74e4-4fd4-8db1-46385924deae,1245 - One Bedroom Apartment Sea View,9f13945b-cf18-453b-9eda-2cd30ef32664,true,2027-06-01,31
9fc972cb-7d9e-42f0-80b0-b76d9cbb6331,d7c5ecf0-74e4-4fd4-8db1-46385924deae,1245 - One Bedroom Apartment Sea View,9f13945b-cf18-453b-9eda-2cd30ef32664,true,2027-06-02,31
138fcc59-738b-4300-a809-a2008a4eddd2,d7c5ecf0-74e4-4fd4-8db1-46385924deae,1245 - One Bedroom Apartment Sea View,9f13945b-cf18-453b-9eda-2cd30ef32664,true,2027-06-03,31
01bf710c-9909-446d-b959-8ff5b1618fbc,d7c5ecf0-74e4-4fd4-8db1-46385924deae,1245 - One Bedroom Apartment Sea View,9f13945b-cf18-453b-9eda-2cd30ef32664,true,2027-06-04,31
d8a7a0e6-2f5c-4c2a-a83f-945364116170,d7c5ecf0-74e4-4fd4-8db1-46385924deae,1245 - One Bedroom Apartment Sea View,9f13945b-cf18-453b-9eda-2cd30ef32664,true,2027-06-05,31
8b998739-b69b-46f9-b0b7-73630f3515ea,d7c5ecf0-74e4-4fd4-8db1-46385924deae,1245 - One Bedroom Apartment Sea View,9f13945b-cf18-453b-9eda-2cd30ef32664,true,2027-06-06,31
53ba8bef-551b-49a3-a705-b105af7ed8a2,d7c5ecf0-74e4-4fd4-8db1-46385924deae,1245 - One Bedroom Apartment Sea View,9f13945b-cf18-453b-9eda-2cd30ef32664,true,2027-06-07,31
145407a2-c5ab-4a40-9479-23ecea98457c,d7c5ecf0-74e4-4fd4-8db1-46385924deae,1245 - One Bedroom Apartment Sea View,9f13945b-cf18-453b-9eda-2cd30ef32664,true,2027-06-08,31
8f6d39f7-ec1e-4ffd-9731-860c16232052,d7c5ecf0-74e4-4fd4-8db1-46385924deae,1245 - One Bedroom Apartment Sea View,9f13945b-cf18-453b-9eda-2cd30ef32664,true,2027-06-09,31
f076cb95-d6d6-4cd0-bb15-ada98d49211c,d7c5ecf0-74e4-4fd4-8db1-46385924deae,1245 - One Bedroom Apartment Sea View,9f13945b-cf18-453b-9eda-2cd30ef32664,true,2027-06-10,31
b615d3db-96ab-4c1c-a079-1648085b2726,d7c5ecf0-74e4-4fd4-8db1-46385924deae,1245 - One Bedroom Apartment Sea View,9f13945b-cf18-453b-9eda-2cd30ef32664,true,2027-06-11,31
0c7180f6-6abf-49de-b26a-8743024e2c8b,d7c5ecf0-74e4-4fd4-8db1-46385924deae,1245 - One Bedroom Apartment Sea View,9f13945b-cf18-453b-9eda-2cd30ef32664,true,2027-06-12,31
4e9e8174-8fa0-4b8d-93cd-353ac58a27cf,d7c5ecf0-74e4-4fd4-8db1-46385924deae,1245 - One Bedroom Apartment Sea View,9f13945b-cf18-453b-9eda-2cd30ef32664,true,2027-06-13,31
f2b69764-3e42-490f-aa61-117507a08329,d7c5ecf0-74e4-4fd4-8db1-46385924deae,1245 - One Bedroom Apartment Sea View,9f13945b-cf18-453b-9eda-2cd30ef32664,true,2027-06-14,31
01a6cb41-d042-4234-bc43-67e0c4266825,d7c5ecf0-74e4-4fd4-8db1-46385924deae,1245 - One Bedroom Apartment Sea View,9f13945b-cf18-453b-9eda-2cd30ef32664,true,2027-06-15,31
9623359a-895a-4016-b6c5-83f654bdd733,d7c5ecf0-74e4-4fd4-8db1-46385924deae,1245 - One Bedroom Apartment Sea View,9f13945b-cf18-453b-9eda-2cd30ef32664,true,2027-06-16,31
3e107f15-75c9-422d-8852-a730b0d2c4e0,d7c5ecf0-74e4-4fd4-8db1-46385924deae,1245 - One Bedroom Apartment Sea View,9f13945b-cf18-453b-9eda-2cd30ef32664,true,2027-06-17,31
40f8fcf0-0a7e-429d-b842-b7fc5470b25b,d7c5ecf0-74e4-4fd4-8db1-46385924deae,1245 - One Bedroom Apartment Sea View,9f13945b-cf18-453b-9eda-2cd30ef32664,true,2027-06-18,31
49af5b50-29cf-4fa5-b6a2-cdef03c4ca4b,d7c5ecf0-74e4-4fd4-8db1-46385924deae,1245 - One Bedroom Apartment Sea View,9f13945b-cf18-453b-9eda-2cd30ef32664,true,2027-06-19,31
a40b1dea-1ab5-433b-89cc-c65edb57b5e9,d7c5ecf0-74e4-4fd4-8db1-46385924deae,1245 - One Bedroom Apartment Sea View,9f13945b-cf18-453b-9eda-2cd30ef32664,true,2027-06-20,31
fb199a57-74d9-4981-a2cc-dc81db6c3614,d7c5ecf0-74e4-4fd4-8db1-46385924deae,1245 - One Bedroom Apartment Sea View,9f13945b-cf18-453b-9eda-2cd30ef32664,true,2027-06-21,31
9e9daaf6-bdc2-4747-804f-e199f7f1a4ad,d7c5ecf0-74e4-4fd4-8db1-46385924deae,1245 - One Bedroom Apartment Sea View,9f13945b-cf18-453b-9eda-2cd30ef32664,true,2027-06-22,31
bb61c561-b245-4447-9f5d-21d7917f2010,d7c5ecf0-74e4-4fd4-8db1-46385924deae,1245 - One Bedroom Apartment Sea View,9f13945b-cf18-453b-9eda-2cd30ef32664,true,2027-06-23,31
b63118f9-2b2b-4bd0-a674-696288a41411,d7c5ecf0-74e4-4fd4-8db1-46385924deae,1245 - One Bedroom Apartment Sea View,9f13945b-cf18-453b-9eda-2cd30ef32664,true,2027-06-24,31
49bdfa24-1271-4b64-8305-4da27d94dc7b,d7c5ecf0-74e4-4fd4-8db1-46385924deae,1245 - One Bedroom Apartment Sea View,9f13945b-cf18-453b-9eda-2cd30ef32664,true,2027-06-25,31
3427de31-3b59-4892-960d-585410ded1f3,d7c5ecf0-74e4-4fd4-8db1-46385924deae,1245 - One Bedroom Apartment Sea View,9f13945b-cf18-453b-9eda-2cd30ef32664,true,2027-06-26,31
d176e697-0c92-44a4-a8ef-6a3fcfcfb2d2,d7c5ecf0-74e4-4fd4-8db1-46385924deae,1245 - One Bedroom Apartment Sea View,9f13945b-cf18-453b-9eda-2cd30ef32664,true,2027-06-27,31
9db52ea2-9bca-4e6d-9663-71947eca3797,d7c5ecf0-74e4-4fd4-8db1-46385924deae,1245 - One Bedroom Apartment Sea View,9f13945b-cf18-453b-9eda-2cd30ef32664,true,2027-06-28,31
6caaf3c9-6ee8-4e4b-84c9-94d5b16eb8dc,d7c5ecf0-74e4-4fd4-8db1-46385924deae,1245 - One Bedroom Apartment Sea View,9f13945b-cf18-453b-9eda-2cd30ef32664,true,2027-06-29,31
2e042029-13d7-4d2f-ba81-2471b772df1b,d7c5ecf0-74e4-4fd4-8db1-46385924deae,1245 - One Bedroom Apartment Sea View,9f13945b-cf18-453b-9eda-2cd30ef32664,true,2027-06-30,31
74e8432c-7bdd-4e58-87f6-0fea0972bd09,d7c5ecf0-74e4-4fd4-8db1-46385924deae,1245 - One Bedroom Apartment Sea View,9f13945b-cf18-453b-9eda-2cd30ef32664,true,2027-07-01,31
b951d202-7c1b-41f2-b93f-d8180ff29760,d7c5ecf0-74e4-4fd4-8db1-46385924deae,1245 - One Bedroom Apartment Sea View,9f13945b-cf18-453b-9eda-2cd30ef32664,true,2027-07-02,31
fcefdaf4-d065-4b4c-bf4b-572712a8ab3a,d7c5ecf0-74e4-4fd4-8db1-46385924deae,1245 - One Bedroom Apartment Sea View,9f13945b-cf18-453b-9eda-2cd30ef32664,true,2027-07-03,31
e4169f91-51a8-4338-b960-ec7b7bfd1df9,d7c5ecf0-74e4-4fd4-8db1-46385924deae,1245 - One Bedroom Apartment Sea View,9f13945b-cf18-453b-9eda-2cd30ef32664,true,2027-07-04,31
9c9baeef-759a-4cff-8158-bbb19343ce9a,d7c5ecf0-74e4-4fd4-8db1-46385924deae,1245 - One Bedroom Apartment Sea View,9f13945b-cf18-453b-9eda-2cd30ef32664,true,2027-07-05,31
92c9542f-ae65-4ee1-95c9-feb9f7eaa702,d7c5ecf0-74e4-4fd4-8db1-46385924deae,1245 - One Bedroom Apartment Sea View,9f13945b-cf18-453b-9eda-2cd30ef32664,true,2027-07-06,31
fa714be6-d64d-4ddb-bae3-47e9b993ab43,d7c5ecf0-74e4-4fd4-8db1-46385924deae,1245 - One Bedroom Apartment Sea View,9f13945b-cf18-453b-9eda-2cd30ef32664,true,2027-07-07,31
6ef6a2a0-d36b-4788-9ea7-8848e24f992a,d7c5ecf0-74e4-4fd4-8db1-46385924deae,1245 - One Bedroom Apartment Sea View,9f13945b-cf18-453b-9eda-2cd30ef32664,true,2027-07-08,31
1bdf5bbc-8780-4d90-b13c-9c7f8c853c95,d7c5ecf0-74e4-4fd4-8db1-46385924deae,1245 - One Bedroom Apartment Sea View,9f13945b-cf18-453b-9eda-2cd30ef32664,true,2027-07-09,31
4969c090-cccc-46aa-b9e2-eec0f513e6ab,d7c5ecf0-74e4-4fd4-8db1-46385924deae,1245 - One Bedroom Apartment Sea View,9f13945b-cf18-453b-9eda-2cd30ef32664,true,2027-07-10,31
2f9d528a-a95a-45ff-aae0-9e86dfc0587b,d7c5ecf0-74e4-4fd4-8db1-46385924deae,1245 - One Bedroom Apartment Sea View,9f13945b-cf18-453b-9eda-2cd30ef32664,true,2027-07-11,31
8c2e8f2a-ca03-4021-b46f-925501ccf23c,d7c5ecf0-74e4-4fd4-8db1-46385924deae,1245 - One Bedroom Apartment Sea View,9f13945b-cf18-453b-9eda-2cd30ef32664,true,2027-07-12,31
dc44ab44-39a5-4eba-9ad9-f1ab131c105b,d7c5ecf0-74e4-4fd4-8db1-46385924deae,1245 - One Bedroom Apartment Sea View,9f13945b-cf18-453b-9eda-2cd30ef32664,true,2027-07-13,31
286540e3-f805-4dbd-97bb-17744b317f60,d7c5ecf0-74e4-4fd4-8db1-46385924deae,1245 - One Bedroom Apartment Sea View,9f13945b-cf18-453b-9eda-2cd30ef32664,true,2027-07-14,31
a65f1af2-ba5e-4eef-b7ee-9d7ac1a466df,d7c5ecf0-74e4-4fd4-8db1-46385924deae,1245 - One Bedroom Apartment Sea View,9f13945b-cf18-453b-9eda-2cd30ef32664,true,2027-07-15,31
c5ec28ae-8e38-43ef-b8b2-a7af63cc3d72,d7c5ecf0-74e4-4fd4-8db1-46385924deae,1245 - One Bedroom Apartment Sea View,9f13945b-cf18-453b-9eda-2cd30ef32664,true,2027-07-16,31
57b5a0ea-8515-4cba-a3f9-d97498c6f55b,d7c5ecf0-74e4-4fd4-8db1-46385924deae,1245 - One Bedroom Apartment Sea View,9f13945b-cf18-453b-9eda-2cd30ef32664,true,2027-07-17,31
5c81bfd0-9d58-4602-81aa-557c06429af8,d7c5ecf0-74e4-4fd4-8db1-46385924deae,1245 - One Bedroom Apartment Sea View,9f13945b-cf18-453b-9eda-2cd30ef32664,true,2027-07-18,31
8d981495-d263-4a8a-ae82-56a5fa501685,d7c5ecf0-74e4-4fd4-8db1-46385924deae,1245 - One Bedroom Apartment Sea View,9f13945b-cf18-453b-9eda-2cd30ef32664,true,2027-07-19,31
ff8be808-6e54-4d07-bf15-34b09f59e238,d7c5ecf0-74e4-4fd4-8db1-46385924deae,1245 - One Bedroom Apartment Sea View,9f13945b-cf18-453b-9eda-2cd30ef32664,true,2027-07-20,31
db5b09d5-a2e5-43a9-9fd6-deaf5c1b23fd,d7c5ecf0-74e4-4fd4-8db1-46385924deae,1245 - One Bedroom Apartment Sea View,9f13945b-cf18-453b-9eda-2cd30ef32664,true,2027-07-21,31
b6c42baa-e93c-4761-add7-d46cf07bd304,d7c5ecf0-74e4-4fd4-8db1-46385924deae,1245 - One Bedroom Apartment Sea View,9f13945b-cf18-453b-9eda-2cd30ef32664,true,2027-07-22,31
6ed52e08-8794-451a-8c43-220611ee8a7a,d7c5ecf0-74e4-4fd4-8db1-46385924deae,1245 - One Bedroom Apartment Sea View,9f13945b-cf18-453b-9eda-2cd30ef32664,true,2027-07-23,31
3d190a04-510b-40d3-a885-7ad8b508dc08,d7c5ecf0-74e4-4fd4-8db1-46385924deae,1245 - One Bedroom Apartment Sea View,9f13945b-cf18-453b-9eda-2cd30ef32664,true,2027-07-24,31
91d39776-aaa9-40f7-a290-335e51a6b63b,d7c5ecf0-74e4-4fd4-8db1-46385924deae,1245 - One Bedroom Apartment Sea View,9f13945b-cf18-453b-9eda-2cd30ef32664,true,2027-07-25,31
63e69866-1859-4af8-9aab-daa4f8842635,d7c5ecf0-74e4-4fd4-8db1-46385924deae,1245 - One Bedroom Apartment Sea View,9f13945b-cf18-453b-9eda-2cd30ef32664,true,2027-07-26,31
bfe3e8e7-e9d6-42b7-b6e4-047793f08b88,d7c5ecf0-74e4-4fd4-8db1-46385924deae,1245 - One Bedroom Apartment Sea View,9f13945b-cf18-453b-9eda-2cd30ef32664,true,2027-07-27,31
5258c763-bee0-4315-af2a-ec57d80006c5,d7c5ecf0-74e4-4fd4-8db1-46385924deae,1245 - One Bedroom Apartment Sea View,9f13945b-cf18-453b-9eda-2cd30ef32664,true,2027-07-28,31
2ac2ba60-0090-43bf-8693-631364909159,d7c5ecf0-74e4-4fd4-8db1-46385924deae,1245 - One Bedroom Apartment Sea View,9f13945b-cf18-453b-9eda-2cd30ef32664,true,2027-07-29,31
a4f633c1-0bf8-4dea-8d75-29e7a72f8087,d7c5ecf0-74e4-4fd4-8db1-46385924deae,1245 - One Bedroom Apartment Sea View,9f13945b-cf18-453b-9eda-2cd30ef32664,true,2027-07-30,31
cc6f1c6f-24dc-49de-b842-692d73918f86,d7c5ecf0-74e4-4fd4-8db1-46385924deae,1245 - One Bedroom Apartment Sea View,9f13945b-cf18-453b-9eda-2cd30ef32664,true,2027-07-31,31
352d484c-ff6d-44c8-a5a8-96e0b6fd2b9f,d7c5ecf0-74e4-4fd4-8db1-46385924deae,1245 - One Bedroom Apartment Sea View,9f13945b-cf18-453b-9eda-2cd30ef32664,true,2027-08-01,31
e294778f-5810-4cc8-8300-9d719edaca6a,d7c5ecf0-74e4-4fd4-8db1-46385924deae,1245 - One Bedroom Apartment Sea View,9f13945b-cf18-453b-9eda-2cd30ef32664,true,2027-08-02,31
77d1d33d-4d3e-4fdf-ae3f-590e6664aa05,d7c5ecf0-74e4-4fd4-8db1-46385924deae,1245 - One Bedroom Apartment Sea View,9f13945b-cf18-453b-9eda-2cd30ef32664,true,2027-08-03,31
4f71633a-5aed-41e8-9c54-84f8596614c8,b4b9a377-289d-46d3-9317-51f4185f8843,1318,eea48ca8-885e-4882-ab8e-8b6666d329a4,true,2026-07-25,31
cd1ba1f0-26d6-4649-bacc-24809cf6f87d,b4b9a377-289d-46d3-9317-51f4185f8843,1318,eea48ca8-885e-4882-ab8e-8b6666d329a4,true,2026-07-26,31
53884365-424e-4cae-80ea-888ea6e002d2,b4b9a377-289d-46d3-9317-51f4185f8843,1318,eea48ca8-885e-4882-ab8e-8b6666d329a4,true,2026-07-27,31
c836d59d-9700-407c-a721-276099c15955,b4b9a377-289d-46d3-9317-51f4185f8843,1318,eea48ca8-885e-4882-ab8e-8b6666d329a4,true,2026-07-28,31
14623321-bb63-43a9-a7b6-d0242970942e,b4b9a377-289d-46d3-9317-51f4185f8843,1318,eea48ca8-885e-4882-ab8e-8b6666d329a4,true,2026-07-29,31
989290df-9fc4-4ffe-8652-6000486b89a3,b4b9a377-289d-46d3-9317-51f4185f8843,1318,eea48ca8-885e-4882-ab8e-8b6666d329a4,true,2026-07-30,31
13ca9b72-1172-49bb-9e7a-bbdd637a529e,b4b9a377-289d-46d3-9317-51f4185f8843,1318,eea48ca8-885e-4882-ab8e-8b6666d329a4,true,2026-07-31,31
d2f31bd2-cbee-4cb5-aad4-cb2f5a390d2a,b4b9a377-289d-46d3-9317-51f4185f8843,1318,eea48ca8-885e-4882-ab8e-8b6666d329a4,true,2026-08-01,31
4af4c255-c3c9-4ed9-a18a-a80e5cd89508,b4b9a377-289d-46d3-9317-51f4185f8843,1318,eea48ca8-885e-4882-ab8e-8b6666d329a4,true,2026-08-02,31
12ff284b-ce4d-44d3-99da-0a67852499e6,b4b9a377-289d-46d3-9317-51f4185f8843,1318,eea48ca8-885e-4882-ab8e-8b6666d329a4,true,2026-08-03,31
4172d4bc-269d-493a-944c-fe31665e858b,b4b9a377-289d-46d3-9317-51f4185f8843,1318,eea48ca8-885e-4882-ab8e-8b6666d329a4,true,2026-08-04,31
a4e19322-af97-4b50-b083-54f00230fecd,b4b9a377-289d-46d3-9317-51f4185f8843,1318,eea48ca8-885e-4882-ab8e-8b6666d329a4,true,2026-08-05,31
aa50c7a7-1368-4035-abfe-985df91de38d,b4b9a377-289d-46d3-9317-51f4185f8843,1318,eea48ca8-885e-4882-ab8e-8b6666d329a4,true,2026-08-06,31
c3157c2f-4788-4d9c-99ec-aa9dfe5f789e,b4b9a377-289d-46d3-9317-51f4185f8843,1318,eea48ca8-885e-4882-ab8e-8b6666d329a4,true,2026-08-07,31
557ec358-e520-4b64-8202-7a4ff76b7614,b4b9a377-289d-46d3-9317-51f4185f8843,1318,eea48ca8-885e-4882-ab8e-8b6666d329a4,true,2026-08-08,31
8bd1893d-3137-4f8b-bbfd-b9bf5b3d7325,b4b9a377-289d-46d3-9317-51f4185f8843,1318,eea48ca8-885e-4882-ab8e-8b6666d329a4,true,2026-08-09,31
c3e5a1be-4798-4398-b5b1-eeb132f9ceb2,b4b9a377-289d-46d3-9317-51f4185f8843,1318,eea48ca8-885e-4882-ab8e-8b6666d329a4,true,2026-08-10,31
72703350-a96f-4be6-932c-479884a07b6e,b4b9a377-289d-46d3-9317-51f4185f8843,1318,eea48ca8-885e-4882-ab8e-8b6666d329a4,true,2026-08-11,31
0629e1ce-9909-42b9-be13-4a647bcfe465,b4b9a377-289d-46d3-9317-51f4185f8843,1318,eea48ca8-885e-4882-ab8e-8b6666d329a4,true,2026-08-12,31
adc5ebe0-fc41-47cc-a922-d14ee4461bb1,b4b9a377-289d-46d3-9317-51f4185f8843,1318,eea48ca8-885e-4882-ab8e-8b6666d329a4,true,2026-08-13,31
cb9efda4-4fbb-4387-8285-648877e8c115,b4b9a377-289d-46d3-9317-51f4185f8843,1318,eea48ca8-885e-4882-ab8e-8b6666d329a4,true,2026-08-14,31
9c6db0a5-115c-4ce9-8174-be1b6a7ab0ed,b4b9a377-289d-46d3-9317-51f4185f8843,1318,eea48ca8-885e-4882-ab8e-8b6666d329a4,true,2026-08-15,31
84ff0e5f-6f81-46cc-9996-fa8644574ff3,b4b9a377-289d-46d3-9317-51f4185f8843,1318,eea48ca8-885e-4882-ab8e-8b6666d329a4,true,2026-08-16,31
8863ea18-e949-42f5-8d9e-6b379fd4da42,b4b9a377-289d-46d3-9317-51f4185f8843,1318,eea48ca8-885e-4882-ab8e-8b6666d329a4,true,2026-08-17,31
fbff5ad3-b10b-477b-af5e-5e253fe40a64,b4b9a377-289d-46d3-9317-51f4185f8843,1318,eea48ca8-885e-4882-ab8e-8b6666d329a4,true,2026-08-18,31
0e5c8f3a-782b-4dea-8d67-120c880bac31,b4b9a377-289d-46d3-9317-51f4185f8843,1318,eea48ca8-885e-4882-ab8e-8b6666d329a4,true,2026-08-19,31
c43b234d-bb6d-41dc-9548-1b601374e6b7,b4b9a377-289d-46d3-9317-51f4185f8843,1318,eea48ca8-885e-4882-ab8e-8b6666d329a4,true,2026-08-20,31
b57ce600-7a42-400d-9554-0fbb1376beb0,b4b9a377-289d-46d3-9317-51f4185f8843,1318,eea48ca8-885e-4882-ab8e-8b6666d329a4,true,2026-08-21,31
71b9558b-2113-4388-92c6-e9b24d3a6dab,b4b9a377-289d-46d3-9317-51f4185f8843,1318,eea48ca8-885e-4882-ab8e-8b6666d329a4,true,2026-08-22,31
6192c923-2175-4ee7-a8ca-a144532bc5d8,b4b9a377-289d-46d3-9317-51f4185f8843,1318,eea48ca8-885e-4882-ab8e-8b6666d329a4,true,2026-08-23,31
9a9afde1-d4f6-4dd5-aeaa-3cc23690d638,d93b3e5c-3539-443c-872d-285cd935b730,Large Studio with Sea View - 926,abaefd79-046d-4562-8b08-663308d2684b,true,2026-07-05,31
b3d9022e-90ba-40d8-adf0-1e0915dae1bd,d93b3e5c-3539-443c-872d-285cd935b730,Large Studio with Sea View - 926,abaefd79-046d-4562-8b08-663308d2684b,true,2026-07-06,31
4f933171-4ba8-473c-a608-6f16a777cdc2,d93b3e5c-3539-443c-872d-285cd935b730,Large Studio with Sea View - 926,abaefd79-046d-4562-8b08-663308d2684b,true,2026-07-07,31
395fc775-e893-4c06-9335-681c021418d8,d93b3e5c-3539-443c-872d-285cd935b730,Large Studio with Sea View - 926,abaefd79-046d-4562-8b08-663308d2684b,true,2026-07-08,31
533073f9-b254-4552-983d-f840790816a2,d93b3e5c-3539-443c-872d-285cd935b730,Large Studio with Sea View - 926,abaefd79-046d-4562-8b08-663308d2684b,true,2026-07-09,31
d4392bbd-5740-4333-98e2-e48b56979782,d93b3e5c-3539-443c-872d-285cd935b730,Large Studio with Sea View - 926,abaefd79-046d-4562-8b08-663308d2684b,true,2026-07-10,7
e7ec5e5d-1b1b-4af1-a8df-528e8354502f,d93b3e5c-3539-443c-872d-285cd935b730,Large Studio with Sea View - 926,abaefd79-046d-4562-8b08-663308d2684b,true,2026-07-11,7
004bd9c4-fda6-4e04-8d97-7fc2b5c5e0e5,d93b3e5c-3539-443c-872d-285cd935b730,Large Studio with Sea View - 926,abaefd79-046d-4562-8b08-663308d2684b,true,2026-07-12,7
2653661f-e6df-43f3-b7bf-fe40457f5d18,d93b3e5c-3539-443c-872d-285cd935b730,Large Studio with Sea View - 926,abaefd79-046d-4562-8b08-663308d2684b,true,2026-07-13,31
64d72b66-241f-4878-91df-1c4c63ff353e,d93b3e5c-3539-443c-872d-285cd935b730,Large Studio with Sea View - 926,abaefd79-046d-4562-8b08-663308d2684b,true,2026-07-14,31
113ebe9a-3f55-42bf-800e-f2177226456d,d93b3e5c-3539-443c-872d-285cd935b730,Large Studio with Sea View - 926,abaefd79-046d-4562-8b08-663308d2684b,true,2026-07-15,31
024dbd5a-b540-4f1e-a3ee-7598156f664d,d93b3e5c-3539-443c-872d-285cd935b730,Large Studio with Sea View - 926,abaefd79-046d-4562-8b08-663308d2684b,true,2026-07-16,31
d9f1d38b-f148-4990-8f9c-925c1c363fa9,d93b3e5c-3539-443c-872d-285cd935b730,Large Studio with Sea View - 926,abaefd79-046d-4562-8b08-663308d2684b,true,2026-07-17,31
656b4d94-d1ad-469b-9263-34b8221c6a03,d93b3e5c-3539-443c-872d-285cd935b730,Large Studio with Sea View - 926,abaefd79-046d-4562-8b08-663308d2684b,true,2026-07-18,31
31749ebb-f548-4d9a-a96c-9b4260338d30,d93b3e5c-3539-443c-872d-285cd935b730,Large Studio with Sea View - 926,abaefd79-046d-4562-8b08-663308d2684b,true,2026-07-19,31
36646d92-8061-4c13-ba8b-e948746921a1,d93b3e5c-3539-443c-872d-285cd935b730,Large Studio with Sea View - 926,abaefd79-046d-4562-8b08-663308d2684b,true,2026-07-20,31
9a60ea29-cd67-444b-933c-8cfae67a1603,d93b3e5c-3539-443c-872d-285cd935b730,Large Studio with Sea View - 926,abaefd79-046d-4562-8b08-663308d2684b,true,2026-07-21,31
86d59669-faac-4249-9883-2e839b811b76,d93b3e5c-3539-443c-872d-285cd935b730,Large Studio with Sea View - 926,abaefd79-046d-4562-8b08-663308d2684b,true,2026-07-22,31
45aada4b-dd5b-421d-8ada-8ff35cb2e137,d93b3e5c-3539-443c-872d-285cd935b730,Large Studio with Sea View - 926,abaefd79-046d-4562-8b08-663308d2684b,true,2026-07-23,31
3fb144cb-10f6-4b41-ab5a-acdf4bf901fb,d93b3e5c-3539-443c-872d-285cd935b730,Large Studio with Sea View - 926,abaefd79-046d-4562-8b08-663308d2684b,true,2026-07-24,31
2105fe31-22ce-4f4b-a4a1-96bb63f93938,d93b3e5c-3539-443c-872d-285cd935b730,Large Studio with Sea View - 926,abaefd79-046d-4562-8b08-663308d2684b,true,2026-07-25,31
6fece85d-66c1-4b2a-b59b-9ba6f71bcfc9,d93b3e5c-3539-443c-872d-285cd935b730,Large Studio with Sea View - 926,abaefd79-046d-4562-8b08-663308d2684b,true,2026-07-26,31
d3b8c760-9753-4342-8ab5-e6b0277e5139,d93b3e5c-3539-443c-872d-285cd935b730,Large Studio with Sea View - 926,abaefd79-046d-4562-8b08-663308d2684b,true,2026-07-27,31
25d88417-59ce-4471-8218-8b65d7121792,d93b3e5c-3539-443c-872d-285cd935b730,Large Studio with Sea View - 926,abaefd79-046d-4562-8b08-663308d2684b,true,2026-07-28,31
972c284c-c2de-46fb-96b9-90449b93ee0e,d93b3e5c-3539-443c-872d-285cd935b730,Large Studio with Sea View - 926,abaefd79-046d-4562-8b08-663308d2684b,true,2026-07-29,31
faca8e10-852d-4ffb-b65c-ca0138a54d36,d93b3e5c-3539-443c-872d-285cd935b730,Large Studio with Sea View - 926,abaefd79-046d-4562-8b08-663308d2684b,true,2026-07-30,31
f719fc6b-6676-490f-84f8-52ef6d4c33a4,d93b3e5c-3539-443c-872d-285cd935b730,Large Studio with Sea View - 926,abaefd79-046d-4562-8b08-663308d2684b,true,2026-07-31,31
fc0f08ff-3ffc-4dcc-b28d-60cb8f6ea376,d93b3e5c-3539-443c-872d-285cd935b730,Large Studio with Sea View - 926,abaefd79-046d-4562-8b08-663308d2684b,true,2026-08-01,31
953b7b62-7d73-416c-9a64-b8ca0bd72554,d93b3e5c-3539-443c-872d-285cd935b730,Large Studio with Sea View - 926,abaefd79-046d-4562-8b08-663308d2684b,true,2026-08-02,31
a7903962-e3c4-4516-a9bb-2468135e4ce8,d93b3e5c-3539-443c-872d-285cd935b730,Large Studio with Sea View - 926,abaefd79-046d-4562-8b08-663308d2684b,true,2026-08-03,31
0d0f53b0-6718-4837-9c12-6e4af8365030,d93b3e5c-3539-443c-872d-285cd935b730,Large Studio with Sea View - 926,abaefd79-046d-4562-8b08-663308d2684b,true,2026-08-04,31
1655de46-bdd7-4ef1-9393-cb5785a2f0f3,d93b3e5c-3539-443c-872d-285cd935b730,Large Studio with Sea View - 926,abaefd79-046d-4562-8b08-663308d2684b,true,2026-08-05,31
59464e25-5332-4f7c-a47c-81855d59446e,d93b3e5c-3539-443c-872d-285cd935b730,Large Studio with Sea View - 926,abaefd79-046d-4562-8b08-663308d2684b,true,2026-08-06,31
c093854d-1c93-49ee-8c36-fe6a68389519,d93b3e5c-3539-443c-872d-285cd935b730,Large Studio with Sea View - 926,abaefd79-046d-4562-8b08-663308d2684b,true,2026-08-07,31
a95a975c-65f8-41df-894a-59766037979f,d93b3e5c-3539-443c-872d-285cd935b730,Large Studio with Sea View - 926,abaefd79-046d-4562-8b08-663308d2684b,true,2026-08-08,31
8f284566-d9ee-46c8-968a-49b565db8573,d93b3e5c-3539-443c-872d-285cd935b730,Large Studio with Sea View - 926,abaefd79-046d-4562-8b08-663308d2684b,true,2026-08-09,31
8843e2f4-2d2b-4dff-8382-62a5fc95c27a,d93b3e5c-3539-443c-872d-285cd935b730,Large Studio with Sea View - 926,abaefd79-046d-4562-8b08-663308d2684b,true,2026-08-10,31
7a341309-77a8-444e-a824-6c6f0c609282,d93b3e5c-3539-443c-872d-285cd935b730,Large Studio with Sea View - 926,abaefd79-046d-4562-8b08-663308d2684b,true,2026-08-11,31
d7bab1b9-b2f7-468a-b1be-d7efb4f078b2,d93b3e5c-3539-443c-872d-285cd935b730,Large Studio with Sea View - 926,abaefd79-046d-4562-8b08-663308d2684b,true,2026-08-12,31
ac85d018-5677-45a1-9539-270490427085,d93b3e5c-3539-443c-872d-285cd935b730,Large Studio with Sea View - 926,abaefd79-046d-4562-8b08-663308d2684b,true,2026-08-13,31
03957746-d7ec-4b1a-9d86-19db8c3ef63f,d93b3e5c-3539-443c-872d-285cd935b730,Large Studio with Sea View - 926,abaefd79-046d-4562-8b08-663308d2684b,true,2026-08-14,31
1692be1e-c229-4221-8eab-bc8830f9fcab,d93b3e5c-3539-443c-872d-285cd935b730,Large Studio with Sea View - 926,abaefd79-046d-4562-8b08-663308d2684b,true,2026-08-15,31
a6790719-c388-4b79-bbef-2ecb76815cb5,d93b3e5c-3539-443c-872d-285cd935b730,Large Studio with Sea View - 926,abaefd79-046d-4562-8b08-663308d2684b,true,2026-08-16,31
4c95b347-bf8e-442b-ac4f-844ad9c9415f,d93b3e5c-3539-443c-872d-285cd935b730,Large Studio with Sea View - 926,abaefd79-046d-4562-8b08-663308d2684b,true,2026-08-17,31
6b43cbc2-3a1c-455f-a770-dac0e9bc38a0,d93b3e5c-3539-443c-872d-285cd935b730,Large Studio with Sea View - 926,abaefd79-046d-4562-8b08-663308d2684b,true,2026-08-18,31
778943a5-c2bf-4e67-a629-8e74631ffd77,d93b3e5c-3539-443c-872d-285cd935b730,Large Studio with Sea View - 926,abaefd79-046d-4562-8b08-663308d2684b,true,2026-08-19,31
db96bd3b-4338-4dae-b108-5ac33fe9f5e0,d93b3e5c-3539-443c-872d-285cd935b730,Large Studio with Sea View - 926,abaefd79-046d-4562-8b08-663308d2684b,true,2026-08-20,31
168a98bd-98dd-4433-a34a-68da9ab5ef7f,d93b3e5c-3539-443c-872d-285cd935b730,Large Studio with Sea View - 926,abaefd79-046d-4562-8b08-663308d2684b,true,2026-08-21,31
079f197b-9c4c-4a79-bfa9-89a65f587929,d93b3e5c-3539-443c-872d-285cd935b730,Large Studio with Sea View - 926,abaefd79-046d-4562-8b08-663308d2684b,true,2026-08-22,31
7e6e388f-46e0-4e7c-8386-d790f1df3d80,d93b3e5c-3539-443c-872d-285cd935b730,Large Studio with Sea View - 926,abaefd79-046d-4562-8b08-663308d2684b,true,2026-08-23,31
352652a9-d154-44ee-849d-7a37f685f348,d93b3e5c-3539-443c-872d-285cd935b730,Large Studio with Sea View - 926,abaefd79-046d-4562-8b08-663308d2684b,true,2026-08-24,31
c668b958-07c7-4704-9a8c-ea0befbcb23c,d93b3e5c-3539-443c-872d-285cd935b730,Large Studio with Sea View - 926,abaefd79-046d-4562-8b08-663308d2684b,true,2026-08-25,31
3649cde5-26e6-4b2e-9ca4-d81c2aa71e9c,d93b3e5c-3539-443c-872d-285cd935b730,Large Studio with Sea View - 926,abaefd79-046d-4562-8b08-663308d2684b,true,2026-08-26,31
ec4b90da-eb22-4b4a-a68d-cddd66484553,d93b3e5c-3539-443c-872d-285cd935b730,Large Studio with Sea View - 926,abaefd79-046d-4562-8b08-663308d2684b,true,2026-08-27,31
582c5f0a-e17f-4cb2-bc7e-8ae247672e9c,d93b3e5c-3539-443c-872d-285cd935b730,Large Studio with Sea View - 926,abaefd79-046d-4562-8b08-663308d2684b,true,2026-08-28,31
32ab2f38-5efa-4a59-a517-4a6971262808,d93b3e5c-3539-443c-872d-285cd935b730,Large Studio with Sea View - 926,abaefd79-046d-4562-8b08-663308d2684b,true,2026-08-29,31
5958e686-60be-4dde-9145-877564ccb74e,d93b3e5c-3539-443c-872d-285cd935b730,Large Studio with Sea View - 926,abaefd79-046d-4562-8b08-663308d2684b,true,2026-08-30,31
db1563c3-bde4-418a-b066-0bee788b8825,d93b3e5c-3539-443c-872d-285cd935b730,Large Studio with Sea View - 926,abaefd79-046d-4562-8b08-663308d2684b,true,2026-08-31,31
7702fa9a-4cd7-44d0-8260-1cab8b81f3d8,d93b3e5c-3539-443c-872d-285cd935b730,Large Studio with Sea View - 926,abaefd79-046d-4562-8b08-663308d2684b,true,2026-09-01,31
c5add026-bd1e-459d-b9f5-601437363395,d93b3e5c-3539-443c-872d-285cd935b730,Large Studio with Sea View - 926,abaefd79-046d-4562-8b08-663308d2684b,true,2026-09-02,31
2678d0a3-0067-4085-b681-613091f9ea82,d93b3e5c-3539-443c-872d-285cd935b730,Large Studio with Sea View - 926,abaefd79-046d-4562-8b08-663308d2684b,true,2026-09-03,31
2a3cab46-fe8d-4ffb-8ca7-961c9cd719ca,d93b3e5c-3539-443c-872d-285cd935b730,Large Studio with Sea View - 926,abaefd79-046d-4562-8b08-663308d2684b,true,2026-09-04,31
98dfbcb9-a7fc-4a4c-8ae4-ae6267df1bd4,d93b3e5c-3539-443c-872d-285cd935b730,Large Studio with Sea View - 926,abaefd79-046d-4562-8b08-663308d2684b,true,2026-09-05,31
fc5c297f-7dc9-45ff-9a3c-5b74ed79cca0,d93b3e5c-3539-443c-872d-285cd935b730,Large Studio with Sea View - 926,abaefd79-046d-4562-8b08-663308d2684b,true,2026-09-06,31
78334375-0395-48f0-ae54-d21eae8555e3,d93b3e5c-3539-443c-872d-285cd935b730,Large Studio with Sea View - 926,abaefd79-046d-4562-8b08-663308d2684b,true,2026-09-07,31
3d612ad6-89f9-4958-9eba-47f8cff552da,d93b3e5c-3539-443c-872d-285cd935b730,Large Studio with Sea View - 926,abaefd79-046d-4562-8b08-663308d2684b,true,2026-09-08,31
6752d9a1-3607-4610-ad22-b5e4e1ac1515,d93b3e5c-3539-443c-872d-285cd935b730,Large Studio with Sea View - 926,abaefd79-046d-4562-8b08-663308d2684b,true,2026-09-09,31
da2626a7-c52f-4d99-96d4-791a1496865d,d93b3e5c-3539-443c-872d-285cd935b730,Large Studio with Sea View - 926,abaefd79-046d-4562-8b08-663308d2684b,true,2026-09-10,31
03b0f3cb-e42c-4431-ac27-2b9b0f86e400,d93b3e5c-3539-443c-872d-285cd935b730,Large Studio with Sea View - 926,abaefd79-046d-4562-8b08-663308d2684b,true,2026-09-11,31
c5560564-b059-4a35-81e5-5a810bc7c8df,d93b3e5c-3539-443c-872d-285cd935b730,Large Studio with Sea View - 926,abaefd79-046d-4562-8b08-663308d2684b,true,2026-09-12,31
bd699010-8f07-4fc7-8073-d22324250345,d93b3e5c-3539-443c-872d-285cd935b730,Large Studio with Sea View - 926,abaefd79-046d-4562-8b08-663308d2684b,true,2026-09-13,31
2101c1dd-fa58-486c-8830-e573380ff329,d93b3e5c-3539-443c-872d-285cd935b730,Large Studio with Sea View - 926,abaefd79-046d-4562-8b08-663308d2684b,true,2026-09-14,31
69761ab4-28fa-4513-9afd-730209312308,d93b3e5c-3539-443c-872d-285cd935b730,Large Studio with Sea View - 926,abaefd79-046d-4562-8b08-663308d2684b,true,2026-09-15,31
49de6ee2-3977-438b-a951-fcb99dac112f,d93b3e5c-3539-443c-872d-285cd935b730,Large Studio with Sea View - 926,abaefd79-046d-4562-8b08-663308d2684b,true,2026-09-16,31
762c4871-ae0c-4156-a9b3-5bd632b66608,d93b3e5c-3539-443c-872d-285cd935b730,Large Studio with Sea View - 926,abaefd79-046d-4562-8b08-663308d2684b,true,2026-09-17,31
ea10446b-5dab-44f4-97ad-ce883d1a85e4,d93b3e5c-3539-443c-872d-285cd935b730,Large Studio with Sea View - 926,abaefd79-046d-4562-8b08-663308d2684b,true,2026-09-18,31
ca87262d-f3a2-4503-8cf7-a17679d8977c,d93b3e5c-3539-443c-872d-285cd935b730,Large Studio with Sea View - 926,abaefd79-046d-4562-8b08-663308d2684b,true,2026-09-19,31
33df0afa-3c9d-4625-be2e-bcad15e2e79d,d93b3e5c-3539-443c-872d-285cd935b730,Large Studio with Sea View - 926,abaefd79-046d-4562-8b08-663308d2684b,true,2026-09-20,31
719a0ddb-ffe9-491e-b8a7-723855b03a23,d93b3e5c-3539-443c-872d-285cd935b730,Large Studio with Sea View - 926,abaefd79-046d-4562-8b08-663308d2684b,true,2026-09-21,31
b89d9838-4b02-473c-8645-3dc7538f41c3,d93b3e5c-3539-443c-872d-285cd935b730,Large Studio with Sea View - 926,abaefd79-046d-4562-8b08-663308d2684b,true,2026-09-22,31
9595a6c7-25c4-4de7-889e-06b9bda224dd,d93b3e5c-3539-443c-872d-285cd935b730,Large Studio with Sea View - 926,abaefd79-046d-4562-8b08-663308d2684b,true,2026-09-23,31
2d1df11c-bfba-402e-a696-9e8384104a08,d93b3e5c-3539-443c-872d-285cd935b730,Large Studio with Sea View - 926,abaefd79-046d-4562-8b08-663308d2684b,true,2026-09-24,31
110c4198-d842-4d12-8adb-a1578bac0028,d93b3e5c-3539-443c-872d-285cd935b730,Large Studio with Sea View - 926,abaefd79-046d-4562-8b08-663308d2684b,true,2026-09-25,31
2aee74c6-b228-4f17-9044-2fd91ecdc37e,d93b3e5c-3539-443c-872d-285cd935b730,Large Studio with Sea View - 926,abaefd79-046d-4562-8b08-663308d2684b,true,2026-09-26,31
2aa71c21-8578-4c52-864a-ff82fe130443,d93b3e5c-3539-443c-872d-285cd935b730,Large Studio with Sea View - 926,abaefd79-046d-4562-8b08-663308d2684b,true,2026-09-27,31
f659a713-6b00-47c8-a9f6-4b644d553c06,d93b3e5c-3539-443c-872d-285cd935b730,Large Studio with Sea View - 926,abaefd79-046d-4562-8b08-663308d2684b,true,2026-09-28,31
bfb9176f-f5b6-4bb7-b04b-251e0cf8f3c9,d93b3e5c-3539-443c-872d-285cd935b730,Large Studio with Sea View - 926,abaefd79-046d-4562-8b08-663308d2684b,true,2026-09-29,31
aee12247-1ef2-426e-83da-3e143e76a66f,d93b3e5c-3539-443c-872d-285cd935b730,Large Studio with Sea View - 926,abaefd79-046d-4562-8b08-663308d2684b,true,2026-09-30,31
d3e13976-f231-4a70-b527-e1efad699726,d93b3e5c-3539-443c-872d-285cd935b730,Large Studio with Sea View - 926,abaefd79-046d-4562-8b08-663308d2684b,true,2026-10-01,31
0432ee17-e691-417e-b703-ea758e90f992,d93b3e5c-3539-443c-872d-285cd935b730,Large Studio with Sea View - 926,abaefd79-046d-4562-8b08-663308d2684b,true,2026-10-02,31
2dd07be4-7514-4e8a-a891-99da49c1c118,d93b3e5c-3539-443c-872d-285cd935b730,Large Studio with Sea View - 926,abaefd79-046d-4562-8b08-663308d2684b,true,2026-10-03,31
8b729892-d522-4dda-8852-0ee210d63750,d93b3e5c-3539-443c-872d-285cd935b730,Large Studio with Sea View - 926,abaefd79-046d-4562-8b08-663308d2684b,true,2026-10-04,31
40df38eb-5f8e-46c7-9291-524cddde7edf,d93b3e5c-3539-443c-872d-285cd935b730,Large Studio with Sea View - 926,abaefd79-046d-4562-8b08-663308d2684b,true,2026-10-05,31
89a15382-d3f2-4b37-bef7-d78005c3e937,d93b3e5c-3539-443c-872d-285cd935b730,Large Studio with Sea View - 926,abaefd79-046d-4562-8b08-663308d2684b,true,2026-10-06,31
f5e6753a-2c79-441d-85a9-e174dbad94ce,d93b3e5c-3539-443c-872d-285cd935b730,Large Studio with Sea View - 926,abaefd79-046d-4562-8b08-663308d2684b,true,2026-10-07,31
49b23997-a389-42e0-afb3-587fd79cc06d,d93b3e5c-3539-443c-872d-285cd935b730,Large Studio with Sea View - 926,abaefd79-046d-4562-8b08-663308d2684b,true,2026-10-08,31
a8ee9020-b555-4aef-a3c0-a8b885d9867d,d93b3e5c-3539-443c-872d-285cd935b730,Large Studio with Sea View - 926,abaefd79-046d-4562-8b08-663308d2684b,true,2026-10-09,31
8f53fd3e-37a4-4e76-88b5-a466663fd1a5,d93b3e5c-3539-443c-872d-285cd935b730,Large Studio with Sea View - 926,abaefd79-046d-4562-8b08-663308d2684b,true,2026-10-10,31
f1bd7d64-7128-4590-ba27-c55db69a7852,d93b3e5c-3539-443c-872d-285cd935b730,Large Studio with Sea View - 926,abaefd79-046d-4562-8b08-663308d2684b,true,2026-10-11,31
23af9df7-71c8-4b69-b28b-fd9f40ec7c31,d93b3e5c-3539-443c-872d-285cd935b730,Large Studio with Sea View - 926,abaefd79-046d-4562-8b08-663308d2684b,true,2026-10-12,31
240afce3-11be-4d25-ba1c-cf39eb356015,d93b3e5c-3539-443c-872d-285cd935b730,Large Studio with Sea View - 926,abaefd79-046d-4562-8b08-663308d2684b,true,2026-10-13,31
7cd86d4b-d29d-4e6c-8a11-2efe359fb5fa,d93b3e5c-3539-443c-872d-285cd935b730,Large Studio with Sea View - 926,abaefd79-046d-4562-8b08-663308d2684b,true,2026-10-14,31
def96755-3ce0-4cc8-a9fe-d79491187331,d93b3e5c-3539-443c-872d-285cd935b730,Large Studio with Sea View - 926,abaefd79-046d-4562-8b08-663308d2684b,true,2026-10-15,31
aefc6882-abaf-4b63-a6bc-917e69b91692,d93b3e5c-3539-443c-872d-285cd935b730,Large Studio with Sea View - 926,abaefd79-046d-4562-8b08-663308d2684b,true,2026-10-16,31
aecbcaa2-3967-4e0d-8ecf-0cecca975b4e,d93b3e5c-3539-443c-872d-285cd935b730,Large Studio with Sea View - 926,abaefd79-046d-4562-8b08-663308d2684b,true,2026-10-17,31
ce759fb1-d54f-4d89-8494-afdeed09a9e4,d93b3e5c-3539-443c-872d-285cd935b730,Large Studio with Sea View - 926,abaefd79-046d-4562-8b08-663308d2684b,true,2026-10-18,31
e0f980f3-466d-4270-8432-572ce3f853e7,d93b3e5c-3539-443c-872d-285cd935b730,Large Studio with Sea View - 926,abaefd79-046d-4562-8b08-663308d2684b,true,2026-10-19,31
287e827c-6692-428e-9b9a-15ab3ce942af,d93b3e5c-3539-443c-872d-285cd935b730,Large Studio with Sea View - 926,abaefd79-046d-4562-8b08-663308d2684b,true,2026-10-20,31
2aa972b0-5e83-4ae6-95cd-35e662fc35f8,d93b3e5c-3539-443c-872d-285cd935b730,Large Studio with Sea View - 926,abaefd79-046d-4562-8b08-663308d2684b,true,2026-10-21,31
bf07f844-615d-4a50-8a46-32e1a5735e6c,d93b3e5c-3539-443c-872d-285cd935b730,Large Studio with Sea View - 926,abaefd79-046d-4562-8b08-663308d2684b,true,2026-10-22,31
7765cae8-6293-4be3-990d-e09d6d0f86f4,d93b3e5c-3539-443c-872d-285cd935b730,Large Studio with Sea View - 926,abaefd79-046d-4562-8b08-663308d2684b,true,2026-10-23,31
73ee3066-ff6d-483a-8f23-79e8caf52788,d93b3e5c-3539-443c-872d-285cd935b730,Large Studio with Sea View - 926,abaefd79-046d-4562-8b08-663308d2684b,true,2026-10-24,31
d975b9d6-7f63-48a2-a4ec-67beacb69b9b,d93b3e5c-3539-443c-872d-285cd935b730,Large Studio with Sea View - 926,abaefd79-046d-4562-8b08-663308d2684b,true,2026-10-25,31
7b460478-42e0-48cf-8ebd-e7cb92ad4f4c,d93b3e5c-3539-443c-872d-285cd935b730,Large Studio with Sea View - 926,abaefd79-046d-4562-8b08-663308d2684b,true,2026-10-26,31
852b9974-a4d6-488b-99a3-be08de0bf2a0,d93b3e5c-3539-443c-872d-285cd935b730,Large Studio with Sea View - 926,abaefd79-046d-4562-8b08-663308d2684b,true,2026-10-27,31
39075c02-67e1-438e-a1f7-444120b705eb,d93b3e5c-3539-443c-872d-285cd935b730,Large Studio with Sea View - 926,abaefd79-046d-4562-8b08-663308d2684b,true,2026-10-28,31
f0503d0a-ee39-454b-814c-8bc88e5be1f4,d93b3e5c-3539-443c-872d-285cd935b730,Large Studio with Sea View - 926,abaefd79-046d-4562-8b08-663308d2684b,true,2026-10-29,31
7dfc4dbf-4e9c-443e-9fb5-b73352e53444,d93b3e5c-3539-443c-872d-285cd935b730,Large Studio with Sea View - 926,abaefd79-046d-4562-8b08-663308d2684b,true,2026-10-30,31
7dc3dc87-3aa1-4f4f-8999-063e317f0cf5,d93b3e5c-3539-443c-872d-285cd935b730,Large Studio with Sea View - 926,abaefd79-046d-4562-8b08-663308d2684b,true,2026-10-31,31
e1fb51e4-b478-4644-9f72-525176a8c3ff,d93b3e5c-3539-443c-872d-285cd935b730,Large Studio with Sea View - 926,abaefd79-046d-4562-8b08-663308d2684b,true,2026-11-01,31
61927918-86c0-4965-8ed4-20e9f48b535a,d93b3e5c-3539-443c-872d-285cd935b730,Large Studio with Sea View - 926,abaefd79-046d-4562-8b08-663308d2684b,true,2026-11-02,31
f7383155-5df1-41e4-b95b-5da34096c438,d93b3e5c-3539-443c-872d-285cd935b730,Large Studio with Sea View - 926,abaefd79-046d-4562-8b08-663308d2684b,true,2026-11-03,31
6e4a1f84-c15a-4b81-b98e-b949e301de64,d93b3e5c-3539-443c-872d-285cd935b730,Large Studio with Sea View - 926,abaefd79-046d-4562-8b08-663308d2684b,true,2026-11-04,31
9fdc5302-b434-480a-8ae5-4a3b8e4f3642,d93b3e5c-3539-443c-872d-285cd935b730,Large Studio with Sea View - 926,abaefd79-046d-4562-8b08-663308d2684b,true,2026-11-05,31
54b34156-4772-452a-8a7c-c4daaebf90b3,d93b3e5c-3539-443c-872d-285cd935b730,Large Studio with Sea View - 926,abaefd79-046d-4562-8b08-663308d2684b,true,2026-11-06,31
f45f82b3-544b-4a8f-8b6a-73907126dd0e,d93b3e5c-3539-443c-872d-285cd935b730,Large Studio with Sea View - 926,abaefd79-046d-4562-8b08-663308d2684b,true,2026-11-07,31
60192e4c-7131-4603-bfca-4fe589544d2e,d93b3e5c-3539-443c-872d-285cd935b730,Large Studio with Sea View - 926,abaefd79-046d-4562-8b08-663308d2684b,true,2026-11-08,31
045e231e-a31c-41d1-8076-6af537b9a80b,d93b3e5c-3539-443c-872d-285cd935b730,Large Studio with Sea View - 926,abaefd79-046d-4562-8b08-663308d2684b,true,2026-11-09,31
1bf1cfe3-51fa-452a-a150-281e2d1b2586,d93b3e5c-3539-443c-872d-285cd935b730,Large Studio with Sea View - 926,abaefd79-046d-4562-8b08-663308d2684b,true,2026-11-10,31
72273678-9d85-4318-a1ec-30772a387593,d93b3e5c-3539-443c-872d-285cd935b730,Large Studio with Sea View - 926,abaefd79-046d-4562-8b08-663308d2684b,true,2026-11-11,31
a4e26ed8-bcc9-48a8-9ea8-5e399dc6ca25,d93b3e5c-3539-443c-872d-285cd935b730,Large Studio with Sea View - 926,abaefd79-046d-4562-8b08-663308d2684b,true,2026-11-12,31
da01ca00-ed92-454c-8a77-2ee952ca7212,d93b3e5c-3539-443c-872d-285cd935b730,Large Studio with Sea View - 926,abaefd79-046d-4562-8b08-663308d2684b,true,2026-11-13,31
4a08d6fc-2840-4bc1-a402-a0bdc62b7f37,d93b3e5c-3539-443c-872d-285cd935b730,Large Studio with Sea View - 926,abaefd79-046d-4562-8b08-663308d2684b,true,2026-11-14,31
aa5dc85b-ef41-470e-b1b2-cd2b60890d20,d93b3e5c-3539-443c-872d-285cd935b730,Large Studio with Sea View - 926,abaefd79-046d-4562-8b08-663308d2684b,true,2026-11-15,31
fd40e1d9-1bbe-4569-9759-4be0c173a56b,d93b3e5c-3539-443c-872d-285cd935b730,Large Studio with Sea View - 926,abaefd79-046d-4562-8b08-663308d2684b,true,2026-11-16,31
8460e4f8-1eb7-404c-98b3-eda7fe76eea0,d93b3e5c-3539-443c-872d-285cd935b730,Large Studio with Sea View - 926,abaefd79-046d-4562-8b08-663308d2684b,true,2026-11-17,31
ed286f4b-40f5-4d8a-9ba0-e67f67f54464,d93b3e5c-3539-443c-872d-285cd935b730,Large Studio with Sea View - 926,abaefd79-046d-4562-8b08-663308d2684b,true,2026-11-18,31
620ee1fb-b195-45e0-95ff-8e017a27ad07,d93b3e5c-3539-443c-872d-285cd935b730,Large Studio with Sea View - 926,abaefd79-046d-4562-8b08-663308d2684b,true,2026-11-19,31
718bc323-b132-405e-9768-7b9aef8fa30b,d93b3e5c-3539-443c-872d-285cd935b730,Large Studio with Sea View - 926,abaefd79-046d-4562-8b08-663308d2684b,true,2026-11-20,31
ce66b92e-2cfa-48d7-aaec-9dff34dae543,d93b3e5c-3539-443c-872d-285cd935b730,Large Studio with Sea View - 926,abaefd79-046d-4562-8b08-663308d2684b,true,2026-11-21,31
c25e7454-8eb1-4734-89fb-08373ba08d7c,d93b3e5c-3539-443c-872d-285cd935b730,Large Studio with Sea View - 926,abaefd79-046d-4562-8b08-663308d2684b,true,2026-11-22,31
e6c79c48-c00e-4ee1-97a1-ad206e8a431b,d93b3e5c-3539-443c-872d-285cd935b730,Large Studio with Sea View - 926,abaefd79-046d-4562-8b08-663308d2684b,true,2026-11-23,31
b53f79a1-59f1-472d-8ce2-2c5739ae0e0f,d93b3e5c-3539-443c-872d-285cd935b730,Large Studio with Sea View - 926,abaefd79-046d-4562-8b08-663308d2684b,true,2026-11-24,31
3b463f1b-48ff-4c73-bb81-19e8a39f9f99,d93b3e5c-3539-443c-872d-285cd935b730,Large Studio with Sea View - 926,abaefd79-046d-4562-8b08-663308d2684b,true,2026-11-25,31
8f46540f-0abd-4151-9303-c1a630aa7af1,d93b3e5c-3539-443c-872d-285cd935b730,Large Studio with Sea View - 926,abaefd79-046d-4562-8b08-663308d2684b,true,2026-11-26,31
7a220dcf-823c-4ef6-a72e-4a6fdb2bb05a,d93b3e5c-3539-443c-872d-285cd935b730,Large Studio with Sea View - 926,abaefd79-046d-4562-8b08-663308d2684b,true,2026-11-27,31
2a081a98-f136-4974-b074-d84638d0bbd9,d93b3e5c-3539-443c-872d-285cd935b730,Large Studio with Sea View - 926,abaefd79-046d-4562-8b08-663308d2684b,true,2026-11-28,31
3cb33b69-160c-4f09-97e9-4beff36e7ba7,d93b3e5c-3539-443c-872d-285cd935b730,Large Studio with Sea View - 926,abaefd79-046d-4562-8b08-663308d2684b,true,2026-11-29,31
0c4b9da8-67ee-4883-bf5f-1e21661f4580,d93b3e5c-3539-443c-872d-285cd935b730,Large Studio with Sea View - 926,abaefd79-046d-4562-8b08-663308d2684b,true,2026-11-30,31
f8ac225b-16a9-4ee2-ad3b-c7fe105bed5e,d93b3e5c-3539-443c-872d-285cd935b730,Large Studio with Sea View - 926,abaefd79-046d-4562-8b08-663308d2684b,true,2026-12-01,31
de062805-ad72-4e36-a730-42eca865de0f,d93b3e5c-3539-443c-872d-285cd935b730,Large Studio with Sea View - 926,abaefd79-046d-4562-8b08-663308d2684b,true,2026-12-02,31
153d3b64-d19a-49ee-9767-4f7f49e49434,d93b3e5c-3539-443c-872d-285cd935b730,Large Studio with Sea View - 926,abaefd79-046d-4562-8b08-663308d2684b,true,2026-12-03,31
74f6a30e-6c41-4aa0-a1e0-aa5e5ade66da,d93b3e5c-3539-443c-872d-285cd935b730,Large Studio with Sea View - 926,abaefd79-046d-4562-8b08-663308d2684b,true,2026-12-04,31
3f88a131-a738-4538-a43c-e7a8544e4e80,d93b3e5c-3539-443c-872d-285cd935b730,Large Studio with Sea View - 926,abaefd79-046d-4562-8b08-663308d2684b,true,2026-12-05,31
cd59951e-ff93-4a78-a92a-9f6398f7e102,d93b3e5c-3539-443c-872d-285cd935b730,Large Studio with Sea View - 926,abaefd79-046d-4562-8b08-663308d2684b,true,2026-12-06,31
70788cfc-0386-4598-b1c1-2c4c41a75fd5,d93b3e5c-3539-443c-872d-285cd935b730,Large Studio with Sea View - 926,abaefd79-046d-4562-8b08-663308d2684b,true,2026-12-07,31
048e162e-2add-44bd-9721-5161c684c2e5,d93b3e5c-3539-443c-872d-285cd935b730,Large Studio with Sea View - 926,abaefd79-046d-4562-8b08-663308d2684b,true,2026-12-08,31
14c69e6a-fe80-42a1-a09c-3b28110fac7b,d93b3e5c-3539-443c-872d-285cd935b730,Large Studio with Sea View - 926,abaefd79-046d-4562-8b08-663308d2684b,true,2026-12-09,31
e238371a-64de-4789-9b0e-80c2e54324fa,d93b3e5c-3539-443c-872d-285cd935b730,Large Studio with Sea View - 926,abaefd79-046d-4562-8b08-663308d2684b,true,2026-12-10,31
8c202c01-3cdd-4d61-b896-2d3dcc2df4e7,d93b3e5c-3539-443c-872d-285cd935b730,Large Studio with Sea View - 926,abaefd79-046d-4562-8b08-663308d2684b,true,2026-12-11,31
c6caba3e-f33a-4869-841f-6d5b43b30d2c,d93b3e5c-3539-443c-872d-285cd935b730,Large Studio with Sea View - 926,abaefd79-046d-4562-8b08-663308d2684b,true,2026-12-12,31
1cc5c72a-2beb-451a-a447-04973683ef21,d93b3e5c-3539-443c-872d-285cd935b730,Large Studio with Sea View - 926,abaefd79-046d-4562-8b08-663308d2684b,true,2026-12-13,31
5ba9834b-e5dd-4f89-9220-c3a1e0009119,d93b3e5c-3539-443c-872d-285cd935b730,Large Studio with Sea View - 926,abaefd79-046d-4562-8b08-663308d2684b,true,2026-12-14,31
20bff6ac-faec-4f71-941b-f44891cdc736,d93b3e5c-3539-443c-872d-285cd935b730,Large Studio with Sea View - 926,abaefd79-046d-4562-8b08-663308d2684b,true,2026-12-15,31
f87a4d3b-3133-4085-bd02-adc97abdc10d,d93b3e5c-3539-443c-872d-285cd935b730,Large Studio with Sea View - 926,abaefd79-046d-4562-8b08-663308d2684b,true,2026-12-16,31
cfe684f1-c319-4d78-8348-ec736550590e,d93b3e5c-3539-443c-872d-285cd935b730,Large Studio with Sea View - 926,abaefd79-046d-4562-8b08-663308d2684b,true,2026-12-17,31
bee96062-2b16-4b76-8ccb-e2853b89baf0,d93b3e5c-3539-443c-872d-285cd935b730,Large Studio with Sea View - 926,abaefd79-046d-4562-8b08-663308d2684b,true,2026-12-18,31
5e0edc53-dff5-45c5-ae0c-333d8c50394b,d93b3e5c-3539-443c-872d-285cd935b730,Large Studio with Sea View - 926,abaefd79-046d-4562-8b08-663308d2684b,true,2026-12-19,31
e376724c-48a2-4da3-8b02-c8244c05d865,d93b3e5c-3539-443c-872d-285cd935b730,Large Studio with Sea View - 926,abaefd79-046d-4562-8b08-663308d2684b,true,2026-12-20,31
01ae6fb1-299c-45f9-aaf7-5f3aa1d16d66,d93b3e5c-3539-443c-872d-285cd935b730,Large Studio with Sea View - 926,abaefd79-046d-4562-8b08-663308d2684b,true,2026-12-21,31
30938731-bfd4-499a-8953-19569b13542c,d93b3e5c-3539-443c-872d-285cd935b730,Large Studio with Sea View - 926,abaefd79-046d-4562-8b08-663308d2684b,true,2026-12-22,31
79b846a1-6cc3-4032-8fff-1aafa4aa62af,d93b3e5c-3539-443c-872d-285cd935b730,Large Studio with Sea View - 926,abaefd79-046d-4562-8b08-663308d2684b,true,2026-12-23,31
fa7e3cf6-bc0c-4b62-a57d-6834e8770851,d93b3e5c-3539-443c-872d-285cd935b730,Large Studio with Sea View - 926,abaefd79-046d-4562-8b08-663308d2684b,true,2026-12-24,31
69194058-4f24-4502-af22-82ac4ea5879d,d93b3e5c-3539-443c-872d-285cd935b730,Large Studio with Sea View - 926,abaefd79-046d-4562-8b08-663308d2684b,true,2026-12-25,31
9641f748-0c43-42a7-9759-25e2d78a7aaf,d93b3e5c-3539-443c-872d-285cd935b730,Large Studio with Sea View - 926,abaefd79-046d-4562-8b08-663308d2684b,true,2026-12-26,31
d54d8bce-ac91-4f98-b90f-1de2cfba85b9,d93b3e5c-3539-443c-872d-285cd935b730,Large Studio with Sea View - 926,abaefd79-046d-4562-8b08-663308d2684b,true,2026-12-27,31
806c3b60-0858-4617-a719-b49f1e32ca5f,d93b3e5c-3539-443c-872d-285cd935b730,Large Studio with Sea View - 926,abaefd79-046d-4562-8b08-663308d2684b,true,2026-12-28,31
9874e4c5-6ded-4df6-804d-1975ea57ea22,d93b3e5c-3539-443c-872d-285cd935b730,Large Studio with Sea View - 926,abaefd79-046d-4562-8b08-663308d2684b,true,2026-12-29,31
46ffbbcc-500f-4aec-a13c-a3889ca3fd05,d93b3e5c-3539-443c-872d-285cd935b730,Large Studio with Sea View - 926,abaefd79-046d-4562-8b08-663308d2684b,true,2026-12-30,31
58f51d0c-c79c-4625-83de-4d6b15a64397,d93b3e5c-3539-443c-872d-285cd935b730,Large Studio with Sea View - 926,abaefd79-046d-4562-8b08-663308d2684b,true,2026-12-31,31
fe423c0d-4b3e-4ff5-ade2-8ac8076164a1,d93b3e5c-3539-443c-872d-285cd935b730,Large Studio with Sea View - 926,abaefd79-046d-4562-8b08-663308d2684b,true,2027-01-01,31
6e4fe76f-b8c4-42a2-8bd0-efb7d736d76b,d93b3e5c-3539-443c-872d-285cd935b730,Large Studio with Sea View - 926,abaefd79-046d-4562-8b08-663308d2684b,true,2027-01-02,31
10d71de2-ac07-42c3-ade5-b356f0350b1b,d93b3e5c-3539-443c-872d-285cd935b730,Large Studio with Sea View - 926,abaefd79-046d-4562-8b08-663308d2684b,true,2027-01-03,31
68d0fb35-69b8-42a2-96d6-5b76baf84e08,d93b3e5c-3539-443c-872d-285cd935b730,Large Studio with Sea View - 926,abaefd79-046d-4562-8b08-663308d2684b,true,2027-01-04,31
484c7870-d367-4ccc-96e2-480399afd407,d93b3e5c-3539-443c-872d-285cd935b730,Large Studio with Sea View - 926,abaefd79-046d-4562-8b08-663308d2684b,true,2027-01-05,31
c850cbf3-1bf1-48a4-b406-506ada3dda96,d93b3e5c-3539-443c-872d-285cd935b730,Large Studio with Sea View - 926,abaefd79-046d-4562-8b08-663308d2684b,true,2027-01-06,31
84c74ec7-76e6-4d58-a169-4942192e9ee0,d93b3e5c-3539-443c-872d-285cd935b730,Large Studio with Sea View - 926,abaefd79-046d-4562-8b08-663308d2684b,true,2027-01-07,31
e558f7a5-6d70-4171-bfd2-8e57736fa790,d93b3e5c-3539-443c-872d-285cd935b730,Large Studio with Sea View - 926,abaefd79-046d-4562-8b08-663308d2684b,true,2027-01-08,31
12006933-01fc-45b1-b2c8-734f9c9c720c,d93b3e5c-3539-443c-872d-285cd935b730,Large Studio with Sea View - 926,abaefd79-046d-4562-8b08-663308d2684b,true,2027-01-09,31
1b08538f-582d-4d14-af68-35b96947f821,d93b3e5c-3539-443c-872d-285cd935b730,Large Studio with Sea View - 926,abaefd79-046d-4562-8b08-663308d2684b,true,2027-01-10,31
b4fc312e-fab4-4a55-9aff-c8e77b1b09d6,d93b3e5c-3539-443c-872d-285cd935b730,Large Studio with Sea View - 926,abaefd79-046d-4562-8b08-663308d2684b,true,2027-01-11,31
72d72122-996a-4e2f-9771-24e8a1391cd6,d93b3e5c-3539-443c-872d-285cd935b730,Large Studio with Sea View - 926,abaefd79-046d-4562-8b08-663308d2684b,true,2027-01-12,31
ad241fb6-aa5b-4c4f-b14d-92d5217c4bcb,d93b3e5c-3539-443c-872d-285cd935b730,Large Studio with Sea View - 926,abaefd79-046d-4562-8b08-663308d2684b,true,2027-01-13,31
9a87f2d1-4a83-47d4-b838-d579534d186b,d93b3e5c-3539-443c-872d-285cd935b730,Large Studio with Sea View - 926,abaefd79-046d-4562-8b08-663308d2684b,true,2027-01-14,31
777052ee-81be-493e-b7ff-646bb690eb52,d93b3e5c-3539-443c-872d-285cd935b730,Large Studio with Sea View - 926,abaefd79-046d-4562-8b08-663308d2684b,true,2027-01-15,31
7e907f1f-acac-49e1-99a4-d6cf817dcd4b,d93b3e5c-3539-443c-872d-285cd935b730,Large Studio with Sea View - 926,abaefd79-046d-4562-8b08-663308d2684b,true,2027-01-16,31
3c3952cc-856d-43f1-8dc6-0d6d7469ce5e,d93b3e5c-3539-443c-872d-285cd935b730,Large Studio with Sea View - 926,abaefd79-046d-4562-8b08-663308d2684b,true,2027-01-17,31
30ed5928-e1d8-49d9-84ed-09074b2beeb0,d93b3e5c-3539-443c-872d-285cd935b730,Large Studio with Sea View - 926,abaefd79-046d-4562-8b08-663308d2684b,true,2027-01-18,31
b2aa6106-c529-4513-ad52-7ace760544ec,d93b3e5c-3539-443c-872d-285cd935b730,Large Studio with Sea View - 926,abaefd79-046d-4562-8b08-663308d2684b,true,2027-01-19,31
867005b0-7b30-491e-9f8a-60c033a3bf07,d93b3e5c-3539-443c-872d-285cd935b730,Large Studio with Sea View - 926,abaefd79-046d-4562-8b08-663308d2684b,true,2027-01-20,31
38e6c1c4-6f3c-4fca-9493-69482754d5cf,d93b3e5c-3539-443c-872d-285cd935b730,Large Studio with Sea View - 926,abaefd79-046d-4562-8b08-663308d2684b,true,2027-01-21,31
d127ce97-9357-4e66-bed6-473bab41946c,d93b3e5c-3539-443c-872d-285cd935b730,Large Studio with Sea View - 926,abaefd79-046d-4562-8b08-663308d2684b,true,2027-01-22,31
20740442-0089-4813-b3ca-6409be458617,d93b3e5c-3539-443c-872d-285cd935b730,Large Studio with Sea View - 926,abaefd79-046d-4562-8b08-663308d2684b,true,2027-01-23,31
e3410f48-25df-4c81-8862-39d37069b4e9,d93b3e5c-3539-443c-872d-285cd935b730,Large Studio with Sea View - 926,abaefd79-046d-4562-8b08-663308d2684b,true,2027-01-24,31
6ce0c426-f9bf-4521-bbc9-8b9c61a89f1d,d93b3e5c-3539-443c-872d-285cd935b730,Large Studio with Sea View - 926,abaefd79-046d-4562-8b08-663308d2684b,true,2027-01-25,31
80a663fe-0d4f-453d-8454-7b384e445610,d93b3e5c-3539-443c-872d-285cd935b730,Large Studio with Sea View - 926,abaefd79-046d-4562-8b08-663308d2684b,true,2027-01-26,31
b5d31116-4a6b-432b-bb13-0f86f25d8565,d93b3e5c-3539-443c-872d-285cd935b730,Large Studio with Sea View - 926,abaefd79-046d-4562-8b08-663308d2684b,true,2027-01-27,31
d253c2c4-15a6-4720-9f59-3ac7d0d4fb48,d93b3e5c-3539-443c-872d-285cd935b730,Large Studio with Sea View - 926,abaefd79-046d-4562-8b08-663308d2684b,true,2027-01-28,31
1211ce97-d109-4f5f-a1f2-3d054ffa3d4b,d93b3e5c-3539-443c-872d-285cd935b730,Large Studio with Sea View - 926,abaefd79-046d-4562-8b08-663308d2684b,true,2027-01-29,31
bc4f91dc-31f8-4d69-bfdf-eddd9554103f,d93b3e5c-3539-443c-872d-285cd935b730,Large Studio with Sea View - 926,abaefd79-046d-4562-8b08-663308d2684b,true,2027-01-30,31
93ac7142-38e8-4c57-adc7-83e6a650cd6e,d93b3e5c-3539-443c-872d-285cd935b730,Large Studio with Sea View - 926,abaefd79-046d-4562-8b08-663308d2684b,true,2027-01-31,31
bd1d1a5d-9f91-46e8-93f8-fb815b4570a7,d93b3e5c-3539-443c-872d-285cd935b730,Large Studio with Sea View - 926,abaefd79-046d-4562-8b08-663308d2684b,true,2027-02-01,31
6abc98cb-de7b-4289-ad0c-e184420e8619,d93b3e5c-3539-443c-872d-285cd935b730,Large Studio with Sea View - 926,abaefd79-046d-4562-8b08-663308d2684b,true,2027-02-02,31
4eb36703-25da-44b7-9467-991cc16c8583,d93b3e5c-3539-443c-872d-285cd935b730,Large Studio with Sea View - 926,abaefd79-046d-4562-8b08-663308d2684b,true,2027-02-03,31
96675b22-7dae-449d-bef4-5291cb5236e2,d93b3e5c-3539-443c-872d-285cd935b730,Large Studio with Sea View - 926,abaefd79-046d-4562-8b08-663308d2684b,true,2027-02-04,31
93e12e35-8a0a-4061-86a7-bf9718c6ce72,d93b3e5c-3539-443c-872d-285cd935b730,Large Studio with Sea View - 926,abaefd79-046d-4562-8b08-663308d2684b,true,2027-02-05,31
06bdbf96-d173-427c-a725-522285802c8f,d93b3e5c-3539-443c-872d-285cd935b730,Large Studio with Sea View - 926,abaefd79-046d-4562-8b08-663308d2684b,true,2027-02-06,31
7980f811-96e9-40ef-8bbc-1077c6ba065f,d93b3e5c-3539-443c-872d-285cd935b730,Large Studio with Sea View - 926,abaefd79-046d-4562-8b08-663308d2684b,true,2027-02-07,31
fb95d532-ce1a-4d07-aa76-799eb319e528,d93b3e5c-3539-443c-872d-285cd935b730,Large Studio with Sea View - 926,abaefd79-046d-4562-8b08-663308d2684b,true,2027-02-08,31
4f84755c-4a73-4176-9bf8-7111b410c445,d93b3e5c-3539-443c-872d-285cd935b730,Large Studio with Sea View - 926,abaefd79-046d-4562-8b08-663308d2684b,true,2027-02-09,31
e6c79152-eb5f-4c6f-ab03-390ec1a4189b,d93b3e5c-3539-443c-872d-285cd935b730,Large Studio with Sea View - 926,abaefd79-046d-4562-8b08-663308d2684b,true,2027-02-10,31
5c3977c8-557d-4168-985f-9939dd8dc912,d93b3e5c-3539-443c-872d-285cd935b730,Large Studio with Sea View - 926,abaefd79-046d-4562-8b08-663308d2684b,true,2027-02-11,31
db9c0a55-7ed1-4c39-b85a-5af88c2880ef,d93b3e5c-3539-443c-872d-285cd935b730,Large Studio with Sea View - 926,abaefd79-046d-4562-8b08-663308d2684b,true,2027-02-12,31
cdb80d1c-912b-4268-9d88-d77d92e01c09,d93b3e5c-3539-443c-872d-285cd935b730,Large Studio with Sea View - 926,abaefd79-046d-4562-8b08-663308d2684b,true,2027-02-13,31
93965985-e37f-4b0c-b4c2-65150ca7b956,d93b3e5c-3539-443c-872d-285cd935b730,Large Studio with Sea View - 926,abaefd79-046d-4562-8b08-663308d2684b,true,2027-02-14,31
f6455b30-9350-4b20-83ca-ffdae9cc676f,d93b3e5c-3539-443c-872d-285cd935b730,Large Studio with Sea View - 926,abaefd79-046d-4562-8b08-663308d2684b,true,2027-02-15,31
1f89be83-aa14-4b13-825c-8123d0e3ebdd,d93b3e5c-3539-443c-872d-285cd935b730,Large Studio with Sea View - 926,abaefd79-046d-4562-8b08-663308d2684b,true,2027-02-16,31
4be20298-c820-46d4-a074-fc6082ffde5f,d93b3e5c-3539-443c-872d-285cd935b730,Large Studio with Sea View - 926,abaefd79-046d-4562-8b08-663308d2684b,true,2027-02-17,31
732e3990-c2c5-416e-8852-7633f8393a4d,d93b3e5c-3539-443c-872d-285cd935b730,Large Studio with Sea View - 926,abaefd79-046d-4562-8b08-663308d2684b,true,2027-02-18,31
cadd0879-2d18-40d0-b5a8-dd34e2672e70,d93b3e5c-3539-443c-872d-285cd935b730,Large Studio with Sea View - 926,abaefd79-046d-4562-8b08-663308d2684b,true,2027-02-19,31
88721a53-ec3f-4852-873e-943e463303bf,d93b3e5c-3539-443c-872d-285cd935b730,Large Studio with Sea View - 926,abaefd79-046d-4562-8b08-663308d2684b,true,2027-02-20,31
5dfe84af-401b-4d69-a5c7-7069c8aed672,d93b3e5c-3539-443c-872d-285cd935b730,Large Studio with Sea View - 926,abaefd79-046d-4562-8b08-663308d2684b,true,2027-02-21,31
4fcadd35-9e13-4203-9576-475f1e48e836,d93b3e5c-3539-443c-872d-285cd935b730,Large Studio with Sea View - 926,abaefd79-046d-4562-8b08-663308d2684b,true,2027-02-22,31
036fc938-0ff6-4033-a4e9-d52519aaa373,d93b3e5c-3539-443c-872d-285cd935b730,Large Studio with Sea View - 926,abaefd79-046d-4562-8b08-663308d2684b,true,2027-02-23,31
057c1127-2893-40b0-8e1e-58894db2d623,d93b3e5c-3539-443c-872d-285cd935b730,Large Studio with Sea View - 926,abaefd79-046d-4562-8b08-663308d2684b,true,2027-02-24,31
81f4d63e-9ef4-4779-a821-a464ad471fdf,d93b3e5c-3539-443c-872d-285cd935b730,Large Studio with Sea View - 926,abaefd79-046d-4562-8b08-663308d2684b,true,2027-02-25,31
bbc6338a-a4b0-43d8-9737-c0168a870e58,d93b3e5c-3539-443c-872d-285cd935b730,Large Studio with Sea View - 926,abaefd79-046d-4562-8b08-663308d2684b,true,2027-02-26,31
b523f3be-8841-4805-b198-93a528215095,d93b3e5c-3539-443c-872d-285cd935b730,Large Studio with Sea View - 926,abaefd79-046d-4562-8b08-663308d2684b,true,2027-02-27,31
ce894892-5738-4367-b9a1-d0149b7e0076,d93b3e5c-3539-443c-872d-285cd935b730,Large Studio with Sea View - 926,abaefd79-046d-4562-8b08-663308d2684b,true,2027-02-28,31
67df0c9b-687a-444f-ab88-24cc7112d408,d93b3e5c-3539-443c-872d-285cd935b730,Large Studio with Sea View - 926,abaefd79-046d-4562-8b08-663308d2684b,true,2027-03-01,31
aaa92ae5-af29-49ba-8cfe-5f8db08a2390,d93b3e5c-3539-443c-872d-285cd935b730,Large Studio with Sea View - 926,abaefd79-046d-4562-8b08-663308d2684b,true,2027-03-02,31
56fcf5b2-eede-4079-9c08-f6706eaba680,d93b3e5c-3539-443c-872d-285cd935b730,Large Studio with Sea View - 926,abaefd79-046d-4562-8b08-663308d2684b,true,2027-03-03,31
dbdf484c-7a24-4e7e-a5e0-098f16a2e14c,d93b3e5c-3539-443c-872d-285cd935b730,Large Studio with Sea View - 926,abaefd79-046d-4562-8b08-663308d2684b,true,2027-03-04,31
2b332ccd-4a3a-4435-9ea3-6097aedace13,d93b3e5c-3539-443c-872d-285cd935b730,Large Studio with Sea View - 926,abaefd79-046d-4562-8b08-663308d2684b,true,2027-03-05,31
8178c076-4d2b-4faa-a9d2-ba03f2219132,d93b3e5c-3539-443c-872d-285cd935b730,Large Studio with Sea View - 926,abaefd79-046d-4562-8b08-663308d2684b,true,2027-03-06,31
556140b5-e88b-46eb-81d2-d5423e9ba6df,d93b3e5c-3539-443c-872d-285cd935b730,Large Studio with Sea View - 926,abaefd79-046d-4562-8b08-663308d2684b,true,2027-03-07,31
b8bacaa4-9517-4059-a2ab-8b1c266a5a41,d93b3e5c-3539-443c-872d-285cd935b730,Large Studio with Sea View - 926,abaefd79-046d-4562-8b08-663308d2684b,true,2027-03-08,31
8bbc95df-dd43-4eaf-9f2d-44e8c5717814,d93b3e5c-3539-443c-872d-285cd935b730,Large Studio with Sea View - 926,abaefd79-046d-4562-8b08-663308d2684b,true,2027-03-09,31
71eec930-4bd7-4c7e-9357-22a1ae9d4c25,d93b3e5c-3539-443c-872d-285cd935b730,Large Studio with Sea View - 926,abaefd79-046d-4562-8b08-663308d2684b,true,2027-03-10,31
6959feec-95c1-4e99-a39f-1dca666d32e9,d93b3e5c-3539-443c-872d-285cd935b730,Large Studio with Sea View - 926,abaefd79-046d-4562-8b08-663308d2684b,true,2027-03-11,31
09570766-2f71-44e0-bb09-9bc1d0bf0e82,d93b3e5c-3539-443c-872d-285cd935b730,Large Studio with Sea View - 926,abaefd79-046d-4562-8b08-663308d2684b,true,2027-03-12,31
c75c1ed8-9926-4a48-b5dd-e13c3e07f294,d93b3e5c-3539-443c-872d-285cd935b730,Large Studio with Sea View - 926,abaefd79-046d-4562-8b08-663308d2684b,true,2027-03-13,31
323b75a1-5965-4bca-ba3d-b3bd9b9a5e21,d93b3e5c-3539-443c-872d-285cd935b730,Large Studio with Sea View - 926,abaefd79-046d-4562-8b08-663308d2684b,true,2027-03-14,31
62d95c98-2131-4fdf-ae37-3a22e1367012,d93b3e5c-3539-443c-872d-285cd935b730,Large Studio with Sea View - 926,abaefd79-046d-4562-8b08-663308d2684b,true,2027-03-15,31
4b457864-dfa9-4081-bb24-b365894d1a57,d93b3e5c-3539-443c-872d-285cd935b730,Large Studio with Sea View - 926,abaefd79-046d-4562-8b08-663308d2684b,true,2027-03-16,31
527c2e4d-8900-4bdf-8e3d-963d3c31fb6c,d93b3e5c-3539-443c-872d-285cd935b730,Large Studio with Sea View - 926,abaefd79-046d-4562-8b08-663308d2684b,true,2027-03-17,31
5e9e62c8-d501-4a09-9adb-83e916f03459,d93b3e5c-3539-443c-872d-285cd935b730,Large Studio with Sea View - 926,abaefd79-046d-4562-8b08-663308d2684b,true,2027-03-18,31
abb2421b-3a8c-4a7a-87d6-d934b3b14456,d93b3e5c-3539-443c-872d-285cd935b730,Large Studio with Sea View - 926,abaefd79-046d-4562-8b08-663308d2684b,true,2027-03-19,31
9bfdf524-79b8-4a1b-9b85-e11207fa10db,d93b3e5c-3539-443c-872d-285cd935b730,Large Studio with Sea View - 926,abaefd79-046d-4562-8b08-663308d2684b,true,2027-03-20,31
608ab40b-0f46-48e9-97b5-cca7e032307c,d93b3e5c-3539-443c-872d-285cd935b730,Large Studio with Sea View - 926,abaefd79-046d-4562-8b08-663308d2684b,true,2027-03-21,31
b399a5c1-c29a-4692-85ae-51b61871fd23,d93b3e5c-3539-443c-872d-285cd935b730,Large Studio with Sea View - 926,abaefd79-046d-4562-8b08-663308d2684b,true,2027-03-22,31
a5b60ef7-d121-49e7-bae4-a2e9a810bb4f,d93b3e5c-3539-443c-872d-285cd935b730,Large Studio with Sea View - 926,abaefd79-046d-4562-8b08-663308d2684b,true,2027-03-23,31
e647b4cd-084a-4786-8591-745165f5bae7,d93b3e5c-3539-443c-872d-285cd935b730,Large Studio with Sea View - 926,abaefd79-046d-4562-8b08-663308d2684b,true,2027-03-24,31
aad4e7a2-f269-4500-af29-3f8527501e3d,d93b3e5c-3539-443c-872d-285cd935b730,Large Studio with Sea View - 926,abaefd79-046d-4562-8b08-663308d2684b,true,2027-03-25,31
fa4cde85-deb2-4784-ba7e-5387df9342cf,d93b3e5c-3539-443c-872d-285cd935b730,Large Studio with Sea View - 926,abaefd79-046d-4562-8b08-663308d2684b,true,2027-03-26,31
8fe2d24e-97c3-44ab-8d80-7ea6a6eb5f81,d93b3e5c-3539-443c-872d-285cd935b730,Large Studio with Sea View - 926,abaefd79-046d-4562-8b08-663308d2684b,true,2027-03-27,31
7e6e6c06-df59-4be7-b524-d3c50682163e,d93b3e5c-3539-443c-872d-285cd935b730,Large Studio with Sea View - 926,abaefd79-046d-4562-8b08-663308d2684b,true,2027-03-28,31
fe322d23-0edc-494b-b771-e4594f8436ac,d93b3e5c-3539-443c-872d-285cd935b730,Large Studio with Sea View - 926,abaefd79-046d-4562-8b08-663308d2684b,true,2027-03-29,31
86a79bb8-7237-40a1-bf6a-deea788e79c5,d93b3e5c-3539-443c-872d-285cd935b730,Large Studio with Sea View - 926,abaefd79-046d-4562-8b08-663308d2684b,true,2027-03-30,31
4bb21ace-b01a-4f8a-bb14-9987d26ecc57,d93b3e5c-3539-443c-872d-285cd935b730,Large Studio with Sea View - 926,abaefd79-046d-4562-8b08-663308d2684b,true,2027-03-31,31
5b1bf6ae-afee-40f0-a346-e537f4702b9d,d93b3e5c-3539-443c-872d-285cd935b730,Large Studio with Sea View - 926,abaefd79-046d-4562-8b08-663308d2684b,true,2027-04-01,31
2e5e376e-5e64-4ddb-bc45-9be98c2b96a1,d93b3e5c-3539-443c-872d-285cd935b730,Large Studio with Sea View - 926,abaefd79-046d-4562-8b08-663308d2684b,true,2027-04-02,31
219016a5-f358-470a-b895-d776dc1b9132,d93b3e5c-3539-443c-872d-285cd935b730,Large Studio with Sea View - 926,abaefd79-046d-4562-8b08-663308d2684b,true,2027-04-03,31
d34b740c-0b1d-463c-a28e-88b991476e2e,d93b3e5c-3539-443c-872d-285cd935b730,Large Studio with Sea View - 926,abaefd79-046d-4562-8b08-663308d2684b,true,2027-04-04,31
6fff11e2-9829-4d8a-a965-1acfde54f6eb,d93b3e5c-3539-443c-872d-285cd935b730,Large Studio with Sea View - 926,abaefd79-046d-4562-8b08-663308d2684b,true,2027-04-05,31
43c6ef13-eeb8-40d1-9063-2c5a283aabfd,d93b3e5c-3539-443c-872d-285cd935b730,Large Studio with Sea View - 926,abaefd79-046d-4562-8b08-663308d2684b,true,2027-04-06,31
c96384b3-ba6d-4175-989d-10c2e500c3e4,d93b3e5c-3539-443c-872d-285cd935b730,Large Studio with Sea View - 926,abaefd79-046d-4562-8b08-663308d2684b,true,2027-04-07,31
f6eea75e-0d5c-440a-9a6d-1fc221be8220,d93b3e5c-3539-443c-872d-285cd935b730,Large Studio with Sea View - 926,abaefd79-046d-4562-8b08-663308d2684b,true,2027-04-08,31
d7529c8b-d69b-4082-9548-6d311fcb8793,d93b3e5c-3539-443c-872d-285cd935b730,Large Studio with Sea View - 926,abaefd79-046d-4562-8b08-663308d2684b,true,2027-04-09,31
36721fc2-ae5e-4bcc-a86b-beb877939482,d93b3e5c-3539-443c-872d-285cd935b730,Large Studio with Sea View - 926,abaefd79-046d-4562-8b08-663308d2684b,true,2027-04-10,31
a11c719d-4412-4f8c-91b7-b060e6bf3237,d93b3e5c-3539-443c-872d-285cd935b730,Large Studio with Sea View - 926,abaefd79-046d-4562-8b08-663308d2684b,true,2027-04-11,31
24a9b27e-dfee-4b57-9215-795e77cd788b,d93b3e5c-3539-443c-872d-285cd935b730,Large Studio with Sea View - 926,abaefd79-046d-4562-8b08-663308d2684b,true,2027-04-12,31
44a1d5f4-b29b-46cc-a0e5-2bb49f9308af,d93b3e5c-3539-443c-872d-285cd935b730,Large Studio with Sea View - 926,abaefd79-046d-4562-8b08-663308d2684b,true,2027-04-13,31
2db0ebe5-ad83-4473-ab2e-261e695a2525,d93b3e5c-3539-443c-872d-285cd935b730,Large Studio with Sea View - 926,abaefd79-046d-4562-8b08-663308d2684b,true,2027-04-14,31
92ff963e-f707-443e-bfd5-65df7c103ca9,d93b3e5c-3539-443c-872d-285cd935b730,Large Studio with Sea View - 926,abaefd79-046d-4562-8b08-663308d2684b,true,2027-04-15,31
5b30797a-c900-4f08-bf1b-33477171340d,d93b3e5c-3539-443c-872d-285cd935b730,Large Studio with Sea View - 926,abaefd79-046d-4562-8b08-663308d2684b,true,2027-04-16,31
e4c1c757-e77e-400b-b47a-fe938fada837,d93b3e5c-3539-443c-872d-285cd935b730,Large Studio with Sea View - 926,abaefd79-046d-4562-8b08-663308d2684b,true,2027-04-17,31
ba5c2510-7e08-43ba-ae3f-49f4294e06a6,d93b3e5c-3539-443c-872d-285cd935b730,Large Studio with Sea View - 926,abaefd79-046d-4562-8b08-663308d2684b,true,2027-04-18,31
5d142e6c-1de3-489a-945f-edecd153e267,d93b3e5c-3539-443c-872d-285cd935b730,Large Studio with Sea View - 926,abaefd79-046d-4562-8b08-663308d2684b,true,2027-04-19,31
310574b3-8051-4c64-b8e9-0a827dd552fe,d93b3e5c-3539-443c-872d-285cd935b730,Large Studio with Sea View - 926,abaefd79-046d-4562-8b08-663308d2684b,true,2027-04-20,31
765865d4-6aee-41ac-9716-44d140e60f2d,d93b3e5c-3539-443c-872d-285cd935b730,Large Studio with Sea View - 926,abaefd79-046d-4562-8b08-663308d2684b,true,2027-04-21,31
b5d24da4-282a-407d-996d-6f266d5cdc4f,d93b3e5c-3539-443c-872d-285cd935b730,Large Studio with Sea View - 926,abaefd79-046d-4562-8b08-663308d2684b,true,2027-04-22,31
2da767d2-54b7-4d74-9edd-79dd2e4e6d32,d93b3e5c-3539-443c-872d-285cd935b730,Large Studio with Sea View - 926,abaefd79-046d-4562-8b08-663308d2684b,true,2027-04-23,31
cde2eb1e-d93e-40a5-90d8-9de498ba614c,d93b3e5c-3539-443c-872d-285cd935b730,Large Studio with Sea View - 926,abaefd79-046d-4562-8b08-663308d2684b,true,2027-04-24,31
0a23ff1a-c4d9-4066-836e-210723833c03,d93b3e5c-3539-443c-872d-285cd935b730,Large Studio with Sea View - 926,abaefd79-046d-4562-8b08-663308d2684b,true,2027-04-25,31
6add80b0-4204-4ac3-afd2-a43ebcbe7641,d93b3e5c-3539-443c-872d-285cd935b730,Large Studio with Sea View - 926,abaefd79-046d-4562-8b08-663308d2684b,true,2027-04-26,31
18793046-352d-4c82-9325-95230ee0a648,d93b3e5c-3539-443c-872d-285cd935b730,Large Studio with Sea View - 926,abaefd79-046d-4562-8b08-663308d2684b,true,2027-04-27,31
c9346cd3-3353-4e02-ba78-4164de8ef8e2,d93b3e5c-3539-443c-872d-285cd935b730,Large Studio with Sea View - 926,abaefd79-046d-4562-8b08-663308d2684b,true,2027-04-28,31
1c37269b-409d-4c6f-8b3f-20f79a589d5a,d93b3e5c-3539-443c-872d-285cd935b730,Large Studio with Sea View - 926,abaefd79-046d-4562-8b08-663308d2684b,true,2027-04-29,31
cc642b20-94d6-410c-b399-9513d970b1ff,d93b3e5c-3539-443c-872d-285cd935b730,Large Studio with Sea View - 926,abaefd79-046d-4562-8b08-663308d2684b,true,2027-04-30,31
b3911b47-07d1-467b-8a5e-ba5db3b7ba9d,d93b3e5c-3539-443c-872d-285cd935b730,Large Studio with Sea View - 926,abaefd79-046d-4562-8b08-663308d2684b,true,2027-05-01,31
b6a63f9e-2635-4a18-aaae-148cecbebc8f,d93b3e5c-3539-443c-872d-285cd935b730,Large Studio with Sea View - 926,abaefd79-046d-4562-8b08-663308d2684b,true,2027-05-02,31
c87073f5-f3a1-431d-a3ad-a39ec16ef5db,d93b3e5c-3539-443c-872d-285cd935b730,Large Studio with Sea View - 926,abaefd79-046d-4562-8b08-663308d2684b,true,2027-05-03,31
e99862be-0fa7-4918-9496-cdfc7f1abb64,d93b3e5c-3539-443c-872d-285cd935b730,Large Studio with Sea View - 926,abaefd79-046d-4562-8b08-663308d2684b,true,2027-05-04,31
f0891a7f-9f66-4ed2-8775-edf3e3f06a3e,d93b3e5c-3539-443c-872d-285cd935b730,Large Studio with Sea View - 926,abaefd79-046d-4562-8b08-663308d2684b,true,2027-05-05,31
ec468511-398d-4a20-b26a-7641376be7b7,d93b3e5c-3539-443c-872d-285cd935b730,Large Studio with Sea View - 926,abaefd79-046d-4562-8b08-663308d2684b,true,2027-05-06,31
00ae47a2-4388-43c4-8db7-82280d2637be,d93b3e5c-3539-443c-872d-285cd935b730,Large Studio with Sea View - 926,abaefd79-046d-4562-8b08-663308d2684b,true,2027-05-07,31
db716f16-5788-409d-8fc5-f0b8ef92e73c,d93b3e5c-3539-443c-872d-285cd935b730,Large Studio with Sea View - 926,abaefd79-046d-4562-8b08-663308d2684b,true,2027-05-08,31
b52e626f-3786-403a-8761-d140e7b06b48,d93b3e5c-3539-443c-872d-285cd935b730,Large Studio with Sea View - 926,abaefd79-046d-4562-8b08-663308d2684b,true,2027-05-09,31
43d38ba1-92b8-4a2b-9a81-5e3014bc0521,d93b3e5c-3539-443c-872d-285cd935b730,Large Studio with Sea View - 926,abaefd79-046d-4562-8b08-663308d2684b,true,2027-05-10,31
5e69d2b2-3563-4424-b2a8-947cc21642f8,d93b3e5c-3539-443c-872d-285cd935b730,Large Studio with Sea View - 926,abaefd79-046d-4562-8b08-663308d2684b,true,2027-05-11,31
ae28a53e-254b-490b-84ca-d7fc20e7a675,d93b3e5c-3539-443c-872d-285cd935b730,Large Studio with Sea View - 926,abaefd79-046d-4562-8b08-663308d2684b,true,2027-05-12,31
b91aac6d-a374-41ac-a4f2-fbaef7ff8f5b,d93b3e5c-3539-443c-872d-285cd935b730,Large Studio with Sea View - 926,abaefd79-046d-4562-8b08-663308d2684b,true,2027-05-13,31
9c6675d0-6808-48e1-ba3b-f042eabfb2e7,d93b3e5c-3539-443c-872d-285cd935b730,Large Studio with Sea View - 926,abaefd79-046d-4562-8b08-663308d2684b,true,2027-05-14,31
45a11a46-6f08-45a7-ae60-8d7494e89661,d93b3e5c-3539-443c-872d-285cd935b730,Large Studio with Sea View - 926,abaefd79-046d-4562-8b08-663308d2684b,true,2027-05-15,31
589f8917-7d23-42ec-a14b-9c017cddd6f3,d93b3e5c-3539-443c-872d-285cd935b730,Large Studio with Sea View - 926,abaefd79-046d-4562-8b08-663308d2684b,true,2027-05-16,31
6194f23f-e9bf-4bf1-b1c1-ca03edd3a78e,d93b3e5c-3539-443c-872d-285cd935b730,Large Studio with Sea View - 926,abaefd79-046d-4562-8b08-663308d2684b,true,2027-05-17,31
39f54663-49a0-4029-a0fa-7b712dc97980,d93b3e5c-3539-443c-872d-285cd935b730,Large Studio with Sea View - 926,abaefd79-046d-4562-8b08-663308d2684b,true,2027-05-18,31
5f9105b1-790e-405e-87cd-5def3536ce17,d93b3e5c-3539-443c-872d-285cd935b730,Large Studio with Sea View - 926,abaefd79-046d-4562-8b08-663308d2684b,true,2027-05-19,31
d8704603-1034-4014-9e21-4e525cb10d35,d93b3e5c-3539-443c-872d-285cd935b730,Large Studio with Sea View - 926,abaefd79-046d-4562-8b08-663308d2684b,true,2027-05-20,31
cd616b82-1577-43c4-b33b-f48a5880179d,d93b3e5c-3539-443c-872d-285cd935b730,Large Studio with Sea View - 926,abaefd79-046d-4562-8b08-663308d2684b,true,2027-05-21,31
335f8255-4143-4dd7-b3d6-8bc266949a17,d93b3e5c-3539-443c-872d-285cd935b730,Large Studio with Sea View - 926,abaefd79-046d-4562-8b08-663308d2684b,true,2027-05-22,31
c404e66a-6869-4244-8beb-900a2cd26553,d93b3e5c-3539-443c-872d-285cd935b730,Large Studio with Sea View - 926,abaefd79-046d-4562-8b08-663308d2684b,true,2027-05-23,31
79f054b2-8324-41f3-85d6-015519e8732e,d93b3e5c-3539-443c-872d-285cd935b730,Large Studio with Sea View - 926,abaefd79-046d-4562-8b08-663308d2684b,true,2027-05-24,31
1bd00c78-90ea-4472-bcea-068af2ce7f5c,d93b3e5c-3539-443c-872d-285cd935b730,Large Studio with Sea View - 926,abaefd79-046d-4562-8b08-663308d2684b,true,2027-05-25,31
d5790965-b1c8-40c2-a7f1-ef2d9247a2c5,d93b3e5c-3539-443c-872d-285cd935b730,Large Studio with Sea View - 926,abaefd79-046d-4562-8b08-663308d2684b,true,2027-05-26,31
0a59ab4a-9c6c-46b7-8656-163e8e385d07,d93b3e5c-3539-443c-872d-285cd935b730,Large Studio with Sea View - 926,abaefd79-046d-4562-8b08-663308d2684b,true,2027-05-27,31
f6997d4d-c5b7-484a-8e7e-22145e251010,d93b3e5c-3539-443c-872d-285cd935b730,Large Studio with Sea View - 926,abaefd79-046d-4562-8b08-663308d2684b,true,2027-05-28,31
f596f81b-c3c8-45bd-b44b-39306ab2c3ae,d93b3e5c-3539-443c-872d-285cd935b730,Large Studio with Sea View - 926,abaefd79-046d-4562-8b08-663308d2684b,true,2027-05-29,31
63010c4a-153a-403d-81d3-7a6a9d80c8f2,d93b3e5c-3539-443c-872d-285cd935b730,Large Studio with Sea View - 926,abaefd79-046d-4562-8b08-663308d2684b,true,2027-05-30,31
96c8fc0a-0a28-477d-a897-bec2f05701a3,d93b3e5c-3539-443c-872d-285cd935b730,Large Studio with Sea View - 926,abaefd79-046d-4562-8b08-663308d2684b,true,2027-05-31,31
ffea76fd-c44a-4fe3-ba57-6c27b5a1feb5,d93b3e5c-3539-443c-872d-285cd935b730,Large Studio with Sea View - 926,abaefd79-046d-4562-8b08-663308d2684b,true,2027-06-01,31
eb49132c-de3e-4a6e-b7b5-f5b6e7237987,d93b3e5c-3539-443c-872d-285cd935b730,Large Studio with Sea View - 926,abaefd79-046d-4562-8b08-663308d2684b,true,2027-06-02,31
20cb7344-731f-4b4b-a6d0-8f9e9c78a8d9,d93b3e5c-3539-443c-872d-285cd935b730,Large Studio with Sea View - 926,abaefd79-046d-4562-8b08-663308d2684b,true,2027-06-03,31
65b66e0e-9a85-4005-bccc-4b195371fdd6,d93b3e5c-3539-443c-872d-285cd935b730,Large Studio with Sea View - 926,abaefd79-046d-4562-8b08-663308d2684b,true,2027-06-04,31
778610b7-a73a-4bbb-8ec1-15fe34530f5d,d93b3e5c-3539-443c-872d-285cd935b730,Large Studio with Sea View - 926,abaefd79-046d-4562-8b08-663308d2684b,true,2027-06-05,31
7a3b5fd8-45ae-400d-afa9-9afa3b2dbb27,d93b3e5c-3539-443c-872d-285cd935b730,Large Studio with Sea View - 926,abaefd79-046d-4562-8b08-663308d2684b,true,2027-06-06,31
9eb26086-2b96-475a-a6e2-98d7703add83,d93b3e5c-3539-443c-872d-285cd935b730,Large Studio with Sea View - 926,abaefd79-046d-4562-8b08-663308d2684b,true,2027-06-07,31
d56bdcc0-9c59-4223-9787-0b17f54cf4d8,d93b3e5c-3539-443c-872d-285cd935b730,Large Studio with Sea View - 926,abaefd79-046d-4562-8b08-663308d2684b,true,2027-06-08,31
4a20f0e1-87e9-40bd-bcf9-a3452f32453d,d93b3e5c-3539-443c-872d-285cd935b730,Large Studio with Sea View - 926,abaefd79-046d-4562-8b08-663308d2684b,true,2027-06-09,31
91b46376-a389-473a-8a0e-405f26cbfc11,d93b3e5c-3539-443c-872d-285cd935b730,Large Studio with Sea View - 926,abaefd79-046d-4562-8b08-663308d2684b,true,2027-06-10,31
02e25682-0ead-4bf7-a7b5-cec282f45a05,d93b3e5c-3539-443c-872d-285cd935b730,Large Studio with Sea View - 926,abaefd79-046d-4562-8b08-663308d2684b,true,2027-06-11,31
2466fc6f-3781-4f57-ac29-88149212bd86,d93b3e5c-3539-443c-872d-285cd935b730,Large Studio with Sea View - 926,abaefd79-046d-4562-8b08-663308d2684b,true,2027-06-12,31
114a4a64-8bc7-4d47-b7f1-fdaa3e5fecb4,d93b3e5c-3539-443c-872d-285cd935b730,Large Studio with Sea View - 926,abaefd79-046d-4562-8b08-663308d2684b,true,2027-06-13,31
d1ebab56-51a6-4e57-b672-a5c40a16a5dc,d93b3e5c-3539-443c-872d-285cd935b730,Large Studio with Sea View - 926,abaefd79-046d-4562-8b08-663308d2684b,true,2027-06-14,31
44d205bc-01e6-49d2-9d4a-95a51183e1d8,d93b3e5c-3539-443c-872d-285cd935b730,Large Studio with Sea View - 926,abaefd79-046d-4562-8b08-663308d2684b,true,2027-06-15,31
23e2f5e5-f094-4f3c-af8a-afc40e93184d,d93b3e5c-3539-443c-872d-285cd935b730,Large Studio with Sea View - 926,abaefd79-046d-4562-8b08-663308d2684b,true,2027-06-16,31
41478794-c814-4b97-88c9-853a44637ca3,d93b3e5c-3539-443c-872d-285cd935b730,Large Studio with Sea View - 926,abaefd79-046d-4562-8b08-663308d2684b,true,2027-06-17,31
ef2cd711-7401-4ede-90c7-132b7ed20fc4,d93b3e5c-3539-443c-872d-285cd935b730,Large Studio with Sea View - 926,abaefd79-046d-4562-8b08-663308d2684b,true,2027-06-18,31
551f3816-80ac-4efe-93c6-45abb36628a4,d93b3e5c-3539-443c-872d-285cd935b730,Large Studio with Sea View - 926,abaefd79-046d-4562-8b08-663308d2684b,true,2027-06-19,31
25207972-21c1-494b-a947-74eaf01221c9,d93b3e5c-3539-443c-872d-285cd935b730,Large Studio with Sea View - 926,abaefd79-046d-4562-8b08-663308d2684b,true,2027-06-20,31
42dd9e1c-46d0-4432-b741-ab43ab6001b5,d93b3e5c-3539-443c-872d-285cd935b730,Large Studio with Sea View - 926,abaefd79-046d-4562-8b08-663308d2684b,true,2027-06-21,31
6d8e5148-19a6-49bb-9131-e2d72ca94455,d93b3e5c-3539-443c-872d-285cd935b730,Large Studio with Sea View - 926,abaefd79-046d-4562-8b08-663308d2684b,true,2027-06-22,31
3be06a2b-6eaa-4d0d-bb4d-281c20011fc7,d93b3e5c-3539-443c-872d-285cd935b730,Large Studio with Sea View - 926,abaefd79-046d-4562-8b08-663308d2684b,true,2027-06-23,31
42c42504-7a10-42c1-8291-f21ba480d095,d93b3e5c-3539-443c-872d-285cd935b730,Large Studio with Sea View - 926,abaefd79-046d-4562-8b08-663308d2684b,true,2027-06-24,31
719307ea-5d5b-494b-8ee3-b8ed14e6b11b,d93b3e5c-3539-443c-872d-285cd935b730,Large Studio with Sea View - 926,abaefd79-046d-4562-8b08-663308d2684b,true,2027-06-25,31
a221157e-e4d0-4d59-83a0-5c84c4d60f37,d93b3e5c-3539-443c-872d-285cd935b730,Large Studio with Sea View - 926,abaefd79-046d-4562-8b08-663308d2684b,true,2027-06-26,31
77544853-4296-4773-b209-152607327601,d93b3e5c-3539-443c-872d-285cd935b730,Large Studio with Sea View - 926,abaefd79-046d-4562-8b08-663308d2684b,true,2027-06-27,31
c53edc4b-4cec-41e4-bf34-246cee5b090b,d93b3e5c-3539-443c-872d-285cd935b730,Large Studio with Sea View - 926,abaefd79-046d-4562-8b08-663308d2684b,true,2027-06-28,31
f5b4f333-e102-4b48-9c83-eefad40500db,d93b3e5c-3539-443c-872d-285cd935b730,Large Studio with Sea View - 926,abaefd79-046d-4562-8b08-663308d2684b,true,2027-06-29,31
8476244f-e845-4c34-8c19-59f53f42e9ba,d93b3e5c-3539-443c-872d-285cd935b730,Large Studio with Sea View - 926,abaefd79-046d-4562-8b08-663308d2684b,true,2027-06-30,31
ac55a1f5-25d2-42c3-a7b8-31371737f268,d93b3e5c-3539-443c-872d-285cd935b730,Large Studio with Sea View - 926,abaefd79-046d-4562-8b08-663308d2684b,true,2027-07-01,31
aaa865c7-6874-4be6-b955-784780e488d4,d93b3e5c-3539-443c-872d-285cd935b730,Large Studio with Sea View - 926,abaefd79-046d-4562-8b08-663308d2684b,true,2027-07-02,31
e340cfcb-e5b8-48f8-9829-059070800f61,d93b3e5c-3539-443c-872d-285cd935b730,Large Studio with Sea View - 926,abaefd79-046d-4562-8b08-663308d2684b,true,2027-07-03,31
37f77b61-e1e7-4e26-9084-325beeebc328,d93b3e5c-3539-443c-872d-285cd935b730,Large Studio with Sea View - 926,abaefd79-046d-4562-8b08-663308d2684b,true,2027-07-04,31
a9572f40-3b82-4140-8cab-86e6b3ffa531,d93b3e5c-3539-443c-872d-285cd935b730,Large Studio with Sea View - 926,abaefd79-046d-4562-8b08-663308d2684b,true,2027-07-05,31
f1274373-04e9-49e9-b83f-5fe9bff51049,d93b3e5c-3539-443c-872d-285cd935b730,Large Studio with Sea View - 926,abaefd79-046d-4562-8b08-663308d2684b,true,2027-07-06,31
4d8be544-f302-4e30-9fb7-988f377b5f04,d93b3e5c-3539-443c-872d-285cd935b730,Large Studio with Sea View - 926,abaefd79-046d-4562-8b08-663308d2684b,true,2027-07-07,31
f9277b83-dba0-48b8-a22d-c23d832617ea,d93b3e5c-3539-443c-872d-285cd935b730,Large Studio with Sea View - 926,abaefd79-046d-4562-8b08-663308d2684b,true,2027-07-08,31
acfcee85-c148-4e31-9ef4-28fe890bd2d0,d93b3e5c-3539-443c-872d-285cd935b730,Large Studio with Sea View - 926,abaefd79-046d-4562-8b08-663308d2684b,true,2027-07-09,31
b4626475-8059-43ba-b78f-a9c329bba8fe,d93b3e5c-3539-443c-872d-285cd935b730,Large Studio with Sea View - 926,abaefd79-046d-4562-8b08-663308d2684b,true,2027-07-10,31
71ed2477-d3fe-45aa-9381-ad3786fd9205,d93b3e5c-3539-443c-872d-285cd935b730,Large Studio with Sea View - 926,abaefd79-046d-4562-8b08-663308d2684b,true,2027-07-11,31
d1997acf-955b-4552-b847-6aff9b8427e6,d93b3e5c-3539-443c-872d-285cd935b730,Large Studio with Sea View - 926,abaefd79-046d-4562-8b08-663308d2684b,true,2027-07-12,31
1d18796c-a007-4f8f-97c4-98b7102764d6,d93b3e5c-3539-443c-872d-285cd935b730,Large Studio with Sea View - 926,abaefd79-046d-4562-8b08-663308d2684b,true,2027-07-13,31
388a1d01-f585-4b74-af1a-fcec32b361a3,d93b3e5c-3539-443c-872d-285cd935b730,Large Studio with Sea View - 926,abaefd79-046d-4562-8b08-663308d2684b,true,2027-07-14,31
1267a5d3-6e90-4e2d-b443-6b3bd041e23f,d93b3e5c-3539-443c-872d-285cd935b730,Large Studio with Sea View - 926,abaefd79-046d-4562-8b08-663308d2684b,true,2027-07-15,31
5fa7328a-4c68-4279-b42f-8ff1ea77d177,d93b3e5c-3539-443c-872d-285cd935b730,Large Studio with Sea View - 926,abaefd79-046d-4562-8b08-663308d2684b,true,2027-07-16,31
56ca7aed-3a89-4a84-b5fb-9066b8b634e4,d93b3e5c-3539-443c-872d-285cd935b730,Large Studio with Sea View - 926,abaefd79-046d-4562-8b08-663308d2684b,true,2027-07-17,31
506121d3-bfea-4be4-8450-b2b142ae92db,d93b3e5c-3539-443c-872d-285cd935b730,Large Studio with Sea View - 926,abaefd79-046d-4562-8b08-663308d2684b,true,2027-07-18,31
b20b69fd-6e96-47cd-a8e0-8cd24927f32c,d93b3e5c-3539-443c-872d-285cd935b730,Large Studio with Sea View - 926,abaefd79-046d-4562-8b08-663308d2684b,true,2027-07-19,31
000f13d4-5fd8-42c6-a049-fc75b1a7d270,d93b3e5c-3539-443c-872d-285cd935b730,Large Studio with Sea View - 926,abaefd79-046d-4562-8b08-663308d2684b,true,2027-07-20,31
8adbec2c-f4c3-4565-ad81-b58155a27008,d93b3e5c-3539-443c-872d-285cd935b730,Large Studio with Sea View - 926,abaefd79-046d-4562-8b08-663308d2684b,true,2027-07-21,31
5316fdd6-a4c1-49ea-9a5b-defaf69562c7,d93b3e5c-3539-443c-872d-285cd935b730,Large Studio with Sea View - 926,abaefd79-046d-4562-8b08-663308d2684b,true,2027-07-22,31
27a1a695-b9bd-436c-aae7-8c33cadce6d0,d93b3e5c-3539-443c-872d-285cd935b730,Large Studio with Sea View - 926,abaefd79-046d-4562-8b08-663308d2684b,true,2027-07-23,31
a460cad4-7f37-42c2-bd1d-019854a0a233,d93b3e5c-3539-443c-872d-285cd935b730,Large Studio with Sea View - 926,abaefd79-046d-4562-8b08-663308d2684b,true,2027-07-24,31
1d1709cc-bf72-45ca-baea-e04fae206e12,d93b3e5c-3539-443c-872d-285cd935b730,Large Studio with Sea View - 926,abaefd79-046d-4562-8b08-663308d2684b,true,2027-07-25,31
e01e0435-e858-47de-8085-d6307f67264e,d93b3e5c-3539-443c-872d-285cd935b730,Large Studio with Sea View - 926,abaefd79-046d-4562-8b08-663308d2684b,true,2027-07-26,31
6cdafab7-edb7-407a-91cc-5006bd501d07,d93b3e5c-3539-443c-872d-285cd935b730,Large Studio with Sea View - 926,abaefd79-046d-4562-8b08-663308d2684b,true,2027-07-27,31
932ab3d1-046e-46bf-b73d-cec6e30d1f96,d93b3e5c-3539-443c-872d-285cd935b730,Large Studio with Sea View - 926,abaefd79-046d-4562-8b08-663308d2684b,true,2027-07-28,31
993cf245-432f-433e-a71f-964a841d2043,d93b3e5c-3539-443c-872d-285cd935b730,Large Studio with Sea View - 926,abaefd79-046d-4562-8b08-663308d2684b,true,2027-07-29,31
002d0589-b799-4725-8d87-ac9f44dca930,d93b3e5c-3539-443c-872d-285cd935b730,Large Studio with Sea View - 926,abaefd79-046d-4562-8b08-663308d2684b,true,2027-07-30,31
2a9cdbf0-bf58-496a-8774-f5334297180a,d93b3e5c-3539-443c-872d-285cd935b730,Large Studio with Sea View - 926,abaefd79-046d-4562-8b08-663308d2684b,true,2027-07-31,31
91ec4b67-c8aa-4130-8859-9d0588406fc8,d93b3e5c-3539-443c-872d-285cd935b730,Large Studio with Sea View - 926,abaefd79-046d-4562-8b08-663308d2684b,true,2027-08-01,31
b669050c-8410-4803-9b5d-8ff2bba06ef5,d93b3e5c-3539-443c-872d-285cd935b730,Large Studio with Sea View - 926,abaefd79-046d-4562-8b08-663308d2684b,true,2027-08-02,31
4276b657-a1f8-4626-bbc4-b163c32c5cda,d93b3e5c-3539-443c-872d-285cd935b730,Large Studio with Sea View - 926,abaefd79-046d-4562-8b08-663308d2684b,true,2027-08-03,31
b9f90685-6e95-4240-83df-f7331e33b39f,ced36334-20e0-4136-80de-494e95854084,Premium One Bedroom Suite with Sea View - 1424,af067bab-0951-4fca-9b45-4b7f182a2bcb,true,2026-07-19,31
a489969f-028a-4863-b811-89e2c4f60b98,ced36334-20e0-4136-80de-494e95854084,Premium One Bedroom Suite with Sea View - 1424,af067bab-0951-4fca-9b45-4b7f182a2bcb,true,2026-07-20,31
7bd058f7-de60-4339-a140-583f38b1eb30,ced36334-20e0-4136-80de-494e95854084,Premium One Bedroom Suite with Sea View - 1424,af067bab-0951-4fca-9b45-4b7f182a2bcb,true,2026-07-21,31
146b1a02-f5e7-4d8f-bfde-9cf1dec5f379,ced36334-20e0-4136-80de-494e95854084,Premium One Bedroom Suite with Sea View - 1424,af067bab-0951-4fca-9b45-4b7f182a2bcb,true,2026-07-22,31
3a28b8fa-e5ce-4421-bc2d-1154a1c8a454,ced36334-20e0-4136-80de-494e95854084,Premium One Bedroom Suite with Sea View - 1424,af067bab-0951-4fca-9b45-4b7f182a2bcb,true,2026-07-23,31
99fe2df4-5f3d-4b29-b009-59d8f501efb8,ced36334-20e0-4136-80de-494e95854084,Premium One Bedroom Suite with Sea View - 1424,af067bab-0951-4fca-9b45-4b7f182a2bcb,true,2026-07-24,31
f56eecac-35a0-4f75-b1aa-7282da0dda1b,ced36334-20e0-4136-80de-494e95854084,Premium One Bedroom Suite with Sea View - 1424,af067bab-0951-4fca-9b45-4b7f182a2bcb,true,2026-07-25,31
6af9477a-fd9b-47c8-aae1-69228c62b8f2,ced36334-20e0-4136-80de-494e95854084,Premium One Bedroom Suite with Sea View - 1424,af067bab-0951-4fca-9b45-4b7f182a2bcb,true,2026-07-26,31
5ec70aa2-b570-4736-86b6-be7a7d9f057f,ced36334-20e0-4136-80de-494e95854084,Premium One Bedroom Suite with Sea View - 1424,af067bab-0951-4fca-9b45-4b7f182a2bcb,true,2026-07-27,31
4cf869ec-6372-4fe8-9274-5f39f21898cf,ced36334-20e0-4136-80de-494e95854084,Premium One Bedroom Suite with Sea View - 1424,af067bab-0951-4fca-9b45-4b7f182a2bcb,true,2026-07-28,31
7a6b0353-3078-4cce-af80-cdf190d51ce0,ced36334-20e0-4136-80de-494e95854084,Premium One Bedroom Suite with Sea View - 1424,af067bab-0951-4fca-9b45-4b7f182a2bcb,true,2026-07-29,31
db45e4a7-8460-420a-8503-d5cb1ad5ee42,ced36334-20e0-4136-80de-494e95854084,Premium One Bedroom Suite with Sea View - 1424,af067bab-0951-4fca-9b45-4b7f182a2bcb,true,2026-07-30,31
befac837-a4f8-4114-9bbc-c8918bbfe38d,ced36334-20e0-4136-80de-494e95854084,Premium One Bedroom Suite with Sea View - 1424,af067bab-0951-4fca-9b45-4b7f182a2bcb,true,2026-07-31,31
ad36d73f-aae3-4519-83b7-871adc971044,ced36334-20e0-4136-80de-494e95854084,Premium One Bedroom Suite with Sea View - 1424,af067bab-0951-4fca-9b45-4b7f182a2bcb,true,2026-08-01,31
dd11f4f2-080f-4b97-b90e-31154e660b47,ced36334-20e0-4136-80de-494e95854084,Premium One Bedroom Suite with Sea View - 1424,af067bab-0951-4fca-9b45-4b7f182a2bcb,true,2026-08-02,31
e05acf06-dda8-4f49-a89d-5b521b5baaae,ced36334-20e0-4136-80de-494e95854084,Premium One Bedroom Suite with Sea View - 1424,af067bab-0951-4fca-9b45-4b7f182a2bcb,true,2026-08-03,31
895ee821-dd52-4a49-83cc-905a5b2de000,ced36334-20e0-4136-80de-494e95854084,Premium One Bedroom Suite with Sea View - 1424,af067bab-0951-4fca-9b45-4b7f182a2bcb,true,2026-08-04,31
6720829d-c9cc-4152-8a2a-a1661f6be24c,ced36334-20e0-4136-80de-494e95854084,Premium One Bedroom Suite with Sea View - 1424,af067bab-0951-4fca-9b45-4b7f182a2bcb,true,2026-08-05,31
1d11852f-4479-469a-8c99-aa20132d08f6,ced36334-20e0-4136-80de-494e95854084,Premium One Bedroom Suite with Sea View - 1424,af067bab-0951-4fca-9b45-4b7f182a2bcb,true,2026-08-06,31
79a753d2-bd6d-4a28-a59d-3904f9e95836,ced36334-20e0-4136-80de-494e95854084,Premium One Bedroom Suite with Sea View - 1424,af067bab-0951-4fca-9b45-4b7f182a2bcb,true,2026-08-07,31
dc47e7ea-9dbc-4af7-904e-4dfab45ebf4f,ced36334-20e0-4136-80de-494e95854084,Premium One Bedroom Suite with Sea View - 1424,af067bab-0951-4fca-9b45-4b7f182a2bcb,true,2026-08-08,31
7c14e100-8716-49be-8fcd-96b1bdd3a6db,ced36334-20e0-4136-80de-494e95854084,Premium One Bedroom Suite with Sea View - 1424,af067bab-0951-4fca-9b45-4b7f182a2bcb,true,2026-08-09,31
e02891aa-914b-4005-ba1a-a44485f6f92c,ced36334-20e0-4136-80de-494e95854084,Premium One Bedroom Suite with Sea View - 1424,af067bab-0951-4fca-9b45-4b7f182a2bcb,true,2026-08-10,31
e825267e-3ab1-4906-8f15-5fce78457a9c,ced36334-20e0-4136-80de-494e95854084,Premium One Bedroom Suite with Sea View - 1424,af067bab-0951-4fca-9b45-4b7f182a2bcb,true,2026-08-11,31
569fa402-d225-4964-8052-6267c5b65adf,ced36334-20e0-4136-80de-494e95854084,Premium One Bedroom Suite with Sea View - 1424,af067bab-0951-4fca-9b45-4b7f182a2bcb,true,2026-08-12,31
4f304fc3-2655-41b8-a1e3-46adc67bf28d,ced36334-20e0-4136-80de-494e95854084,Premium One Bedroom Suite with Sea View - 1424,af067bab-0951-4fca-9b45-4b7f182a2bcb,true,2026-08-13,31
bcdfc825-a1fb-4401-a353-9ae3dd632765,ced36334-20e0-4136-80de-494e95854084,Premium One Bedroom Suite with Sea View - 1424,af067bab-0951-4fca-9b45-4b7f182a2bcb,true,2026-08-14,31
62028359-930b-4273-b53e-708bd383fde8,ced36334-20e0-4136-80de-494e95854084,Premium One Bedroom Suite with Sea View - 1424,af067bab-0951-4fca-9b45-4b7f182a2bcb,true,2026-08-15,31
aebc8d76-5190-4cd1-8417-b9ef0bef6025,ced36334-20e0-4136-80de-494e95854084,Premium One Bedroom Suite with Sea View - 1424,af067bab-0951-4fca-9b45-4b7f182a2bcb,true,2026-08-16,31
bfd69b25-8fa5-41f4-8d60-f7bab8ac5411,ced36334-20e0-4136-80de-494e95854084,Premium One Bedroom Suite with Sea View - 1424,af067bab-0951-4fca-9b45-4b7f182a2bcb,true,2026-08-17,31
9b3bfc18-3f1c-473b-9665-c2fcb6879f9e,5476e266-ba3c-4d65-9f62-440e783ab64b,Studio 1131,beb90029-0a9f-4a5c-9b59-42aad489c34d,true,2026-07-05,31
50a52165-723f-4448-94c7-34daf0370674,5476e266-ba3c-4d65-9f62-440e783ab64b,Studio 1131,beb90029-0a9f-4a5c-9b59-42aad489c34d,true,2026-07-06,31
a9dbc246-dfff-446f-9e36-1638d1ec8757,5476e266-ba3c-4d65-9f62-440e783ab64b,Studio 1131,beb90029-0a9f-4a5c-9b59-42aad489c34d,true,2026-07-07,31
0f77e020-5abc-4aac-a19e-5884d3e088ea,5476e266-ba3c-4d65-9f62-440e783ab64b,Studio 1131,beb90029-0a9f-4a5c-9b59-42aad489c34d,true,2026-07-08,31
0d437e89-ad76-4408-b9ab-433e6e4c04bb,5476e266-ba3c-4d65-9f62-440e783ab64b,Studio 1131,beb90029-0a9f-4a5c-9b59-42aad489c34d,true,2026-07-09,31
062cbb36-325a-4dce-a6e6-b4d49f57b4a9,5476e266-ba3c-4d65-9f62-440e783ab64b,Studio 1131,beb90029-0a9f-4a5c-9b59-42aad489c34d,true,2026-07-10,31
4c6f0238-bcce-4143-81f8-34af77918ac8,5476e266-ba3c-4d65-9f62-440e783ab64b,Studio 1131,beb90029-0a9f-4a5c-9b59-42aad489c34d,true,2026-07-11,31
c25b87b5-0bde-488b-89af-7f1bd6f7e510,5476e266-ba3c-4d65-9f62-440e783ab64b,Studio 1131,beb90029-0a9f-4a5c-9b59-42aad489c34d,true,2026-07-12,31
953df7de-430d-4559-859c-ac0fb052850a,5476e266-ba3c-4d65-9f62-440e783ab64b,Studio 1131,beb90029-0a9f-4a5c-9b59-42aad489c34d,true,2026-07-13,31
2be89ba2-6a6f-45f5-a1fb-a69d9613adf3,5476e266-ba3c-4d65-9f62-440e783ab64b,Studio 1131,beb90029-0a9f-4a5c-9b59-42aad489c34d,true,2026-07-14,31
71e3f3a2-814b-4950-8cef-5c6bb555c011,5476e266-ba3c-4d65-9f62-440e783ab64b,Studio 1131,beb90029-0a9f-4a5c-9b59-42aad489c34d,true,2026-07-15,31
39884d61-58f1-4b0b-b19d-0fa7c5085b9f,5476e266-ba3c-4d65-9f62-440e783ab64b,Studio 1131,beb90029-0a9f-4a5c-9b59-42aad489c34d,true,2026-07-16,31
85d9bc4f-89de-473b-8790-973165c25ef8,5476e266-ba3c-4d65-9f62-440e783ab64b,Studio 1131,beb90029-0a9f-4a5c-9b59-42aad489c34d,true,2026-07-17,31
9a58c204-4937-4b19-97d7-7e2edd3172d8,5476e266-ba3c-4d65-9f62-440e783ab64b,Studio 1131,beb90029-0a9f-4a5c-9b59-42aad489c34d,true,2026-07-18,31
83f37404-dd79-4393-bf04-ed13ff860f6a,5476e266-ba3c-4d65-9f62-440e783ab64b,Studio 1131,beb90029-0a9f-4a5c-9b59-42aad489c34d,true,2026-07-19,31
96d261d1-edc5-4f2b-beab-bca38753c2a6,5476e266-ba3c-4d65-9f62-440e783ab64b,Studio 1131,beb90029-0a9f-4a5c-9b59-42aad489c34d,true,2026-07-20,31
4b45ad6d-45fb-4b4b-b533-32c524b602f1,5476e266-ba3c-4d65-9f62-440e783ab64b,Studio 1131,beb90029-0a9f-4a5c-9b59-42aad489c34d,true,2026-07-21,31
e9ac097f-4af3-4441-b39c-aa97a03c8262,5476e266-ba3c-4d65-9f62-440e783ab64b,Studio 1131,beb90029-0a9f-4a5c-9b59-42aad489c34d,true,2026-07-22,31
4dd32e78-6d02-4d52-93c4-4a4d1a5b5f1a,5476e266-ba3c-4d65-9f62-440e783ab64b,Studio 1131,beb90029-0a9f-4a5c-9b59-42aad489c34d,true,2026-07-23,31
06b239bb-8b6a-4425-8a19-436028fbdf15,5476e266-ba3c-4d65-9f62-440e783ab64b,Studio 1131,beb90029-0a9f-4a5c-9b59-42aad489c34d,true,2026-07-24,31
4038c5b2-36a0-4556-9c8a-7613f6746386,5476e266-ba3c-4d65-9f62-440e783ab64b,Studio 1131,beb90029-0a9f-4a5c-9b59-42aad489c34d,true,2026-07-25,31
34730b84-c883-4f6e-80d0-da799a9d6433,5476e266-ba3c-4d65-9f62-440e783ab64b,Studio 1131,beb90029-0a9f-4a5c-9b59-42aad489c34d,true,2026-07-26,31
c54ed3c8-e39a-4445-9a5f-2ea2cabd8ac8,5476e266-ba3c-4d65-9f62-440e783ab64b,Studio 1131,beb90029-0a9f-4a5c-9b59-42aad489c34d,true,2026-07-27,31
4f332bec-58e1-4d22-8033-0e4fee3a00fb,5476e266-ba3c-4d65-9f62-440e783ab64b,Studio 1131,beb90029-0a9f-4a5c-9b59-42aad489c34d,true,2026-07-28,31
f00eac00-1799-4835-be1e-c6397d787feb,5476e266-ba3c-4d65-9f62-440e783ab64b,Studio 1131,beb90029-0a9f-4a5c-9b59-42aad489c34d,true,2026-07-29,31
cb3aa05e-e467-4fc3-bd10-625fdf27732c,5476e266-ba3c-4d65-9f62-440e783ab64b,Studio 1131,beb90029-0a9f-4a5c-9b59-42aad489c34d,true,2026-07-30,31
f0257c69-bc6e-4f51-b8e8-f590182c1c75,5476e266-ba3c-4d65-9f62-440e783ab64b,Studio 1131,beb90029-0a9f-4a5c-9b59-42aad489c34d,true,2026-07-31,31
97f1836c-915d-4526-8ab1-642fc92db20f,5476e266-ba3c-4d65-9f62-440e783ab64b,Studio 1131,beb90029-0a9f-4a5c-9b59-42aad489c34d,true,2026-08-01,31
ff4f3de2-1bee-4e3c-a4db-e05c35594ba8,5476e266-ba3c-4d65-9f62-440e783ab64b,Studio 1131,beb90029-0a9f-4a5c-9b59-42aad489c34d,true,2026-08-02,31
49ed5519-7ef4-4e8f-8740-5d8c54a8499d,5476e266-ba3c-4d65-9f62-440e783ab64b,Studio 1131,beb90029-0a9f-4a5c-9b59-42aad489c34d,true,2026-08-03,31
cff6ef3a-5c5c-4b87-96af-a3473af8f229,5476e266-ba3c-4d65-9f62-440e783ab64b,Studio 1131,beb90029-0a9f-4a5c-9b59-42aad489c34d,true,2026-08-04,31
33be114e-151b-4a41-9deb-01ce84b9433d,5476e266-ba3c-4d65-9f62-440e783ab64b,Studio 1131,beb90029-0a9f-4a5c-9b59-42aad489c34d,true,2026-08-05,31
62be41c0-58ba-4327-9212-510ead131d6e,5476e266-ba3c-4d65-9f62-440e783ab64b,Studio 1131,beb90029-0a9f-4a5c-9b59-42aad489c34d,true,2026-08-06,31
0fcc1890-1c4e-446c-986e-b8ce41a4eed2,5476e266-ba3c-4d65-9f62-440e783ab64b,Studio 1131,beb90029-0a9f-4a5c-9b59-42aad489c34d,true,2026-08-07,31
f639f22c-6e54-4e90-9f51-71fc5144454e,5476e266-ba3c-4d65-9f62-440e783ab64b,Studio 1131,beb90029-0a9f-4a5c-9b59-42aad489c34d,true,2026-08-08,31
e152241c-c271-4ad1-880d-28b07fded144,5476e266-ba3c-4d65-9f62-440e783ab64b,Studio 1131,beb90029-0a9f-4a5c-9b59-42aad489c34d,true,2026-08-09,31
7b8f21ae-a726-4bff-ba83-a32f868819c3,5476e266-ba3c-4d65-9f62-440e783ab64b,Studio 1131,beb90029-0a9f-4a5c-9b59-42aad489c34d,true,2026-08-10,31
a8f662e2-c257-4b61-85c3-0a6575eb3273,5476e266-ba3c-4d65-9f62-440e783ab64b,Studio 1131,beb90029-0a9f-4a5c-9b59-42aad489c34d,true,2026-08-11,31
f4bd7721-2f35-4d1b-8cb9-4799e5bb2d81,5476e266-ba3c-4d65-9f62-440e783ab64b,Studio 1131,beb90029-0a9f-4a5c-9b59-42aad489c34d,true,2026-08-12,31
ce6ac024-b552-44ad-90b8-ee2afaecf73f,5476e266-ba3c-4d65-9f62-440e783ab64b,Studio 1131,beb90029-0a9f-4a5c-9b59-42aad489c34d,true,2026-08-13,31
4f042e50-957f-4938-816d-420f2854a1de,5476e266-ba3c-4d65-9f62-440e783ab64b,Studio 1131,beb90029-0a9f-4a5c-9b59-42aad489c34d,true,2026-08-14,31
a2c25b76-b42d-427f-a8f7-7da418883eb4,5476e266-ba3c-4d65-9f62-440e783ab64b,Studio 1131,beb90029-0a9f-4a5c-9b59-42aad489c34d,true,2026-08-15,31
67fed6dd-1b81-4755-a892-28c138724b2b,5476e266-ba3c-4d65-9f62-440e783ab64b,Studio 1131,beb90029-0a9f-4a5c-9b59-42aad489c34d,true,2026-08-16,31
c5770500-d5dc-4307-b023-1d1833418ed3,5476e266-ba3c-4d65-9f62-440e783ab64b,Studio 1131,beb90029-0a9f-4a5c-9b59-42aad489c34d,true,2026-08-17,31
f631fdb7-c954-4564-9cf6-4fe65edd1833,5476e266-ba3c-4d65-9f62-440e783ab64b,Studio 1131,beb90029-0a9f-4a5c-9b59-42aad489c34d,true,2026-08-18,31
2dbf9261-3ba6-4430-9bcc-85ad4b3fa497,5476e266-ba3c-4d65-9f62-440e783ab64b,Studio 1131,beb90029-0a9f-4a5c-9b59-42aad489c34d,true,2026-08-19,31
173569be-3d60-4e2f-8e4c-431387278ea3,5476e266-ba3c-4d65-9f62-440e783ab64b,Studio 1131,beb90029-0a9f-4a5c-9b59-42aad489c34d,true,2026-08-20,31
aaac06e5-7f39-4b91-87b9-0fad709ff2d3,5476e266-ba3c-4d65-9f62-440e783ab64b,Studio 1131,beb90029-0a9f-4a5c-9b59-42aad489c34d,true,2026-08-21,31
bb1d5d11-6f5d-4459-aba5-001f7b229113,5476e266-ba3c-4d65-9f62-440e783ab64b,Studio 1131,beb90029-0a9f-4a5c-9b59-42aad489c34d,true,2026-08-22,31
01290ec5-6712-4ac6-bccc-12e78e439d85,5476e266-ba3c-4d65-9f62-440e783ab64b,Studio 1131,beb90029-0a9f-4a5c-9b59-42aad489c34d,true,2026-08-23,31
bd590766-8dd2-4443-8860-fa371adf5493,5476e266-ba3c-4d65-9f62-440e783ab64b,Studio 1131,beb90029-0a9f-4a5c-9b59-42aad489c34d,true,2026-08-24,31
70445aff-7392-49b4-acf6-bd719e8d6d1b,5476e266-ba3c-4d65-9f62-440e783ab64b,Studio 1131,beb90029-0a9f-4a5c-9b59-42aad489c34d,true,2026-08-25,31
da323d40-03a8-4eb8-b83a-12377651deab,5476e266-ba3c-4d65-9f62-440e783ab64b,Studio 1131,beb90029-0a9f-4a5c-9b59-42aad489c34d,true,2026-08-26,31
5b64a147-380f-4a9a-be07-c863c63493ec,5476e266-ba3c-4d65-9f62-440e783ab64b,Studio 1131,beb90029-0a9f-4a5c-9b59-42aad489c34d,true,2026-08-27,31
6af068fc-366a-4e41-8714-a022ac42f923,5476e266-ba3c-4d65-9f62-440e783ab64b,Studio 1131,beb90029-0a9f-4a5c-9b59-42aad489c34d,true,2026-08-28,31
5bf388b3-b281-4129-96ec-e95c272ae641,5476e266-ba3c-4d65-9f62-440e783ab64b,Studio 1131,beb90029-0a9f-4a5c-9b59-42aad489c34d,true,2026-08-29,31
e21a1f91-2e68-44b9-9d1e-53447f95d772,5476e266-ba3c-4d65-9f62-440e783ab64b,Studio 1131,beb90029-0a9f-4a5c-9b59-42aad489c34d,true,2026-08-30,31
c23f37dc-5981-4b27-88ba-303b6447158d,5476e266-ba3c-4d65-9f62-440e783ab64b,Studio 1131,beb90029-0a9f-4a5c-9b59-42aad489c34d,true,2026-08-31,31
b549f939-2d3e-4c04-8afb-304be393482f,5476e266-ba3c-4d65-9f62-440e783ab64b,Studio 1131,beb90029-0a9f-4a5c-9b59-42aad489c34d,true,2026-09-01,31
18e19318-ad8d-4494-b029-ac3c8f6bfa9c,5476e266-ba3c-4d65-9f62-440e783ab64b,Studio 1131,beb90029-0a9f-4a5c-9b59-42aad489c34d,true,2026-09-02,31
10abe38f-8543-4d98-9684-bf1bde031c7b,5476e266-ba3c-4d65-9f62-440e783ab64b,Studio 1131,beb90029-0a9f-4a5c-9b59-42aad489c34d,true,2026-09-03,31
e09059f3-b8de-48c8-b9c5-c01e3b24051e,5476e266-ba3c-4d65-9f62-440e783ab64b,Studio 1131,beb90029-0a9f-4a5c-9b59-42aad489c34d,true,2026-09-04,31
8e42c207-f5de-488b-ac55-43c85a9b38a6,5476e266-ba3c-4d65-9f62-440e783ab64b,Studio 1131,beb90029-0a9f-4a5c-9b59-42aad489c34d,true,2026-09-05,31
cec3e6ba-cc8d-4684-a3b3-64b1d60181e2,5476e266-ba3c-4d65-9f62-440e783ab64b,Studio 1131,beb90029-0a9f-4a5c-9b59-42aad489c34d,true,2026-09-06,31
285b601f-8012-4cbb-83da-511993edeed0,5476e266-ba3c-4d65-9f62-440e783ab64b,Studio 1131,beb90029-0a9f-4a5c-9b59-42aad489c34d,true,2026-09-07,31
98b73523-2792-43c5-ae25-497ccb46c85c,5476e266-ba3c-4d65-9f62-440e783ab64b,Studio 1131,beb90029-0a9f-4a5c-9b59-42aad489c34d,true,2026-09-08,31
7fce7101-9aea-43c7-a747-9cd1932d5984,5476e266-ba3c-4d65-9f62-440e783ab64b,Studio 1131,beb90029-0a9f-4a5c-9b59-42aad489c34d,true,2026-09-09,31
7194750e-fcfe-464b-9f97-4a83277de023,5476e266-ba3c-4d65-9f62-440e783ab64b,Studio 1131,beb90029-0a9f-4a5c-9b59-42aad489c34d,true,2026-09-10,31
983299bf-7975-456e-a7cc-e375ad14d00b,5476e266-ba3c-4d65-9f62-440e783ab64b,Studio 1131,beb90029-0a9f-4a5c-9b59-42aad489c34d,true,2026-09-11,31
3dcb0246-d21c-428f-8c41-b063083d962b,5476e266-ba3c-4d65-9f62-440e783ab64b,Studio 1131,beb90029-0a9f-4a5c-9b59-42aad489c34d,true,2026-09-12,31
15c045f9-064c-48c4-89f7-6a9fcf9adb87,5476e266-ba3c-4d65-9f62-440e783ab64b,Studio 1131,beb90029-0a9f-4a5c-9b59-42aad489c34d,true,2026-09-13,31
5ef1b4d8-31fc-401f-ad2c-51df2470b41a,5476e266-ba3c-4d65-9f62-440e783ab64b,Studio 1131,beb90029-0a9f-4a5c-9b59-42aad489c34d,true,2026-09-14,31
ce8d4903-86d1-4eaa-8919-36f1d02663c6,5476e266-ba3c-4d65-9f62-440e783ab64b,Studio 1131,beb90029-0a9f-4a5c-9b59-42aad489c34d,true,2026-09-15,31
08b98330-ceb1-48bb-aa1d-be8deb28d657,5476e266-ba3c-4d65-9f62-440e783ab64b,Studio 1131,beb90029-0a9f-4a5c-9b59-42aad489c34d,true,2026-09-16,31
884ae29d-d060-4fc1-91f4-1d9fb433b68a,5476e266-ba3c-4d65-9f62-440e783ab64b,Studio 1131,beb90029-0a9f-4a5c-9b59-42aad489c34d,true,2026-09-17,31
1ef63d06-8218-45b1-8995-887bc59c5f6d,5476e266-ba3c-4d65-9f62-440e783ab64b,Studio 1131,beb90029-0a9f-4a5c-9b59-42aad489c34d,true,2026-09-18,31
d92828c0-94bb-471c-8256-f5eac7155a07,5476e266-ba3c-4d65-9f62-440e783ab64b,Studio 1131,beb90029-0a9f-4a5c-9b59-42aad489c34d,true,2026-09-19,31
dd085980-bbce-453c-86eb-e75e11ef47b9,5476e266-ba3c-4d65-9f62-440e783ab64b,Studio 1131,beb90029-0a9f-4a5c-9b59-42aad489c34d,true,2026-09-20,31
d6bdabf5-9b0b-4aff-a2eb-8b747f2a36f3,5476e266-ba3c-4d65-9f62-440e783ab64b,Studio 1131,beb90029-0a9f-4a5c-9b59-42aad489c34d,true,2026-09-21,31
76157f5b-194d-4876-9c58-2657a1be4c7b,5476e266-ba3c-4d65-9f62-440e783ab64b,Studio 1131,beb90029-0a9f-4a5c-9b59-42aad489c34d,true,2026-09-22,31
b852a577-ce62-489e-b3c6-34d468491783,5476e266-ba3c-4d65-9f62-440e783ab64b,Studio 1131,beb90029-0a9f-4a5c-9b59-42aad489c34d,true,2026-09-23,31
7bcdbcf1-c542-4e47-8145-924f48966688,5476e266-ba3c-4d65-9f62-440e783ab64b,Studio 1131,beb90029-0a9f-4a5c-9b59-42aad489c34d,true,2026-09-24,31
9082f70a-da70-4534-b8bf-5ef3776f40b4,5476e266-ba3c-4d65-9f62-440e783ab64b,Studio 1131,beb90029-0a9f-4a5c-9b59-42aad489c34d,true,2026-09-25,31
8b1a61b3-f688-437e-8d71-2f9612c08c02,5476e266-ba3c-4d65-9f62-440e783ab64b,Studio 1131,beb90029-0a9f-4a5c-9b59-42aad489c34d,true,2026-09-26,31
d064a3d5-3bff-4890-b246-ee920fdc9c7c,5476e266-ba3c-4d65-9f62-440e783ab64b,Studio 1131,beb90029-0a9f-4a5c-9b59-42aad489c34d,true,2026-09-27,31
8230399d-12eb-428a-860e-d81640902310,5476e266-ba3c-4d65-9f62-440e783ab64b,Studio 1131,beb90029-0a9f-4a5c-9b59-42aad489c34d,true,2026-09-28,31
9a0ef8df-2fac-42d8-a77e-282b67681a48,5476e266-ba3c-4d65-9f62-440e783ab64b,Studio 1131,beb90029-0a9f-4a5c-9b59-42aad489c34d,true,2026-09-29,31
b03d653f-e9bc-47ff-8639-d824f68e8a5f,5476e266-ba3c-4d65-9f62-440e783ab64b,Studio 1131,beb90029-0a9f-4a5c-9b59-42aad489c34d,true,2026-09-30,31
b04b42bc-0fd1-4896-a41d-b8807889858e,5476e266-ba3c-4d65-9f62-440e783ab64b,Studio 1131,beb90029-0a9f-4a5c-9b59-42aad489c34d,true,2026-10-01,31
2c565206-0278-4423-b1d8-448cc3806b3e,5476e266-ba3c-4d65-9f62-440e783ab64b,Studio 1131,beb90029-0a9f-4a5c-9b59-42aad489c34d,true,2026-10-02,31
93cebd41-f862-4e65-9149-ec88cea9c6e9,5476e266-ba3c-4d65-9f62-440e783ab64b,Studio 1131,beb90029-0a9f-4a5c-9b59-42aad489c34d,true,2026-10-03,31
5f192402-67bc-401a-870c-80aff907ba0e,5476e266-ba3c-4d65-9f62-440e783ab64b,Studio 1131,beb90029-0a9f-4a5c-9b59-42aad489c34d,true,2026-10-04,31
87d01c8b-109c-4411-8008-db59064b5262,5476e266-ba3c-4d65-9f62-440e783ab64b,Studio 1131,beb90029-0a9f-4a5c-9b59-42aad489c34d,true,2026-10-05,31
970d8c14-22e0-44f4-a2ae-fe2a436b2369,5476e266-ba3c-4d65-9f62-440e783ab64b,Studio 1131,beb90029-0a9f-4a5c-9b59-42aad489c34d,true,2026-10-06,31
3a960e07-2379-4080-9b61-d38366b31648,5476e266-ba3c-4d65-9f62-440e783ab64b,Studio 1131,beb90029-0a9f-4a5c-9b59-42aad489c34d,true,2026-10-07,31
60109f49-1d58-48b8-a194-f4138246b659,5476e266-ba3c-4d65-9f62-440e783ab64b,Studio 1131,beb90029-0a9f-4a5c-9b59-42aad489c34d,true,2026-10-08,31
fc75fd4e-de1c-43bc-89fe-ee7358230ac8,5476e266-ba3c-4d65-9f62-440e783ab64b,Studio 1131,beb90029-0a9f-4a5c-9b59-42aad489c34d,true,2026-10-09,31
0cb5e5b8-9e66-4ca6-8d26-49cb276975f7,5476e266-ba3c-4d65-9f62-440e783ab64b,Studio 1131,beb90029-0a9f-4a5c-9b59-42aad489c34d,true,2026-10-10,31
2bfb3566-1b09-4acf-bb1a-9508619d176d,5476e266-ba3c-4d65-9f62-440e783ab64b,Studio 1131,beb90029-0a9f-4a5c-9b59-42aad489c34d,true,2026-10-11,31
a094d9fb-ba6c-4fbb-89cb-e4faf62ab769,5476e266-ba3c-4d65-9f62-440e783ab64b,Studio 1131,beb90029-0a9f-4a5c-9b59-42aad489c34d,true,2026-10-12,31
4584372a-e4b6-4d8b-bb46-5bcd0cc93c71,5476e266-ba3c-4d65-9f62-440e783ab64b,Studio 1131,beb90029-0a9f-4a5c-9b59-42aad489c34d,true,2026-10-13,31
a1354fff-3bea-4f4a-8eca-fd9831c7d6f0,5476e266-ba3c-4d65-9f62-440e783ab64b,Studio 1131,beb90029-0a9f-4a5c-9b59-42aad489c34d,true,2026-10-14,31
91c64111-730b-4715-9259-881e900a444a,5476e266-ba3c-4d65-9f62-440e783ab64b,Studio 1131,beb90029-0a9f-4a5c-9b59-42aad489c34d,true,2026-10-15,31
5d717746-210b-401d-b43f-0886ce1fc42f,5476e266-ba3c-4d65-9f62-440e783ab64b,Studio 1131,beb90029-0a9f-4a5c-9b59-42aad489c34d,true,2026-10-16,31
29419e82-f846-4341-8e46-9de604532117,5476e266-ba3c-4d65-9f62-440e783ab64b,Studio 1131,beb90029-0a9f-4a5c-9b59-42aad489c34d,true,2026-10-17,31
0fa2b501-7814-4548-8fc6-2d2b7d606c95,5476e266-ba3c-4d65-9f62-440e783ab64b,Studio 1131,beb90029-0a9f-4a5c-9b59-42aad489c34d,true,2026-10-18,31
11f90c95-2591-4e9e-8b7a-7ac03cb47fde,5476e266-ba3c-4d65-9f62-440e783ab64b,Studio 1131,beb90029-0a9f-4a5c-9b59-42aad489c34d,true,2026-10-19,31
14d9a80d-44c7-43ad-9c8b-fec0a458f1cd,5476e266-ba3c-4d65-9f62-440e783ab64b,Studio 1131,beb90029-0a9f-4a5c-9b59-42aad489c34d,true,2026-10-20,31
ceae3c49-fcc6-459a-b0e4-61ac96c74170,5476e266-ba3c-4d65-9f62-440e783ab64b,Studio 1131,beb90029-0a9f-4a5c-9b59-42aad489c34d,true,2026-10-21,31
691a7e6b-8b1d-4d65-bd6c-715732b99f88,5476e266-ba3c-4d65-9f62-440e783ab64b,Studio 1131,beb90029-0a9f-4a5c-9b59-42aad489c34d,true,2026-10-22,31
71841159-f80b-4174-b70f-e2770a740478,5476e266-ba3c-4d65-9f62-440e783ab64b,Studio 1131,beb90029-0a9f-4a5c-9b59-42aad489c34d,true,2026-10-23,31
3f7af5ab-8727-42a4-b7c8-9ee76fa002c4,5476e266-ba3c-4d65-9f62-440e783ab64b,Studio 1131,beb90029-0a9f-4a5c-9b59-42aad489c34d,true,2026-10-24,31
324f8c44-2340-4742-91c5-ba66a3305437,5476e266-ba3c-4d65-9f62-440e783ab64b,Studio 1131,beb90029-0a9f-4a5c-9b59-42aad489c34d,true,2026-10-25,31
f31f6045-497e-422e-b8ce-a71a4a7a046f,5476e266-ba3c-4d65-9f62-440e783ab64b,Studio 1131,beb90029-0a9f-4a5c-9b59-42aad489c34d,true,2026-10-26,31
8ed4ccde-fa0a-4f98-b454-c2ad806cfa8a,5476e266-ba3c-4d65-9f62-440e783ab64b,Studio 1131,beb90029-0a9f-4a5c-9b59-42aad489c34d,true,2026-10-27,31
2563994e-638d-41cd-8ae4-57d26a86934f,5476e266-ba3c-4d65-9f62-440e783ab64b,Studio 1131,beb90029-0a9f-4a5c-9b59-42aad489c34d,true,2026-10-28,31
a0639a5d-2f77-4109-aa91-f387b500f371,5476e266-ba3c-4d65-9f62-440e783ab64b,Studio 1131,beb90029-0a9f-4a5c-9b59-42aad489c34d,true,2026-10-29,31
632025ee-c0a0-4d7a-88e5-ace508190d9b,5476e266-ba3c-4d65-9f62-440e783ab64b,Studio 1131,beb90029-0a9f-4a5c-9b59-42aad489c34d,true,2026-10-30,31
6cdcf02a-a492-447a-9241-af7cce51ec46,5476e266-ba3c-4d65-9f62-440e783ab64b,Studio 1131,beb90029-0a9f-4a5c-9b59-42aad489c34d,true,2026-10-31,31
ad77981a-5be0-4b14-9974-09b3971e90bf,5476e266-ba3c-4d65-9f62-440e783ab64b,Studio 1131,beb90029-0a9f-4a5c-9b59-42aad489c34d,true,2026-11-01,31
e458603d-7c5e-4c38-a2a3-771dfdade352,5476e266-ba3c-4d65-9f62-440e783ab64b,Studio 1131,beb90029-0a9f-4a5c-9b59-42aad489c34d,true,2026-11-02,31
8c354c25-2667-4c47-9307-31a173979c69,5476e266-ba3c-4d65-9f62-440e783ab64b,Studio 1131,beb90029-0a9f-4a5c-9b59-42aad489c34d,true,2026-11-03,31
b46ca158-3daf-4617-a53d-d90013ec1b40,5476e266-ba3c-4d65-9f62-440e783ab64b,Studio 1131,beb90029-0a9f-4a5c-9b59-42aad489c34d,true,2026-11-04,31
52b30c71-cadb-4204-8419-d96848404ae1,5476e266-ba3c-4d65-9f62-440e783ab64b,Studio 1131,beb90029-0a9f-4a5c-9b59-42aad489c34d,true,2026-11-05,31
0f1107ab-effe-458f-b83a-de4e66a04f24,5476e266-ba3c-4d65-9f62-440e783ab64b,Studio 1131,beb90029-0a9f-4a5c-9b59-42aad489c34d,true,2026-11-06,31
ca095166-21e8-4a2f-a29a-c12f0948b79d,5476e266-ba3c-4d65-9f62-440e783ab64b,Studio 1131,beb90029-0a9f-4a5c-9b59-42aad489c34d,true,2026-11-07,31
d4bb25d0-472f-4224-8a1e-15036615b61a,5476e266-ba3c-4d65-9f62-440e783ab64b,Studio 1131,beb90029-0a9f-4a5c-9b59-42aad489c34d,true,2026-11-08,31
bce4d359-0295-474e-a49e-2f33083cbbdd,5476e266-ba3c-4d65-9f62-440e783ab64b,Studio 1131,beb90029-0a9f-4a5c-9b59-42aad489c34d,true,2026-11-09,31
bbdc49a3-0f39-4d9d-b39f-1f57393caa82,5476e266-ba3c-4d65-9f62-440e783ab64b,Studio 1131,beb90029-0a9f-4a5c-9b59-42aad489c34d,true,2026-11-10,31
f1cda6c7-056f-4435-9a22-3f702404c869,5476e266-ba3c-4d65-9f62-440e783ab64b,Studio 1131,beb90029-0a9f-4a5c-9b59-42aad489c34d,true,2026-11-11,31
1a305d59-b6c9-47e2-8bb8-1f233781b274,5476e266-ba3c-4d65-9f62-440e783ab64b,Studio 1131,beb90029-0a9f-4a5c-9b59-42aad489c34d,true,2026-11-12,31
a270bdc2-9571-40bb-8a7b-8515d47dc44f,5476e266-ba3c-4d65-9f62-440e783ab64b,Studio 1131,beb90029-0a9f-4a5c-9b59-42aad489c34d,true,2026-11-13,31
70ee1e45-83b9-4b16-aad4-053eabb3dff5,5476e266-ba3c-4d65-9f62-440e783ab64b,Studio 1131,beb90029-0a9f-4a5c-9b59-42aad489c34d,true,2026-11-14,31
dc4e027b-d990-4475-ba17-c21e0d9852a4,5476e266-ba3c-4d65-9f62-440e783ab64b,Studio 1131,beb90029-0a9f-4a5c-9b59-42aad489c34d,true,2026-11-15,31
cd6fc515-e27a-4e3c-9dcf-03ac8c7ef5db,5476e266-ba3c-4d65-9f62-440e783ab64b,Studio 1131,beb90029-0a9f-4a5c-9b59-42aad489c34d,true,2026-11-16,31
d00542b3-13ef-46b3-b681-7b8f901ce83e,5476e266-ba3c-4d65-9f62-440e783ab64b,Studio 1131,beb90029-0a9f-4a5c-9b59-42aad489c34d,true,2026-11-17,31
c76efc54-8ed2-4ab8-a36d-1062045f04f4,5476e266-ba3c-4d65-9f62-440e783ab64b,Studio 1131,beb90029-0a9f-4a5c-9b59-42aad489c34d,true,2026-11-18,31
4f41946f-fc52-4793-9e06-0cbd906845a5,5476e266-ba3c-4d65-9f62-440e783ab64b,Studio 1131,beb90029-0a9f-4a5c-9b59-42aad489c34d,true,2026-11-19,31
e11b0bae-d430-42fb-8839-568ae6fd7bf7,5476e266-ba3c-4d65-9f62-440e783ab64b,Studio 1131,beb90029-0a9f-4a5c-9b59-42aad489c34d,true,2026-11-20,31
308076ec-3eda-46a8-806a-bff621e6e115,5476e266-ba3c-4d65-9f62-440e783ab64b,Studio 1131,beb90029-0a9f-4a5c-9b59-42aad489c34d,true,2026-11-21,31
b0d1a568-e26e-4e58-896f-0584e500c681,5476e266-ba3c-4d65-9f62-440e783ab64b,Studio 1131,beb90029-0a9f-4a5c-9b59-42aad489c34d,true,2026-11-22,31
9c9c756e-72ec-4b34-b6b8-18d79064e001,5476e266-ba3c-4d65-9f62-440e783ab64b,Studio 1131,beb90029-0a9f-4a5c-9b59-42aad489c34d,true,2026-11-23,31
a13931a2-ce5f-49a8-b672-5cdef53cd0e8,5476e266-ba3c-4d65-9f62-440e783ab64b,Studio 1131,beb90029-0a9f-4a5c-9b59-42aad489c34d,true,2026-11-24,31
fcf29cfc-fa5e-4d54-aab2-e9bb450958db,5476e266-ba3c-4d65-9f62-440e783ab64b,Studio 1131,beb90029-0a9f-4a5c-9b59-42aad489c34d,true,2026-11-25,31
d04e904e-d064-4fd2-8442-e29f5e94becd,5476e266-ba3c-4d65-9f62-440e783ab64b,Studio 1131,beb90029-0a9f-4a5c-9b59-42aad489c34d,true,2026-11-26,31
d325a58b-d080-4ce3-8025-cf8d43788e06,5476e266-ba3c-4d65-9f62-440e783ab64b,Studio 1131,beb90029-0a9f-4a5c-9b59-42aad489c34d,true,2026-11-27,31
01e00349-9f70-4d28-8f96-e196719be9ed,5476e266-ba3c-4d65-9f62-440e783ab64b,Studio 1131,beb90029-0a9f-4a5c-9b59-42aad489c34d,true,2026-11-28,31
6e750620-9d5f-44ee-9468-c3cb337b5ebe,5476e266-ba3c-4d65-9f62-440e783ab64b,Studio 1131,beb90029-0a9f-4a5c-9b59-42aad489c34d,true,2026-11-29,31
b7b5d12b-48d9-4cdf-924d-57d12d36bcdb,5476e266-ba3c-4d65-9f62-440e783ab64b,Studio 1131,beb90029-0a9f-4a5c-9b59-42aad489c34d,true,2026-11-30,31
b92e07c8-64fb-4c8f-93de-337d15e264a7,5476e266-ba3c-4d65-9f62-440e783ab64b,Studio 1131,beb90029-0a9f-4a5c-9b59-42aad489c34d,true,2026-12-01,31
8a23fb68-9040-475a-9db8-298f84d2dc21,5476e266-ba3c-4d65-9f62-440e783ab64b,Studio 1131,beb90029-0a9f-4a5c-9b59-42aad489c34d,true,2026-12-02,31
d1786d0a-9c77-43c6-bcb8-85d40ffd5626,5476e266-ba3c-4d65-9f62-440e783ab64b,Studio 1131,beb90029-0a9f-4a5c-9b59-42aad489c34d,true,2026-12-03,31
d58b84ae-102c-41ee-8b63-59553a48cb10,5476e266-ba3c-4d65-9f62-440e783ab64b,Studio 1131,beb90029-0a9f-4a5c-9b59-42aad489c34d,true,2026-12-04,31
cc53b348-0957-499d-9f0b-6e46d5fa1c7e,5476e266-ba3c-4d65-9f62-440e783ab64b,Studio 1131,beb90029-0a9f-4a5c-9b59-42aad489c34d,true,2026-12-05,31
35028390-8bd7-4bfb-ba22-69af431e364f,5476e266-ba3c-4d65-9f62-440e783ab64b,Studio 1131,beb90029-0a9f-4a5c-9b59-42aad489c34d,true,2026-12-06,31
6a72dd24-828a-4a38-8580-413f45867b27,5476e266-ba3c-4d65-9f62-440e783ab64b,Studio 1131,beb90029-0a9f-4a5c-9b59-42aad489c34d,true,2026-12-07,31
230e6873-3583-48a8-98d8-f8a841517ead,5476e266-ba3c-4d65-9f62-440e783ab64b,Studio 1131,beb90029-0a9f-4a5c-9b59-42aad489c34d,true,2026-12-08,31
e022896c-4441-40ba-8481-ef92b4ea5392,5476e266-ba3c-4d65-9f62-440e783ab64b,Studio 1131,beb90029-0a9f-4a5c-9b59-42aad489c34d,true,2026-12-09,31
6b4b47d2-8ff4-45f5-afe4-197c7a283929,5476e266-ba3c-4d65-9f62-440e783ab64b,Studio 1131,beb90029-0a9f-4a5c-9b59-42aad489c34d,true,2026-12-10,31
d42af83f-5bc0-4316-a414-95bc8fa3fd51,5476e266-ba3c-4d65-9f62-440e783ab64b,Studio 1131,beb90029-0a9f-4a5c-9b59-42aad489c34d,true,2026-12-11,31
a8f4bfb4-4810-4fda-9a8a-5f28427bef0e,5476e266-ba3c-4d65-9f62-440e783ab64b,Studio 1131,beb90029-0a9f-4a5c-9b59-42aad489c34d,true,2026-12-12,31
d81a937a-5f45-45fd-b392-fcdd8035ff7d,5476e266-ba3c-4d65-9f62-440e783ab64b,Studio 1131,beb90029-0a9f-4a5c-9b59-42aad489c34d,true,2026-12-13,31
bccab233-7606-4e37-9fa2-cf587b95e26f,5476e266-ba3c-4d65-9f62-440e783ab64b,Studio 1131,beb90029-0a9f-4a5c-9b59-42aad489c34d,true,2026-12-14,31
2cb8b102-16cb-403b-a71b-16d21025435a,5476e266-ba3c-4d65-9f62-440e783ab64b,Studio 1131,beb90029-0a9f-4a5c-9b59-42aad489c34d,true,2026-12-15,31
7e40c447-df4a-4c77-8ec2-e4221e73d1f9,5476e266-ba3c-4d65-9f62-440e783ab64b,Studio 1131,beb90029-0a9f-4a5c-9b59-42aad489c34d,true,2026-12-16,31
3e0216d3-599d-40d9-86ec-9b3374018409,5476e266-ba3c-4d65-9f62-440e783ab64b,Studio 1131,beb90029-0a9f-4a5c-9b59-42aad489c34d,true,2026-12-17,31
84aa1fde-8379-4581-8c34-47e035a67a52,5476e266-ba3c-4d65-9f62-440e783ab64b,Studio 1131,beb90029-0a9f-4a5c-9b59-42aad489c34d,true,2026-12-18,31
3faad54b-86c0-41c3-a26f-54a36775ffdf,5476e266-ba3c-4d65-9f62-440e783ab64b,Studio 1131,beb90029-0a9f-4a5c-9b59-42aad489c34d,true,2026-12-19,31
bac1a2cc-d570-44af-bf6c-7ef1af23206a,5476e266-ba3c-4d65-9f62-440e783ab64b,Studio 1131,beb90029-0a9f-4a5c-9b59-42aad489c34d,true,2026-12-20,31
64fcd208-0591-4d74-a58c-fb61641cf67a,5476e266-ba3c-4d65-9f62-440e783ab64b,Studio 1131,beb90029-0a9f-4a5c-9b59-42aad489c34d,true,2026-12-21,31
153ff444-4d70-4edd-9950-3ca70208fb31,5476e266-ba3c-4d65-9f62-440e783ab64b,Studio 1131,beb90029-0a9f-4a5c-9b59-42aad489c34d,true,2026-12-22,31
d7a9721d-4922-4afc-8533-a5d99dd34024,5476e266-ba3c-4d65-9f62-440e783ab64b,Studio 1131,beb90029-0a9f-4a5c-9b59-42aad489c34d,true,2026-12-23,31
6458e632-67cd-43e1-8076-007e0cd95cb3,5476e266-ba3c-4d65-9f62-440e783ab64b,Studio 1131,beb90029-0a9f-4a5c-9b59-42aad489c34d,true,2026-12-24,31
8ea332cb-7da3-4b51-9dd7-3e8ea83f1b02,5476e266-ba3c-4d65-9f62-440e783ab64b,Studio 1131,beb90029-0a9f-4a5c-9b59-42aad489c34d,true,2026-12-25,31
dabdfa3c-6876-4250-95e2-2616aacfd953,5476e266-ba3c-4d65-9f62-440e783ab64b,Studio 1131,beb90029-0a9f-4a5c-9b59-42aad489c34d,true,2026-12-26,31
c6a017b6-df3c-4ed1-91cc-ed31bdaa5a59,5476e266-ba3c-4d65-9f62-440e783ab64b,Studio 1131,beb90029-0a9f-4a5c-9b59-42aad489c34d,true,2026-12-27,31
93f6cf23-ddc4-4faa-a458-edb4f7c1f875,5476e266-ba3c-4d65-9f62-440e783ab64b,Studio 1131,beb90029-0a9f-4a5c-9b59-42aad489c34d,true,2026-12-28,31
14dfcba2-eed2-4808-85cf-1d2ac470d684,5476e266-ba3c-4d65-9f62-440e783ab64b,Studio 1131,beb90029-0a9f-4a5c-9b59-42aad489c34d,true,2026-12-29,31
4673d172-76d5-42d7-8bd3-e37c6b948a4d,5476e266-ba3c-4d65-9f62-440e783ab64b,Studio 1131,beb90029-0a9f-4a5c-9b59-42aad489c34d,true,2026-12-30,31
5eaeeeda-a5ce-4498-a22c-eee86f7ee0c4,5476e266-ba3c-4d65-9f62-440e783ab64b,Studio 1131,beb90029-0a9f-4a5c-9b59-42aad489c34d,true,2026-12-31,31
4863ac97-557f-4fc6-adcd-b2caf33fd067,5476e266-ba3c-4d65-9f62-440e783ab64b,Studio 1131,beb90029-0a9f-4a5c-9b59-42aad489c34d,true,2027-01-01,31
d1f47484-9943-4e5e-80e9-6b332bc2a794,5476e266-ba3c-4d65-9f62-440e783ab64b,Studio 1131,beb90029-0a9f-4a5c-9b59-42aad489c34d,true,2027-01-02,31
56a5c883-cca3-4b57-a502-48ab63600d2e,5476e266-ba3c-4d65-9f62-440e783ab64b,Studio 1131,beb90029-0a9f-4a5c-9b59-42aad489c34d,true,2027-01-03,31
bcf6e385-dfdf-4746-91f7-e56454e81ace,5476e266-ba3c-4d65-9f62-440e783ab64b,Studio 1131,beb90029-0a9f-4a5c-9b59-42aad489c34d,true,2027-01-04,31
32756b28-5dd8-4817-b0b8-a6bd21008bbe,5476e266-ba3c-4d65-9f62-440e783ab64b,Studio 1131,beb90029-0a9f-4a5c-9b59-42aad489c34d,true,2027-01-05,31
71f8bae2-5762-4b6e-9071-f0ca5d6f1ffd,5476e266-ba3c-4d65-9f62-440e783ab64b,Studio 1131,beb90029-0a9f-4a5c-9b59-42aad489c34d,true,2027-01-06,31
85d5545e-ef80-4a20-a60d-ba99bcb569bd,5476e266-ba3c-4d65-9f62-440e783ab64b,Studio 1131,beb90029-0a9f-4a5c-9b59-42aad489c34d,true,2027-01-07,31
609a2665-188d-4042-b552-9d000257d4e1,5476e266-ba3c-4d65-9f62-440e783ab64b,Studio 1131,beb90029-0a9f-4a5c-9b59-42aad489c34d,true,2027-01-08,31
cded3a42-4e4a-4c68-b900-bce89f0c9c51,5476e266-ba3c-4d65-9f62-440e783ab64b,Studio 1131,beb90029-0a9f-4a5c-9b59-42aad489c34d,true,2027-01-09,31
2248bac8-0bfb-4d01-b56b-33351bca9353,5476e266-ba3c-4d65-9f62-440e783ab64b,Studio 1131,beb90029-0a9f-4a5c-9b59-42aad489c34d,true,2027-01-10,31
b122097e-ffea-430d-8b58-5476a5d711a8,5476e266-ba3c-4d65-9f62-440e783ab64b,Studio 1131,beb90029-0a9f-4a5c-9b59-42aad489c34d,true,2027-01-11,31
88bad214-d157-4c7d-a432-1ba8ca3f984f,5476e266-ba3c-4d65-9f62-440e783ab64b,Studio 1131,beb90029-0a9f-4a5c-9b59-42aad489c34d,true,2027-01-12,31
25af4685-7eff-4dfc-89f0-5adf44e440ce,5476e266-ba3c-4d65-9f62-440e783ab64b,Studio 1131,beb90029-0a9f-4a5c-9b59-42aad489c34d,true,2027-01-13,31
e8089ae6-a36c-46fc-a896-a57cf34caa3d,5476e266-ba3c-4d65-9f62-440e783ab64b,Studio 1131,beb90029-0a9f-4a5c-9b59-42aad489c34d,true,2027-01-14,31
e2892c10-26e9-4214-8880-65c1437b53e1,5476e266-ba3c-4d65-9f62-440e783ab64b,Studio 1131,beb90029-0a9f-4a5c-9b59-42aad489c34d,true,2027-01-15,31
aa833883-fac0-4de9-be41-15ff8c3fc948,5476e266-ba3c-4d65-9f62-440e783ab64b,Studio 1131,beb90029-0a9f-4a5c-9b59-42aad489c34d,true,2027-01-16,31
1ab46605-c0c0-4e5a-a1da-e61eb405e457,5476e266-ba3c-4d65-9f62-440e783ab64b,Studio 1131,beb90029-0a9f-4a5c-9b59-42aad489c34d,true,2027-01-17,31
7b96777f-f211-41e7-a3d6-8c2a0b4d84e6,5476e266-ba3c-4d65-9f62-440e783ab64b,Studio 1131,beb90029-0a9f-4a5c-9b59-42aad489c34d,true,2027-01-18,31
672d07fa-dad4-402e-b9ca-17ab2141336a,5476e266-ba3c-4d65-9f62-440e783ab64b,Studio 1131,beb90029-0a9f-4a5c-9b59-42aad489c34d,true,2027-01-19,31
6423d96d-5e31-428d-af93-58410b780e78,5476e266-ba3c-4d65-9f62-440e783ab64b,Studio 1131,beb90029-0a9f-4a5c-9b59-42aad489c34d,true,2027-01-20,31
bfb8b4c9-0286-44f2-8870-a52d1f468315,5476e266-ba3c-4d65-9f62-440e783ab64b,Studio 1131,beb90029-0a9f-4a5c-9b59-42aad489c34d,true,2027-01-21,31
eeb61e64-3cc1-470d-bf52-95e91435b45e,5476e266-ba3c-4d65-9f62-440e783ab64b,Studio 1131,beb90029-0a9f-4a5c-9b59-42aad489c34d,true,2027-01-22,31
a4976aad-e30e-4bd9-b902-8a479ce27eb7,5476e266-ba3c-4d65-9f62-440e783ab64b,Studio 1131,beb90029-0a9f-4a5c-9b59-42aad489c34d,true,2027-01-23,31
610d6d09-4f88-46c3-873c-60722c3043ed,5476e266-ba3c-4d65-9f62-440e783ab64b,Studio 1131,beb90029-0a9f-4a5c-9b59-42aad489c34d,true,2027-01-24,31
4b3defbd-47cd-4621-bf3e-d61078933365,5476e266-ba3c-4d65-9f62-440e783ab64b,Studio 1131,beb90029-0a9f-4a5c-9b59-42aad489c34d,true,2027-01-25,31
d226ab0e-4c8d-416e-9b9c-2fe242d8c854,5476e266-ba3c-4d65-9f62-440e783ab64b,Studio 1131,beb90029-0a9f-4a5c-9b59-42aad489c34d,true,2027-01-26,31
8675293f-a8c2-4d81-a802-557973a6d478,5476e266-ba3c-4d65-9f62-440e783ab64b,Studio 1131,beb90029-0a9f-4a5c-9b59-42aad489c34d,true,2027-01-27,31
e7ff7c56-6cb5-4bd1-ad86-94aa3c2b1cc9,5476e266-ba3c-4d65-9f62-440e783ab64b,Studio 1131,beb90029-0a9f-4a5c-9b59-42aad489c34d,true,2027-01-28,31
a6841b6f-44f6-418e-82df-16bcbdf5676e,5476e266-ba3c-4d65-9f62-440e783ab64b,Studio 1131,beb90029-0a9f-4a5c-9b59-42aad489c34d,true,2027-01-29,31
f5a872d9-d67d-44b1-adf7-162ba7e53d83,5476e266-ba3c-4d65-9f62-440e783ab64b,Studio 1131,beb90029-0a9f-4a5c-9b59-42aad489c34d,true,2027-01-30,31
086c1831-14a5-4b86-99b5-4e21c1d8caae,5476e266-ba3c-4d65-9f62-440e783ab64b,Studio 1131,beb90029-0a9f-4a5c-9b59-42aad489c34d,true,2027-01-31,31
21a26aa8-a3d3-48e8-817c-4827ea1a3294,5476e266-ba3c-4d65-9f62-440e783ab64b,Studio 1131,beb90029-0a9f-4a5c-9b59-42aad489c34d,true,2027-02-01,31
3e5b7e82-af89-4a46-a9b8-e2c20aeeb5f5,5476e266-ba3c-4d65-9f62-440e783ab64b,Studio 1131,beb90029-0a9f-4a5c-9b59-42aad489c34d,true,2027-02-02,31
9cd6a276-84d4-4107-b329-f0643d963a95,5476e266-ba3c-4d65-9f62-440e783ab64b,Studio 1131,beb90029-0a9f-4a5c-9b59-42aad489c34d,true,2027-02-03,31
edfeddf9-0f4b-4cdd-8334-e68834ac3f99,5476e266-ba3c-4d65-9f62-440e783ab64b,Studio 1131,beb90029-0a9f-4a5c-9b59-42aad489c34d,true,2027-02-04,31
90bb4284-8711-4227-99be-2b3bee3de662,5476e266-ba3c-4d65-9f62-440e783ab64b,Studio 1131,beb90029-0a9f-4a5c-9b59-42aad489c34d,true,2027-02-05,31
15144541-4c42-4cdd-a824-e8660eeabc75,5476e266-ba3c-4d65-9f62-440e783ab64b,Studio 1131,beb90029-0a9f-4a5c-9b59-42aad489c34d,true,2027-02-06,31
c481ed30-48da-4faa-8745-db48c169055a,5476e266-ba3c-4d65-9f62-440e783ab64b,Studio 1131,beb90029-0a9f-4a5c-9b59-42aad489c34d,true,2027-02-07,31
e2f06e09-72c7-4ec7-8b83-98e0846c3e2b,5476e266-ba3c-4d65-9f62-440e783ab64b,Studio 1131,beb90029-0a9f-4a5c-9b59-42aad489c34d,true,2027-02-08,31
eca60b6c-a93f-48e9-bcc5-d136f8f129eb,5476e266-ba3c-4d65-9f62-440e783ab64b,Studio 1131,beb90029-0a9f-4a5c-9b59-42aad489c34d,true,2027-02-09,31
1ce5d001-191f-45ea-a518-9424fd073d95,5476e266-ba3c-4d65-9f62-440e783ab64b,Studio 1131,beb90029-0a9f-4a5c-9b59-42aad489c34d,true,2027-02-10,31
ddc4e0cb-5970-481f-96ca-ddf40a44488e,5476e266-ba3c-4d65-9f62-440e783ab64b,Studio 1131,beb90029-0a9f-4a5c-9b59-42aad489c34d,true,2027-02-11,31
0cd3ec3f-d58c-4019-911b-fcb3cac0406e,5476e266-ba3c-4d65-9f62-440e783ab64b,Studio 1131,beb90029-0a9f-4a5c-9b59-42aad489c34d,true,2027-02-12,31
ceaf28e5-30cb-4a99-9910-9fa50cc27b1d,5476e266-ba3c-4d65-9f62-440e783ab64b,Studio 1131,beb90029-0a9f-4a5c-9b59-42aad489c34d,true,2027-02-13,31
044ef253-2de7-4a0c-8c1b-54fa4b637267,5476e266-ba3c-4d65-9f62-440e783ab64b,Studio 1131,beb90029-0a9f-4a5c-9b59-42aad489c34d,true,2027-02-14,31
fb0b4fee-2e8a-435e-894c-80e6bf34a12e,5476e266-ba3c-4d65-9f62-440e783ab64b,Studio 1131,beb90029-0a9f-4a5c-9b59-42aad489c34d,true,2027-02-15,31
48e68020-f69a-4d9b-946e-54619961b167,5476e266-ba3c-4d65-9f62-440e783ab64b,Studio 1131,beb90029-0a9f-4a5c-9b59-42aad489c34d,true,2027-02-16,31
42549718-5e2a-4b55-8fb1-d0cd3c1e0e7c,5476e266-ba3c-4d65-9f62-440e783ab64b,Studio 1131,beb90029-0a9f-4a5c-9b59-42aad489c34d,true,2027-02-17,31
c7b06213-e619-4709-adb9-80644c28e39a,5476e266-ba3c-4d65-9f62-440e783ab64b,Studio 1131,beb90029-0a9f-4a5c-9b59-42aad489c34d,true,2027-02-18,31
b8a9cc19-2261-4f5b-aafe-32b7bbd62064,5476e266-ba3c-4d65-9f62-440e783ab64b,Studio 1131,beb90029-0a9f-4a5c-9b59-42aad489c34d,true,2027-02-19,31
23f5bbbd-7100-4897-ab5d-e915fc7fc130,5476e266-ba3c-4d65-9f62-440e783ab64b,Studio 1131,beb90029-0a9f-4a5c-9b59-42aad489c34d,true,2027-02-20,31
80e6e589-ce72-4910-92d3-88918b48a11d,5476e266-ba3c-4d65-9f62-440e783ab64b,Studio 1131,beb90029-0a9f-4a5c-9b59-42aad489c34d,true,2027-02-21,31
34c91d55-bd7d-4b80-8597-3a87155c7e41,5476e266-ba3c-4d65-9f62-440e783ab64b,Studio 1131,beb90029-0a9f-4a5c-9b59-42aad489c34d,true,2027-02-22,31
8ed65ae6-3494-418d-be54-d7ccf8861bcf,5476e266-ba3c-4d65-9f62-440e783ab64b,Studio 1131,beb90029-0a9f-4a5c-9b59-42aad489c34d,true,2027-02-23,31
43a1c13f-3581-42a1-a53c-25a189d95bb6,5476e266-ba3c-4d65-9f62-440e783ab64b,Studio 1131,beb90029-0a9f-4a5c-9b59-42aad489c34d,true,2027-02-24,31
3068ff30-adfe-4c03-876c-750666aea7dc,5476e266-ba3c-4d65-9f62-440e783ab64b,Studio 1131,beb90029-0a9f-4a5c-9b59-42aad489c34d,true,2027-02-25,31
6875a4b7-06fd-4a55-baf2-8d4e239c9062,5476e266-ba3c-4d65-9f62-440e783ab64b,Studio 1131,beb90029-0a9f-4a5c-9b59-42aad489c34d,true,2027-02-26,31
e28d8629-6718-4b22-a73b-27ccd657d331,5476e266-ba3c-4d65-9f62-440e783ab64b,Studio 1131,beb90029-0a9f-4a5c-9b59-42aad489c34d,true,2027-02-27,31
2aeefc95-50f0-4b13-85c6-1e2a15046360,5476e266-ba3c-4d65-9f62-440e783ab64b,Studio 1131,beb90029-0a9f-4a5c-9b59-42aad489c34d,true,2027-02-28,31
b02730a3-194d-4dfd-9f0e-09cf57f72106,5476e266-ba3c-4d65-9f62-440e783ab64b,Studio 1131,beb90029-0a9f-4a5c-9b59-42aad489c34d,true,2027-03-01,31
52525ace-720c-4ad2-a8bf-f35f5dc1ac47,5476e266-ba3c-4d65-9f62-440e783ab64b,Studio 1131,beb90029-0a9f-4a5c-9b59-42aad489c34d,true,2027-03-02,31
464ca941-cbd1-4a48-85f2-59376a3ea351,5476e266-ba3c-4d65-9f62-440e783ab64b,Studio 1131,beb90029-0a9f-4a5c-9b59-42aad489c34d,true,2027-03-03,31
ce1b5cce-7744-41f5-8985-765404440bfc,5476e266-ba3c-4d65-9f62-440e783ab64b,Studio 1131,beb90029-0a9f-4a5c-9b59-42aad489c34d,true,2027-03-04,31
6c26e3ab-1e0b-4754-976e-3804ff3650cd,5476e266-ba3c-4d65-9f62-440e783ab64b,Studio 1131,beb90029-0a9f-4a5c-9b59-42aad489c34d,true,2027-03-05,31
eb082ad9-60be-4844-9acb-7f8cfcc83696,5476e266-ba3c-4d65-9f62-440e783ab64b,Studio 1131,beb90029-0a9f-4a5c-9b59-42aad489c34d,true,2027-03-06,31
9251e2fe-ba69-46fc-9a06-752db5aa782d,5476e266-ba3c-4d65-9f62-440e783ab64b,Studio 1131,beb90029-0a9f-4a5c-9b59-42aad489c34d,true,2027-03-07,31
f1c7ba35-f7c2-4abc-aca1-668ec40836fb,5476e266-ba3c-4d65-9f62-440e783ab64b,Studio 1131,beb90029-0a9f-4a5c-9b59-42aad489c34d,true,2027-03-08,31
ca44513b-3106-4f70-be75-50fdd5ac89ce,5476e266-ba3c-4d65-9f62-440e783ab64b,Studio 1131,beb90029-0a9f-4a5c-9b59-42aad489c34d,true,2027-03-09,31
f2bf7eb8-3c05-466f-b31a-0b91a334e78a,5476e266-ba3c-4d65-9f62-440e783ab64b,Studio 1131,beb90029-0a9f-4a5c-9b59-42aad489c34d,true,2027-03-10,31
916ed87a-d173-493a-9cc4-47c0903cd72b,5476e266-ba3c-4d65-9f62-440e783ab64b,Studio 1131,beb90029-0a9f-4a5c-9b59-42aad489c34d,true,2027-03-11,31
4632a270-1990-4531-9597-eedac087189d,5476e266-ba3c-4d65-9f62-440e783ab64b,Studio 1131,beb90029-0a9f-4a5c-9b59-42aad489c34d,true,2027-03-12,31
aac246c3-a8d6-477c-b3b4-0e53b47e98f2,5476e266-ba3c-4d65-9f62-440e783ab64b,Studio 1131,beb90029-0a9f-4a5c-9b59-42aad489c34d,true,2027-03-13,31
35e227e3-ea38-413b-ba1f-bde92f7a3bce,5476e266-ba3c-4d65-9f62-440e783ab64b,Studio 1131,beb90029-0a9f-4a5c-9b59-42aad489c34d,true,2027-03-14,31
0a815599-b65b-4ce3-9c8a-35f03897b541,5476e266-ba3c-4d65-9f62-440e783ab64b,Studio 1131,beb90029-0a9f-4a5c-9b59-42aad489c34d,true,2027-03-15,31
c8ea6138-5140-4bbd-b892-613ff04cd116,5476e266-ba3c-4d65-9f62-440e783ab64b,Studio 1131,beb90029-0a9f-4a5c-9b59-42aad489c34d,true,2027-03-16,31
787f344a-298e-4fa6-8caa-76e3e3d83e50,5476e266-ba3c-4d65-9f62-440e783ab64b,Studio 1131,beb90029-0a9f-4a5c-9b59-42aad489c34d,true,2027-03-17,31
5a6384cf-8356-42fa-baa6-8bd8abd3b318,5476e266-ba3c-4d65-9f62-440e783ab64b,Studio 1131,beb90029-0a9f-4a5c-9b59-42aad489c34d,true,2027-03-18,31
18970df7-f9d7-4775-8da2-85e1720a68bb,5476e266-ba3c-4d65-9f62-440e783ab64b,Studio 1131,beb90029-0a9f-4a5c-9b59-42aad489c34d,true,2027-03-19,31
7a9521c9-ce60-4e6b-a981-e1a455890b35,5476e266-ba3c-4d65-9f62-440e783ab64b,Studio 1131,beb90029-0a9f-4a5c-9b59-42aad489c34d,true,2027-03-20,31
e4515cbf-4a81-46ff-9a49-9e1e5f7b7cfb,5476e266-ba3c-4d65-9f62-440e783ab64b,Studio 1131,beb90029-0a9f-4a5c-9b59-42aad489c34d,true,2027-03-21,31
b48e0207-8b6b-4f7c-a431-509c573ac6b9,5476e266-ba3c-4d65-9f62-440e783ab64b,Studio 1131,beb90029-0a9f-4a5c-9b59-42aad489c34d,true,2027-03-22,31
04192c84-cf8d-462f-8bb6-bd3279b4ead2,5476e266-ba3c-4d65-9f62-440e783ab64b,Studio 1131,beb90029-0a9f-4a5c-9b59-42aad489c34d,true,2027-03-23,31
2353f57e-658e-44b1-a1a8-9cf59801a481,5476e266-ba3c-4d65-9f62-440e783ab64b,Studio 1131,beb90029-0a9f-4a5c-9b59-42aad489c34d,true,2027-03-24,31
4b1f86b0-b691-4c62-b41d-3750ca032e0a,5476e266-ba3c-4d65-9f62-440e783ab64b,Studio 1131,beb90029-0a9f-4a5c-9b59-42aad489c34d,true,2027-03-25,31
3d1fbe19-dd86-40bd-87a8-23d2ccb7dce8,5476e266-ba3c-4d65-9f62-440e783ab64b,Studio 1131,beb90029-0a9f-4a5c-9b59-42aad489c34d,true,2027-03-26,31
a8a65ecf-81d6-4d54-8c6d-11d132d50f64,5476e266-ba3c-4d65-9f62-440e783ab64b,Studio 1131,beb90029-0a9f-4a5c-9b59-42aad489c34d,true,2027-03-27,31
3c5969ca-3e07-42e7-8f38-13cd9054ff82,5476e266-ba3c-4d65-9f62-440e783ab64b,Studio 1131,beb90029-0a9f-4a5c-9b59-42aad489c34d,true,2027-03-28,31
72cfb24b-ee6a-4288-8049-732fe8cdd414,5476e266-ba3c-4d65-9f62-440e783ab64b,Studio 1131,beb90029-0a9f-4a5c-9b59-42aad489c34d,true,2027-03-29,31
6d4269b7-0816-4912-b87d-35550ef34894,5476e266-ba3c-4d65-9f62-440e783ab64b,Studio 1131,beb90029-0a9f-4a5c-9b59-42aad489c34d,true,2027-03-30,31
b9e3b60a-9c21-4a2a-9db0-eb73ee82ff8b,5476e266-ba3c-4d65-9f62-440e783ab64b,Studio 1131,beb90029-0a9f-4a5c-9b59-42aad489c34d,true,2027-03-31,31
e69d4fbd-1188-47c4-bdf7-21aa5bbced5c,5476e266-ba3c-4d65-9f62-440e783ab64b,Studio 1131,beb90029-0a9f-4a5c-9b59-42aad489c34d,true,2027-04-01,31
52f384bb-976b-4f52-9460-238d9c463630,5476e266-ba3c-4d65-9f62-440e783ab64b,Studio 1131,beb90029-0a9f-4a5c-9b59-42aad489c34d,true,2027-04-02,31
7f2ad3e5-d0de-46bf-b91c-75e46dafa12d,5476e266-ba3c-4d65-9f62-440e783ab64b,Studio 1131,beb90029-0a9f-4a5c-9b59-42aad489c34d,true,2027-04-03,31
e51ce4bf-a7af-410b-832e-fb2d0aa26036,5476e266-ba3c-4d65-9f62-440e783ab64b,Studio 1131,beb90029-0a9f-4a5c-9b59-42aad489c34d,true,2027-04-04,31
2f920300-30c3-43b0-9c10-fc1f3ab476a2,5476e266-ba3c-4d65-9f62-440e783ab64b,Studio 1131,beb90029-0a9f-4a5c-9b59-42aad489c34d,true,2027-04-05,31
330a46df-aeb6-4c54-ab1a-007a48ef8073,5476e266-ba3c-4d65-9f62-440e783ab64b,Studio 1131,beb90029-0a9f-4a5c-9b59-42aad489c34d,true,2027-04-06,31
9babcbf3-7b08-4fea-bb9b-a4866f892a32,5476e266-ba3c-4d65-9f62-440e783ab64b,Studio 1131,beb90029-0a9f-4a5c-9b59-42aad489c34d,true,2027-04-07,31
edd8334c-1b22-4e6a-8f4f-65d005ed875e,5476e266-ba3c-4d65-9f62-440e783ab64b,Studio 1131,beb90029-0a9f-4a5c-9b59-42aad489c34d,true,2027-04-08,31
f11099f5-7bfa-4bbd-bcb3-62d22372fc18,5476e266-ba3c-4d65-9f62-440e783ab64b,Studio 1131,beb90029-0a9f-4a5c-9b59-42aad489c34d,true,2027-04-09,31
efcc084b-107f-47af-8e4e-be555ded57ea,5476e266-ba3c-4d65-9f62-440e783ab64b,Studio 1131,beb90029-0a9f-4a5c-9b59-42aad489c34d,true,2027-04-10,31
7c42e3ea-0e86-4713-95bc-eee0b706f2fa,5476e266-ba3c-4d65-9f62-440e783ab64b,Studio 1131,beb90029-0a9f-4a5c-9b59-42aad489c34d,true,2027-04-11,31
1cbac305-22dd-49c7-b18f-0c7f5dc57430,5476e266-ba3c-4d65-9f62-440e783ab64b,Studio 1131,beb90029-0a9f-4a5c-9b59-42aad489c34d,true,2027-04-12,31
a43d4481-3987-4077-a706-c15183ed78c9,5476e266-ba3c-4d65-9f62-440e783ab64b,Studio 1131,beb90029-0a9f-4a5c-9b59-42aad489c34d,true,2027-04-13,31
a289d6a6-4067-4067-839b-845fdfc8fcb2,5476e266-ba3c-4d65-9f62-440e783ab64b,Studio 1131,beb90029-0a9f-4a5c-9b59-42aad489c34d,true,2027-04-14,31
d8f44be4-ab15-412c-b5f9-d5eb28e38082,5476e266-ba3c-4d65-9f62-440e783ab64b,Studio 1131,beb90029-0a9f-4a5c-9b59-42aad489c34d,true,2027-04-15,31
da867195-f41b-40cf-a6bd-dea7939b6809,5476e266-ba3c-4d65-9f62-440e783ab64b,Studio 1131,beb90029-0a9f-4a5c-9b59-42aad489c34d,true,2027-04-16,31
a877cbac-54dc-4efe-8d19-b93fdff88d4d,5476e266-ba3c-4d65-9f62-440e783ab64b,Studio 1131,beb90029-0a9f-4a5c-9b59-42aad489c34d,true,2027-04-17,31
a09b56aa-bb85-431f-890e-9c7e7b7caa47,5476e266-ba3c-4d65-9f62-440e783ab64b,Studio 1131,beb90029-0a9f-4a5c-9b59-42aad489c34d,true,2027-04-18,31
2b7344b3-5975-4969-a7e4-fa806fd0b5a9,5476e266-ba3c-4d65-9f62-440e783ab64b,Studio 1131,beb90029-0a9f-4a5c-9b59-42aad489c34d,true,2027-04-19,31
e576d9d3-d2de-4d05-9e00-f58cdb92e33e,5476e266-ba3c-4d65-9f62-440e783ab64b,Studio 1131,beb90029-0a9f-4a5c-9b59-42aad489c34d,true,2027-04-20,31
41af313d-5c9b-49c4-9168-4cf3c281c7c1,5476e266-ba3c-4d65-9f62-440e783ab64b,Studio 1131,beb90029-0a9f-4a5c-9b59-42aad489c34d,true,2027-04-21,31
02f77f2f-8c0b-4fba-8401-f84312a300b1,5476e266-ba3c-4d65-9f62-440e783ab64b,Studio 1131,beb90029-0a9f-4a5c-9b59-42aad489c34d,true,2027-04-22,31
6c88be8b-5bec-4586-ace1-f1a74792b41d,5476e266-ba3c-4d65-9f62-440e783ab64b,Studio 1131,beb90029-0a9f-4a5c-9b59-42aad489c34d,true,2027-04-23,31
0ada116e-e1ce-4fdd-8395-46789da91ac9,5476e266-ba3c-4d65-9f62-440e783ab64b,Studio 1131,beb90029-0a9f-4a5c-9b59-42aad489c34d,true,2027-04-24,31
4b34e418-d9ef-4243-b659-1ec1e2483f05,5476e266-ba3c-4d65-9f62-440e783ab64b,Studio 1131,beb90029-0a9f-4a5c-9b59-42aad489c34d,true,2027-04-25,31
dad7480a-20e5-4e10-ae53-21203215d519,5476e266-ba3c-4d65-9f62-440e783ab64b,Studio 1131,beb90029-0a9f-4a5c-9b59-42aad489c34d,true,2027-04-26,31
95a6e660-13de-4fa1-9093-34985bbc5d1c,5476e266-ba3c-4d65-9f62-440e783ab64b,Studio 1131,beb90029-0a9f-4a5c-9b59-42aad489c34d,true,2027-04-27,31
90470026-8ad5-40c7-976f-5b1a0fad461b,5476e266-ba3c-4d65-9f62-440e783ab64b,Studio 1131,beb90029-0a9f-4a5c-9b59-42aad489c34d,true,2027-04-28,31
16eda0b3-a1fc-4b14-a2de-4b797ac036d4,5476e266-ba3c-4d65-9f62-440e783ab64b,Studio 1131,beb90029-0a9f-4a5c-9b59-42aad489c34d,true,2027-04-29,31
5e8f63a6-7c3d-49d2-8a27-6e8da69335fe,5476e266-ba3c-4d65-9f62-440e783ab64b,Studio 1131,beb90029-0a9f-4a5c-9b59-42aad489c34d,true,2027-04-30,31
6ca97dbb-0a3d-4bbf-9371-c004980cd9ce,5476e266-ba3c-4d65-9f62-440e783ab64b,Studio 1131,beb90029-0a9f-4a5c-9b59-42aad489c34d,true,2027-05-01,31
b8decd2d-f8d4-4386-a323-2bff441ed54c,5476e266-ba3c-4d65-9f62-440e783ab64b,Studio 1131,beb90029-0a9f-4a5c-9b59-42aad489c34d,true,2027-05-02,31
1894e59a-6bbe-4f14-a868-6b1aa434bb5a,5476e266-ba3c-4d65-9f62-440e783ab64b,Studio 1131,beb90029-0a9f-4a5c-9b59-42aad489c34d,true,2027-05-03,31
84cce526-2e57-4739-b3d9-461aac13d51c,5476e266-ba3c-4d65-9f62-440e783ab64b,Studio 1131,beb90029-0a9f-4a5c-9b59-42aad489c34d,true,2027-05-04,31
ad392d35-8fa2-4e4a-b749-e24b1b234a54,5476e266-ba3c-4d65-9f62-440e783ab64b,Studio 1131,beb90029-0a9f-4a5c-9b59-42aad489c34d,true,2027-05-05,31
97f54933-1ffa-4f66-bbd5-d9cabe9e8a3a,5476e266-ba3c-4d65-9f62-440e783ab64b,Studio 1131,beb90029-0a9f-4a5c-9b59-42aad489c34d,true,2027-05-06,31
f66676a5-b6bc-47ce-a7d1-1904be434bc0,5476e266-ba3c-4d65-9f62-440e783ab64b,Studio 1131,beb90029-0a9f-4a5c-9b59-42aad489c34d,true,2027-05-07,31
18ebfea1-3813-4c97-8cab-6438f40941ce,5476e266-ba3c-4d65-9f62-440e783ab64b,Studio 1131,beb90029-0a9f-4a5c-9b59-42aad489c34d,true,2027-05-08,31
5024f0db-1a66-443e-b393-04f282d6c1f6,5476e266-ba3c-4d65-9f62-440e783ab64b,Studio 1131,beb90029-0a9f-4a5c-9b59-42aad489c34d,true,2027-05-09,31
07f921f1-e2f5-4e68-a643-700e317f4933,5476e266-ba3c-4d65-9f62-440e783ab64b,Studio 1131,beb90029-0a9f-4a5c-9b59-42aad489c34d,true,2027-05-10,31
7c2cc0de-5667-47f9-be49-d6d2e05cb4ab,5476e266-ba3c-4d65-9f62-440e783ab64b,Studio 1131,beb90029-0a9f-4a5c-9b59-42aad489c34d,true,2027-05-11,31
801f2b21-5386-474a-9217-3185c92efbed,5476e266-ba3c-4d65-9f62-440e783ab64b,Studio 1131,beb90029-0a9f-4a5c-9b59-42aad489c34d,true,2027-05-12,31
1c353ecb-05d6-4bf6-b963-01d23e01a7e0,5476e266-ba3c-4d65-9f62-440e783ab64b,Studio 1131,beb90029-0a9f-4a5c-9b59-42aad489c34d,true,2027-05-13,31
6d345dc3-dcea-4992-90ec-8d0d98319cfe,5476e266-ba3c-4d65-9f62-440e783ab64b,Studio 1131,beb90029-0a9f-4a5c-9b59-42aad489c34d,true,2027-05-14,31
e000588d-fb4c-4b85-84cb-ea5a62a81c4d,5476e266-ba3c-4d65-9f62-440e783ab64b,Studio 1131,beb90029-0a9f-4a5c-9b59-42aad489c34d,true,2027-05-15,31
a1c3c939-4032-4e23-a2f1-5d410ce0a94f,5476e266-ba3c-4d65-9f62-440e783ab64b,Studio 1131,beb90029-0a9f-4a5c-9b59-42aad489c34d,true,2027-05-16,31
4a0eff90-ca9b-43ba-b59e-87bbf3d18a5b,5476e266-ba3c-4d65-9f62-440e783ab64b,Studio 1131,beb90029-0a9f-4a5c-9b59-42aad489c34d,true,2027-05-17,31
75114c5f-4cdd-4acc-ab16-ec6552d40fe5,5476e266-ba3c-4d65-9f62-440e783ab64b,Studio 1131,beb90029-0a9f-4a5c-9b59-42aad489c34d,true,2027-05-18,31
2ce8a998-7215-4b46-900d-bf93cf08852d,5476e266-ba3c-4d65-9f62-440e783ab64b,Studio 1131,beb90029-0a9f-4a5c-9b59-42aad489c34d,true,2027-05-19,31
bc7d942e-efcf-4f5d-ac71-d1fc93b285c9,5476e266-ba3c-4d65-9f62-440e783ab64b,Studio 1131,beb90029-0a9f-4a5c-9b59-42aad489c34d,true,2027-05-20,31
7ebab4af-82c1-4218-afb3-b1722011e150,5476e266-ba3c-4d65-9f62-440e783ab64b,Studio 1131,beb90029-0a9f-4a5c-9b59-42aad489c34d,true,2027-05-21,31
1f757665-4d06-47ad-834b-fdd2bd78ec60,5476e266-ba3c-4d65-9f62-440e783ab64b,Studio 1131,beb90029-0a9f-4a5c-9b59-42aad489c34d,true,2027-05-22,31
b4bbf9ee-7b4d-4940-8e03-b501548151c4,5476e266-ba3c-4d65-9f62-440e783ab64b,Studio 1131,beb90029-0a9f-4a5c-9b59-42aad489c34d,true,2027-05-23,31
2164fc2e-2e1f-4fc4-953a-446312ac9b95,5476e266-ba3c-4d65-9f62-440e783ab64b,Studio 1131,beb90029-0a9f-4a5c-9b59-42aad489c34d,true,2027-05-24,31
490a72a2-7915-4d37-8a58-ee57fe56a64a,5476e266-ba3c-4d65-9f62-440e783ab64b,Studio 1131,beb90029-0a9f-4a5c-9b59-42aad489c34d,true,2027-05-25,31
c6608402-b925-42da-82f9-4768eed8c9dd,5476e266-ba3c-4d65-9f62-440e783ab64b,Studio 1131,beb90029-0a9f-4a5c-9b59-42aad489c34d,true,2027-05-26,31
be50a8b3-4ac9-40da-9883-f7e4008f700a,5476e266-ba3c-4d65-9f62-440e783ab64b,Studio 1131,beb90029-0a9f-4a5c-9b59-42aad489c34d,true,2027-05-27,31
c9e99d56-a6a3-4c47-9427-1b6523fab9bd,5476e266-ba3c-4d65-9f62-440e783ab64b,Studio 1131,beb90029-0a9f-4a5c-9b59-42aad489c34d,true,2027-05-28,31
ceb77725-afd6-4b0b-a677-e3ca68173ceb,5476e266-ba3c-4d65-9f62-440e783ab64b,Studio 1131,beb90029-0a9f-4a5c-9b59-42aad489c34d,true,2027-05-29,31
e4bf1404-f169-4bf8-b5c0-2fba4260ce0b,5476e266-ba3c-4d65-9f62-440e783ab64b,Studio 1131,beb90029-0a9f-4a5c-9b59-42aad489c34d,true,2027-05-30,31
dba68f3d-b2e5-4c36-8c6e-5b9a24f8ac36,5476e266-ba3c-4d65-9f62-440e783ab64b,Studio 1131,beb90029-0a9f-4a5c-9b59-42aad489c34d,true,2027-05-31,31
eeb97bdc-21cb-469c-8b64-167a12601d45,5476e266-ba3c-4d65-9f62-440e783ab64b,Studio 1131,beb90029-0a9f-4a5c-9b59-42aad489c34d,true,2027-06-01,31
880c892a-8f39-4852-9701-cccf3a934d53,5476e266-ba3c-4d65-9f62-440e783ab64b,Studio 1131,beb90029-0a9f-4a5c-9b59-42aad489c34d,true,2027-06-02,31
903d5817-384a-47e5-b289-f9d10fe1762f,5476e266-ba3c-4d65-9f62-440e783ab64b,Studio 1131,beb90029-0a9f-4a5c-9b59-42aad489c34d,true,2027-06-03,31
0f821ae1-e81e-4345-9ded-47831b9fb560,5476e266-ba3c-4d65-9f62-440e783ab64b,Studio 1131,beb90029-0a9f-4a5c-9b59-42aad489c34d,true,2027-06-04,31
2681a302-082f-43e9-ab9f-192f716a3daa,5476e266-ba3c-4d65-9f62-440e783ab64b,Studio 1131,beb90029-0a9f-4a5c-9b59-42aad489c34d,true,2027-06-05,31
f2cd8d46-4dac-46b9-abd8-792cb8d3cf16,5476e266-ba3c-4d65-9f62-440e783ab64b,Studio 1131,beb90029-0a9f-4a5c-9b59-42aad489c34d,true,2027-06-06,31
2d3211bc-5813-44af-add2-90ce10ea5e69,5476e266-ba3c-4d65-9f62-440e783ab64b,Studio 1131,beb90029-0a9f-4a5c-9b59-42aad489c34d,true,2027-06-07,31
432337d8-82cf-43b7-bfa4-e17c4010d1a4,5476e266-ba3c-4d65-9f62-440e783ab64b,Studio 1131,beb90029-0a9f-4a5c-9b59-42aad489c34d,true,2027-06-08,31
2ae8f4a2-5eb9-4e5c-8014-c34f4f63f326,5476e266-ba3c-4d65-9f62-440e783ab64b,Studio 1131,beb90029-0a9f-4a5c-9b59-42aad489c34d,true,2027-06-09,31
91eb03b3-74f5-4178-9743-cbbc8b396948,5476e266-ba3c-4d65-9f62-440e783ab64b,Studio 1131,beb90029-0a9f-4a5c-9b59-42aad489c34d,true,2027-06-10,31
04d1d76a-4d82-4d8a-84ed-79d58b55b5b6,5476e266-ba3c-4d65-9f62-440e783ab64b,Studio 1131,beb90029-0a9f-4a5c-9b59-42aad489c34d,true,2027-06-11,31
7362b521-5fb2-4da2-8b21-19757a0e8733,5476e266-ba3c-4d65-9f62-440e783ab64b,Studio 1131,beb90029-0a9f-4a5c-9b59-42aad489c34d,true,2027-06-12,31
c8b72e2f-46b8-43be-ac10-1666ce65d7e5,5476e266-ba3c-4d65-9f62-440e783ab64b,Studio 1131,beb90029-0a9f-4a5c-9b59-42aad489c34d,true,2027-06-13,31
4a354f67-82af-49fb-982a-a7ee9b78c259,5476e266-ba3c-4d65-9f62-440e783ab64b,Studio 1131,beb90029-0a9f-4a5c-9b59-42aad489c34d,true,2027-06-14,31
5db432ad-f97d-4f50-9bb9-69be25343f3a,5476e266-ba3c-4d65-9f62-440e783ab64b,Studio 1131,beb90029-0a9f-4a5c-9b59-42aad489c34d,true,2027-06-15,31
d6173f40-28b2-47dc-9296-291b605c15ad,5476e266-ba3c-4d65-9f62-440e783ab64b,Studio 1131,beb90029-0a9f-4a5c-9b59-42aad489c34d,true,2027-06-16,31
d2c5d4e6-7b02-4ef7-898f-4f408a2277fc,5476e266-ba3c-4d65-9f62-440e783ab64b,Studio 1131,beb90029-0a9f-4a5c-9b59-42aad489c34d,true,2027-06-17,31
5001f876-24f2-4028-9e50-44293e27a5dc,5476e266-ba3c-4d65-9f62-440e783ab64b,Studio 1131,beb90029-0a9f-4a5c-9b59-42aad489c34d,true,2027-06-18,31
d473fc4a-cf43-4edc-9a70-b683c4edac2e,5476e266-ba3c-4d65-9f62-440e783ab64b,Studio 1131,beb90029-0a9f-4a5c-9b59-42aad489c34d,true,2027-06-19,31
65c0925f-184d-4e84-8a1a-8cf1a858dd49,5476e266-ba3c-4d65-9f62-440e783ab64b,Studio 1131,beb90029-0a9f-4a5c-9b59-42aad489c34d,true,2027-06-20,31
3fa5aea3-8ac4-4213-953d-6ea398d66039,5476e266-ba3c-4d65-9f62-440e783ab64b,Studio 1131,beb90029-0a9f-4a5c-9b59-42aad489c34d,true,2027-06-21,31
b0334ca7-b9d6-4bbf-81d2-d77b4202a70f,5476e266-ba3c-4d65-9f62-440e783ab64b,Studio 1131,beb90029-0a9f-4a5c-9b59-42aad489c34d,true,2027-06-22,31
fbc4fce0-3362-45d5-87bd-e07c92c98edf,5476e266-ba3c-4d65-9f62-440e783ab64b,Studio 1131,beb90029-0a9f-4a5c-9b59-42aad489c34d,true,2027-06-23,31
f618b661-4b3d-463c-8068-e7eb96aab755,5476e266-ba3c-4d65-9f62-440e783ab64b,Studio 1131,beb90029-0a9f-4a5c-9b59-42aad489c34d,true,2027-06-24,31
19d8ce79-55b8-4f01-a15c-fc9a44dab268,5476e266-ba3c-4d65-9f62-440e783ab64b,Studio 1131,beb90029-0a9f-4a5c-9b59-42aad489c34d,true,2027-06-25,31
7e603121-9eee-4e8c-acb9-1706ed62158a,5476e266-ba3c-4d65-9f62-440e783ab64b,Studio 1131,beb90029-0a9f-4a5c-9b59-42aad489c34d,true,2027-06-26,31
31d1ea3f-1823-4273-b027-d6a07edac85b,5476e266-ba3c-4d65-9f62-440e783ab64b,Studio 1131,beb90029-0a9f-4a5c-9b59-42aad489c34d,true,2027-06-27,31
db8c5074-06d1-4d52-96d4-a4a7ae102477,5476e266-ba3c-4d65-9f62-440e783ab64b,Studio 1131,beb90029-0a9f-4a5c-9b59-42aad489c34d,true,2027-06-28,31
53b62100-7e13-44fd-b909-c93e86fe3363,5476e266-ba3c-4d65-9f62-440e783ab64b,Studio 1131,beb90029-0a9f-4a5c-9b59-42aad489c34d,true,2027-06-29,31
52338dd4-827b-4292-81b5-8721d1670d9d,5476e266-ba3c-4d65-9f62-440e783ab64b,Studio 1131,beb90029-0a9f-4a5c-9b59-42aad489c34d,true,2027-06-30,31
ce02b1c1-90eb-42e3-a085-55ea39a4e026,5476e266-ba3c-4d65-9f62-440e783ab64b,Studio 1131,beb90029-0a9f-4a5c-9b59-42aad489c34d,true,2027-07-01,31
da65eb99-b7ce-4fcd-8ba5-7352f134c567,5476e266-ba3c-4d65-9f62-440e783ab64b,Studio 1131,beb90029-0a9f-4a5c-9b59-42aad489c34d,true,2027-07-02,31
802b57c2-c232-439b-9618-57b7ef4015ca,5476e266-ba3c-4d65-9f62-440e783ab64b,Studio 1131,beb90029-0a9f-4a5c-9b59-42aad489c34d,true,2027-07-03,31
dc70e72d-85ae-4b57-9c19-756544c2165e,5476e266-ba3c-4d65-9f62-440e783ab64b,Studio 1131,beb90029-0a9f-4a5c-9b59-42aad489c34d,true,2027-07-04,31
37232156-170d-4763-b034-f25400d43db8,5476e266-ba3c-4d65-9f62-440e783ab64b,Studio 1131,beb90029-0a9f-4a5c-9b59-42aad489c34d,true,2027-07-05,31
6e38f571-79aa-424d-a46c-ca32d1ffb471,5476e266-ba3c-4d65-9f62-440e783ab64b,Studio 1131,beb90029-0a9f-4a5c-9b59-42aad489c34d,true,2027-07-06,31
84f98464-dd9c-4277-9bfe-0ec15249e982,5476e266-ba3c-4d65-9f62-440e783ab64b,Studio 1131,beb90029-0a9f-4a5c-9b59-42aad489c34d,true,2027-07-07,31
0f7efaae-2f98-4788-9619-df1a00b2cfd7,5476e266-ba3c-4d65-9f62-440e783ab64b,Studio 1131,beb90029-0a9f-4a5c-9b59-42aad489c34d,true,2027-07-08,31
04fda13c-dfb7-415b-969d-e7464d3e6315,5476e266-ba3c-4d65-9f62-440e783ab64b,Studio 1131,beb90029-0a9f-4a5c-9b59-42aad489c34d,true,2027-07-09,31
0ee6f264-c905-4fb7-8c11-d8dc2aedc47f,5476e266-ba3c-4d65-9f62-440e783ab64b,Studio 1131,beb90029-0a9f-4a5c-9b59-42aad489c34d,true,2027-07-10,31
cbc22555-8201-45f3-9bab-834309b311bb,5476e266-ba3c-4d65-9f62-440e783ab64b,Studio 1131,beb90029-0a9f-4a5c-9b59-42aad489c34d,true,2027-07-11,31
d7e4306e-ca50-48b9-b1d6-f9738a759887,5476e266-ba3c-4d65-9f62-440e783ab64b,Studio 1131,beb90029-0a9f-4a5c-9b59-42aad489c34d,true,2027-07-12,31
f39ff941-31c4-476d-a879-22223f5244fd,5476e266-ba3c-4d65-9f62-440e783ab64b,Studio 1131,beb90029-0a9f-4a5c-9b59-42aad489c34d,true,2027-07-13,31
7aace4c6-5cd1-4b49-960c-4a69f2793f11,5476e266-ba3c-4d65-9f62-440e783ab64b,Studio 1131,beb90029-0a9f-4a5c-9b59-42aad489c34d,true,2027-07-14,31
a18679f3-64c6-4642-81b7-0e58c683e711,5476e266-ba3c-4d65-9f62-440e783ab64b,Studio 1131,beb90029-0a9f-4a5c-9b59-42aad489c34d,true,2027-07-15,31
068e6ed0-62ea-49c0-b069-e62e566552a7,5476e266-ba3c-4d65-9f62-440e783ab64b,Studio 1131,beb90029-0a9f-4a5c-9b59-42aad489c34d,true,2027-07-16,31
8062d01b-713b-434b-85b6-88e285b32018,5476e266-ba3c-4d65-9f62-440e783ab64b,Studio 1131,beb90029-0a9f-4a5c-9b59-42aad489c34d,true,2027-07-17,31
2a255a8f-e6b4-435f-b60c-12211e9a1651,5476e266-ba3c-4d65-9f62-440e783ab64b,Studio 1131,beb90029-0a9f-4a5c-9b59-42aad489c34d,true,2027-07-18,31
97d57269-89d9-46da-aa9c-a479ca812fca,5476e266-ba3c-4d65-9f62-440e783ab64b,Studio 1131,beb90029-0a9f-4a5c-9b59-42aad489c34d,true,2027-07-19,31
9f4ffa53-f1eb-49ca-ae47-898d4c47ecbe,5476e266-ba3c-4d65-9f62-440e783ab64b,Studio 1131,beb90029-0a9f-4a5c-9b59-42aad489c34d,true,2027-07-20,31
d60eddf3-701d-4daf-9e69-4f402a50dd9c,5476e266-ba3c-4d65-9f62-440e783ab64b,Studio 1131,beb90029-0a9f-4a5c-9b59-42aad489c34d,true,2027-07-21,31
b3487ed0-3596-462f-80ec-3c37cd28f2af,5476e266-ba3c-4d65-9f62-440e783ab64b,Studio 1131,beb90029-0a9f-4a5c-9b59-42aad489c34d,true,2027-07-22,31
5c644ffb-bccc-45f3-b1ec-55c8fe3eb8df,5476e266-ba3c-4d65-9f62-440e783ab64b,Studio 1131,beb90029-0a9f-4a5c-9b59-42aad489c34d,true,2027-07-23,31
4d340a33-8db4-4bb4-a42c-8f53299c4b91,5476e266-ba3c-4d65-9f62-440e783ab64b,Studio 1131,beb90029-0a9f-4a5c-9b59-42aad489c34d,true,2027-07-24,31
7b196512-fd67-41b6-be8d-159e1809e81b,5476e266-ba3c-4d65-9f62-440e783ab64b,Studio 1131,beb90029-0a9f-4a5c-9b59-42aad489c34d,true,2027-07-25,31
abd7dbfc-bd75-497f-b1fe-b5edf5f395c8,5476e266-ba3c-4d65-9f62-440e783ab64b,Studio 1131,beb90029-0a9f-4a5c-9b59-42aad489c34d,true,2027-07-26,31
6558781e-9c1e-42cf-916b-2f250edc6942,5476e266-ba3c-4d65-9f62-440e783ab64b,Studio 1131,beb90029-0a9f-4a5c-9b59-42aad489c34d,true,2027-07-27,31
2e011ff9-5dfc-4312-bee2-7c91a6f9e4c8,5476e266-ba3c-4d65-9f62-440e783ab64b,Studio 1131,beb90029-0a9f-4a5c-9b59-42aad489c34d,true,2027-07-28,31
c451598c-91ee-4125-8c0a-c16053e8b7fb,5476e266-ba3c-4d65-9f62-440e783ab64b,Studio 1131,beb90029-0a9f-4a5c-9b59-42aad489c34d,true,2027-07-29,31
34aa49a8-2c0a-4b04-b762-2597e759b13f,5476e266-ba3c-4d65-9f62-440e783ab64b,Studio 1131,beb90029-0a9f-4a5c-9b59-42aad489c34d,true,2027-07-30,31
00063230-71b5-4b07-8bad-616cdad3aa27,5476e266-ba3c-4d65-9f62-440e783ab64b,Studio 1131,beb90029-0a9f-4a5c-9b59-42aad489c34d,true,2027-07-31,31
3e8423d6-0fd3-4aec-8d94-5b176e93f37a,5476e266-ba3c-4d65-9f62-440e783ab64b,Studio 1131,beb90029-0a9f-4a5c-9b59-42aad489c34d,true,2027-08-01,31
955e6711-9d4f-4e96-bc19-40c739b7672d,5476e266-ba3c-4d65-9f62-440e783ab64b,Studio 1131,beb90029-0a9f-4a5c-9b59-42aad489c34d,true,2027-08-02,31
b64d61cd-911e-4946-9396-c8a93d87c939,5476e266-ba3c-4d65-9f62-440e783ab64b,Studio 1131,beb90029-0a9f-4a5c-9b59-42aad489c34d,true,2027-08-03,31
adb9579e-707a-4a20-b440-f0c0e010d0b3,81472ca4-6a22-409d-9185-f748b4dc3b28,Studio Delux with Sea View - 1130,eb9fb6bd-6217-4618-a83c-a3b544c7c907,true,2026-07-05,31
3d8af9a7-7b03-45ad-bac2-f1782147dd30,81472ca4-6a22-409d-9185-f748b4dc3b28,Studio Delux with Sea View - 1130,eb9fb6bd-6217-4618-a83c-a3b544c7c907,true,2026-07-06,31
afe2a9c7-98be-48b9-9d8a-c88736a62640,81472ca4-6a22-409d-9185-f748b4dc3b28,Studio Delux with Sea View - 1130,eb9fb6bd-6217-4618-a83c-a3b544c7c907,true,2026-07-07,31
b6d733b3-ff11-4f7e-a619-9ea36c864c7b,81472ca4-6a22-409d-9185-f748b4dc3b28,Studio Delux with Sea View - 1130,eb9fb6bd-6217-4618-a83c-a3b544c7c907,true,2026-07-08,31
d4f3b4be-2604-40a3-8182-64f2214d0457,81472ca4-6a22-409d-9185-f748b4dc3b28,Studio Delux with Sea View - 1130,eb9fb6bd-6217-4618-a83c-a3b544c7c907,true,2026-07-09,31
d93b5497-51e0-446d-8885-765646bd1a2f,81472ca4-6a22-409d-9185-f748b4dc3b28,Studio Delux with Sea View - 1130,eb9fb6bd-6217-4618-a83c-a3b544c7c907,true,2026-07-10,31
f09a8a9b-2206-4e42-9a6c-7355a18409d2,81472ca4-6a22-409d-9185-f748b4dc3b28,Studio Delux with Sea View - 1130,eb9fb6bd-6217-4618-a83c-a3b544c7c907,true,2026-07-11,31
b8089dd1-ff20-4d1a-a89d-bc86d4f4e96e,81472ca4-6a22-409d-9185-f748b4dc3b28,Studio Delux with Sea View - 1130,eb9fb6bd-6217-4618-a83c-a3b544c7c907,true,2026-07-12,31
8d75e0c7-d7f9-4034-9f19-1ce3e174c9ca,81472ca4-6a22-409d-9185-f748b4dc3b28,Studio Delux with Sea View - 1130,eb9fb6bd-6217-4618-a83c-a3b544c7c907,true,2026-07-13,31
d12e6f03-aba5-489e-97e4-459767259f42,81472ca4-6a22-409d-9185-f748b4dc3b28,Studio Delux with Sea View - 1130,eb9fb6bd-6217-4618-a83c-a3b544c7c907,true,2026-07-14,31
f5ea8675-e341-4b50-be8f-1a5a322ba982,81472ca4-6a22-409d-9185-f748b4dc3b28,Studio Delux with Sea View - 1130,eb9fb6bd-6217-4618-a83c-a3b544c7c907,true,2026-07-15,31
d2ffe0e4-2367-48fd-9e89-7c898948e96a,81472ca4-6a22-409d-9185-f748b4dc3b28,Studio Delux with Sea View - 1130,eb9fb6bd-6217-4618-a83c-a3b544c7c907,true,2026-07-16,31
389b4949-08d7-4cbc-a97e-f083cf984052,81472ca4-6a22-409d-9185-f748b4dc3b28,Studio Delux with Sea View - 1130,eb9fb6bd-6217-4618-a83c-a3b544c7c907,true,2026-07-17,31
1f45bd57-5647-4f22-a428-2eb031f111e7,81472ca4-6a22-409d-9185-f748b4dc3b28,Studio Delux with Sea View - 1130,eb9fb6bd-6217-4618-a83c-a3b544c7c907,true,2026-07-18,31
87415d98-cb01-450d-97c7-f7780b9e9b33,81472ca4-6a22-409d-9185-f748b4dc3b28,Studio Delux with Sea View - 1130,eb9fb6bd-6217-4618-a83c-a3b544c7c907,true,2026-07-19,31
dec454db-4bc4-4bee-ab39-4154d36d7366,81472ca4-6a22-409d-9185-f748b4dc3b28,Studio Delux with Sea View - 1130,eb9fb6bd-6217-4618-a83c-a3b544c7c907,true,2026-07-20,31
2e7d0439-0259-440e-9198-667d1b83a8eb,81472ca4-6a22-409d-9185-f748b4dc3b28,Studio Delux with Sea View - 1130,eb9fb6bd-6217-4618-a83c-a3b544c7c907,true,2026-07-21,31
265f1af0-a34a-4acb-9aca-981e966dfb37,81472ca4-6a22-409d-9185-f748b4dc3b28,Studio Delux with Sea View - 1130,eb9fb6bd-6217-4618-a83c-a3b544c7c907,true,2026-07-22,31
eceea3cd-eb4a-4de3-b185-829ea2a79b14,81472ca4-6a22-409d-9185-f748b4dc3b28,Studio Delux with Sea View - 1130,eb9fb6bd-6217-4618-a83c-a3b544c7c907,true,2026-07-23,31
ce0f3c50-3945-4798-a7e4-d5e5ce34e501,81472ca4-6a22-409d-9185-f748b4dc3b28,Studio Delux with Sea View - 1130,eb9fb6bd-6217-4618-a83c-a3b544c7c907,true,2026-07-24,31
d5f0cce9-088e-4daf-add8-b06bacffa12a,81472ca4-6a22-409d-9185-f748b4dc3b28,Studio Delux with Sea View - 1130,eb9fb6bd-6217-4618-a83c-a3b544c7c907,true,2026-07-25,31
5c73a545-6617-4e21-9ae7-f75d593d99b1,81472ca4-6a22-409d-9185-f748b4dc3b28,Studio Delux with Sea View - 1130,eb9fb6bd-6217-4618-a83c-a3b544c7c907,true,2026-07-26,31
91b41df7-bccc-4591-9879-6a6e270ca17b,81472ca4-6a22-409d-9185-f748b4dc3b28,Studio Delux with Sea View - 1130,eb9fb6bd-6217-4618-a83c-a3b544c7c907,true,2026-07-27,31
fbf1bfc9-c566-4d25-b717-aa5472511ac0,81472ca4-6a22-409d-9185-f748b4dc3b28,Studio Delux with Sea View - 1130,eb9fb6bd-6217-4618-a83c-a3b544c7c907,true,2026-07-28,31
36a4590d-c04e-4c70-8f79-bb038e60ae36,81472ca4-6a22-409d-9185-f748b4dc3b28,Studio Delux with Sea View - 1130,eb9fb6bd-6217-4618-a83c-a3b544c7c907,true,2026-07-29,31
0065d75e-829c-4254-9eab-0ac2750c7898,81472ca4-6a22-409d-9185-f748b4dc3b28,Studio Delux with Sea View - 1130,eb9fb6bd-6217-4618-a83c-a3b544c7c907,true,2026-07-30,31
ef65fcc2-87d9-4f79-b022-a4872a9f5170,81472ca4-6a22-409d-9185-f748b4dc3b28,Studio Delux with Sea View - 1130,eb9fb6bd-6217-4618-a83c-a3b544c7c907,true,2026-07-31,31
a8ea5896-84e6-4c8d-b501-98fdfd5fff29,81472ca4-6a22-409d-9185-f748b4dc3b28,Studio Delux with Sea View - 1130,eb9fb6bd-6217-4618-a83c-a3b544c7c907,true,2026-08-01,31
97c7daea-cba3-46bd-89ab-15c6cad004ae,81472ca4-6a22-409d-9185-f748b4dc3b28,Studio Delux with Sea View - 1130,eb9fb6bd-6217-4618-a83c-a3b544c7c907,true,2026-08-02,31
048e03d5-6710-4029-b877-1fb29f81a3c2,81472ca4-6a22-409d-9185-f748b4dc3b28,Studio Delux with Sea View - 1130,eb9fb6bd-6217-4618-a83c-a3b544c7c907,true,2026-08-03,31
df394b55-ba52-4063-8ce0-7ee2cbb98fc2,81472ca4-6a22-409d-9185-f748b4dc3b28,Studio Delux with Sea View - 1130,eb9fb6bd-6217-4618-a83c-a3b544c7c907,true,2026-08-04,31
1a85e2d8-a59b-45ad-b7d6-7367b11030f3,81472ca4-6a22-409d-9185-f748b4dc3b28,Studio Delux with Sea View - 1130,eb9fb6bd-6217-4618-a83c-a3b544c7c907,true,2026-08-05,31
d8575b75-cb92-4e9a-b929-23a75b1f69d7,81472ca4-6a22-409d-9185-f748b4dc3b28,Studio Delux with Sea View - 1130,eb9fb6bd-6217-4618-a83c-a3b544c7c907,true,2026-08-06,31
bdaddde5-a91b-4262-81c7-3f6773de8433,81472ca4-6a22-409d-9185-f748b4dc3b28,Studio Delux with Sea View - 1130,eb9fb6bd-6217-4618-a83c-a3b544c7c907,true,2026-08-07,31
1acbed9e-279c-40b4-a54b-09b24202b425,81472ca4-6a22-409d-9185-f748b4dc3b28,Studio Delux with Sea View - 1130,eb9fb6bd-6217-4618-a83c-a3b544c7c907,true,2026-08-08,31
1ac67c89-43fa-4e4c-9b9c-ac00b4c3ee0f,81472ca4-6a22-409d-9185-f748b4dc3b28,Studio Delux with Sea View - 1130,eb9fb6bd-6217-4618-a83c-a3b544c7c907,true,2026-08-09,31
a8ab13cc-ee31-4aee-a6d0-c0a32c5912db,81472ca4-6a22-409d-9185-f748b4dc3b28,Studio Delux with Sea View - 1130,eb9fb6bd-6217-4618-a83c-a3b544c7c907,true,2026-08-10,31
d119502c-a0f9-4873-b6ce-b4ec2ac8bdb2,81472ca4-6a22-409d-9185-f748b4dc3b28,Studio Delux with Sea View - 1130,eb9fb6bd-6217-4618-a83c-a3b544c7c907,true,2026-08-11,31
e9de18f5-643d-4e56-b2d4-df1b74cdd202,81472ca4-6a22-409d-9185-f748b4dc3b28,Studio Delux with Sea View - 1130,eb9fb6bd-6217-4618-a83c-a3b544c7c907,true,2026-08-12,31
fb30f750-1eb4-4a2a-a8fe-312f73f633bd,81472ca4-6a22-409d-9185-f748b4dc3b28,Studio Delux with Sea View - 1130,eb9fb6bd-6217-4618-a83c-a3b544c7c907,true,2026-08-13,31
6ff6fd2f-6cc1-404a-8fee-f14ffb6da618,81472ca4-6a22-409d-9185-f748b4dc3b28,Studio Delux with Sea View - 1130,eb9fb6bd-6217-4618-a83c-a3b544c7c907,true,2026-08-14,31
c1bb15cb-c99d-480e-bde5-6c0f87dcbbbf,81472ca4-6a22-409d-9185-f748b4dc3b28,Studio Delux with Sea View - 1130,eb9fb6bd-6217-4618-a83c-a3b544c7c907,true,2026-08-15,31
7bc92bf9-2eeb-4e12-8327-730eb59571b5,81472ca4-6a22-409d-9185-f748b4dc3b28,Studio Delux with Sea View - 1130,eb9fb6bd-6217-4618-a83c-a3b544c7c907,true,2026-08-16,31
f7972c6a-f194-4307-8f86-2906abca95a6,81472ca4-6a22-409d-9185-f748b4dc3b28,Studio Delux with Sea View - 1130,eb9fb6bd-6217-4618-a83c-a3b544c7c907,true,2026-08-17,31
52b8b346-09b1-4fef-88dc-ea4f85183217,81472ca4-6a22-409d-9185-f748b4dc3b28,Studio Delux with Sea View - 1130,eb9fb6bd-6217-4618-a83c-a3b544c7c907,true,2026-08-18,31
9fb86ddf-1861-4b08-bfba-7dcb922ce1c9,81472ca4-6a22-409d-9185-f748b4dc3b28,Studio Delux with Sea View - 1130,eb9fb6bd-6217-4618-a83c-a3b544c7c907,true,2026-08-19,31
51251ae4-a4a9-4db3-b7a7-5debbc6ce253,81472ca4-6a22-409d-9185-f748b4dc3b28,Studio Delux with Sea View - 1130,eb9fb6bd-6217-4618-a83c-a3b544c7c907,true,2026-08-20,31
c63dcbd3-770a-442a-8e46-e0d0c78be144,81472ca4-6a22-409d-9185-f748b4dc3b28,Studio Delux with Sea View - 1130,eb9fb6bd-6217-4618-a83c-a3b544c7c907,true,2026-08-21,31
2708c5c2-29a4-43cf-b204-8dd3fe246586,81472ca4-6a22-409d-9185-f748b4dc3b28,Studio Delux with Sea View - 1130,eb9fb6bd-6217-4618-a83c-a3b544c7c907,true,2026-08-22,31
a101c7c4-fa0e-4d30-9793-b3054de981ec,81472ca4-6a22-409d-9185-f748b4dc3b28,Studio Delux with Sea View - 1130,eb9fb6bd-6217-4618-a83c-a3b544c7c907,true,2026-08-23,31
db9a8c2e-c316-409a-a4dd-df7e612e207f,81472ca4-6a22-409d-9185-f748b4dc3b28,Studio Delux with Sea View - 1130,eb9fb6bd-6217-4618-a83c-a3b544c7c907,true,2026-08-24,31
a66b682a-6c69-4f3a-ba94-59a1b9ab52cf,81472ca4-6a22-409d-9185-f748b4dc3b28,Studio Delux with Sea View - 1130,eb9fb6bd-6217-4618-a83c-a3b544c7c907,true,2026-08-25,31
382fe849-ae2a-4cff-9704-e12b3163ecfe,81472ca4-6a22-409d-9185-f748b4dc3b28,Studio Delux with Sea View - 1130,eb9fb6bd-6217-4618-a83c-a3b544c7c907,true,2026-08-26,31
3e277f57-7521-4f31-8de1-43fc5eef7b23,81472ca4-6a22-409d-9185-f748b4dc3b28,Studio Delux with Sea View - 1130,eb9fb6bd-6217-4618-a83c-a3b544c7c907,true,2026-08-27,31
034dc247-e26a-4207-8eb8-f01e16c38dd3,81472ca4-6a22-409d-9185-f748b4dc3b28,Studio Delux with Sea View - 1130,eb9fb6bd-6217-4618-a83c-a3b544c7c907,true,2026-08-28,31
fb61e025-803e-47a2-9ccd-656ae62bc09e,81472ca4-6a22-409d-9185-f748b4dc3b28,Studio Delux with Sea View - 1130,eb9fb6bd-6217-4618-a83c-a3b544c7c907,true,2026-08-29,31
bec2680f-e5db-4974-ba8c-477bd4496f00,81472ca4-6a22-409d-9185-f748b4dc3b28,Studio Delux with Sea View - 1130,eb9fb6bd-6217-4618-a83c-a3b544c7c907,true,2026-08-30,31
29ecb4ab-1c12-432c-bb33-4968ead98e13,81472ca4-6a22-409d-9185-f748b4dc3b28,Studio Delux with Sea View - 1130,eb9fb6bd-6217-4618-a83c-a3b544c7c907,true,2026-08-31,31
abcc7303-dfa1-4cc8-8c9e-21b80c0747bb,81472ca4-6a22-409d-9185-f748b4dc3b28,Studio Delux with Sea View - 1130,eb9fb6bd-6217-4618-a83c-a3b544c7c907,true,2026-09-01,31
e054953a-d490-4622-9653-4426f9f6976a,81472ca4-6a22-409d-9185-f748b4dc3b28,Studio Delux with Sea View - 1130,eb9fb6bd-6217-4618-a83c-a3b544c7c907,true,2026-09-02,31
3a8642b4-4d58-4dfd-bed5-99d52d80c150,81472ca4-6a22-409d-9185-f748b4dc3b28,Studio Delux with Sea View - 1130,eb9fb6bd-6217-4618-a83c-a3b544c7c907,true,2026-09-03,31
4755ea00-6cab-4cd1-8680-bb2ed9b16ecd,81472ca4-6a22-409d-9185-f748b4dc3b28,Studio Delux with Sea View - 1130,eb9fb6bd-6217-4618-a83c-a3b544c7c907,true,2026-09-04,31
4ee5e17f-d2b0-49a1-a968-d6628bd43bbe,81472ca4-6a22-409d-9185-f748b4dc3b28,Studio Delux with Sea View - 1130,eb9fb6bd-6217-4618-a83c-a3b544c7c907,true,2026-09-05,31
71c929b7-4655-4c6b-871b-112c15b0d300,81472ca4-6a22-409d-9185-f748b4dc3b28,Studio Delux with Sea View - 1130,eb9fb6bd-6217-4618-a83c-a3b544c7c907,true,2026-09-06,31
86995db6-f99c-4703-832b-5f2d15f6e329,81472ca4-6a22-409d-9185-f748b4dc3b28,Studio Delux with Sea View - 1130,eb9fb6bd-6217-4618-a83c-a3b544c7c907,true,2026-09-07,31
3cc168ff-2e06-4e2d-945f-f0f0be184a0a,81472ca4-6a22-409d-9185-f748b4dc3b28,Studio Delux with Sea View - 1130,eb9fb6bd-6217-4618-a83c-a3b544c7c907,true,2026-09-08,31
9e7921f7-c9d3-4a52-a6c8-fe12252cbea8,81472ca4-6a22-409d-9185-f748b4dc3b28,Studio Delux with Sea View - 1130,eb9fb6bd-6217-4618-a83c-a3b544c7c907,true,2026-09-09,31
cdcd1769-f790-4a3d-a45a-a1b6ad55749d,81472ca4-6a22-409d-9185-f748b4dc3b28,Studio Delux with Sea View - 1130,eb9fb6bd-6217-4618-a83c-a3b544c7c907,true,2026-09-10,31
a76145cf-d0f1-4ef1-a055-9fee3f0dc525,81472ca4-6a22-409d-9185-f748b4dc3b28,Studio Delux with Sea View - 1130,eb9fb6bd-6217-4618-a83c-a3b544c7c907,true,2026-09-11,31
126e31b4-2d55-43f0-ae16-7f373bf5ae1d,81472ca4-6a22-409d-9185-f748b4dc3b28,Studio Delux with Sea View - 1130,eb9fb6bd-6217-4618-a83c-a3b544c7c907,true,2026-09-12,31
8613327b-87fa-49b8-a882-1a7ad5864ce6,81472ca4-6a22-409d-9185-f748b4dc3b28,Studio Delux with Sea View - 1130,eb9fb6bd-6217-4618-a83c-a3b544c7c907,true,2026-09-13,31
6eeae93d-29db-4b97-9b6e-c996fb3388c6,81472ca4-6a22-409d-9185-f748b4dc3b28,Studio Delux with Sea View - 1130,eb9fb6bd-6217-4618-a83c-a3b544c7c907,true,2026-09-14,31
1eacc9d3-a190-43b4-a8ef-43b71da90257,81472ca4-6a22-409d-9185-f748b4dc3b28,Studio Delux with Sea View - 1130,eb9fb6bd-6217-4618-a83c-a3b544c7c907,true,2026-09-15,31
289833fb-0ea5-447a-8ecd-f638ba4fdd84,81472ca4-6a22-409d-9185-f748b4dc3b28,Studio Delux with Sea View - 1130,eb9fb6bd-6217-4618-a83c-a3b544c7c907,true,2026-09-16,31
67d3de4d-d53e-4a61-9b18-1d818923cd5a,81472ca4-6a22-409d-9185-f748b4dc3b28,Studio Delux with Sea View - 1130,eb9fb6bd-6217-4618-a83c-a3b544c7c907,true,2026-09-17,31
f6d7d50d-5dfc-4bbe-8785-0b3c0e1506f5,81472ca4-6a22-409d-9185-f748b4dc3b28,Studio Delux with Sea View - 1130,eb9fb6bd-6217-4618-a83c-a3b544c7c907,true,2026-09-18,31
a8cb36ba-6579-4c2b-a318-379c89285e21,81472ca4-6a22-409d-9185-f748b4dc3b28,Studio Delux with Sea View - 1130,eb9fb6bd-6217-4618-a83c-a3b544c7c907,true,2026-09-19,31
feb841ee-ce9a-4355-999c-9ac7ce69c7d3,81472ca4-6a22-409d-9185-f748b4dc3b28,Studio Delux with Sea View - 1130,eb9fb6bd-6217-4618-a83c-a3b544c7c907,true,2026-09-20,31
8bf4c831-f161-4066-ba7c-6a087bbe9dcc,81472ca4-6a22-409d-9185-f748b4dc3b28,Studio Delux with Sea View - 1130,eb9fb6bd-6217-4618-a83c-a3b544c7c907,true,2026-09-21,31
8261bb23-f50a-4380-8a16-f63e5a4a4c49,81472ca4-6a22-409d-9185-f748b4dc3b28,Studio Delux with Sea View - 1130,eb9fb6bd-6217-4618-a83c-a3b544c7c907,true,2026-09-22,31
59091972-616d-40b3-8312-b932a43a91ab,81472ca4-6a22-409d-9185-f748b4dc3b28,Studio Delux with Sea View - 1130,eb9fb6bd-6217-4618-a83c-a3b544c7c907,true,2026-09-23,31
8c227b0e-6bc7-4c8f-a6af-8b13dee97950,81472ca4-6a22-409d-9185-f748b4dc3b28,Studio Delux with Sea View - 1130,eb9fb6bd-6217-4618-a83c-a3b544c7c907,true,2026-09-24,31
6b3e9f6a-c415-4dac-a4f4-8e2231166a80,81472ca4-6a22-409d-9185-f748b4dc3b28,Studio Delux with Sea View - 1130,eb9fb6bd-6217-4618-a83c-a3b544c7c907,true,2026-09-25,31
88b8c014-9ebc-45ad-9868-e6aa7f16aba9,81472ca4-6a22-409d-9185-f748b4dc3b28,Studio Delux with Sea View - 1130,eb9fb6bd-6217-4618-a83c-a3b544c7c907,true,2026-09-26,31
3c9e175b-d379-4a3f-b4a7-0bb776ece773,81472ca4-6a22-409d-9185-f748b4dc3b28,Studio Delux with Sea View - 1130,eb9fb6bd-6217-4618-a83c-a3b544c7c907,true,2026-09-27,31
381342e9-e4d5-4a9f-a41d-466508f03e23,81472ca4-6a22-409d-9185-f748b4dc3b28,Studio Delux with Sea View - 1130,eb9fb6bd-6217-4618-a83c-a3b544c7c907,true,2026-09-28,31
4f181eb9-54da-490d-bea9-09e3d4b6e44f,81472ca4-6a22-409d-9185-f748b4dc3b28,Studio Delux with Sea View - 1130,eb9fb6bd-6217-4618-a83c-a3b544c7c907,true,2026-09-29,31
d74a7629-4ece-4844-adf0-d8d882ec284d,81472ca4-6a22-409d-9185-f748b4dc3b28,Studio Delux with Sea View - 1130,eb9fb6bd-6217-4618-a83c-a3b544c7c907,true,2026-09-30,31
b08701be-d0b5-469b-bf83-15dc9afa8f2c,81472ca4-6a22-409d-9185-f748b4dc3b28,Studio Delux with Sea View - 1130,eb9fb6bd-6217-4618-a83c-a3b544c7c907,true,2026-10-01,31
14ae686e-bfbc-4067-8e9c-71cd2a06f1ab,81472ca4-6a22-409d-9185-f748b4dc3b28,Studio Delux with Sea View - 1130,eb9fb6bd-6217-4618-a83c-a3b544c7c907,true,2026-10-02,31
c314eaca-8376-4f02-bfe6-3f1588d39663,81472ca4-6a22-409d-9185-f748b4dc3b28,Studio Delux with Sea View - 1130,eb9fb6bd-6217-4618-a83c-a3b544c7c907,true,2026-10-03,31
79158f9d-7e47-46d2-94af-3cbef405774e,81472ca4-6a22-409d-9185-f748b4dc3b28,Studio Delux with Sea View - 1130,eb9fb6bd-6217-4618-a83c-a3b544c7c907,true,2026-10-04,31
4f12f29a-351c-4578-afed-efba923ea52b,81472ca4-6a22-409d-9185-f748b4dc3b28,Studio Delux with Sea View - 1130,eb9fb6bd-6217-4618-a83c-a3b544c7c907,true,2026-10-05,31
09d1844c-06ff-4da1-a895-c7a98cff6455,81472ca4-6a22-409d-9185-f748b4dc3b28,Studio Delux with Sea View - 1130,eb9fb6bd-6217-4618-a83c-a3b544c7c907,true,2026-10-06,31
097eefe8-be88-44ef-9a3d-2771d3c4fd38,81472ca4-6a22-409d-9185-f748b4dc3b28,Studio Delux with Sea View - 1130,eb9fb6bd-6217-4618-a83c-a3b544c7c907,true,2026-10-07,31
35586270-3518-41a4-a7e9-d8442bdacca3,81472ca4-6a22-409d-9185-f748b4dc3b28,Studio Delux with Sea View - 1130,eb9fb6bd-6217-4618-a83c-a3b544c7c907,true,2026-10-08,31
001ceccf-8a89-4c16-a354-7a19945b3d27,81472ca4-6a22-409d-9185-f748b4dc3b28,Studio Delux with Sea View - 1130,eb9fb6bd-6217-4618-a83c-a3b544c7c907,true,2026-10-09,31
cbaffbdf-e518-4a62-9c5b-78c5ea72dcff,81472ca4-6a22-409d-9185-f748b4dc3b28,Studio Delux with Sea View - 1130,eb9fb6bd-6217-4618-a83c-a3b544c7c907,true,2026-10-10,31
5eb1b7fa-ec49-459d-b128-eccf3e25d6c8,81472ca4-6a22-409d-9185-f748b4dc3b28,Studio Delux with Sea View - 1130,eb9fb6bd-6217-4618-a83c-a3b544c7c907,true,2026-10-11,31
373dbe89-6dad-4cda-99e7-f92a6152925a,81472ca4-6a22-409d-9185-f748b4dc3b28,Studio Delux with Sea View - 1130,eb9fb6bd-6217-4618-a83c-a3b544c7c907,true,2026-10-12,31
5e870950-4808-4ab0-b0a1-722368da0c98,81472ca4-6a22-409d-9185-f748b4dc3b28,Studio Delux with Sea View - 1130,eb9fb6bd-6217-4618-a83c-a3b544c7c907,true,2026-10-13,31
5b3184c8-c0e3-4d14-a147-36fd7e9f762e,81472ca4-6a22-409d-9185-f748b4dc3b28,Studio Delux with Sea View - 1130,eb9fb6bd-6217-4618-a83c-a3b544c7c907,true,2026-10-14,31
b4e24859-4130-468c-8a3d-6b03c5fe5e27,81472ca4-6a22-409d-9185-f748b4dc3b28,Studio Delux with Sea View - 1130,eb9fb6bd-6217-4618-a83c-a3b544c7c907,true,2026-10-15,31
49eebe81-ef0d-4a75-9813-62a552c75394,81472ca4-6a22-409d-9185-f748b4dc3b28,Studio Delux with Sea View - 1130,eb9fb6bd-6217-4618-a83c-a3b544c7c907,true,2026-10-16,31
16ea820d-70ea-4af2-8cf2-0f0bac6785c6,81472ca4-6a22-409d-9185-f748b4dc3b28,Studio Delux with Sea View - 1130,eb9fb6bd-6217-4618-a83c-a3b544c7c907,true,2026-10-17,31
41b8d1af-cc8e-452c-9931-31556feab5a6,81472ca4-6a22-409d-9185-f748b4dc3b28,Studio Delux with Sea View - 1130,eb9fb6bd-6217-4618-a83c-a3b544c7c907,true,2026-10-18,31
eac03d0a-950d-4c4a-83a6-34d4657bced9,81472ca4-6a22-409d-9185-f748b4dc3b28,Studio Delux with Sea View - 1130,eb9fb6bd-6217-4618-a83c-a3b544c7c907,true,2026-10-19,31
4a49f8bd-984b-481c-b089-2d015232303b,81472ca4-6a22-409d-9185-f748b4dc3b28,Studio Delux with Sea View - 1130,eb9fb6bd-6217-4618-a83c-a3b544c7c907,true,2026-10-20,31
29020ee6-23ad-46c4-adff-e01e0beb2159,81472ca4-6a22-409d-9185-f748b4dc3b28,Studio Delux with Sea View - 1130,eb9fb6bd-6217-4618-a83c-a3b544c7c907,true,2026-10-21,31
cfbdb0cf-a167-4a98-861a-c8ff99d6d197,81472ca4-6a22-409d-9185-f748b4dc3b28,Studio Delux with Sea View - 1130,eb9fb6bd-6217-4618-a83c-a3b544c7c907,true,2026-10-22,31
96e012a2-4110-4355-b0a6-f29f03ad99da,81472ca4-6a22-409d-9185-f748b4dc3b28,Studio Delux with Sea View - 1130,eb9fb6bd-6217-4618-a83c-a3b544c7c907,true,2026-10-23,31
54e31fb2-3072-4106-aec3-a7e211afc767,81472ca4-6a22-409d-9185-f748b4dc3b28,Studio Delux with Sea View - 1130,eb9fb6bd-6217-4618-a83c-a3b544c7c907,true,2026-10-24,31
00873013-6826-4472-8e1d-510d07abeb31,81472ca4-6a22-409d-9185-f748b4dc3b28,Studio Delux with Sea View - 1130,eb9fb6bd-6217-4618-a83c-a3b544c7c907,true,2026-10-25,31
b0e3627c-ce55-4dea-a96e-0f3337434eff,81472ca4-6a22-409d-9185-f748b4dc3b28,Studio Delux with Sea View - 1130,eb9fb6bd-6217-4618-a83c-a3b544c7c907,true,2026-10-26,31
9cc394e1-d4cb-4e1a-ac01-8ef20d420387,81472ca4-6a22-409d-9185-f748b4dc3b28,Studio Delux with Sea View - 1130,eb9fb6bd-6217-4618-a83c-a3b544c7c907,true,2026-10-27,31
86d137a1-559e-42d1-93e3-adaa140a7b0b,81472ca4-6a22-409d-9185-f748b4dc3b28,Studio Delux with Sea View - 1130,eb9fb6bd-6217-4618-a83c-a3b544c7c907,true,2026-10-28,31
3b1e7ac3-22dd-4ea6-82f2-f72ec2c19d35,81472ca4-6a22-409d-9185-f748b4dc3b28,Studio Delux with Sea View - 1130,eb9fb6bd-6217-4618-a83c-a3b544c7c907,true,2026-10-29,31
43e6c970-5d5e-4278-9eaa-f446c1e12538,81472ca4-6a22-409d-9185-f748b4dc3b28,Studio Delux with Sea View - 1130,eb9fb6bd-6217-4618-a83c-a3b544c7c907,true,2026-10-30,31
1d0e8a0d-eeb6-4eda-90be-a11d1ccb2de7,81472ca4-6a22-409d-9185-f748b4dc3b28,Studio Delux with Sea View - 1130,eb9fb6bd-6217-4618-a83c-a3b544c7c907,true,2026-10-31,31
65478623-8ed2-4a97-aa9e-14e4d96ba299,81472ca4-6a22-409d-9185-f748b4dc3b28,Studio Delux with Sea View - 1130,eb9fb6bd-6217-4618-a83c-a3b544c7c907,true,2026-11-01,31
cce1b4fe-439e-442d-b100-fec5c4d16aa5,81472ca4-6a22-409d-9185-f748b4dc3b28,Studio Delux with Sea View - 1130,eb9fb6bd-6217-4618-a83c-a3b544c7c907,true,2026-11-02,31
573bec9d-f8bf-4180-8202-edef49ee19ba,81472ca4-6a22-409d-9185-f748b4dc3b28,Studio Delux with Sea View - 1130,eb9fb6bd-6217-4618-a83c-a3b544c7c907,true,2026-11-03,31
209cd338-2a17-44ac-9d7d-16e1f9a033d6,81472ca4-6a22-409d-9185-f748b4dc3b28,Studio Delux with Sea View - 1130,eb9fb6bd-6217-4618-a83c-a3b544c7c907,true,2026-11-04,31
94cb702c-5ac0-42c4-bcf4-f30edda83f52,81472ca4-6a22-409d-9185-f748b4dc3b28,Studio Delux with Sea View - 1130,eb9fb6bd-6217-4618-a83c-a3b544c7c907,true,2026-11-05,31
41c3a105-52d3-4ceb-9717-78163e411cb2,81472ca4-6a22-409d-9185-f748b4dc3b28,Studio Delux with Sea View - 1130,eb9fb6bd-6217-4618-a83c-a3b544c7c907,true,2026-11-06,31
e50805b9-1f32-4df4-8b3d-5bfd24069ac3,81472ca4-6a22-409d-9185-f748b4dc3b28,Studio Delux with Sea View - 1130,eb9fb6bd-6217-4618-a83c-a3b544c7c907,true,2026-11-07,31
fed5c6a1-a9ed-4fa9-9890-4dd58f8d771a,81472ca4-6a22-409d-9185-f748b4dc3b28,Studio Delux with Sea View - 1130,eb9fb6bd-6217-4618-a83c-a3b544c7c907,true,2026-11-08,31
79680160-a594-4e4d-9580-75a06beb40a5,81472ca4-6a22-409d-9185-f748b4dc3b28,Studio Delux with Sea View - 1130,eb9fb6bd-6217-4618-a83c-a3b544c7c907,true,2026-11-09,31
d5d1aa39-3575-4ff4-a415-709fcd788d73,81472ca4-6a22-409d-9185-f748b4dc3b28,Studio Delux with Sea View - 1130,eb9fb6bd-6217-4618-a83c-a3b544c7c907,true,2026-11-10,31
38ec76a2-9e6b-4ad7-b07b-838866309aa2,81472ca4-6a22-409d-9185-f748b4dc3b28,Studio Delux with Sea View - 1130,eb9fb6bd-6217-4618-a83c-a3b544c7c907,true,2026-11-11,31
949f3ad9-3b52-44b8-822a-59c16a702738,81472ca4-6a22-409d-9185-f748b4dc3b28,Studio Delux with Sea View - 1130,eb9fb6bd-6217-4618-a83c-a3b544c7c907,true,2026-11-12,31
a1648e49-b805-4d24-8e30-e4cc2a1267d8,81472ca4-6a22-409d-9185-f748b4dc3b28,Studio Delux with Sea View - 1130,eb9fb6bd-6217-4618-a83c-a3b544c7c907,true,2026-11-13,31
b5a6c1be-06ac-4969-a1db-836e68890ea8,81472ca4-6a22-409d-9185-f748b4dc3b28,Studio Delux with Sea View - 1130,eb9fb6bd-6217-4618-a83c-a3b544c7c907,true,2026-11-14,31
8b019d24-5c4e-4370-a861-3f6dcc22e4ea,81472ca4-6a22-409d-9185-f748b4dc3b28,Studio Delux with Sea View - 1130,eb9fb6bd-6217-4618-a83c-a3b544c7c907,true,2026-11-15,31
f837df5b-f1ac-4335-81aa-32920931fc45,81472ca4-6a22-409d-9185-f748b4dc3b28,Studio Delux with Sea View - 1130,eb9fb6bd-6217-4618-a83c-a3b544c7c907,true,2026-11-16,31
4f5c5762-8f0e-49f7-a22e-62ac44ebd986,81472ca4-6a22-409d-9185-f748b4dc3b28,Studio Delux with Sea View - 1130,eb9fb6bd-6217-4618-a83c-a3b544c7c907,true,2026-11-17,31
e53aeac7-56a6-4fd2-a9f7-1bd5397a6b33,81472ca4-6a22-409d-9185-f748b4dc3b28,Studio Delux with Sea View - 1130,eb9fb6bd-6217-4618-a83c-a3b544c7c907,true,2026-11-18,31
7ab98ec4-cfd2-4c3e-9bb5-4d3d391a6c0f,81472ca4-6a22-409d-9185-f748b4dc3b28,Studio Delux with Sea View - 1130,eb9fb6bd-6217-4618-a83c-a3b544c7c907,true,2026-11-19,31
d9b16c2d-aff5-441f-98f1-828c3f1007ce,81472ca4-6a22-409d-9185-f748b4dc3b28,Studio Delux with Sea View - 1130,eb9fb6bd-6217-4618-a83c-a3b544c7c907,true,2026-11-20,31
c8bb00ed-1a39-41cb-b255-8bc41a63fe30,81472ca4-6a22-409d-9185-f748b4dc3b28,Studio Delux with Sea View - 1130,eb9fb6bd-6217-4618-a83c-a3b544c7c907,true,2026-11-21,31
67debbe9-c2a7-4146-b285-2fca9834a2d3,81472ca4-6a22-409d-9185-f748b4dc3b28,Studio Delux with Sea View - 1130,eb9fb6bd-6217-4618-a83c-a3b544c7c907,true,2026-11-22,31
152838f6-e418-4cc7-9b6e-0166557608ac,81472ca4-6a22-409d-9185-f748b4dc3b28,Studio Delux with Sea View - 1130,eb9fb6bd-6217-4618-a83c-a3b544c7c907,true,2026-11-23,31
7736e0d1-4b44-4364-8adf-71830f13c39d,81472ca4-6a22-409d-9185-f748b4dc3b28,Studio Delux with Sea View - 1130,eb9fb6bd-6217-4618-a83c-a3b544c7c907,true,2026-11-24,31
88387a02-0bbc-4033-be2e-68f96cc57b56,81472ca4-6a22-409d-9185-f748b4dc3b28,Studio Delux with Sea View - 1130,eb9fb6bd-6217-4618-a83c-a3b544c7c907,true,2026-11-25,31
9c2caa63-d62c-40b9-aa53-08a6b857e37a,81472ca4-6a22-409d-9185-f748b4dc3b28,Studio Delux with Sea View - 1130,eb9fb6bd-6217-4618-a83c-a3b544c7c907,true,2026-11-26,31
ea3f3289-6ee4-41f4-9641-07ddfe5dec50,81472ca4-6a22-409d-9185-f748b4dc3b28,Studio Delux with Sea View - 1130,eb9fb6bd-6217-4618-a83c-a3b544c7c907,true,2026-11-27,31
871c9186-79b8-448d-954f-37106acdee77,81472ca4-6a22-409d-9185-f748b4dc3b28,Studio Delux with Sea View - 1130,eb9fb6bd-6217-4618-a83c-a3b544c7c907,true,2026-11-28,31
f484dae7-e2e1-4c69-b27f-0a207ed18e32,81472ca4-6a22-409d-9185-f748b4dc3b28,Studio Delux with Sea View - 1130,eb9fb6bd-6217-4618-a83c-a3b544c7c907,true,2026-11-29,31
3f7ab160-34ee-4ebf-af87-bb9112df2917,81472ca4-6a22-409d-9185-f748b4dc3b28,Studio Delux with Sea View - 1130,eb9fb6bd-6217-4618-a83c-a3b544c7c907,true,2026-11-30,31
fb3a6a74-f759-4b2d-a4a3-f3982b13b7d4,81472ca4-6a22-409d-9185-f748b4dc3b28,Studio Delux with Sea View - 1130,eb9fb6bd-6217-4618-a83c-a3b544c7c907,true,2026-12-01,31
fbf558b2-53de-40d7-bfe5-3e0bf4c5620b,81472ca4-6a22-409d-9185-f748b4dc3b28,Studio Delux with Sea View - 1130,eb9fb6bd-6217-4618-a83c-a3b544c7c907,true,2026-12-02,31
7ac00788-d149-4b20-aa09-a0fcc80f59c0,81472ca4-6a22-409d-9185-f748b4dc3b28,Studio Delux with Sea View - 1130,eb9fb6bd-6217-4618-a83c-a3b544c7c907,true,2026-12-03,31
e2353aea-9361-4c3e-afed-04bbd1165e35,81472ca4-6a22-409d-9185-f748b4dc3b28,Studio Delux with Sea View - 1130,eb9fb6bd-6217-4618-a83c-a3b544c7c907,true,2026-12-04,31
d33615ef-eb44-4e82-8574-6ba3f3598460,81472ca4-6a22-409d-9185-f748b4dc3b28,Studio Delux with Sea View - 1130,eb9fb6bd-6217-4618-a83c-a3b544c7c907,true,2026-12-05,31
6a7daa14-8fd2-4686-96ea-76b3087a2df9,81472ca4-6a22-409d-9185-f748b4dc3b28,Studio Delux with Sea View - 1130,eb9fb6bd-6217-4618-a83c-a3b544c7c907,true,2026-12-06,31
cb9b487a-7677-4370-970b-ea26b386c89b,81472ca4-6a22-409d-9185-f748b4dc3b28,Studio Delux with Sea View - 1130,eb9fb6bd-6217-4618-a83c-a3b544c7c907,true,2026-12-07,31
02da0008-803f-429e-b1f4-a3ab56172f41,81472ca4-6a22-409d-9185-f748b4dc3b28,Studio Delux with Sea View - 1130,eb9fb6bd-6217-4618-a83c-a3b544c7c907,true,2026-12-08,31
41b6e1cf-7d6e-4834-af3c-a05440ce1053,81472ca4-6a22-409d-9185-f748b4dc3b28,Studio Delux with Sea View - 1130,eb9fb6bd-6217-4618-a83c-a3b544c7c907,true,2026-12-09,31
71716629-00cc-4356-ae95-a2090256ddeb,81472ca4-6a22-409d-9185-f748b4dc3b28,Studio Delux with Sea View - 1130,eb9fb6bd-6217-4618-a83c-a3b544c7c907,true,2026-12-10,31
798d224a-04d5-450d-ae0d-40c87f3e30a7,81472ca4-6a22-409d-9185-f748b4dc3b28,Studio Delux with Sea View - 1130,eb9fb6bd-6217-4618-a83c-a3b544c7c907,true,2026-12-11,31
76961db4-3aeb-49aa-bc1b-b07cd96541fe,81472ca4-6a22-409d-9185-f748b4dc3b28,Studio Delux with Sea View - 1130,eb9fb6bd-6217-4618-a83c-a3b544c7c907,true,2026-12-12,31
9d87db8b-e605-4c33-9bcf-06fddfb8a8e2,81472ca4-6a22-409d-9185-f748b4dc3b28,Studio Delux with Sea View - 1130,eb9fb6bd-6217-4618-a83c-a3b544c7c907,true,2026-12-13,31
9454bc75-2eca-4b02-870e-9536add8d753,81472ca4-6a22-409d-9185-f748b4dc3b28,Studio Delux with Sea View - 1130,eb9fb6bd-6217-4618-a83c-a3b544c7c907,true,2026-12-14,31
5db810b2-aec3-4125-ad0c-50ce76474d69,81472ca4-6a22-409d-9185-f748b4dc3b28,Studio Delux with Sea View - 1130,eb9fb6bd-6217-4618-a83c-a3b544c7c907,true,2026-12-15,31
f75d7027-51ac-4604-a13c-0e0d4d4fa4ba,81472ca4-6a22-409d-9185-f748b4dc3b28,Studio Delux with Sea View - 1130,eb9fb6bd-6217-4618-a83c-a3b544c7c907,true,2026-12-16,31
2fefd06d-5ea8-4209-b8d0-179da8416f81,81472ca4-6a22-409d-9185-f748b4dc3b28,Studio Delux with Sea View - 1130,eb9fb6bd-6217-4618-a83c-a3b544c7c907,true,2026-12-17,31
edbecdec-7782-47d4-a90d-c3663a89b7b1,81472ca4-6a22-409d-9185-f748b4dc3b28,Studio Delux with Sea View - 1130,eb9fb6bd-6217-4618-a83c-a3b544c7c907,true,2026-12-18,31
8fca1f93-4316-4cae-970c-5812481f32d7,81472ca4-6a22-409d-9185-f748b4dc3b28,Studio Delux with Sea View - 1130,eb9fb6bd-6217-4618-a83c-a3b544c7c907,true,2026-12-19,31
b699df36-c67e-4106-a574-b09aaac94e19,81472ca4-6a22-409d-9185-f748b4dc3b28,Studio Delux with Sea View - 1130,eb9fb6bd-6217-4618-a83c-a3b544c7c907,true,2026-12-20,31
4e9e3964-37a5-463c-846d-59b4d8a6417c,81472ca4-6a22-409d-9185-f748b4dc3b28,Studio Delux with Sea View - 1130,eb9fb6bd-6217-4618-a83c-a3b544c7c907,true,2026-12-21,31
9337b607-5b43-421c-9eeb-e67237af1a50,81472ca4-6a22-409d-9185-f748b4dc3b28,Studio Delux with Sea View - 1130,eb9fb6bd-6217-4618-a83c-a3b544c7c907,true,2026-12-22,31
c72ed2f3-0b98-4fa5-a319-a931e766c215,81472ca4-6a22-409d-9185-f748b4dc3b28,Studio Delux with Sea View - 1130,eb9fb6bd-6217-4618-a83c-a3b544c7c907,true,2026-12-23,31
7a3fb72b-ce3a-4780-846a-645866604147,81472ca4-6a22-409d-9185-f748b4dc3b28,Studio Delux with Sea View - 1130,eb9fb6bd-6217-4618-a83c-a3b544c7c907,true,2026-12-24,31
1e537b53-8840-4b40-8972-9301cd990e55,81472ca4-6a22-409d-9185-f748b4dc3b28,Studio Delux with Sea View - 1130,eb9fb6bd-6217-4618-a83c-a3b544c7c907,true,2026-12-25,31
33f1a835-4b26-4b68-a90a-c880afab9ce1,81472ca4-6a22-409d-9185-f748b4dc3b28,Studio Delux with Sea View - 1130,eb9fb6bd-6217-4618-a83c-a3b544c7c907,true,2026-12-26,31
8ed2f01d-f62e-4064-a2c7-9d1a34dac7de,81472ca4-6a22-409d-9185-f748b4dc3b28,Studio Delux with Sea View - 1130,eb9fb6bd-6217-4618-a83c-a3b544c7c907,true,2026-12-27,31
915c2e70-e099-4f9a-b495-644b203b18dc,81472ca4-6a22-409d-9185-f748b4dc3b28,Studio Delux with Sea View - 1130,eb9fb6bd-6217-4618-a83c-a3b544c7c907,true,2026-12-28,31
d9b9836f-6d69-44e7-955d-752bd6004107,81472ca4-6a22-409d-9185-f748b4dc3b28,Studio Delux with Sea View - 1130,eb9fb6bd-6217-4618-a83c-a3b544c7c907,true,2026-12-29,31
89db34a3-cc75-4042-aa4f-02b56d28a360,81472ca4-6a22-409d-9185-f748b4dc3b28,Studio Delux with Sea View - 1130,eb9fb6bd-6217-4618-a83c-a3b544c7c907,true,2026-12-30,31
1b205192-e690-4341-a17c-60bfa3c65e33,81472ca4-6a22-409d-9185-f748b4dc3b28,Studio Delux with Sea View - 1130,eb9fb6bd-6217-4618-a83c-a3b544c7c907,true,2026-12-31,31
d82c66c0-2ab3-4ae3-8819-b6fa4f9c6419,81472ca4-6a22-409d-9185-f748b4dc3b28,Studio Delux with Sea View - 1130,eb9fb6bd-6217-4618-a83c-a3b544c7c907,true,2027-01-01,31
17fa5983-c712-48c9-820c-120065e5fb0e,81472ca4-6a22-409d-9185-f748b4dc3b28,Studio Delux with Sea View - 1130,eb9fb6bd-6217-4618-a83c-a3b544c7c907,true,2027-01-02,31
bcee5e28-5abd-4d15-887d-1df9004ca544,81472ca4-6a22-409d-9185-f748b4dc3b28,Studio Delux with Sea View - 1130,eb9fb6bd-6217-4618-a83c-a3b544c7c907,true,2027-01-03,31
5028d4ed-7f90-4988-9c76-c0909bdaa9d7,81472ca4-6a22-409d-9185-f748b4dc3b28,Studio Delux with Sea View - 1130,eb9fb6bd-6217-4618-a83c-a3b544c7c907,true,2027-01-04,31
26606e01-f8eb-4178-abea-8786436c927f,81472ca4-6a22-409d-9185-f748b4dc3b28,Studio Delux with Sea View - 1130,eb9fb6bd-6217-4618-a83c-a3b544c7c907,true,2027-01-05,31
82c6c61c-1fd4-417a-ad16-4fd69f09f13a,81472ca4-6a22-409d-9185-f748b4dc3b28,Studio Delux with Sea View - 1130,eb9fb6bd-6217-4618-a83c-a3b544c7c907,true,2027-01-06,31
d210bf04-08a2-4ec4-9d79-b88dc22cc633,81472ca4-6a22-409d-9185-f748b4dc3b28,Studio Delux with Sea View - 1130,eb9fb6bd-6217-4618-a83c-a3b544c7c907,true,2027-01-07,31
a78a325c-8842-4a53-a1c4-035f4644bc1f,81472ca4-6a22-409d-9185-f748b4dc3b28,Studio Delux with Sea View - 1130,eb9fb6bd-6217-4618-a83c-a3b544c7c907,true,2027-01-08,31
72c686ca-8cdd-4bb3-adce-40f5bcee12db,81472ca4-6a22-409d-9185-f748b4dc3b28,Studio Delux with Sea View - 1130,eb9fb6bd-6217-4618-a83c-a3b544c7c907,true,2027-01-09,31
5e4d955d-32dd-4e92-8c65-0ff2802f2729,81472ca4-6a22-409d-9185-f748b4dc3b28,Studio Delux with Sea View - 1130,eb9fb6bd-6217-4618-a83c-a3b544c7c907,true,2027-01-10,31
cd95ffba-5abd-4342-98c3-007ce7f1cb6a,81472ca4-6a22-409d-9185-f748b4dc3b28,Studio Delux with Sea View - 1130,eb9fb6bd-6217-4618-a83c-a3b544c7c907,true,2027-01-11,31
335e8da3-6244-42e9-9c45-0c6f4d669943,81472ca4-6a22-409d-9185-f748b4dc3b28,Studio Delux with Sea View - 1130,eb9fb6bd-6217-4618-a83c-a3b544c7c907,true,2027-01-12,31
7546cfe2-bd75-4494-9b43-909f0a49b83c,81472ca4-6a22-409d-9185-f748b4dc3b28,Studio Delux with Sea View - 1130,eb9fb6bd-6217-4618-a83c-a3b544c7c907,true,2027-01-13,31
559d4daa-f426-42a0-981f-62030d1dbbe4,81472ca4-6a22-409d-9185-f748b4dc3b28,Studio Delux with Sea View - 1130,eb9fb6bd-6217-4618-a83c-a3b544c7c907,true,2027-01-14,31
3f71fed5-5be2-42e8-906d-a5bc9cf642bf,81472ca4-6a22-409d-9185-f748b4dc3b28,Studio Delux with Sea View - 1130,eb9fb6bd-6217-4618-a83c-a3b544c7c907,true,2027-01-15,31
3eef30b0-c535-440e-b3b8-f4cc93426a8c,81472ca4-6a22-409d-9185-f748b4dc3b28,Studio Delux with Sea View - 1130,eb9fb6bd-6217-4618-a83c-a3b544c7c907,true,2027-01-16,31
bf31cc52-592a-43b7-8300-bb42c392a589,81472ca4-6a22-409d-9185-f748b4dc3b28,Studio Delux with Sea View - 1130,eb9fb6bd-6217-4618-a83c-a3b544c7c907,true,2027-01-17,31
82d08cac-0ddb-49cc-b4c1-0390eaea1c71,81472ca4-6a22-409d-9185-f748b4dc3b28,Studio Delux with Sea View - 1130,eb9fb6bd-6217-4618-a83c-a3b544c7c907,true,2027-01-18,31
372515c8-7910-403f-a18b-94cd5905a609,81472ca4-6a22-409d-9185-f748b4dc3b28,Studio Delux with Sea View - 1130,eb9fb6bd-6217-4618-a83c-a3b544c7c907,true,2027-01-19,31
71e9fa11-2ca2-4611-a5de-1ac3f5093e74,81472ca4-6a22-409d-9185-f748b4dc3b28,Studio Delux with Sea View - 1130,eb9fb6bd-6217-4618-a83c-a3b544c7c907,true,2027-01-20,31
58cc83d3-3330-4ffa-b645-c684937ff663,81472ca4-6a22-409d-9185-f748b4dc3b28,Studio Delux with Sea View - 1130,eb9fb6bd-6217-4618-a83c-a3b544c7c907,true,2027-01-21,31
b6f55352-9c9f-4ffa-a346-2e28a27527a5,81472ca4-6a22-409d-9185-f748b4dc3b28,Studio Delux with Sea View - 1130,eb9fb6bd-6217-4618-a83c-a3b544c7c907,true,2027-01-22,31
c04fb6a3-311f-43b2-b7c9-aa1011d7bd37,81472ca4-6a22-409d-9185-f748b4dc3b28,Studio Delux with Sea View - 1130,eb9fb6bd-6217-4618-a83c-a3b544c7c907,true,2027-01-23,31
1d71424d-22ea-41ca-b669-89503a3167c4,81472ca4-6a22-409d-9185-f748b4dc3b28,Studio Delux with Sea View - 1130,eb9fb6bd-6217-4618-a83c-a3b544c7c907,true,2027-01-24,31
189f01be-4de2-4893-8e58-1931bf3173d1,81472ca4-6a22-409d-9185-f748b4dc3b28,Studio Delux with Sea View - 1130,eb9fb6bd-6217-4618-a83c-a3b544c7c907,true,2027-01-25,31
1a09a2d9-4661-432e-a679-3258146fbc97,81472ca4-6a22-409d-9185-f748b4dc3b28,Studio Delux with Sea View - 1130,eb9fb6bd-6217-4618-a83c-a3b544c7c907,true,2027-01-26,31
a304d3c9-1a70-4f3c-82f3-ca86815b1ba3,81472ca4-6a22-409d-9185-f748b4dc3b28,Studio Delux with Sea View - 1130,eb9fb6bd-6217-4618-a83c-a3b544c7c907,true,2027-01-27,31
fece9a1b-9d42-42dc-b93d-1ba1183c5bc8,81472ca4-6a22-409d-9185-f748b4dc3b28,Studio Delux with Sea View - 1130,eb9fb6bd-6217-4618-a83c-a3b544c7c907,true,2027-01-28,31
2dbfc8a3-7dd2-4a93-a3fd-66e18bf7eb59,81472ca4-6a22-409d-9185-f748b4dc3b28,Studio Delux with Sea View - 1130,eb9fb6bd-6217-4618-a83c-a3b544c7c907,true,2027-01-29,31
93f5615d-cdd6-4277-a4c1-c5fc6aef9fcc,81472ca4-6a22-409d-9185-f748b4dc3b28,Studio Delux with Sea View - 1130,eb9fb6bd-6217-4618-a83c-a3b544c7c907,true,2027-01-30,31
08ec1457-c5ce-42b6-be4a-f1d5433e88c5,81472ca4-6a22-409d-9185-f748b4dc3b28,Studio Delux with Sea View - 1130,eb9fb6bd-6217-4618-a83c-a3b544c7c907,true,2027-01-31,31
b1e31f78-9ff6-4417-855d-65cdd2bc6e5d,81472ca4-6a22-409d-9185-f748b4dc3b28,Studio Delux with Sea View - 1130,eb9fb6bd-6217-4618-a83c-a3b544c7c907,true,2027-02-01,31
a9749c17-542d-4d77-96a6-902742f1f1d4,81472ca4-6a22-409d-9185-f748b4dc3b28,Studio Delux with Sea View - 1130,eb9fb6bd-6217-4618-a83c-a3b544c7c907,true,2027-02-02,31
12053a25-5caf-48ca-9de2-cc6969bb5a7d,81472ca4-6a22-409d-9185-f748b4dc3b28,Studio Delux with Sea View - 1130,eb9fb6bd-6217-4618-a83c-a3b544c7c907,true,2027-02-03,31
9ffd87d1-47f0-4932-8eb9-e9ac9bfc7f63,81472ca4-6a22-409d-9185-f748b4dc3b28,Studio Delux with Sea View - 1130,eb9fb6bd-6217-4618-a83c-a3b544c7c907,true,2027-02-04,31
41c554cf-f7b1-48c3-b7d6-8f16e840b644,81472ca4-6a22-409d-9185-f748b4dc3b28,Studio Delux with Sea View - 1130,eb9fb6bd-6217-4618-a83c-a3b544c7c907,true,2027-02-05,31
fb5faee6-0fa2-4932-ab95-0ccd74a8ef2d,81472ca4-6a22-409d-9185-f748b4dc3b28,Studio Delux with Sea View - 1130,eb9fb6bd-6217-4618-a83c-a3b544c7c907,true,2027-02-06,31
9365eeed-7edf-42ed-9716-a27295851594,81472ca4-6a22-409d-9185-f748b4dc3b28,Studio Delux with Sea View - 1130,eb9fb6bd-6217-4618-a83c-a3b544c7c907,true,2027-02-07,31
5c2908bf-3aa4-4ec9-aef5-e59a89367ff8,81472ca4-6a22-409d-9185-f748b4dc3b28,Studio Delux with Sea View - 1130,eb9fb6bd-6217-4618-a83c-a3b544c7c907,true,2027-02-08,31
b2c7ec04-1c96-4f15-b773-40a47ad65f14,81472ca4-6a22-409d-9185-f748b4dc3b28,Studio Delux with Sea View - 1130,eb9fb6bd-6217-4618-a83c-a3b544c7c907,true,2027-02-09,31
7f81f960-542c-44a5-879a-605114c977e8,81472ca4-6a22-409d-9185-f748b4dc3b28,Studio Delux with Sea View - 1130,eb9fb6bd-6217-4618-a83c-a3b544c7c907,true,2027-02-10,31
5f1ba793-bb0a-4879-ba1a-93344b14f56b,81472ca4-6a22-409d-9185-f748b4dc3b28,Studio Delux with Sea View - 1130,eb9fb6bd-6217-4618-a83c-a3b544c7c907,true,2027-02-11,31
7b167433-ea05-4e23-a71c-6a851028a278,81472ca4-6a22-409d-9185-f748b4dc3b28,Studio Delux with Sea View - 1130,eb9fb6bd-6217-4618-a83c-a3b544c7c907,true,2027-02-12,31
4da56dcf-91a2-4fe2-982d-52b03e09bdfa,81472ca4-6a22-409d-9185-f748b4dc3b28,Studio Delux with Sea View - 1130,eb9fb6bd-6217-4618-a83c-a3b544c7c907,true,2027-02-13,31
e89a51e6-1d91-4c53-bb6d-f3aa142d05b3,81472ca4-6a22-409d-9185-f748b4dc3b28,Studio Delux with Sea View - 1130,eb9fb6bd-6217-4618-a83c-a3b544c7c907,true,2027-02-14,31
fdfa623b-eea0-4161-8916-888b9a79141e,81472ca4-6a22-409d-9185-f748b4dc3b28,Studio Delux with Sea View - 1130,eb9fb6bd-6217-4618-a83c-a3b544c7c907,true,2027-02-15,31
d8d89526-5297-4f1a-8b7e-0025e10d0922,81472ca4-6a22-409d-9185-f748b4dc3b28,Studio Delux with Sea View - 1130,eb9fb6bd-6217-4618-a83c-a3b544c7c907,true,2027-02-16,31
53e69c34-8d8c-4a63-b6b7-fe295be8c603,81472ca4-6a22-409d-9185-f748b4dc3b28,Studio Delux with Sea View - 1130,eb9fb6bd-6217-4618-a83c-a3b544c7c907,true,2027-02-17,31
4960aabf-5eab-43b6-850e-0794c0f2c9ab,81472ca4-6a22-409d-9185-f748b4dc3b28,Studio Delux with Sea View - 1130,eb9fb6bd-6217-4618-a83c-a3b544c7c907,true,2027-02-18,31
07eb7473-5900-4fe3-92dd-5d2acb36e593,81472ca4-6a22-409d-9185-f748b4dc3b28,Studio Delux with Sea View - 1130,eb9fb6bd-6217-4618-a83c-a3b544c7c907,true,2027-02-19,31
d4066df6-2774-498c-829a-5909f88866c2,81472ca4-6a22-409d-9185-f748b4dc3b28,Studio Delux with Sea View - 1130,eb9fb6bd-6217-4618-a83c-a3b544c7c907,true,2027-02-20,31
39f6f2e4-df6e-43a9-9a62-f38b2daa5389,81472ca4-6a22-409d-9185-f748b4dc3b28,Studio Delux with Sea View - 1130,eb9fb6bd-6217-4618-a83c-a3b544c7c907,true,2027-02-21,31
fb9e0c51-a8dd-4e1d-bf9f-87bd943ad8bb,81472ca4-6a22-409d-9185-f748b4dc3b28,Studio Delux with Sea View - 1130,eb9fb6bd-6217-4618-a83c-a3b544c7c907,true,2027-02-22,31
1e737029-3ae1-4d64-b73d-b5d49793f1eb,81472ca4-6a22-409d-9185-f748b4dc3b28,Studio Delux with Sea View - 1130,eb9fb6bd-6217-4618-a83c-a3b544c7c907,true,2027-02-23,31
8bdcca5b-6c20-459d-903e-90ae9a847517,81472ca4-6a22-409d-9185-f748b4dc3b28,Studio Delux with Sea View - 1130,eb9fb6bd-6217-4618-a83c-a3b544c7c907,true,2027-02-24,31
bdbfe615-31e8-4201-95e1-d009e3c39db8,81472ca4-6a22-409d-9185-f748b4dc3b28,Studio Delux with Sea View - 1130,eb9fb6bd-6217-4618-a83c-a3b544c7c907,true,2027-02-25,31
63dd41ce-d06b-4572-afff-7184f8209c94,81472ca4-6a22-409d-9185-f748b4dc3b28,Studio Delux with Sea View - 1130,eb9fb6bd-6217-4618-a83c-a3b544c7c907,true,2027-02-26,31
e1d005ba-e1dc-4171-bfa3-857b49a33d0e,81472ca4-6a22-409d-9185-f748b4dc3b28,Studio Delux with Sea View - 1130,eb9fb6bd-6217-4618-a83c-a3b544c7c907,true,2027-02-27,31
ae19c678-5305-4acd-9465-006757c512f9,81472ca4-6a22-409d-9185-f748b4dc3b28,Studio Delux with Sea View - 1130,eb9fb6bd-6217-4618-a83c-a3b544c7c907,true,2027-02-28,31
8bd7b6dc-57f4-47c7-813f-d4af3b5e743e,81472ca4-6a22-409d-9185-f748b4dc3b28,Studio Delux with Sea View - 1130,eb9fb6bd-6217-4618-a83c-a3b544c7c907,true,2027-03-01,31
819aad6d-0120-49a3-92f8-5b42b4ae90d8,81472ca4-6a22-409d-9185-f748b4dc3b28,Studio Delux with Sea View - 1130,eb9fb6bd-6217-4618-a83c-a3b544c7c907,true,2027-03-02,31
2ae29568-0ee1-42d3-a53e-8e5a25bf25d4,81472ca4-6a22-409d-9185-f748b4dc3b28,Studio Delux with Sea View - 1130,eb9fb6bd-6217-4618-a83c-a3b544c7c907,true,2027-03-03,31
20fa0c55-3f5e-4471-9424-06693ab5e012,81472ca4-6a22-409d-9185-f748b4dc3b28,Studio Delux with Sea View - 1130,eb9fb6bd-6217-4618-a83c-a3b544c7c907,true,2027-03-04,31
0b9b5566-e313-422c-b6a4-9b6a6420bad3,81472ca4-6a22-409d-9185-f748b4dc3b28,Studio Delux with Sea View - 1130,eb9fb6bd-6217-4618-a83c-a3b544c7c907,true,2027-03-05,31
1b37c2c7-0cc9-49f9-a6b8-fd060162b45d,81472ca4-6a22-409d-9185-f748b4dc3b28,Studio Delux with Sea View - 1130,eb9fb6bd-6217-4618-a83c-a3b544c7c907,true,2027-03-06,31
0f831c60-5634-471a-9b7a-0824a8eaceb4,81472ca4-6a22-409d-9185-f748b4dc3b28,Studio Delux with Sea View - 1130,eb9fb6bd-6217-4618-a83c-a3b544c7c907,true,2027-03-07,31
7f091b26-8de7-4821-9d1e-dfa44dd8a83d,81472ca4-6a22-409d-9185-f748b4dc3b28,Studio Delux with Sea View - 1130,eb9fb6bd-6217-4618-a83c-a3b544c7c907,true,2027-03-08,31
1db3744a-f520-4eee-a389-f4173169ab30,81472ca4-6a22-409d-9185-f748b4dc3b28,Studio Delux with Sea View - 1130,eb9fb6bd-6217-4618-a83c-a3b544c7c907,true,2027-03-09,31
5a2947c8-7075-4f21-97e2-e22fec833bd1,81472ca4-6a22-409d-9185-f748b4dc3b28,Studio Delux with Sea View - 1130,eb9fb6bd-6217-4618-a83c-a3b544c7c907,true,2027-03-10,31
463339e3-4746-4278-85b6-04e1270f9b00,81472ca4-6a22-409d-9185-f748b4dc3b28,Studio Delux with Sea View - 1130,eb9fb6bd-6217-4618-a83c-a3b544c7c907,true,2027-03-11,31
c4c31c8a-7589-44d1-ad3f-58af3c0cb787,81472ca4-6a22-409d-9185-f748b4dc3b28,Studio Delux with Sea View - 1130,eb9fb6bd-6217-4618-a83c-a3b544c7c907,true,2027-03-12,31
3d1402e5-147e-4cb4-93a7-e6d3f611a9c2,81472ca4-6a22-409d-9185-f748b4dc3b28,Studio Delux with Sea View - 1130,eb9fb6bd-6217-4618-a83c-a3b544c7c907,true,2027-03-13,31
e1c2e5d5-b286-43ed-b234-90312c446fa2,81472ca4-6a22-409d-9185-f748b4dc3b28,Studio Delux with Sea View - 1130,eb9fb6bd-6217-4618-a83c-a3b544c7c907,true,2027-03-14,31
04a47a5a-9edf-47d7-bdc6-62e8aa28142a,81472ca4-6a22-409d-9185-f748b4dc3b28,Studio Delux with Sea View - 1130,eb9fb6bd-6217-4618-a83c-a3b544c7c907,true,2027-03-15,31
0a71022d-f50d-402a-93df-91b44f994cbd,81472ca4-6a22-409d-9185-f748b4dc3b28,Studio Delux with Sea View - 1130,eb9fb6bd-6217-4618-a83c-a3b544c7c907,true,2027-03-16,31
5a663609-cb10-423c-92f0-425a7d8796d6,81472ca4-6a22-409d-9185-f748b4dc3b28,Studio Delux with Sea View - 1130,eb9fb6bd-6217-4618-a83c-a3b544c7c907,true,2027-03-17,31
54aa3c7b-e254-4df8-b40b-8c96f387d637,81472ca4-6a22-409d-9185-f748b4dc3b28,Studio Delux with Sea View - 1130,eb9fb6bd-6217-4618-a83c-a3b544c7c907,true,2027-03-18,31
72b2486f-c8bf-4d55-9c00-2dcdde05d6f9,81472ca4-6a22-409d-9185-f748b4dc3b28,Studio Delux with Sea View - 1130,eb9fb6bd-6217-4618-a83c-a3b544c7c907,true,2027-03-19,31
7156e616-955d-4286-a2cd-e56dc8851207,81472ca4-6a22-409d-9185-f748b4dc3b28,Studio Delux with Sea View - 1130,eb9fb6bd-6217-4618-a83c-a3b544c7c907,true,2027-03-20,31
d589d355-3bce-4d22-b9e8-983f83427969,81472ca4-6a22-409d-9185-f748b4dc3b28,Studio Delux with Sea View - 1130,eb9fb6bd-6217-4618-a83c-a3b544c7c907,true,2027-03-21,31
a44f0134-7b61-4d98-9a21-0aa1b307ccac,81472ca4-6a22-409d-9185-f748b4dc3b28,Studio Delux with Sea View - 1130,eb9fb6bd-6217-4618-a83c-a3b544c7c907,true,2027-03-22,31
11bdf2a6-6ed1-4e73-a4f9-86aa7d208865,81472ca4-6a22-409d-9185-f748b4dc3b28,Studio Delux with Sea View - 1130,eb9fb6bd-6217-4618-a83c-a3b544c7c907,true,2027-03-23,31
7ec7d260-3a82-4068-925b-238f9e459fb5,81472ca4-6a22-409d-9185-f748b4dc3b28,Studio Delux with Sea View - 1130,eb9fb6bd-6217-4618-a83c-a3b544c7c907,true,2027-03-24,31
49a1ee89-55ac-41d0-98c1-deb71bd77a60,81472ca4-6a22-409d-9185-f748b4dc3b28,Studio Delux with Sea View - 1130,eb9fb6bd-6217-4618-a83c-a3b544c7c907,true,2027-03-25,31
eaa9e8eb-c4e1-440e-8663-983fbf8419e2,81472ca4-6a22-409d-9185-f748b4dc3b28,Studio Delux with Sea View - 1130,eb9fb6bd-6217-4618-a83c-a3b544c7c907,true,2027-03-26,31
434cdc85-6fd8-4a98-8826-b225c6c30956,81472ca4-6a22-409d-9185-f748b4dc3b28,Studio Delux with Sea View - 1130,eb9fb6bd-6217-4618-a83c-a3b544c7c907,true,2027-03-27,31
f49df190-8b03-41c5-9175-91fe511f4696,81472ca4-6a22-409d-9185-f748b4dc3b28,Studio Delux with Sea View - 1130,eb9fb6bd-6217-4618-a83c-a3b544c7c907,true,2027-03-28,31
148d35f5-55f1-4ab1-b888-df93ff2cbf4c,81472ca4-6a22-409d-9185-f748b4dc3b28,Studio Delux with Sea View - 1130,eb9fb6bd-6217-4618-a83c-a3b544c7c907,true,2027-03-29,31
3aabb77c-f74f-4931-9af1-d521efe8d1ba,81472ca4-6a22-409d-9185-f748b4dc3b28,Studio Delux with Sea View - 1130,eb9fb6bd-6217-4618-a83c-a3b544c7c907,true,2027-03-30,31
180c0dbe-5efd-4552-b5ac-192632fafcf8,81472ca4-6a22-409d-9185-f748b4dc3b28,Studio Delux with Sea View - 1130,eb9fb6bd-6217-4618-a83c-a3b544c7c907,true,2027-03-31,31
4b830ace-99d8-4245-b0b8-768db1a19769,81472ca4-6a22-409d-9185-f748b4dc3b28,Studio Delux with Sea View - 1130,eb9fb6bd-6217-4618-a83c-a3b544c7c907,true,2027-04-01,31
6990e79a-702d-4f8f-97bc-232b6b47a19e,81472ca4-6a22-409d-9185-f748b4dc3b28,Studio Delux with Sea View - 1130,eb9fb6bd-6217-4618-a83c-a3b544c7c907,true,2027-04-02,31
11277681-66fe-4422-97b3-8811f4e6f152,81472ca4-6a22-409d-9185-f748b4dc3b28,Studio Delux with Sea View - 1130,eb9fb6bd-6217-4618-a83c-a3b544c7c907,true,2027-04-03,31
0f3286e4-cb80-4207-b57a-ed0cc2b30c03,81472ca4-6a22-409d-9185-f748b4dc3b28,Studio Delux with Sea View - 1130,eb9fb6bd-6217-4618-a83c-a3b544c7c907,true,2027-04-04,31
ce9e2b41-7e3b-4db7-aabd-205a29f25aba,81472ca4-6a22-409d-9185-f748b4dc3b28,Studio Delux with Sea View - 1130,eb9fb6bd-6217-4618-a83c-a3b544c7c907,true,2027-04-05,31
5c4906e6-8697-406f-a2fc-ec91263b3ae2,81472ca4-6a22-409d-9185-f748b4dc3b28,Studio Delux with Sea View - 1130,eb9fb6bd-6217-4618-a83c-a3b544c7c907,true,2027-04-06,31
76ae9be7-f717-4f95-9512-d0cf9859b3e1,81472ca4-6a22-409d-9185-f748b4dc3b28,Studio Delux with Sea View - 1130,eb9fb6bd-6217-4618-a83c-a3b544c7c907,true,2027-04-07,31
60dc0fc0-aa6d-43cb-89eb-21326eb38673,81472ca4-6a22-409d-9185-f748b4dc3b28,Studio Delux with Sea View - 1130,eb9fb6bd-6217-4618-a83c-a3b544c7c907,true,2027-04-08,31
a5212381-d30c-43f2-8886-c28209fcc617,81472ca4-6a22-409d-9185-f748b4dc3b28,Studio Delux with Sea View - 1130,eb9fb6bd-6217-4618-a83c-a3b544c7c907,true,2027-04-09,31
61c2f642-0edb-4287-8fc5-a0dd95f43ca5,81472ca4-6a22-409d-9185-f748b4dc3b28,Studio Delux with Sea View - 1130,eb9fb6bd-6217-4618-a83c-a3b544c7c907,true,2027-04-10,31
fd3d4d61-b473-4801-b945-128f6593e51b,81472ca4-6a22-409d-9185-f748b4dc3b28,Studio Delux with Sea View - 1130,eb9fb6bd-6217-4618-a83c-a3b544c7c907,true,2027-04-11,31
e8d1a303-6609-4ea6-8da1-b33d15bbb1d6,81472ca4-6a22-409d-9185-f748b4dc3b28,Studio Delux with Sea View - 1130,eb9fb6bd-6217-4618-a83c-a3b544c7c907,true,2027-04-12,31
23fb53c2-85ab-44c4-bfb7-854b9d547955,81472ca4-6a22-409d-9185-f748b4dc3b28,Studio Delux with Sea View - 1130,eb9fb6bd-6217-4618-a83c-a3b544c7c907,true,2027-04-13,31
8fa9f009-e1ad-45db-9b3b-3326917c0332,81472ca4-6a22-409d-9185-f748b4dc3b28,Studio Delux with Sea View - 1130,eb9fb6bd-6217-4618-a83c-a3b544c7c907,true,2027-04-14,31
482a1cfe-8156-45d6-95ec-e1a7d7b55dca,81472ca4-6a22-409d-9185-f748b4dc3b28,Studio Delux with Sea View - 1130,eb9fb6bd-6217-4618-a83c-a3b544c7c907,true,2027-04-15,31
c95b1780-708a-4b4d-83f6-ee292d8336f4,81472ca4-6a22-409d-9185-f748b4dc3b28,Studio Delux with Sea View - 1130,eb9fb6bd-6217-4618-a83c-a3b544c7c907,true,2027-04-16,31
82cb91cb-32eb-4092-affc-e7a0ee3e03ca,81472ca4-6a22-409d-9185-f748b4dc3b28,Studio Delux with Sea View - 1130,eb9fb6bd-6217-4618-a83c-a3b544c7c907,true,2027-04-17,31
7d04436e-2709-4c81-bd57-5e3c01b79773,81472ca4-6a22-409d-9185-f748b4dc3b28,Studio Delux with Sea View - 1130,eb9fb6bd-6217-4618-a83c-a3b544c7c907,true,2027-04-18,31
6c1c891f-302f-4302-884d-f4fd1f540eda,81472ca4-6a22-409d-9185-f748b4dc3b28,Studio Delux with Sea View - 1130,eb9fb6bd-6217-4618-a83c-a3b544c7c907,true,2027-04-19,31
4764a30d-3a99-407f-aff4-3b702c370fd2,81472ca4-6a22-409d-9185-f748b4dc3b28,Studio Delux with Sea View - 1130,eb9fb6bd-6217-4618-a83c-a3b544c7c907,true,2027-04-20,31
2e6f1e57-c9c8-469b-81f3-f1ea385bdee2,81472ca4-6a22-409d-9185-f748b4dc3b28,Studio Delux with Sea View - 1130,eb9fb6bd-6217-4618-a83c-a3b544c7c907,true,2027-04-21,31
6bc11b62-4337-4bad-92db-327a79c88a66,81472ca4-6a22-409d-9185-f748b4dc3b28,Studio Delux with Sea View - 1130,eb9fb6bd-6217-4618-a83c-a3b544c7c907,true,2027-04-22,31
6966e085-926e-4d91-81dc-62042cb29d52,81472ca4-6a22-409d-9185-f748b4dc3b28,Studio Delux with Sea View - 1130,eb9fb6bd-6217-4618-a83c-a3b544c7c907,true,2027-04-23,31
322d7032-23dc-4cf0-b348-0a02d02a7ba8,81472ca4-6a22-409d-9185-f748b4dc3b28,Studio Delux with Sea View - 1130,eb9fb6bd-6217-4618-a83c-a3b544c7c907,true,2027-04-24,31
3a1bccb4-bd49-4e2b-8c33-b58b81e863a0,81472ca4-6a22-409d-9185-f748b4dc3b28,Studio Delux with Sea View - 1130,eb9fb6bd-6217-4618-a83c-a3b544c7c907,true,2027-04-25,31
8d23aeb1-06a3-4546-ae60-5af16b865e03,81472ca4-6a22-409d-9185-f748b4dc3b28,Studio Delux with Sea View - 1130,eb9fb6bd-6217-4618-a83c-a3b544c7c907,true,2027-04-26,31
eaeb560b-8077-4b5f-87c3-477be3bed13f,81472ca4-6a22-409d-9185-f748b4dc3b28,Studio Delux with Sea View - 1130,eb9fb6bd-6217-4618-a83c-a3b544c7c907,true,2027-04-27,31
04ed7c69-8e41-42c0-9ecc-bf29a8f04ae4,81472ca4-6a22-409d-9185-f748b4dc3b28,Studio Delux with Sea View - 1130,eb9fb6bd-6217-4618-a83c-a3b544c7c907,true,2027-04-28,31
bfb40a82-689e-48fe-bebe-69aed41939b9,81472ca4-6a22-409d-9185-f748b4dc3b28,Studio Delux with Sea View - 1130,eb9fb6bd-6217-4618-a83c-a3b544c7c907,true,2027-04-29,31
e3d464f8-2ce6-4855-9a10-2481fc08918f,81472ca4-6a22-409d-9185-f748b4dc3b28,Studio Delux with Sea View - 1130,eb9fb6bd-6217-4618-a83c-a3b544c7c907,true,2027-04-30,31
770dd9ba-78d1-4904-87bd-9108526557b5,81472ca4-6a22-409d-9185-f748b4dc3b28,Studio Delux with Sea View - 1130,eb9fb6bd-6217-4618-a83c-a3b544c7c907,true,2027-05-01,31
bc65606a-f27f-4318-abd7-a74e4ddffe87,81472ca4-6a22-409d-9185-f748b4dc3b28,Studio Delux with Sea View - 1130,eb9fb6bd-6217-4618-a83c-a3b544c7c907,true,2027-05-02,31
be2589a4-96d1-43c5-94e9-8b442c344af1,81472ca4-6a22-409d-9185-f748b4dc3b28,Studio Delux with Sea View - 1130,eb9fb6bd-6217-4618-a83c-a3b544c7c907,true,2027-05-03,31
2ea7b7ba-4519-4ae0-9647-95054c6fb17b,81472ca4-6a22-409d-9185-f748b4dc3b28,Studio Delux with Sea View - 1130,eb9fb6bd-6217-4618-a83c-a3b544c7c907,true,2027-05-04,31
88d1acf2-f9a7-48be-9afc-07cffcc9bc7d,81472ca4-6a22-409d-9185-f748b4dc3b28,Studio Delux with Sea View - 1130,eb9fb6bd-6217-4618-a83c-a3b544c7c907,true,2027-05-05,31
cabdab56-4c22-4cb9-bfd8-85e4101a13bd,81472ca4-6a22-409d-9185-f748b4dc3b28,Studio Delux with Sea View - 1130,eb9fb6bd-6217-4618-a83c-a3b544c7c907,true,2027-05-06,31
71365f8e-9123-4f0b-bd93-5b6e1f4dc0e1,81472ca4-6a22-409d-9185-f748b4dc3b28,Studio Delux with Sea View - 1130,eb9fb6bd-6217-4618-a83c-a3b544c7c907,true,2027-05-07,31
44410ecb-89e3-48e9-ad86-d01b46e081af,81472ca4-6a22-409d-9185-f748b4dc3b28,Studio Delux with Sea View - 1130,eb9fb6bd-6217-4618-a83c-a3b544c7c907,true,2027-05-08,31
05323141-4d7e-4192-9ab9-dab4646198f3,81472ca4-6a22-409d-9185-f748b4dc3b28,Studio Delux with Sea View - 1130,eb9fb6bd-6217-4618-a83c-a3b544c7c907,true,2027-05-09,31
0e1ad473-66b7-4190-a15b-94eb7f2ec560,81472ca4-6a22-409d-9185-f748b4dc3b28,Studio Delux with Sea View - 1130,eb9fb6bd-6217-4618-a83c-a3b544c7c907,true,2027-05-10,31
4eb996c8-b745-4dcf-87df-ed64e5cf25b2,81472ca4-6a22-409d-9185-f748b4dc3b28,Studio Delux with Sea View - 1130,eb9fb6bd-6217-4618-a83c-a3b544c7c907,true,2027-05-11,31
1e15d6df-a4ac-4f2f-a598-29f4e8ac42fb,81472ca4-6a22-409d-9185-f748b4dc3b28,Studio Delux with Sea View - 1130,eb9fb6bd-6217-4618-a83c-a3b544c7c907,true,2027-05-12,31
6166d22a-ee72-4ab0-b1c8-f6ee23114134,81472ca4-6a22-409d-9185-f748b4dc3b28,Studio Delux with Sea View - 1130,eb9fb6bd-6217-4618-a83c-a3b544c7c907,true,2027-05-13,31
e0006d82-8b90-4734-93ff-eab48bd34d07,81472ca4-6a22-409d-9185-f748b4dc3b28,Studio Delux with Sea View - 1130,eb9fb6bd-6217-4618-a83c-a3b544c7c907,true,2027-05-14,31
feda1811-c151-4789-a26d-5998d0f03ea2,81472ca4-6a22-409d-9185-f748b4dc3b28,Studio Delux with Sea View - 1130,eb9fb6bd-6217-4618-a83c-a3b544c7c907,true,2027-05-15,31
3a9a5f2c-795d-44f0-8ed3-5e3e4c321ba5,81472ca4-6a22-409d-9185-f748b4dc3b28,Studio Delux with Sea View - 1130,eb9fb6bd-6217-4618-a83c-a3b544c7c907,true,2027-05-16,31
74290f0b-c3b6-4054-a946-96312da1ae07,81472ca4-6a22-409d-9185-f748b4dc3b28,Studio Delux with Sea View - 1130,eb9fb6bd-6217-4618-a83c-a3b544c7c907,true,2027-05-17,31
b510d51b-d413-471d-8794-7c01499d9ddb,81472ca4-6a22-409d-9185-f748b4dc3b28,Studio Delux with Sea View - 1130,eb9fb6bd-6217-4618-a83c-a3b544c7c907,true,2027-05-18,31
7980b27d-d76c-431e-afb5-47509ad3879a,81472ca4-6a22-409d-9185-f748b4dc3b28,Studio Delux with Sea View - 1130,eb9fb6bd-6217-4618-a83c-a3b544c7c907,true,2027-05-19,31
6fcec0fd-0676-41e7-b1fa-9f1cf8fb0003,81472ca4-6a22-409d-9185-f748b4dc3b28,Studio Delux with Sea View - 1130,eb9fb6bd-6217-4618-a83c-a3b544c7c907,true,2027-05-20,31
7564cbe5-7a6c-49da-b105-aeb9de655de3,81472ca4-6a22-409d-9185-f748b4dc3b28,Studio Delux with Sea View - 1130,eb9fb6bd-6217-4618-a83c-a3b544c7c907,true,2027-05-21,31
d50196dc-8771-4408-9dcc-a118b6f1d13d,81472ca4-6a22-409d-9185-f748b4dc3b28,Studio Delux with Sea View - 1130,eb9fb6bd-6217-4618-a83c-a3b544c7c907,true,2027-05-22,31
98894ec6-278b-4947-a3ca-32c7845cc459,81472ca4-6a22-409d-9185-f748b4dc3b28,Studio Delux with Sea View - 1130,eb9fb6bd-6217-4618-a83c-a3b544c7c907,true,2027-05-23,31
d7484dc8-c2f5-4c9f-882d-d83fadfe584a,81472ca4-6a22-409d-9185-f748b4dc3b28,Studio Delux with Sea View - 1130,eb9fb6bd-6217-4618-a83c-a3b544c7c907,true,2027-05-24,31
a2510b62-8277-4cf5-820f-34ab0dc10ae8,81472ca4-6a22-409d-9185-f748b4dc3b28,Studio Delux with Sea View - 1130,eb9fb6bd-6217-4618-a83c-a3b544c7c907,true,2027-05-25,31
ff4dc204-4e92-4362-980c-9fed43847a22,81472ca4-6a22-409d-9185-f748b4dc3b28,Studio Delux with Sea View - 1130,eb9fb6bd-6217-4618-a83c-a3b544c7c907,true,2027-05-26,31
3cf29fd5-4642-44a7-bf02-fe4117982256,81472ca4-6a22-409d-9185-f748b4dc3b28,Studio Delux with Sea View - 1130,eb9fb6bd-6217-4618-a83c-a3b544c7c907,true,2027-05-27,31
6222849d-4233-40ca-a86b-97d25d3c196e,81472ca4-6a22-409d-9185-f748b4dc3b28,Studio Delux with Sea View - 1130,eb9fb6bd-6217-4618-a83c-a3b544c7c907,true,2027-05-28,31
081988b6-9e4c-484e-8ba1-fb87e8920bfd,81472ca4-6a22-409d-9185-f748b4dc3b28,Studio Delux with Sea View - 1130,eb9fb6bd-6217-4618-a83c-a3b544c7c907,true,2027-05-29,31
ce20a1c2-9103-4bc1-9edd-692e3227df89,81472ca4-6a22-409d-9185-f748b4dc3b28,Studio Delux with Sea View - 1130,eb9fb6bd-6217-4618-a83c-a3b544c7c907,true,2027-05-30,31
0f45967e-d21b-417f-8985-c479a4a90066,81472ca4-6a22-409d-9185-f748b4dc3b28,Studio Delux with Sea View - 1130,eb9fb6bd-6217-4618-a83c-a3b544c7c907,true,2027-05-31,31
b1c2ef2b-7b65-4f15-ab23-f4f62f2f60df,81472ca4-6a22-409d-9185-f748b4dc3b28,Studio Delux with Sea View - 1130,eb9fb6bd-6217-4618-a83c-a3b544c7c907,true,2027-06-01,31
f0423e96-9cf5-4fed-a156-35b4c666b729,81472ca4-6a22-409d-9185-f748b4dc3b28,Studio Delux with Sea View - 1130,eb9fb6bd-6217-4618-a83c-a3b544c7c907,true,2027-06-02,31
b81b82fd-e830-43ff-bf87-04095e05404c,81472ca4-6a22-409d-9185-f748b4dc3b28,Studio Delux with Sea View - 1130,eb9fb6bd-6217-4618-a83c-a3b544c7c907,true,2027-06-03,31
e3c1584f-29ae-4a3c-a2ce-9c236167f730,81472ca4-6a22-409d-9185-f748b4dc3b28,Studio Delux with Sea View - 1130,eb9fb6bd-6217-4618-a83c-a3b544c7c907,true,2027-06-04,31
a5ed0e9b-307e-4bc7-952e-27ebf9f01698,81472ca4-6a22-409d-9185-f748b4dc3b28,Studio Delux with Sea View - 1130,eb9fb6bd-6217-4618-a83c-a3b544c7c907,true,2027-06-05,31
41ef470f-1f4b-4c74-8178-018a5aee20da,81472ca4-6a22-409d-9185-f748b4dc3b28,Studio Delux with Sea View - 1130,eb9fb6bd-6217-4618-a83c-a3b544c7c907,true,2027-06-06,31
2b2e7f6d-fc41-4a97-8d98-4547f85ca44f,81472ca4-6a22-409d-9185-f748b4dc3b28,Studio Delux with Sea View - 1130,eb9fb6bd-6217-4618-a83c-a3b544c7c907,true,2027-06-07,31
691f2860-5a0a-4093-a566-7c4f1a26662f,81472ca4-6a22-409d-9185-f748b4dc3b28,Studio Delux with Sea View - 1130,eb9fb6bd-6217-4618-a83c-a3b544c7c907,true,2027-06-08,31
d1a2087f-339f-4d3c-9c29-af1f27081381,81472ca4-6a22-409d-9185-f748b4dc3b28,Studio Delux with Sea View - 1130,eb9fb6bd-6217-4618-a83c-a3b544c7c907,true,2027-06-09,31
f830bf0e-9cee-47d6-8bdc-800329616750,81472ca4-6a22-409d-9185-f748b4dc3b28,Studio Delux with Sea View - 1130,eb9fb6bd-6217-4618-a83c-a3b544c7c907,true,2027-06-10,31
75ed3930-2341-4b03-84d0-9561186e0a39,81472ca4-6a22-409d-9185-f748b4dc3b28,Studio Delux with Sea View - 1130,eb9fb6bd-6217-4618-a83c-a3b544c7c907,true,2027-06-11,31
566c7a3b-30e4-445a-879c-7b3b3e3d4461,81472ca4-6a22-409d-9185-f748b4dc3b28,Studio Delux with Sea View - 1130,eb9fb6bd-6217-4618-a83c-a3b544c7c907,true,2027-06-12,31
0a92f256-1a7d-46a0-b2bd-71b120de5e6c,81472ca4-6a22-409d-9185-f748b4dc3b28,Studio Delux with Sea View - 1130,eb9fb6bd-6217-4618-a83c-a3b544c7c907,true,2027-06-13,31
d9f5fa24-bf6e-4b94-a31a-2da1278be54c,81472ca4-6a22-409d-9185-f748b4dc3b28,Studio Delux with Sea View - 1130,eb9fb6bd-6217-4618-a83c-a3b544c7c907,true,2027-06-14,31
67728f1d-5e4d-43dd-b051-908258425ecd,81472ca4-6a22-409d-9185-f748b4dc3b28,Studio Delux with Sea View - 1130,eb9fb6bd-6217-4618-a83c-a3b544c7c907,true,2027-06-15,31
6b7cc4c0-79ed-4e7a-900f-fddf9579ec40,81472ca4-6a22-409d-9185-f748b4dc3b28,Studio Delux with Sea View - 1130,eb9fb6bd-6217-4618-a83c-a3b544c7c907,true,2027-06-16,31
322573aa-3ccb-4ef0-9032-884e8a88b687,81472ca4-6a22-409d-9185-f748b4dc3b28,Studio Delux with Sea View - 1130,eb9fb6bd-6217-4618-a83c-a3b544c7c907,true,2027-06-17,31
2ae304cc-74a1-4a06-9097-be43c49adba2,81472ca4-6a22-409d-9185-f748b4dc3b28,Studio Delux with Sea View - 1130,eb9fb6bd-6217-4618-a83c-a3b544c7c907,true,2027-06-18,31
2544b95a-a449-43cd-b96d-51fe16b73ba3,81472ca4-6a22-409d-9185-f748b4dc3b28,Studio Delux with Sea View - 1130,eb9fb6bd-6217-4618-a83c-a3b544c7c907,true,2027-06-19,31
4f27dbc2-9fe1-45e1-ac5a-84b13e314d7c,81472ca4-6a22-409d-9185-f748b4dc3b28,Studio Delux with Sea View - 1130,eb9fb6bd-6217-4618-a83c-a3b544c7c907,true,2027-06-20,31
ad57964c-ee05-4fd2-96f3-a9fdac5056ef,81472ca4-6a22-409d-9185-f748b4dc3b28,Studio Delux with Sea View - 1130,eb9fb6bd-6217-4618-a83c-a3b544c7c907,true,2027-06-21,31
84ef07c6-12e7-4e6a-927d-9b0598a12ae1,81472ca4-6a22-409d-9185-f748b4dc3b28,Studio Delux with Sea View - 1130,eb9fb6bd-6217-4618-a83c-a3b544c7c907,true,2027-06-22,31
ec718dce-5e26-421a-a9a7-4bb5d561ff2d,81472ca4-6a22-409d-9185-f748b4dc3b28,Studio Delux with Sea View - 1130,eb9fb6bd-6217-4618-a83c-a3b544c7c907,true,2027-06-23,31
90669b35-4bb0-466d-8282-65aea39ec49c,81472ca4-6a22-409d-9185-f748b4dc3b28,Studio Delux with Sea View - 1130,eb9fb6bd-6217-4618-a83c-a3b544c7c907,true,2027-06-24,31
28fb24d2-a144-462f-91bc-9fa1fd48bd30,81472ca4-6a22-409d-9185-f748b4dc3b28,Studio Delux with Sea View - 1130,eb9fb6bd-6217-4618-a83c-a3b544c7c907,true,2027-06-25,31
51fb0a76-ce92-488f-8102-45c01592c5ca,81472ca4-6a22-409d-9185-f748b4dc3b28,Studio Delux with Sea View - 1130,eb9fb6bd-6217-4618-a83c-a3b544c7c907,true,2027-06-26,31
dd1cc7f1-bf8c-4c86-ab79-380d2b87aeed,81472ca4-6a22-409d-9185-f748b4dc3b28,Studio Delux with Sea View - 1130,eb9fb6bd-6217-4618-a83c-a3b544c7c907,true,2027-06-27,31
44da4c2c-6f80-4046-926b-0999968ff036,81472ca4-6a22-409d-9185-f748b4dc3b28,Studio Delux with Sea View - 1130,eb9fb6bd-6217-4618-a83c-a3b544c7c907,true,2027-06-28,31
e80949de-5fb5-4457-9fbd-222c1e9229f6,81472ca4-6a22-409d-9185-f748b4dc3b28,Studio Delux with Sea View - 1130,eb9fb6bd-6217-4618-a83c-a3b544c7c907,true,2027-06-29,31
2bd92eeb-8b9b-47b3-b811-ba83d023512f,81472ca4-6a22-409d-9185-f748b4dc3b28,Studio Delux with Sea View - 1130,eb9fb6bd-6217-4618-a83c-a3b544c7c907,true,2027-06-30,31
50a5e7bc-d257-40f6-a868-2fe1749b86fc,81472ca4-6a22-409d-9185-f748b4dc3b28,Studio Delux with Sea View - 1130,eb9fb6bd-6217-4618-a83c-a3b544c7c907,true,2027-07-01,31
8615fb76-5400-4711-895a-5903dac3cee3,81472ca4-6a22-409d-9185-f748b4dc3b28,Studio Delux with Sea View - 1130,eb9fb6bd-6217-4618-a83c-a3b544c7c907,true,2027-07-02,31
13891688-45c0-408d-8aa2-959b16deda27,81472ca4-6a22-409d-9185-f748b4dc3b28,Studio Delux with Sea View - 1130,eb9fb6bd-6217-4618-a83c-a3b544c7c907,true,2027-07-03,31
9151e548-3af8-45a6-aa53-98e4eaf0988a,81472ca4-6a22-409d-9185-f748b4dc3b28,Studio Delux with Sea View - 1130,eb9fb6bd-6217-4618-a83c-a3b544c7c907,true,2027-07-04,31
138b68af-710b-46bb-8fd5-eb7dc5886e31,81472ca4-6a22-409d-9185-f748b4dc3b28,Studio Delux with Sea View - 1130,eb9fb6bd-6217-4618-a83c-a3b544c7c907,true,2027-07-05,31
f126045f-eb1b-41fa-b248-c6267467a076,81472ca4-6a22-409d-9185-f748b4dc3b28,Studio Delux with Sea View - 1130,eb9fb6bd-6217-4618-a83c-a3b544c7c907,true,2027-07-06,31
ed4e56cb-2800-493a-bc76-7661a8af102f,81472ca4-6a22-409d-9185-f748b4dc3b28,Studio Delux with Sea View - 1130,eb9fb6bd-6217-4618-a83c-a3b544c7c907,true,2027-07-07,31
b9088b01-3f4b-4c27-97c5-c2a2c93fe620,81472ca4-6a22-409d-9185-f748b4dc3b28,Studio Delux with Sea View - 1130,eb9fb6bd-6217-4618-a83c-a3b544c7c907,true,2027-07-08,31
8552b933-9a2d-4c97-ab84-dfbcb1374a77,81472ca4-6a22-409d-9185-f748b4dc3b28,Studio Delux with Sea View - 1130,eb9fb6bd-6217-4618-a83c-a3b544c7c907,true,2027-07-09,31
08efb933-1514-4bfa-9339-af2faf001ea9,81472ca4-6a22-409d-9185-f748b4dc3b28,Studio Delux with Sea View - 1130,eb9fb6bd-6217-4618-a83c-a3b544c7c907,true,2027-07-10,31
86ed74c2-4fed-4434-886c-62a2e02d1f94,81472ca4-6a22-409d-9185-f748b4dc3b28,Studio Delux with Sea View - 1130,eb9fb6bd-6217-4618-a83c-a3b544c7c907,true,2027-07-11,31
c4058c66-73b5-4172-9a0b-3db7f4fe4ff3,81472ca4-6a22-409d-9185-f748b4dc3b28,Studio Delux with Sea View - 1130,eb9fb6bd-6217-4618-a83c-a3b544c7c907,true,2027-07-12,31
3c58c8fe-8879-43c1-8a7c-889ed12b057f,81472ca4-6a22-409d-9185-f748b4dc3b28,Studio Delux with Sea View - 1130,eb9fb6bd-6217-4618-a83c-a3b544c7c907,true,2027-07-13,31
b079b8ac-bc88-47d9-94f0-aded2e6991b2,81472ca4-6a22-409d-9185-f748b4dc3b28,Studio Delux with Sea View - 1130,eb9fb6bd-6217-4618-a83c-a3b544c7c907,true,2027-07-14,31
ee70b3cf-e41d-43b4-b3ab-a71973c7d9dc,81472ca4-6a22-409d-9185-f748b4dc3b28,Studio Delux with Sea View - 1130,eb9fb6bd-6217-4618-a83c-a3b544c7c907,true,2027-07-15,31
fa43ea7e-0b8b-4d70-b1ae-88b029e6f0ce,81472ca4-6a22-409d-9185-f748b4dc3b28,Studio Delux with Sea View - 1130,eb9fb6bd-6217-4618-a83c-a3b544c7c907,true,2027-07-16,31
c5c8d6fe-7b58-4bae-8d9e-ed5146920206,81472ca4-6a22-409d-9185-f748b4dc3b28,Studio Delux with Sea View - 1130,eb9fb6bd-6217-4618-a83c-a3b544c7c907,true,2027-07-17,31
20e6c5b2-30c6-45e3-abff-48a6997bbd13,81472ca4-6a22-409d-9185-f748b4dc3b28,Studio Delux with Sea View - 1130,eb9fb6bd-6217-4618-a83c-a3b544c7c907,true,2027-07-18,31
a42d2fcc-5317-4df0-9eed-9426c7fb0a46,81472ca4-6a22-409d-9185-f748b4dc3b28,Studio Delux with Sea View - 1130,eb9fb6bd-6217-4618-a83c-a3b544c7c907,true,2027-07-19,31
ac576c43-de07-45b5-ae5f-df9fb98b897d,81472ca4-6a22-409d-9185-f748b4dc3b28,Studio Delux with Sea View - 1130,eb9fb6bd-6217-4618-a83c-a3b544c7c907,true,2027-07-20,31
1105dfb1-90d5-4c88-97c1-7e6b340f69d1,81472ca4-6a22-409d-9185-f748b4dc3b28,Studio Delux with Sea View - 1130,eb9fb6bd-6217-4618-a83c-a3b544c7c907,true,2027-07-21,31
2fc54785-dde5-431a-a530-7206c26a2edc,81472ca4-6a22-409d-9185-f748b4dc3b28,Studio Delux with Sea View - 1130,eb9fb6bd-6217-4618-a83c-a3b544c7c907,true,2027-07-22,31
814d7952-9a29-4bd1-8341-1ede0c375d0b,81472ca4-6a22-409d-9185-f748b4dc3b28,Studio Delux with Sea View - 1130,eb9fb6bd-6217-4618-a83c-a3b544c7c907,true,2027-07-23,31
67af5737-0837-4d35-9a9e-ddaa7eb815d5,81472ca4-6a22-409d-9185-f748b4dc3b28,Studio Delux with Sea View - 1130,eb9fb6bd-6217-4618-a83c-a3b544c7c907,true,2027-07-24,31
46f9e1e6-d493-4a5e-b6e6-2fb6abd38ace,81472ca4-6a22-409d-9185-f748b4dc3b28,Studio Delux with Sea View - 1130,eb9fb6bd-6217-4618-a83c-a3b544c7c907,true,2027-07-25,31
c4296c36-bb0c-4d8a-a031-7e0bcfaff614,81472ca4-6a22-409d-9185-f748b4dc3b28,Studio Delux with Sea View - 1130,eb9fb6bd-6217-4618-a83c-a3b544c7c907,true,2027-07-26,31
a54d2272-6cad-4c38-981f-332e478292bb,81472ca4-6a22-409d-9185-f748b4dc3b28,Studio Delux with Sea View - 1130,eb9fb6bd-6217-4618-a83c-a3b544c7c907,true,2027-07-27,31
2961e25d-b025-4d39-8fa8-8178c2181fd5,81472ca4-6a22-409d-9185-f748b4dc3b28,Studio Delux with Sea View - 1130,eb9fb6bd-6217-4618-a83c-a3b544c7c907,true,2027-07-28,31
fb56b411-e5c5-4ed6-a617-2523c6c3a6a8,81472ca4-6a22-409d-9185-f748b4dc3b28,Studio Delux with Sea View - 1130,eb9fb6bd-6217-4618-a83c-a3b544c7c907,true,2027-07-29,31
a9d763eb-50c7-4aca-81f9-578a19136ce2,81472ca4-6a22-409d-9185-f748b4dc3b28,Studio Delux with Sea View - 1130,eb9fb6bd-6217-4618-a83c-a3b544c7c907,true,2027-07-30,31
a779bbd4-5a0d-4e1b-80f8-54a4731d32fd,81472ca4-6a22-409d-9185-f748b4dc3b28,Studio Delux with Sea View - 1130,eb9fb6bd-6217-4618-a83c-a3b544c7c907,true,2027-07-31,31
a3928b5b-920c-4695-ad21-787a7aa760e7,81472ca4-6a22-409d-9185-f748b4dc3b28,Studio Delux with Sea View - 1130,eb9fb6bd-6217-4618-a83c-a3b544c7c907,true,2027-08-01,31
65a4da7c-2f45-4d30-a27a-806ee203cbea,81472ca4-6a22-409d-9185-f748b4dc3b28,Studio Delux with Sea View - 1130,eb9fb6bd-6217-4618-a83c-a3b544c7c907,true,2027-08-02,31
0626c2f5-f95c-425f-803f-c746f8cfa4b3,81472ca4-6a22-409d-9185-f748b4dc3b28,Studio Delux with Sea View - 1130,eb9fb6bd-6217-4618-a83c-a3b544c7c907,true,2027-08-03,31
f82e12f8-72ec-42a3-b236-400064ad364c,5c00a4c0-ae6d-4c75-ac18-49555f3203a6,Two Bedroom Apartment Sea View - 1329,78098606-3cfc-42a4-b738-1ca9f685ab65,true,2026-07-05,31
6f3f8ffc-459d-41ad-a904-d984c3dd6676,5c00a4c0-ae6d-4c75-ac18-49555f3203a6,Two Bedroom Apartment Sea View - 1329,78098606-3cfc-42a4-b738-1ca9f685ab65,true,2026-07-06,31
b39e9744-9cb5-470e-acab-4d22430e29b1,5c00a4c0-ae6d-4c75-ac18-49555f3203a6,Two Bedroom Apartment Sea View - 1329,78098606-3cfc-42a4-b738-1ca9f685ab65,true,2026-07-07,31
6e963e16-4306-420b-88a0-d09ccee44386,5c00a4c0-ae6d-4c75-ac18-49555f3203a6,Two Bedroom Apartment Sea View - 1329,78098606-3cfc-42a4-b738-1ca9f685ab65,true,2026-07-08,31
b3f9444a-24cb-479c-a6fa-14b6b8b19656,5c00a4c0-ae6d-4c75-ac18-49555f3203a6,Two Bedroom Apartment Sea View - 1329,78098606-3cfc-42a4-b738-1ca9f685ab65,true,2026-07-09,31
a05994ab-4ad2-46b1-9fa3-2e76afd5e9d5,5c00a4c0-ae6d-4c75-ac18-49555f3203a6,Two Bedroom Apartment Sea View - 1329,78098606-3cfc-42a4-b738-1ca9f685ab65,true,2026-07-10,31
3ca6cf26-0793-48ab-8bd3-ec804900e50e,5c00a4c0-ae6d-4c75-ac18-49555f3203a6,Two Bedroom Apartment Sea View - 1329,78098606-3cfc-42a4-b738-1ca9f685ab65,true,2026-07-11,31
db12ef8d-4107-47e5-a699-0628b70c3679,5c00a4c0-ae6d-4c75-ac18-49555f3203a6,Two Bedroom Apartment Sea View - 1329,78098606-3cfc-42a4-b738-1ca9f685ab65,true,2026-07-12,31
82c056e5-7bed-4bdf-82bd-98c42619ea66,5c00a4c0-ae6d-4c75-ac18-49555f3203a6,Two Bedroom Apartment Sea View - 1329,78098606-3cfc-42a4-b738-1ca9f685ab65,true,2026-07-13,31
ab0fc58e-271d-4dc3-b54d-400562e4de0a,5c00a4c0-ae6d-4c75-ac18-49555f3203a6,Two Bedroom Apartment Sea View - 1329,78098606-3cfc-42a4-b738-1ca9f685ab65,true,2026-07-14,31
a9c176c2-5e6f-460f-918c-9ddbd3fc8641,5c00a4c0-ae6d-4c75-ac18-49555f3203a6,Two Bedroom Apartment Sea View - 1329,78098606-3cfc-42a4-b738-1ca9f685ab65,true,2026-07-15,31
114fa9cf-4ad1-4f3a-a22d-dd532453aa6d,5c00a4c0-ae6d-4c75-ac18-49555f3203a6,Two Bedroom Apartment Sea View - 1329,78098606-3cfc-42a4-b738-1ca9f685ab65,true,2026-07-16,31
8a9e83d3-79c3-47e3-9941-1168b4e307fb,5c00a4c0-ae6d-4c75-ac18-49555f3203a6,Two Bedroom Apartment Sea View - 1329,78098606-3cfc-42a4-b738-1ca9f685ab65,true,2026-07-17,31
e1ceb499-4a7b-4312-b4fb-d88f38904da4,5c00a4c0-ae6d-4c75-ac18-49555f3203a6,Two Bedroom Apartment Sea View - 1329,78098606-3cfc-42a4-b738-1ca9f685ab65,true,2026-07-18,31
c97f2eec-458a-41d7-8b68-cea146ca02d6,5c00a4c0-ae6d-4c75-ac18-49555f3203a6,Two Bedroom Apartment Sea View - 1329,78098606-3cfc-42a4-b738-1ca9f685ab65,true,2026-07-19,31
c44bc2cc-8025-466f-b1f9-522e8893839a,5c00a4c0-ae6d-4c75-ac18-49555f3203a6,Two Bedroom Apartment Sea View - 1329,78098606-3cfc-42a4-b738-1ca9f685ab65,true,2026-07-20,31
7fa40f51-c405-418f-98cf-ece14cf9926c,5c00a4c0-ae6d-4c75-ac18-49555f3203a6,Two Bedroom Apartment Sea View - 1329,78098606-3cfc-42a4-b738-1ca9f685ab65,true,2026-07-21,31
3ea6e82c-775c-4108-b529-bd72d255ddca,5c00a4c0-ae6d-4c75-ac18-49555f3203a6,Two Bedroom Apartment Sea View - 1329,78098606-3cfc-42a4-b738-1ca9f685ab65,true,2026-07-22,31
34b4074c-1ba7-472b-82e1-6ab8a6eaad84,5c00a4c0-ae6d-4c75-ac18-49555f3203a6,Two Bedroom Apartment Sea View - 1329,78098606-3cfc-42a4-b738-1ca9f685ab65,true,2026-07-23,31
2d1d1b8a-720a-48f9-8918-5c2dcc6cd266,5c00a4c0-ae6d-4c75-ac18-49555f3203a6,Two Bedroom Apartment Sea View - 1329,78098606-3cfc-42a4-b738-1ca9f685ab65,true,2026-07-24,31
7fb48902-b7ae-49f0-9e21-10712544580a,5c00a4c0-ae6d-4c75-ac18-49555f3203a6,Two Bedroom Apartment Sea View - 1329,78098606-3cfc-42a4-b738-1ca9f685ab65,true,2026-07-25,31
11bb7abb-d24f-4c75-a2de-858953d0cab0,5c00a4c0-ae6d-4c75-ac18-49555f3203a6,Two Bedroom Apartment Sea View - 1329,78098606-3cfc-42a4-b738-1ca9f685ab65,true,2026-07-26,31
d1455c17-643e-40e3-9b18-e287c21d2ad8,5c00a4c0-ae6d-4c75-ac18-49555f3203a6,Two Bedroom Apartment Sea View - 1329,78098606-3cfc-42a4-b738-1ca9f685ab65,true,2026-07-27,31
68988392-bf9d-4a60-865a-98c424cf1233,5c00a4c0-ae6d-4c75-ac18-49555f3203a6,Two Bedroom Apartment Sea View - 1329,78098606-3cfc-42a4-b738-1ca9f685ab65,true,2026-07-28,31
1a7e9de9-e96e-4709-b4cc-6e222ee9010f,5c00a4c0-ae6d-4c75-ac18-49555f3203a6,Two Bedroom Apartment Sea View - 1329,78098606-3cfc-42a4-b738-1ca9f685ab65,true,2026-07-29,31
7cafe288-4da7-4e7e-9bfd-3b04ceef2768,5c00a4c0-ae6d-4c75-ac18-49555f3203a6,Two Bedroom Apartment Sea View - 1329,78098606-3cfc-42a4-b738-1ca9f685ab65,true,2026-07-30,31
77cff5c2-0319-44b3-9f00-dbccc2438f3e,5c00a4c0-ae6d-4c75-ac18-49555f3203a6,Two Bedroom Apartment Sea View - 1329,78098606-3cfc-42a4-b738-1ca9f685ab65,true,2026-07-31,31
6d3398a2-aa06-41b4-b11b-68c9a0c3131a,5c00a4c0-ae6d-4c75-ac18-49555f3203a6,Two Bedroom Apartment Sea View - 1329,78098606-3cfc-42a4-b738-1ca9f685ab65,true,2026-08-01,31
4d7e3718-ac86-42ce-baa1-78e53b1b784f,5c00a4c0-ae6d-4c75-ac18-49555f3203a6,Two Bedroom Apartment Sea View - 1329,78098606-3cfc-42a4-b738-1ca9f685ab65,true,2026-08-02,31
b5fe828b-34a6-4dbd-a672-f35f1bd60329,5c00a4c0-ae6d-4c75-ac18-49555f3203a6,Two Bedroom Apartment Sea View - 1329,78098606-3cfc-42a4-b738-1ca9f685ab65,true,2026-08-03,31
42ab2d00-3304-4592-aff2-30561053d45e,5c00a4c0-ae6d-4c75-ac18-49555f3203a6,Two Bedroom Apartment Sea View - 1329,78098606-3cfc-42a4-b738-1ca9f685ab65,true,2026-08-04,31
de4e9d42-f499-48d1-8755-c399b4036660,5c00a4c0-ae6d-4c75-ac18-49555f3203a6,Two Bedroom Apartment Sea View - 1329,78098606-3cfc-42a4-b738-1ca9f685ab65,true,2026-08-05,31
f5d589ec-272f-4c5c-b2e1-a5eb51670cc7,5c00a4c0-ae6d-4c75-ac18-49555f3203a6,Two Bedroom Apartment Sea View - 1329,78098606-3cfc-42a4-b738-1ca9f685ab65,true,2026-08-06,31
bd9afd55-bc91-4802-8506-37d937b4b6c6,5c00a4c0-ae6d-4c75-ac18-49555f3203a6,Two Bedroom Apartment Sea View - 1329,78098606-3cfc-42a4-b738-1ca9f685ab65,true,2026-08-07,31
c4c49ba1-d96e-476d-b5f6-b4946c56e579,5c00a4c0-ae6d-4c75-ac18-49555f3203a6,Two Bedroom Apartment Sea View - 1329,78098606-3cfc-42a4-b738-1ca9f685ab65,true,2026-08-08,31
c994600b-bb5f-4a5b-8a31-c688b250d89e,5c00a4c0-ae6d-4c75-ac18-49555f3203a6,Two Bedroom Apartment Sea View - 1329,78098606-3cfc-42a4-b738-1ca9f685ab65,true,2026-08-09,31
7c549d9f-7aab-4690-8283-d3af0c9e6785,5c00a4c0-ae6d-4c75-ac18-49555f3203a6,Two Bedroom Apartment Sea View - 1329,78098606-3cfc-42a4-b738-1ca9f685ab65,true,2026-08-10,31
348b9133-0533-4ab3-aa82-312aec9bb9a2,5c00a4c0-ae6d-4c75-ac18-49555f3203a6,Two Bedroom Apartment Sea View - 1329,78098606-3cfc-42a4-b738-1ca9f685ab65,true,2026-08-11,31
56b73129-1847-421c-956b-7f89c8b336d4,5c00a4c0-ae6d-4c75-ac18-49555f3203a6,Two Bedroom Apartment Sea View - 1329,78098606-3cfc-42a4-b738-1ca9f685ab65,true,2026-08-12,31
bebce705-8606-4567-abb4-1913cb5f3176,5c00a4c0-ae6d-4c75-ac18-49555f3203a6,Two Bedroom Apartment Sea View - 1329,78098606-3cfc-42a4-b738-1ca9f685ab65,true,2026-08-13,31
d1e60313-aacd-4333-9bd7-359bc5897ea3,5c00a4c0-ae6d-4c75-ac18-49555f3203a6,Two Bedroom Apartment Sea View - 1329,78098606-3cfc-42a4-b738-1ca9f685ab65,true,2026-08-14,31
5230de25-3ae2-4ffa-9a85-983d090f8f8b,5c00a4c0-ae6d-4c75-ac18-49555f3203a6,Two Bedroom Apartment Sea View - 1329,78098606-3cfc-42a4-b738-1ca9f685ab65,true,2026-08-15,31
b7ed7108-6778-4ed2-b613-826ecaee6f94,5c00a4c0-ae6d-4c75-ac18-49555f3203a6,Two Bedroom Apartment Sea View - 1329,78098606-3cfc-42a4-b738-1ca9f685ab65,true,2026-08-16,31
16f71e36-32bc-408d-a428-70ebf8e80602,5c00a4c0-ae6d-4c75-ac18-49555f3203a6,Two Bedroom Apartment Sea View - 1329,78098606-3cfc-42a4-b738-1ca9f685ab65,true,2026-08-17,31
3f0cc345-6388-4adb-a3c4-9f17cd29b9c3,5c00a4c0-ae6d-4c75-ac18-49555f3203a6,Two Bedroom Apartment Sea View - 1329,78098606-3cfc-42a4-b738-1ca9f685ab65,true,2026-08-18,31
88534e6d-d7ad-4426-8a3b-f220d41bb5ef,5c00a4c0-ae6d-4c75-ac18-49555f3203a6,Two Bedroom Apartment Sea View - 1329,78098606-3cfc-42a4-b738-1ca9f685ab65,true,2026-08-19,31
c924741a-346b-4198-af10-beed61dfeee9,5c00a4c0-ae6d-4c75-ac18-49555f3203a6,Two Bedroom Apartment Sea View - 1329,78098606-3cfc-42a4-b738-1ca9f685ab65,true,2026-08-20,31
f341ac61-6f42-4cea-ba84-a510649ed4ff,5c00a4c0-ae6d-4c75-ac18-49555f3203a6,Two Bedroom Apartment Sea View - 1329,78098606-3cfc-42a4-b738-1ca9f685ab65,true,2026-08-21,31
19ccc285-fc1d-4f9f-aa10-f020933bfd10,5c00a4c0-ae6d-4c75-ac18-49555f3203a6,Two Bedroom Apartment Sea View - 1329,78098606-3cfc-42a4-b738-1ca9f685ab65,true,2026-08-22,31
e23de61f-852d-41cd-bede-51cfe30c8428,5c00a4c0-ae6d-4c75-ac18-49555f3203a6,Two Bedroom Apartment Sea View - 1329,78098606-3cfc-42a4-b738-1ca9f685ab65,true,2026-08-23,31
9c045beb-9679-45b8-b882-313a6a3e6b5e,5c00a4c0-ae6d-4c75-ac18-49555f3203a6,Two Bedroom Apartment Sea View - 1329,78098606-3cfc-42a4-b738-1ca9f685ab65,true,2026-08-24,31
9b46e669-d695-4d34-a384-2482a202b623,5c00a4c0-ae6d-4c75-ac18-49555f3203a6,Two Bedroom Apartment Sea View - 1329,78098606-3cfc-42a4-b738-1ca9f685ab65,true,2026-08-25,31
0d8123ef-ad99-4150-bb54-72cac91e7e71,5c00a4c0-ae6d-4c75-ac18-49555f3203a6,Two Bedroom Apartment Sea View - 1329,78098606-3cfc-42a4-b738-1ca9f685ab65,true,2026-08-26,31
936fcc18-5b4a-4342-ad49-9cf15747436d,5c00a4c0-ae6d-4c75-ac18-49555f3203a6,Two Bedroom Apartment Sea View - 1329,78098606-3cfc-42a4-b738-1ca9f685ab65,true,2026-08-27,31
01269d4b-1839-4bf5-a465-2e6e7e34d2e6,5c00a4c0-ae6d-4c75-ac18-49555f3203a6,Two Bedroom Apartment Sea View - 1329,78098606-3cfc-42a4-b738-1ca9f685ab65,true,2026-08-28,31
dd50af2e-b714-4946-9fc5-11c4507500aa,5c00a4c0-ae6d-4c75-ac18-49555f3203a6,Two Bedroom Apartment Sea View - 1329,78098606-3cfc-42a4-b738-1ca9f685ab65,true,2026-08-29,31
f1e095f4-9791-4248-8ba6-2add9b2febcc,5c00a4c0-ae6d-4c75-ac18-49555f3203a6,Two Bedroom Apartment Sea View - 1329,78098606-3cfc-42a4-b738-1ca9f685ab65,true,2026-08-30,31
5b3627d5-b76f-4df1-a232-18c510378a7b,5c00a4c0-ae6d-4c75-ac18-49555f3203a6,Two Bedroom Apartment Sea View - 1329,78098606-3cfc-42a4-b738-1ca9f685ab65,true,2026-08-31,31
205b8de5-8f5b-4b14-a5f6-2845ca85c9be,5c00a4c0-ae6d-4c75-ac18-49555f3203a6,Two Bedroom Apartment Sea View - 1329,78098606-3cfc-42a4-b738-1ca9f685ab65,true,2026-09-01,31
4def0ee4-c45a-469c-8be6-c9acdb8d3ff4,5c00a4c0-ae6d-4c75-ac18-49555f3203a6,Two Bedroom Apartment Sea View - 1329,78098606-3cfc-42a4-b738-1ca9f685ab65,true,2026-09-02,31
94b26ab7-2d25-47e3-bb77-05719d0581d7,5c00a4c0-ae6d-4c75-ac18-49555f3203a6,Two Bedroom Apartment Sea View - 1329,78098606-3cfc-42a4-b738-1ca9f685ab65,true,2026-09-03,31
887b848f-4f79-4279-8e3f-715ce4d91c22,5c00a4c0-ae6d-4c75-ac18-49555f3203a6,Two Bedroom Apartment Sea View - 1329,78098606-3cfc-42a4-b738-1ca9f685ab65,true,2026-09-04,31
fd435bf7-be65-476b-ac98-fca80bbde3e9,5c00a4c0-ae6d-4c75-ac18-49555f3203a6,Two Bedroom Apartment Sea View - 1329,78098606-3cfc-42a4-b738-1ca9f685ab65,true,2026-09-05,31
0ee777c0-cc4e-4d22-8979-de66a15f61ba,5c00a4c0-ae6d-4c75-ac18-49555f3203a6,Two Bedroom Apartment Sea View - 1329,78098606-3cfc-42a4-b738-1ca9f685ab65,true,2026-09-06,31
25dde2b2-9329-4c15-9df7-012537c82bbb,5c00a4c0-ae6d-4c75-ac18-49555f3203a6,Two Bedroom Apartment Sea View - 1329,78098606-3cfc-42a4-b738-1ca9f685ab65,true,2026-09-07,31
705cca9e-263a-451a-beb1-bbc3fda3239e,5c00a4c0-ae6d-4c75-ac18-49555f3203a6,Two Bedroom Apartment Sea View - 1329,78098606-3cfc-42a4-b738-1ca9f685ab65,true,2026-09-08,31
50fd3348-8c2d-4715-989f-082ac0b625ea,5c00a4c0-ae6d-4c75-ac18-49555f3203a6,Two Bedroom Apartment Sea View - 1329,78098606-3cfc-42a4-b738-1ca9f685ab65,true,2026-09-09,31
f79c7eab-4d24-4a3e-826a-6b16694d5fa9,5c00a4c0-ae6d-4c75-ac18-49555f3203a6,Two Bedroom Apartment Sea View - 1329,78098606-3cfc-42a4-b738-1ca9f685ab65,true,2026-09-10,31
03c2f180-a85f-4354-a3ee-cd841b089245,5c00a4c0-ae6d-4c75-ac18-49555f3203a6,Two Bedroom Apartment Sea View - 1329,78098606-3cfc-42a4-b738-1ca9f685ab65,true,2026-09-11,31
665c5652-c1e8-4b22-bebe-a5ffb9ad17dc,5c00a4c0-ae6d-4c75-ac18-49555f3203a6,Two Bedroom Apartment Sea View - 1329,78098606-3cfc-42a4-b738-1ca9f685ab65,true,2026-09-12,31
c3fa40ef-2c15-4c9a-95c3-186fc3497325,5c00a4c0-ae6d-4c75-ac18-49555f3203a6,Two Bedroom Apartment Sea View - 1329,78098606-3cfc-42a4-b738-1ca9f685ab65,true,2026-09-13,31
111544e1-51fc-41ef-94fe-150a1854a6e9,5c00a4c0-ae6d-4c75-ac18-49555f3203a6,Two Bedroom Apartment Sea View - 1329,78098606-3cfc-42a4-b738-1ca9f685ab65,true,2026-09-14,31
73b1dc1c-8b59-4ef6-9aa6-e2091c3fdc08,5c00a4c0-ae6d-4c75-ac18-49555f3203a6,Two Bedroom Apartment Sea View - 1329,78098606-3cfc-42a4-b738-1ca9f685ab65,true,2026-09-15,31
11e6b045-04d6-4773-9c02-cda797e61afb,5c00a4c0-ae6d-4c75-ac18-49555f3203a6,Two Bedroom Apartment Sea View - 1329,78098606-3cfc-42a4-b738-1ca9f685ab65,true,2026-09-16,31
a47dfa4c-0a1d-42b4-a148-1b76d3a4f481,5c00a4c0-ae6d-4c75-ac18-49555f3203a6,Two Bedroom Apartment Sea View - 1329,78098606-3cfc-42a4-b738-1ca9f685ab65,true,2026-09-17,31
5fd29def-350a-419d-a1f0-3e9b84d4c122,5c00a4c0-ae6d-4c75-ac18-49555f3203a6,Two Bedroom Apartment Sea View - 1329,78098606-3cfc-42a4-b738-1ca9f685ab65,true,2026-09-18,31
47c19f8f-7124-4aaa-a218-682f759e2613,5c00a4c0-ae6d-4c75-ac18-49555f3203a6,Two Bedroom Apartment Sea View - 1329,78098606-3cfc-42a4-b738-1ca9f685ab65,true,2026-09-19,31
32e58195-6492-4f2b-815a-49fd2a98cf41,5c00a4c0-ae6d-4c75-ac18-49555f3203a6,Two Bedroom Apartment Sea View - 1329,78098606-3cfc-42a4-b738-1ca9f685ab65,true,2026-09-20,31
9dc60d69-f6a7-4f45-ad58-fe65a767765e,5c00a4c0-ae6d-4c75-ac18-49555f3203a6,Two Bedroom Apartment Sea View - 1329,78098606-3cfc-42a4-b738-1ca9f685ab65,true,2026-09-21,31
b2ca736b-860c-4e33-8b09-ff147e3b7f91,5c00a4c0-ae6d-4c75-ac18-49555f3203a6,Two Bedroom Apartment Sea View - 1329,78098606-3cfc-42a4-b738-1ca9f685ab65,true,2026-09-22,31
41bb0430-4635-44d8-aefe-64197a530450,5c00a4c0-ae6d-4c75-ac18-49555f3203a6,Two Bedroom Apartment Sea View - 1329,78098606-3cfc-42a4-b738-1ca9f685ab65,true,2026-09-23,31
12079abc-93ac-4479-8dca-7cb5eaf9988d,5c00a4c0-ae6d-4c75-ac18-49555f3203a6,Two Bedroom Apartment Sea View - 1329,78098606-3cfc-42a4-b738-1ca9f685ab65,true,2026-09-24,31
560d7e1f-fb3f-40cb-a258-76a7e2801091,5c00a4c0-ae6d-4c75-ac18-49555f3203a6,Two Bedroom Apartment Sea View - 1329,78098606-3cfc-42a4-b738-1ca9f685ab65,true,2026-09-25,31
4037a5cd-ee92-4859-98b3-49e61eeea617,5c00a4c0-ae6d-4c75-ac18-49555f3203a6,Two Bedroom Apartment Sea View - 1329,78098606-3cfc-42a4-b738-1ca9f685ab65,true,2026-09-26,31
fe1f5875-e2d8-4129-af65-a1ee85271d10,5c00a4c0-ae6d-4c75-ac18-49555f3203a6,Two Bedroom Apartment Sea View - 1329,78098606-3cfc-42a4-b738-1ca9f685ab65,true,2026-09-27,31
3ac5404a-f16a-49db-96b6-1dec265e1b31,5c00a4c0-ae6d-4c75-ac18-49555f3203a6,Two Bedroom Apartment Sea View - 1329,78098606-3cfc-42a4-b738-1ca9f685ab65,true,2026-09-28,31
efeeb05c-e33e-40ff-9c39-4d5cb1fc6b60,5c00a4c0-ae6d-4c75-ac18-49555f3203a6,Two Bedroom Apartment Sea View - 1329,78098606-3cfc-42a4-b738-1ca9f685ab65,true,2026-09-29,31
f41da00c-8659-45ca-98aa-6bcc0e9fea55,5c00a4c0-ae6d-4c75-ac18-49555f3203a6,Two Bedroom Apartment Sea View - 1329,78098606-3cfc-42a4-b738-1ca9f685ab65,true,2026-09-30,31
27fe8cad-85a5-4097-8c1b-b42116914509,5c00a4c0-ae6d-4c75-ac18-49555f3203a6,Two Bedroom Apartment Sea View - 1329,78098606-3cfc-42a4-b738-1ca9f685ab65,true,2026-10-01,31
191a2ad0-2ea6-4a63-8eeb-718a1a388ffc,5c00a4c0-ae6d-4c75-ac18-49555f3203a6,Two Bedroom Apartment Sea View - 1329,78098606-3cfc-42a4-b738-1ca9f685ab65,true,2026-10-02,31
225d927f-e77e-4f51-a4de-6ac0ea84652f,5c00a4c0-ae6d-4c75-ac18-49555f3203a6,Two Bedroom Apartment Sea View - 1329,78098606-3cfc-42a4-b738-1ca9f685ab65,true,2026-10-03,31
e620b5aa-cdb5-47c8-aee6-24144092391c,5c00a4c0-ae6d-4c75-ac18-49555f3203a6,Two Bedroom Apartment Sea View - 1329,78098606-3cfc-42a4-b738-1ca9f685ab65,true,2026-10-04,31
b9756a77-23b4-46a2-bb51-6828593cf2f4,5c00a4c0-ae6d-4c75-ac18-49555f3203a6,Two Bedroom Apartment Sea View - 1329,78098606-3cfc-42a4-b738-1ca9f685ab65,true,2026-10-05,31
aeb5888d-213d-4f41-b4b3-e3a40c224095,5c00a4c0-ae6d-4c75-ac18-49555f3203a6,Two Bedroom Apartment Sea View - 1329,78098606-3cfc-42a4-b738-1ca9f685ab65,true,2026-10-06,31
bd0c2748-4f70-4991-812e-6647bdf0b400,5c00a4c0-ae6d-4c75-ac18-49555f3203a6,Two Bedroom Apartment Sea View - 1329,78098606-3cfc-42a4-b738-1ca9f685ab65,true,2026-10-07,31
403e8604-589d-4375-8273-4374a7c3aeab,5c00a4c0-ae6d-4c75-ac18-49555f3203a6,Two Bedroom Apartment Sea View - 1329,78098606-3cfc-42a4-b738-1ca9f685ab65,true,2026-10-08,31
600b2348-1247-46b6-83be-c9c4847a5063,5c00a4c0-ae6d-4c75-ac18-49555f3203a6,Two Bedroom Apartment Sea View - 1329,78098606-3cfc-42a4-b738-1ca9f685ab65,true,2026-10-09,31
d0dc6c4b-b720-4ff9-8827-5fc25f8b3f0a,5c00a4c0-ae6d-4c75-ac18-49555f3203a6,Two Bedroom Apartment Sea View - 1329,78098606-3cfc-42a4-b738-1ca9f685ab65,true,2026-10-10,31
b587e403-791a-4829-b14f-b95d90561500,5c00a4c0-ae6d-4c75-ac18-49555f3203a6,Two Bedroom Apartment Sea View - 1329,78098606-3cfc-42a4-b738-1ca9f685ab65,true,2026-10-11,31
6011559a-c390-46e3-b049-6bb1f21aa932,5c00a4c0-ae6d-4c75-ac18-49555f3203a6,Two Bedroom Apartment Sea View - 1329,78098606-3cfc-42a4-b738-1ca9f685ab65,true,2026-10-12,31
73fc0fac-6d20-41c6-8a4f-3776e7de9d19,5c00a4c0-ae6d-4c75-ac18-49555f3203a6,Two Bedroom Apartment Sea View - 1329,78098606-3cfc-42a4-b738-1ca9f685ab65,true,2026-10-13,31
346d70dd-efd3-4535-841b-035de75fab40,5c00a4c0-ae6d-4c75-ac18-49555f3203a6,Two Bedroom Apartment Sea View - 1329,78098606-3cfc-42a4-b738-1ca9f685ab65,true,2026-10-14,31
5e31fa2d-cd6b-4a96-84ee-33866f0a54a3,5c00a4c0-ae6d-4c75-ac18-49555f3203a6,Two Bedroom Apartment Sea View - 1329,78098606-3cfc-42a4-b738-1ca9f685ab65,true,2026-10-15,31
30352b67-1625-41d5-99c7-e6713e02095d,5c00a4c0-ae6d-4c75-ac18-49555f3203a6,Two Bedroom Apartment Sea View - 1329,78098606-3cfc-42a4-b738-1ca9f685ab65,true,2026-10-16,31
b3614131-7529-4ad8-b9d8-3fcc636d0201,5c00a4c0-ae6d-4c75-ac18-49555f3203a6,Two Bedroom Apartment Sea View - 1329,78098606-3cfc-42a4-b738-1ca9f685ab65,true,2026-10-17,31
6f8117fe-f048-4866-9fbf-40b194925534,5c00a4c0-ae6d-4c75-ac18-49555f3203a6,Two Bedroom Apartment Sea View - 1329,78098606-3cfc-42a4-b738-1ca9f685ab65,true,2026-10-18,31
f7f2f18a-0d9f-4fd0-a640-e656a00f7c06,5c00a4c0-ae6d-4c75-ac18-49555f3203a6,Two Bedroom Apartment Sea View - 1329,78098606-3cfc-42a4-b738-1ca9f685ab65,true,2026-10-19,31
8eddb8ac-5aba-4d47-b0f0-9461c27c5f4f,5c00a4c0-ae6d-4c75-ac18-49555f3203a6,Two Bedroom Apartment Sea View - 1329,78098606-3cfc-42a4-b738-1ca9f685ab65,true,2026-10-20,31
e3e1617f-27a3-4523-a22f-d3db814c20d0,5c00a4c0-ae6d-4c75-ac18-49555f3203a6,Two Bedroom Apartment Sea View - 1329,78098606-3cfc-42a4-b738-1ca9f685ab65,true,2026-10-21,31
2c443a57-48f9-40c3-a95a-f23597cfa7b8,5c00a4c0-ae6d-4c75-ac18-49555f3203a6,Two Bedroom Apartment Sea View - 1329,78098606-3cfc-42a4-b738-1ca9f685ab65,true,2026-10-22,31
dc138b12-e7a6-4e53-9a3d-9e33c3a636f9,5c00a4c0-ae6d-4c75-ac18-49555f3203a6,Two Bedroom Apartment Sea View - 1329,78098606-3cfc-42a4-b738-1ca9f685ab65,true,2026-10-23,31
a9048861-445f-4f85-9a2e-00feb426be82,5c00a4c0-ae6d-4c75-ac18-49555f3203a6,Two Bedroom Apartment Sea View - 1329,78098606-3cfc-42a4-b738-1ca9f685ab65,true,2026-10-24,31
360c6378-4e67-459d-adf9-7b87889c97d8,5c00a4c0-ae6d-4c75-ac18-49555f3203a6,Two Bedroom Apartment Sea View - 1329,78098606-3cfc-42a4-b738-1ca9f685ab65,true,2026-10-25,31
1c33dffa-183f-4192-93a8-e2a3ce4fb53b,5c00a4c0-ae6d-4c75-ac18-49555f3203a6,Two Bedroom Apartment Sea View - 1329,78098606-3cfc-42a4-b738-1ca9f685ab65,true,2026-10-26,31
a2fb5c5f-d830-4666-8cfe-9f1eb25c539e,5c00a4c0-ae6d-4c75-ac18-49555f3203a6,Two Bedroom Apartment Sea View - 1329,78098606-3cfc-42a4-b738-1ca9f685ab65,true,2026-10-27,31
f639cc17-17dc-460d-89a9-654efeb33858,5c00a4c0-ae6d-4c75-ac18-49555f3203a6,Two Bedroom Apartment Sea View - 1329,78098606-3cfc-42a4-b738-1ca9f685ab65,true,2026-10-28,31
efc1c32b-2cb2-401e-ae01-fe157e90c7fb,5c00a4c0-ae6d-4c75-ac18-49555f3203a6,Two Bedroom Apartment Sea View - 1329,78098606-3cfc-42a4-b738-1ca9f685ab65,true,2026-10-29,31
ce6db38d-a7c4-47c9-8abb-b80f81154205,5c00a4c0-ae6d-4c75-ac18-49555f3203a6,Two Bedroom Apartment Sea View - 1329,78098606-3cfc-42a4-b738-1ca9f685ab65,true,2026-10-30,31
7cb4b060-3f99-4b44-940b-6b0274ee487f,5c00a4c0-ae6d-4c75-ac18-49555f3203a6,Two Bedroom Apartment Sea View - 1329,78098606-3cfc-42a4-b738-1ca9f685ab65,true,2026-10-31,31
c3ddcd15-ce5f-40c3-b4d8-2bce727f1099,5c00a4c0-ae6d-4c75-ac18-49555f3203a6,Two Bedroom Apartment Sea View - 1329,78098606-3cfc-42a4-b738-1ca9f685ab65,true,2026-11-01,31
bdde98ae-1413-46ad-aaa2-48b6d5733266,5c00a4c0-ae6d-4c75-ac18-49555f3203a6,Two Bedroom Apartment Sea View - 1329,78098606-3cfc-42a4-b738-1ca9f685ab65,true,2026-11-02,31
df5bd021-3b96-493e-acab-4f5cde036057,5c00a4c0-ae6d-4c75-ac18-49555f3203a6,Two Bedroom Apartment Sea View - 1329,78098606-3cfc-42a4-b738-1ca9f685ab65,true,2026-11-03,31
2e5e2437-2d6b-45cc-9258-508bd7789dcb,5c00a4c0-ae6d-4c75-ac18-49555f3203a6,Two Bedroom Apartment Sea View - 1329,78098606-3cfc-42a4-b738-1ca9f685ab65,true,2026-11-04,31
93460739-d3f6-45c4-904a-ae353eecc6a2,5c00a4c0-ae6d-4c75-ac18-49555f3203a6,Two Bedroom Apartment Sea View - 1329,78098606-3cfc-42a4-b738-1ca9f685ab65,true,2026-11-05,31
5e278e2d-dd72-4fb1-8b34-c97e1e5d9a73,5c00a4c0-ae6d-4c75-ac18-49555f3203a6,Two Bedroom Apartment Sea View - 1329,78098606-3cfc-42a4-b738-1ca9f685ab65,true,2026-11-06,31
4a0bae26-a7c3-46bf-b420-740cf8d3534f,5c00a4c0-ae6d-4c75-ac18-49555f3203a6,Two Bedroom Apartment Sea View - 1329,78098606-3cfc-42a4-b738-1ca9f685ab65,true,2026-11-07,31
edf2e137-475b-4c09-bf8a-ed1442143eda,5c00a4c0-ae6d-4c75-ac18-49555f3203a6,Two Bedroom Apartment Sea View - 1329,78098606-3cfc-42a4-b738-1ca9f685ab65,true,2026-11-08,31
cdc01624-ce76-4260-965f-921a7ac84454,5c00a4c0-ae6d-4c75-ac18-49555f3203a6,Two Bedroom Apartment Sea View - 1329,78098606-3cfc-42a4-b738-1ca9f685ab65,true,2026-11-09,31
563377e8-6a1c-44b6-bc2c-fbf261cecab4,5c00a4c0-ae6d-4c75-ac18-49555f3203a6,Two Bedroom Apartment Sea View - 1329,78098606-3cfc-42a4-b738-1ca9f685ab65,true,2026-11-10,31
f92484fa-eea9-4a71-9113-fb24b4dc5fa6,5c00a4c0-ae6d-4c75-ac18-49555f3203a6,Two Bedroom Apartment Sea View - 1329,78098606-3cfc-42a4-b738-1ca9f685ab65,true,2026-11-11,31
06ac6f2e-264e-427e-ba02-9f29c939ba8e,5c00a4c0-ae6d-4c75-ac18-49555f3203a6,Two Bedroom Apartment Sea View - 1329,78098606-3cfc-42a4-b738-1ca9f685ab65,true,2026-11-12,31
87daf091-c290-4619-8568-fa1646b8bd4d,5c00a4c0-ae6d-4c75-ac18-49555f3203a6,Two Bedroom Apartment Sea View - 1329,78098606-3cfc-42a4-b738-1ca9f685ab65,true,2026-11-13,31
90d7cfa2-9254-47df-8952-d3915b22f882,5c00a4c0-ae6d-4c75-ac18-49555f3203a6,Two Bedroom Apartment Sea View - 1329,78098606-3cfc-42a4-b738-1ca9f685ab65,true,2026-11-14,31
9b03eaa4-54a5-4b53-92b9-c3ea1310f853,5c00a4c0-ae6d-4c75-ac18-49555f3203a6,Two Bedroom Apartment Sea View - 1329,78098606-3cfc-42a4-b738-1ca9f685ab65,true,2026-11-15,31
79863b8a-687d-4c93-bde9-c22b9f28179e,5c00a4c0-ae6d-4c75-ac18-49555f3203a6,Two Bedroom Apartment Sea View - 1329,78098606-3cfc-42a4-b738-1ca9f685ab65,true,2026-11-16,31
98a3e328-b75c-4b42-b3c1-db19fcaa3e78,5c00a4c0-ae6d-4c75-ac18-49555f3203a6,Two Bedroom Apartment Sea View - 1329,78098606-3cfc-42a4-b738-1ca9f685ab65,true,2026-11-17,31
56196c5b-ab8c-457e-b771-daf8f1aba282,5c00a4c0-ae6d-4c75-ac18-49555f3203a6,Two Bedroom Apartment Sea View - 1329,78098606-3cfc-42a4-b738-1ca9f685ab65,true,2026-11-18,31
e0b34f66-e169-4179-b63d-0d6cd0e255b3,5c00a4c0-ae6d-4c75-ac18-49555f3203a6,Two Bedroom Apartment Sea View - 1329,78098606-3cfc-42a4-b738-1ca9f685ab65,true,2026-11-19,31
60b41072-7d82-40ea-919a-a7851e895a9d,5c00a4c0-ae6d-4c75-ac18-49555f3203a6,Two Bedroom Apartment Sea View - 1329,78098606-3cfc-42a4-b738-1ca9f685ab65,true,2026-11-20,31
c60061d3-e8f5-4eb4-ba19-1c124847b63d,5c00a4c0-ae6d-4c75-ac18-49555f3203a6,Two Bedroom Apartment Sea View - 1329,78098606-3cfc-42a4-b738-1ca9f685ab65,true,2026-11-21,31
c94f57c6-bfc6-4c06-8190-e03d5a4fe562,5c00a4c0-ae6d-4c75-ac18-49555f3203a6,Two Bedroom Apartment Sea View - 1329,78098606-3cfc-42a4-b738-1ca9f685ab65,true,2026-11-22,31
a4a54e7b-0584-4ec3-b5ee-d82a40553e4c,5c00a4c0-ae6d-4c75-ac18-49555f3203a6,Two Bedroom Apartment Sea View - 1329,78098606-3cfc-42a4-b738-1ca9f685ab65,true,2026-11-23,31
69a074b2-7b8a-4b16-9506-8a1e07030d46,5c00a4c0-ae6d-4c75-ac18-49555f3203a6,Two Bedroom Apartment Sea View - 1329,78098606-3cfc-42a4-b738-1ca9f685ab65,true,2026-11-24,31
c5915c5b-ed78-4411-b744-c7a5db41e946,5c00a4c0-ae6d-4c75-ac18-49555f3203a6,Two Bedroom Apartment Sea View - 1329,78098606-3cfc-42a4-b738-1ca9f685ab65,true,2026-11-25,31
8ca6bdb4-add5-4ca8-ac02-388364c4d8ad,5c00a4c0-ae6d-4c75-ac18-49555f3203a6,Two Bedroom Apartment Sea View - 1329,78098606-3cfc-42a4-b738-1ca9f685ab65,true,2026-11-26,31
600e662d-3300-4a4f-8c76-7bd5c56f8cb7,5c00a4c0-ae6d-4c75-ac18-49555f3203a6,Two Bedroom Apartment Sea View - 1329,78098606-3cfc-42a4-b738-1ca9f685ab65,true,2026-11-27,31
8244ad0f-cadf-4fdb-91b8-51fa25125a65,5c00a4c0-ae6d-4c75-ac18-49555f3203a6,Two Bedroom Apartment Sea View - 1329,78098606-3cfc-42a4-b738-1ca9f685ab65,true,2026-11-28,31
21b41c53-2075-4674-8749-b02afdacadd6,5c00a4c0-ae6d-4c75-ac18-49555f3203a6,Two Bedroom Apartment Sea View - 1329,78098606-3cfc-42a4-b738-1ca9f685ab65,true,2026-11-29,31
8f663041-31a5-4a9a-ad9d-0c4f3cf501d4,5c00a4c0-ae6d-4c75-ac18-49555f3203a6,Two Bedroom Apartment Sea View - 1329,78098606-3cfc-42a4-b738-1ca9f685ab65,true,2026-11-30,31
5188f693-4146-4c90-b8da-e224c97845c7,5c00a4c0-ae6d-4c75-ac18-49555f3203a6,Two Bedroom Apartment Sea View - 1329,78098606-3cfc-42a4-b738-1ca9f685ab65,true,2026-12-01,31
103e6e9e-68c6-40f2-99f2-07b735ed328a,5c00a4c0-ae6d-4c75-ac18-49555f3203a6,Two Bedroom Apartment Sea View - 1329,78098606-3cfc-42a4-b738-1ca9f685ab65,true,2026-12-02,31
6290870c-cc52-4c86-86e6-f7be7de727e2,5c00a4c0-ae6d-4c75-ac18-49555f3203a6,Two Bedroom Apartment Sea View - 1329,78098606-3cfc-42a4-b738-1ca9f685ab65,true,2026-12-03,31
f338301b-2ab6-4922-a273-f650a0388ece,5c00a4c0-ae6d-4c75-ac18-49555f3203a6,Two Bedroom Apartment Sea View - 1329,78098606-3cfc-42a4-b738-1ca9f685ab65,true,2026-12-04,31
ea37297a-9cf0-4ea0-9fa1-7b230d95d284,5c00a4c0-ae6d-4c75-ac18-49555f3203a6,Two Bedroom Apartment Sea View - 1329,78098606-3cfc-42a4-b738-1ca9f685ab65,true,2026-12-05,31
3164bfc2-d66f-4590-af9c-1fe298d733c0,5c00a4c0-ae6d-4c75-ac18-49555f3203a6,Two Bedroom Apartment Sea View - 1329,78098606-3cfc-42a4-b738-1ca9f685ab65,true,2026-12-06,31
ed6cef41-5a67-45ca-8dda-336244ce403e,5c00a4c0-ae6d-4c75-ac18-49555f3203a6,Two Bedroom Apartment Sea View - 1329,78098606-3cfc-42a4-b738-1ca9f685ab65,true,2026-12-07,31
b5e2fe25-7d16-4287-af4e-a3b3f4cfeb5a,5c00a4c0-ae6d-4c75-ac18-49555f3203a6,Two Bedroom Apartment Sea View - 1329,78098606-3cfc-42a4-b738-1ca9f685ab65,true,2026-12-08,31
fe6bbbb5-28e5-4ea6-ad5f-f87c1f890705,5c00a4c0-ae6d-4c75-ac18-49555f3203a6,Two Bedroom Apartment Sea View - 1329,78098606-3cfc-42a4-b738-1ca9f685ab65,true,2026-12-09,31
b646d2c4-626a-4c6f-a2d9-ec444bac483e,5c00a4c0-ae6d-4c75-ac18-49555f3203a6,Two Bedroom Apartment Sea View - 1329,78098606-3cfc-42a4-b738-1ca9f685ab65,true,2026-12-10,31
53a35a22-2902-41fa-b885-3ec8e31f1f57,5c00a4c0-ae6d-4c75-ac18-49555f3203a6,Two Bedroom Apartment Sea View - 1329,78098606-3cfc-42a4-b738-1ca9f685ab65,true,2026-12-11,31
f3ead35f-a6bc-4536-aa4a-33aca4b8b7c1,5c00a4c0-ae6d-4c75-ac18-49555f3203a6,Two Bedroom Apartment Sea View - 1329,78098606-3cfc-42a4-b738-1ca9f685ab65,true,2026-12-12,31
1f309cda-fbca-4d55-b540-2a33f1ef4c38,5c00a4c0-ae6d-4c75-ac18-49555f3203a6,Two Bedroom Apartment Sea View - 1329,78098606-3cfc-42a4-b738-1ca9f685ab65,true,2026-12-13,31
4290f5e9-c1b0-491f-9a9e-b33caf56b47f,5c00a4c0-ae6d-4c75-ac18-49555f3203a6,Two Bedroom Apartment Sea View - 1329,78098606-3cfc-42a4-b738-1ca9f685ab65,true,2026-12-14,31
145f2161-a8ba-422d-b31d-a63c9aca780c,5c00a4c0-ae6d-4c75-ac18-49555f3203a6,Two Bedroom Apartment Sea View - 1329,78098606-3cfc-42a4-b738-1ca9f685ab65,true,2026-12-15,31
9b123180-e35c-4169-98e0-bdcacfd46b79,5c00a4c0-ae6d-4c75-ac18-49555f3203a6,Two Bedroom Apartment Sea View - 1329,78098606-3cfc-42a4-b738-1ca9f685ab65,true,2026-12-16,31
a777bc94-c7c5-43b6-943c-eabc56af3e03,5c00a4c0-ae6d-4c75-ac18-49555f3203a6,Two Bedroom Apartment Sea View - 1329,78098606-3cfc-42a4-b738-1ca9f685ab65,true,2026-12-17,31
b8e0a44a-211a-403d-a836-cf9f432c4a77,5c00a4c0-ae6d-4c75-ac18-49555f3203a6,Two Bedroom Apartment Sea View - 1329,78098606-3cfc-42a4-b738-1ca9f685ab65,true,2026-12-18,31
fa6bf437-ac57-4e05-9acb-432ab30443b8,5c00a4c0-ae6d-4c75-ac18-49555f3203a6,Two Bedroom Apartment Sea View - 1329,78098606-3cfc-42a4-b738-1ca9f685ab65,true,2026-12-19,31
51f2566d-ad56-402a-8aba-94eb378a6e26,5c00a4c0-ae6d-4c75-ac18-49555f3203a6,Two Bedroom Apartment Sea View - 1329,78098606-3cfc-42a4-b738-1ca9f685ab65,true,2026-12-20,31
14c85136-bba5-4a60-8d77-f0d76b2bd373,5c00a4c0-ae6d-4c75-ac18-49555f3203a6,Two Bedroom Apartment Sea View - 1329,78098606-3cfc-42a4-b738-1ca9f685ab65,true,2026-12-21,31
d4842277-6bf8-47bf-beb2-5616db783b3d,5c00a4c0-ae6d-4c75-ac18-49555f3203a6,Two Bedroom Apartment Sea View - 1329,78098606-3cfc-42a4-b738-1ca9f685ab65,true,2026-12-22,31
147c878f-0c3f-48ba-9d4a-31005f51b02b,5c00a4c0-ae6d-4c75-ac18-49555f3203a6,Two Bedroom Apartment Sea View - 1329,78098606-3cfc-42a4-b738-1ca9f685ab65,true,2026-12-23,31
c1bc3018-9bc8-4c26-b77c-f0c33887f125,5c00a4c0-ae6d-4c75-ac18-49555f3203a6,Two Bedroom Apartment Sea View - 1329,78098606-3cfc-42a4-b738-1ca9f685ab65,true,2026-12-24,31
09347a4a-9030-4ef7-8a78-db6971122fda,5c00a4c0-ae6d-4c75-ac18-49555f3203a6,Two Bedroom Apartment Sea View - 1329,78098606-3cfc-42a4-b738-1ca9f685ab65,true,2026-12-25,31
32b15fe6-84bc-4091-888c-64b511f22e8c,5c00a4c0-ae6d-4c75-ac18-49555f3203a6,Two Bedroom Apartment Sea View - 1329,78098606-3cfc-42a4-b738-1ca9f685ab65,true,2026-12-26,31
a81e452b-31d1-4382-b4e9-f0f689d58682,5c00a4c0-ae6d-4c75-ac18-49555f3203a6,Two Bedroom Apartment Sea View - 1329,78098606-3cfc-42a4-b738-1ca9f685ab65,true,2026-12-27,31
19a6eb2d-d92f-4608-a7f9-c228e89d751b,5c00a4c0-ae6d-4c75-ac18-49555f3203a6,Two Bedroom Apartment Sea View - 1329,78098606-3cfc-42a4-b738-1ca9f685ab65,true,2026-12-28,31
977a0e20-37ba-4a87-b238-3c6f5f44e066,5c00a4c0-ae6d-4c75-ac18-49555f3203a6,Two Bedroom Apartment Sea View - 1329,78098606-3cfc-42a4-b738-1ca9f685ab65,true,2026-12-29,31
3837b2ca-f349-4657-be29-201bed574dc1,5c00a4c0-ae6d-4c75-ac18-49555f3203a6,Two Bedroom Apartment Sea View - 1329,78098606-3cfc-42a4-b738-1ca9f685ab65,true,2026-12-30,31
a68105df-a118-4575-937d-4f00fdc1141d,5c00a4c0-ae6d-4c75-ac18-49555f3203a6,Two Bedroom Apartment Sea View - 1329,78098606-3cfc-42a4-b738-1ca9f685ab65,true,2026-12-31,31
41177cfa-2f59-4f04-9f02-c637ae51b506,5c00a4c0-ae6d-4c75-ac18-49555f3203a6,Two Bedroom Apartment Sea View - 1329,78098606-3cfc-42a4-b738-1ca9f685ab65,true,2027-01-01,31
29619ded-f708-4ec2-a409-c547d6102837,5c00a4c0-ae6d-4c75-ac18-49555f3203a6,Two Bedroom Apartment Sea View - 1329,78098606-3cfc-42a4-b738-1ca9f685ab65,true,2027-01-02,31
0fd1aab4-f596-425e-823c-7199b041451f,5c00a4c0-ae6d-4c75-ac18-49555f3203a6,Two Bedroom Apartment Sea View - 1329,78098606-3cfc-42a4-b738-1ca9f685ab65,true,2027-01-03,31
99867bfe-5ebe-456f-8f22-c996e60cfe28,5c00a4c0-ae6d-4c75-ac18-49555f3203a6,Two Bedroom Apartment Sea View - 1329,78098606-3cfc-42a4-b738-1ca9f685ab65,true,2027-01-04,31
82bfbe9e-5aee-4b22-abd1-0c9fedc44356,5c00a4c0-ae6d-4c75-ac18-49555f3203a6,Two Bedroom Apartment Sea View - 1329,78098606-3cfc-42a4-b738-1ca9f685ab65,true,2027-01-05,31
34f0e5f8-6e49-4cc0-91fe-f05e89f9369b,5c00a4c0-ae6d-4c75-ac18-49555f3203a6,Two Bedroom Apartment Sea View - 1329,78098606-3cfc-42a4-b738-1ca9f685ab65,true,2027-01-06,31
8362aca7-1830-412a-b6f5-776e8fd33782,5c00a4c0-ae6d-4c75-ac18-49555f3203a6,Two Bedroom Apartment Sea View - 1329,78098606-3cfc-42a4-b738-1ca9f685ab65,true,2027-01-07,31
e8db8ebf-52ab-440b-8166-d1556e673e59,5c00a4c0-ae6d-4c75-ac18-49555f3203a6,Two Bedroom Apartment Sea View - 1329,78098606-3cfc-42a4-b738-1ca9f685ab65,true,2027-01-08,31
96b9150f-1c61-47d4-af8b-59c3cd94e708,5c00a4c0-ae6d-4c75-ac18-49555f3203a6,Two Bedroom Apartment Sea View - 1329,78098606-3cfc-42a4-b738-1ca9f685ab65,true,2027-01-09,31
5a33f5d3-5743-4f10-84b7-2d7a133e92e4,5c00a4c0-ae6d-4c75-ac18-49555f3203a6,Two Bedroom Apartment Sea View - 1329,78098606-3cfc-42a4-b738-1ca9f685ab65,true,2027-01-10,31
fc1fe217-6bce-48dd-aebd-8b680cb45cc8,5c00a4c0-ae6d-4c75-ac18-49555f3203a6,Two Bedroom Apartment Sea View - 1329,78098606-3cfc-42a4-b738-1ca9f685ab65,true,2027-01-11,31
6945181b-cc6c-4171-8813-464541950241,5c00a4c0-ae6d-4c75-ac18-49555f3203a6,Two Bedroom Apartment Sea View - 1329,78098606-3cfc-42a4-b738-1ca9f685ab65,true,2027-01-12,31
bd218a57-cce9-416f-961f-4ad48892580f,5c00a4c0-ae6d-4c75-ac18-49555f3203a6,Two Bedroom Apartment Sea View - 1329,78098606-3cfc-42a4-b738-1ca9f685ab65,true,2027-01-13,31
7798e23b-f5ce-49f9-9bed-c6ccaa1de26d,5c00a4c0-ae6d-4c75-ac18-49555f3203a6,Two Bedroom Apartment Sea View - 1329,78098606-3cfc-42a4-b738-1ca9f685ab65,true,2027-01-14,31
7480093e-f82d-4524-886d-4d798305f61c,5c00a4c0-ae6d-4c75-ac18-49555f3203a6,Two Bedroom Apartment Sea View - 1329,78098606-3cfc-42a4-b738-1ca9f685ab65,true,2027-01-15,31
dc076eb0-c148-478d-a512-ad372a82eaee,5c00a4c0-ae6d-4c75-ac18-49555f3203a6,Two Bedroom Apartment Sea View - 1329,78098606-3cfc-42a4-b738-1ca9f685ab65,true,2027-01-16,31
5351d948-add4-4f8d-a50b-3839adfdd4bf,5c00a4c0-ae6d-4c75-ac18-49555f3203a6,Two Bedroom Apartment Sea View - 1329,78098606-3cfc-42a4-b738-1ca9f685ab65,true,2027-01-17,31
66e142c6-e950-4718-b9f1-f9014db1f2fe,5c00a4c0-ae6d-4c75-ac18-49555f3203a6,Two Bedroom Apartment Sea View - 1329,78098606-3cfc-42a4-b738-1ca9f685ab65,true,2027-01-18,31
e7e84b3c-6cea-4a40-ac68-dd030902b6f2,5c00a4c0-ae6d-4c75-ac18-49555f3203a6,Two Bedroom Apartment Sea View - 1329,78098606-3cfc-42a4-b738-1ca9f685ab65,true,2027-01-19,31
614fc5fd-e422-4d3b-b5b1-4255e194fdc2,5c00a4c0-ae6d-4c75-ac18-49555f3203a6,Two Bedroom Apartment Sea View - 1329,78098606-3cfc-42a4-b738-1ca9f685ab65,true,2027-01-20,31
f00d9d1a-6760-4930-a5f8-3424086225ca,5c00a4c0-ae6d-4c75-ac18-49555f3203a6,Two Bedroom Apartment Sea View - 1329,78098606-3cfc-42a4-b738-1ca9f685ab65,true,2027-01-21,31
4341a139-d31f-4386-b027-396ad6602ccd,5c00a4c0-ae6d-4c75-ac18-49555f3203a6,Two Bedroom Apartment Sea View - 1329,78098606-3cfc-42a4-b738-1ca9f685ab65,true,2027-01-22,31
f17ae94f-c604-4e0e-bbdb-f98f3dcfa536,5c00a4c0-ae6d-4c75-ac18-49555f3203a6,Two Bedroom Apartment Sea View - 1329,78098606-3cfc-42a4-b738-1ca9f685ab65,true,2027-01-23,31
3f0424d5-3f2d-41b4-9215-89d8081c7b68,5c00a4c0-ae6d-4c75-ac18-49555f3203a6,Two Bedroom Apartment Sea View - 1329,78098606-3cfc-42a4-b738-1ca9f685ab65,true,2027-01-24,31
ef2a7733-b076-4452-abc8-02908fc711c4,5c00a4c0-ae6d-4c75-ac18-49555f3203a6,Two Bedroom Apartment Sea View - 1329,78098606-3cfc-42a4-b738-1ca9f685ab65,true,2027-01-25,31
7ed4c4d0-56e1-41b7-80bd-242951d1263a,5c00a4c0-ae6d-4c75-ac18-49555f3203a6,Two Bedroom Apartment Sea View - 1329,78098606-3cfc-42a4-b738-1ca9f685ab65,true,2027-01-26,31
a5165dbd-9ad9-49e8-82e3-1dde89284cb2,5c00a4c0-ae6d-4c75-ac18-49555f3203a6,Two Bedroom Apartment Sea View - 1329,78098606-3cfc-42a4-b738-1ca9f685ab65,true,2027-01-27,31
98052f3b-8c8a-411b-bf4d-db7464ff9841,5c00a4c0-ae6d-4c75-ac18-49555f3203a6,Two Bedroom Apartment Sea View - 1329,78098606-3cfc-42a4-b738-1ca9f685ab65,true,2027-01-28,31
d37154f9-d902-45a5-94be-52cd4dedb08f,5c00a4c0-ae6d-4c75-ac18-49555f3203a6,Two Bedroom Apartment Sea View - 1329,78098606-3cfc-42a4-b738-1ca9f685ab65,true,2027-01-29,31
19acc5c5-851a-40c5-8063-56453428de38,5c00a4c0-ae6d-4c75-ac18-49555f3203a6,Two Bedroom Apartment Sea View - 1329,78098606-3cfc-42a4-b738-1ca9f685ab65,true,2027-01-30,31
87439974-2fec-4214-b9eb-13380dc2f86d,5c00a4c0-ae6d-4c75-ac18-49555f3203a6,Two Bedroom Apartment Sea View - 1329,78098606-3cfc-42a4-b738-1ca9f685ab65,true,2027-01-31,31
321724ce-c96b-4fd3-a509-57fc49bfc780,5c00a4c0-ae6d-4c75-ac18-49555f3203a6,Two Bedroom Apartment Sea View - 1329,78098606-3cfc-42a4-b738-1ca9f685ab65,true,2027-02-01,31
aa29c044-67a9-43eb-bcd7-a102145200d7,5c00a4c0-ae6d-4c75-ac18-49555f3203a6,Two Bedroom Apartment Sea View - 1329,78098606-3cfc-42a4-b738-1ca9f685ab65,true,2027-02-02,31
b580c5c8-a3ed-4513-9234-da9ecdda0af0,5c00a4c0-ae6d-4c75-ac18-49555f3203a6,Two Bedroom Apartment Sea View - 1329,78098606-3cfc-42a4-b738-1ca9f685ab65,true,2027-02-03,31
62eaabee-af32-459d-a28c-08a0d9369924,5c00a4c0-ae6d-4c75-ac18-49555f3203a6,Two Bedroom Apartment Sea View - 1329,78098606-3cfc-42a4-b738-1ca9f685ab65,true,2027-02-04,31
34db6fd5-111f-4fa6-9b72-fb4b7af83e9a,5c00a4c0-ae6d-4c75-ac18-49555f3203a6,Two Bedroom Apartment Sea View - 1329,78098606-3cfc-42a4-b738-1ca9f685ab65,true,2027-02-05,31
aca680c2-47f1-4bfb-ade5-1c1f14fbcc8c,5c00a4c0-ae6d-4c75-ac18-49555f3203a6,Two Bedroom Apartment Sea View - 1329,78098606-3cfc-42a4-b738-1ca9f685ab65,true,2027-02-06,31
9c143730-c3ea-4c35-9a26-2dc73d0332a1,5c00a4c0-ae6d-4c75-ac18-49555f3203a6,Two Bedroom Apartment Sea View - 1329,78098606-3cfc-42a4-b738-1ca9f685ab65,true,2027-02-07,31
a55d8f56-2395-4352-a41f-3478b6548d73,5c00a4c0-ae6d-4c75-ac18-49555f3203a6,Two Bedroom Apartment Sea View - 1329,78098606-3cfc-42a4-b738-1ca9f685ab65,true,2027-02-08,31
edb00e01-0aec-4fa9-9aa6-dc99c8abb7b8,5c00a4c0-ae6d-4c75-ac18-49555f3203a6,Two Bedroom Apartment Sea View - 1329,78098606-3cfc-42a4-b738-1ca9f685ab65,true,2027-02-09,31
1fbc3fe9-d63e-41af-ae6d-f4afb203cd97,5c00a4c0-ae6d-4c75-ac18-49555f3203a6,Two Bedroom Apartment Sea View - 1329,78098606-3cfc-42a4-b738-1ca9f685ab65,true,2027-02-10,31
585fc47e-c0c5-46c4-97ca-15e91bb7a2d6,5c00a4c0-ae6d-4c75-ac18-49555f3203a6,Two Bedroom Apartment Sea View - 1329,78098606-3cfc-42a4-b738-1ca9f685ab65,true,2027-02-11,31
b8ef01c1-fd07-4bf5-9504-59144c8d7ef1,5c00a4c0-ae6d-4c75-ac18-49555f3203a6,Two Bedroom Apartment Sea View - 1329,78098606-3cfc-42a4-b738-1ca9f685ab65,true,2027-02-12,31
a338b00b-4871-4bf1-9179-c807c3e4a30d,5c00a4c0-ae6d-4c75-ac18-49555f3203a6,Two Bedroom Apartment Sea View - 1329,78098606-3cfc-42a4-b738-1ca9f685ab65,true,2027-02-13,31
94bb4c89-a459-476b-830a-5b6d5352c73a,5c00a4c0-ae6d-4c75-ac18-49555f3203a6,Two Bedroom Apartment Sea View - 1329,78098606-3cfc-42a4-b738-1ca9f685ab65,true,2027-02-14,31
99aad828-4924-4cde-8647-a156dfd2e6e3,5c00a4c0-ae6d-4c75-ac18-49555f3203a6,Two Bedroom Apartment Sea View - 1329,78098606-3cfc-42a4-b738-1ca9f685ab65,true,2027-02-15,31
efac8a9d-bb2e-4bb2-9552-fa2759d337bc,5c00a4c0-ae6d-4c75-ac18-49555f3203a6,Two Bedroom Apartment Sea View - 1329,78098606-3cfc-42a4-b738-1ca9f685ab65,true,2027-02-16,31
4a2c46f8-0df5-48bd-93b9-2aa2a88b66e6,5c00a4c0-ae6d-4c75-ac18-49555f3203a6,Two Bedroom Apartment Sea View - 1329,78098606-3cfc-42a4-b738-1ca9f685ab65,true,2027-02-17,31
caa1e4c3-1503-4c0d-aadc-72c363371742,5c00a4c0-ae6d-4c75-ac18-49555f3203a6,Two Bedroom Apartment Sea View - 1329,78098606-3cfc-42a4-b738-1ca9f685ab65,true,2027-02-18,31
5e979afc-8982-4e13-b5e7-11f1e6b427d6,5c00a4c0-ae6d-4c75-ac18-49555f3203a6,Two Bedroom Apartment Sea View - 1329,78098606-3cfc-42a4-b738-1ca9f685ab65,true,2027-02-19,31
d19d30f9-2794-43ff-b700-310e93e4d57d,5c00a4c0-ae6d-4c75-ac18-49555f3203a6,Two Bedroom Apartment Sea View - 1329,78098606-3cfc-42a4-b738-1ca9f685ab65,true,2027-02-20,31
b2ac038b-0c00-4576-9a2a-95d1f2bdaa3a,5c00a4c0-ae6d-4c75-ac18-49555f3203a6,Two Bedroom Apartment Sea View - 1329,78098606-3cfc-42a4-b738-1ca9f685ab65,true,2027-02-21,31
4d711639-9ef8-4bfc-9d49-b8d8cd298231,5c00a4c0-ae6d-4c75-ac18-49555f3203a6,Two Bedroom Apartment Sea View - 1329,78098606-3cfc-42a4-b738-1ca9f685ab65,true,2027-02-22,31
52d9f6a8-3082-4f50-b1dc-d6b0c19d6dee,5c00a4c0-ae6d-4c75-ac18-49555f3203a6,Two Bedroom Apartment Sea View - 1329,78098606-3cfc-42a4-b738-1ca9f685ab65,true,2027-02-23,31
60810c57-16fa-4cb6-af43-14ea3d19cd36,5c00a4c0-ae6d-4c75-ac18-49555f3203a6,Two Bedroom Apartment Sea View - 1329,78098606-3cfc-42a4-b738-1ca9f685ab65,true,2027-02-24,31
8bc570b1-1254-420d-8deb-aa465d765647,5c00a4c0-ae6d-4c75-ac18-49555f3203a6,Two Bedroom Apartment Sea View - 1329,78098606-3cfc-42a4-b738-1ca9f685ab65,true,2027-02-25,31
7454a7b0-9e15-4562-ae44-7842f86b2281,5c00a4c0-ae6d-4c75-ac18-49555f3203a6,Two Bedroom Apartment Sea View - 1329,78098606-3cfc-42a4-b738-1ca9f685ab65,true,2027-02-26,31
49ae0eef-64c0-430b-9a3d-b9bba2c61811,5c00a4c0-ae6d-4c75-ac18-49555f3203a6,Two Bedroom Apartment Sea View - 1329,78098606-3cfc-42a4-b738-1ca9f685ab65,true,2027-02-27,31
777bd268-f42f-4b8f-be73-635fe1d7ce42,5c00a4c0-ae6d-4c75-ac18-49555f3203a6,Two Bedroom Apartment Sea View - 1329,78098606-3cfc-42a4-b738-1ca9f685ab65,true,2027-02-28,31
9bf874e1-b728-4fbb-8341-0743bc1f84f2,5c00a4c0-ae6d-4c75-ac18-49555f3203a6,Two Bedroom Apartment Sea View - 1329,78098606-3cfc-42a4-b738-1ca9f685ab65,true,2027-03-01,31
3f644820-ec62-4fe0-8a8c-fb95b4f47123,5c00a4c0-ae6d-4c75-ac18-49555f3203a6,Two Bedroom Apartment Sea View - 1329,78098606-3cfc-42a4-b738-1ca9f685ab65,true,2027-03-02,31
cd21f5cf-6a51-4455-8225-1dbd5c604457,5c00a4c0-ae6d-4c75-ac18-49555f3203a6,Two Bedroom Apartment Sea View - 1329,78098606-3cfc-42a4-b738-1ca9f685ab65,true,2027-03-03,31
d40b34fe-06fa-44d0-b619-8d7febde56bd,5c00a4c0-ae6d-4c75-ac18-49555f3203a6,Two Bedroom Apartment Sea View - 1329,78098606-3cfc-42a4-b738-1ca9f685ab65,true,2027-03-04,31
4a2f5701-6893-486a-a714-c239714bb7d4,5c00a4c0-ae6d-4c75-ac18-49555f3203a6,Two Bedroom Apartment Sea View - 1329,78098606-3cfc-42a4-b738-1ca9f685ab65,true,2027-03-05,31
ba3e1626-01db-4945-8a43-91ad78473047,5c00a4c0-ae6d-4c75-ac18-49555f3203a6,Two Bedroom Apartment Sea View - 1329,78098606-3cfc-42a4-b738-1ca9f685ab65,true,2027-03-06,31
fe1c46a8-95eb-47f0-952b-d2be065487f6,5c00a4c0-ae6d-4c75-ac18-49555f3203a6,Two Bedroom Apartment Sea View - 1329,78098606-3cfc-42a4-b738-1ca9f685ab65,true,2027-03-07,31
da1a0c84-d74f-4dfb-abe9-e6ad35740775,5c00a4c0-ae6d-4c75-ac18-49555f3203a6,Two Bedroom Apartment Sea View - 1329,78098606-3cfc-42a4-b738-1ca9f685ab65,true,2027-03-08,31
3a76643a-6b73-49e7-bc39-3d35db4ad77a,5c00a4c0-ae6d-4c75-ac18-49555f3203a6,Two Bedroom Apartment Sea View - 1329,78098606-3cfc-42a4-b738-1ca9f685ab65,true,2027-03-09,31
d9a12ec6-d80f-45c4-8a6d-cdf335b7b813,5c00a4c0-ae6d-4c75-ac18-49555f3203a6,Two Bedroom Apartment Sea View - 1329,78098606-3cfc-42a4-b738-1ca9f685ab65,true,2027-03-10,31
dd9d2682-b91a-4ac6-867d-3de53209db67,5c00a4c0-ae6d-4c75-ac18-49555f3203a6,Two Bedroom Apartment Sea View - 1329,78098606-3cfc-42a4-b738-1ca9f685ab65,true,2027-03-11,31
2ce1919b-3b15-42c0-a13a-74c0c6cce2fc,5c00a4c0-ae6d-4c75-ac18-49555f3203a6,Two Bedroom Apartment Sea View - 1329,78098606-3cfc-42a4-b738-1ca9f685ab65,true,2027-03-12,31
64a6f02c-b6cf-47ad-ae96-9e2b6d60bdaf,5c00a4c0-ae6d-4c75-ac18-49555f3203a6,Two Bedroom Apartment Sea View - 1329,78098606-3cfc-42a4-b738-1ca9f685ab65,true,2027-03-13,31
77bc82fd-c8eb-41f7-95a1-449fa963f905,5c00a4c0-ae6d-4c75-ac18-49555f3203a6,Two Bedroom Apartment Sea View - 1329,78098606-3cfc-42a4-b738-1ca9f685ab65,true,2027-03-14,31
3f86b46b-7931-42b0-9e95-eddd4598b965,5c00a4c0-ae6d-4c75-ac18-49555f3203a6,Two Bedroom Apartment Sea View - 1329,78098606-3cfc-42a4-b738-1ca9f685ab65,true,2027-03-15,31
bde855ea-f86c-429e-b7d9-3e62e60b0543,5c00a4c0-ae6d-4c75-ac18-49555f3203a6,Two Bedroom Apartment Sea View - 1329,78098606-3cfc-42a4-b738-1ca9f685ab65,true,2027-03-16,31
7b630e91-10e5-4348-ae01-ae1ec3f8c526,5c00a4c0-ae6d-4c75-ac18-49555f3203a6,Two Bedroom Apartment Sea View - 1329,78098606-3cfc-42a4-b738-1ca9f685ab65,true,2027-03-17,31
ee4f4922-c56b-40f5-9edc-6add9d38171d,5c00a4c0-ae6d-4c75-ac18-49555f3203a6,Two Bedroom Apartment Sea View - 1329,78098606-3cfc-42a4-b738-1ca9f685ab65,true,2027-03-18,31
943ec8af-acec-4488-b0e5-3547ee221877,5c00a4c0-ae6d-4c75-ac18-49555f3203a6,Two Bedroom Apartment Sea View - 1329,78098606-3cfc-42a4-b738-1ca9f685ab65,true,2027-03-19,31
d1a2331e-a601-46ab-945e-2d5ba1eb72c5,5c00a4c0-ae6d-4c75-ac18-49555f3203a6,Two Bedroom Apartment Sea View - 1329,78098606-3cfc-42a4-b738-1ca9f685ab65,true,2027-03-20,31
2c87640e-3709-4a37-a5e3-a96390ed6325,5c00a4c0-ae6d-4c75-ac18-49555f3203a6,Two Bedroom Apartment Sea View - 1329,78098606-3cfc-42a4-b738-1ca9f685ab65,true,2027-03-21,31
54a0290e-d225-4f81-a9e4-45e234095edf,5c00a4c0-ae6d-4c75-ac18-49555f3203a6,Two Bedroom Apartment Sea View - 1329,78098606-3cfc-42a4-b738-1ca9f685ab65,true,2027-03-22,31
bcd318fa-f0e7-4c4c-9a59-8800b7a624d0,5c00a4c0-ae6d-4c75-ac18-49555f3203a6,Two Bedroom Apartment Sea View - 1329,78098606-3cfc-42a4-b738-1ca9f685ab65,true,2027-03-23,31
93423008-7c74-4b12-8bc3-f5445c7e3872,5c00a4c0-ae6d-4c75-ac18-49555f3203a6,Two Bedroom Apartment Sea View - 1329,78098606-3cfc-42a4-b738-1ca9f685ab65,true,2027-03-24,31
b949e227-4b0f-4e8a-b5b4-dba56e4d5197,5c00a4c0-ae6d-4c75-ac18-49555f3203a6,Two Bedroom Apartment Sea View - 1329,78098606-3cfc-42a4-b738-1ca9f685ab65,true,2027-03-25,31
bb3eeb2f-46aa-4fa0-878b-9cc138173cb5,5c00a4c0-ae6d-4c75-ac18-49555f3203a6,Two Bedroom Apartment Sea View - 1329,78098606-3cfc-42a4-b738-1ca9f685ab65,true,2027-03-26,31
5a67f75e-764c-4aa3-9539-2996d65c3107,5c00a4c0-ae6d-4c75-ac18-49555f3203a6,Two Bedroom Apartment Sea View - 1329,78098606-3cfc-42a4-b738-1ca9f685ab65,true,2027-03-27,31
7e7e3949-90ba-437e-b73f-125e842fe79b,5c00a4c0-ae6d-4c75-ac18-49555f3203a6,Two Bedroom Apartment Sea View - 1329,78098606-3cfc-42a4-b738-1ca9f685ab65,true,2027-03-28,31
2bee986d-7a6f-4fb2-a5db-027ee32ce312,5c00a4c0-ae6d-4c75-ac18-49555f3203a6,Two Bedroom Apartment Sea View - 1329,78098606-3cfc-42a4-b738-1ca9f685ab65,true,2027-03-29,31
8a0fb03e-6b6b-4d18-b2f0-876a4e96c7d9,5c00a4c0-ae6d-4c75-ac18-49555f3203a6,Two Bedroom Apartment Sea View - 1329,78098606-3cfc-42a4-b738-1ca9f685ab65,true,2027-03-30,31
bba9de3b-fa51-4b9c-b7ad-7df4fa30e608,5c00a4c0-ae6d-4c75-ac18-49555f3203a6,Two Bedroom Apartment Sea View - 1329,78098606-3cfc-42a4-b738-1ca9f685ab65,true,2027-03-31,31
7144ebf2-49c6-4fb2-9506-4262f377a98d,5c00a4c0-ae6d-4c75-ac18-49555f3203a6,Two Bedroom Apartment Sea View - 1329,78098606-3cfc-42a4-b738-1ca9f685ab65,true,2027-04-01,31
ad5890e4-6038-4b65-8c3e-a7f72d37d515,5c00a4c0-ae6d-4c75-ac18-49555f3203a6,Two Bedroom Apartment Sea View - 1329,78098606-3cfc-42a4-b738-1ca9f685ab65,true,2027-04-02,31
6e54f9b5-3d4f-4397-b8d1-595da8809279,5c00a4c0-ae6d-4c75-ac18-49555f3203a6,Two Bedroom Apartment Sea View - 1329,78098606-3cfc-42a4-b738-1ca9f685ab65,true,2027-04-03,31
cab1a8be-06f0-4a4e-befb-9fd46892635c,5c00a4c0-ae6d-4c75-ac18-49555f3203a6,Two Bedroom Apartment Sea View - 1329,78098606-3cfc-42a4-b738-1ca9f685ab65,true,2027-04-04,31
309b5ee7-4e4f-4327-bf0c-c1eb78a90768,5c00a4c0-ae6d-4c75-ac18-49555f3203a6,Two Bedroom Apartment Sea View - 1329,78098606-3cfc-42a4-b738-1ca9f685ab65,true,2027-04-05,31
672959a9-ae93-41cf-acbb-c37b55550411,5c00a4c0-ae6d-4c75-ac18-49555f3203a6,Two Bedroom Apartment Sea View - 1329,78098606-3cfc-42a4-b738-1ca9f685ab65,true,2027-04-06,31
af371807-8545-458e-b0f0-9cafdd01fc77,5c00a4c0-ae6d-4c75-ac18-49555f3203a6,Two Bedroom Apartment Sea View - 1329,78098606-3cfc-42a4-b738-1ca9f685ab65,true,2027-04-07,31
8e74ecdb-3375-4897-900c-7e2b2795a0d1,5c00a4c0-ae6d-4c75-ac18-49555f3203a6,Two Bedroom Apartment Sea View - 1329,78098606-3cfc-42a4-b738-1ca9f685ab65,true,2027-04-08,31
c150e303-d3db-4538-9883-ce997e7bcab8,5c00a4c0-ae6d-4c75-ac18-49555f3203a6,Two Bedroom Apartment Sea View - 1329,78098606-3cfc-42a4-b738-1ca9f685ab65,true,2027-04-09,31
c9c4ce28-4e9e-4e35-b99a-2475d2b87a85,5c00a4c0-ae6d-4c75-ac18-49555f3203a6,Two Bedroom Apartment Sea View - 1329,78098606-3cfc-42a4-b738-1ca9f685ab65,true,2027-04-10,31
6281756d-a85c-4f77-82f3-4a4763407cf6,5c00a4c0-ae6d-4c75-ac18-49555f3203a6,Two Bedroom Apartment Sea View - 1329,78098606-3cfc-42a4-b738-1ca9f685ab65,true,2027-04-11,31
b8e8a28e-9e16-436d-a576-b95268061e4f,5c00a4c0-ae6d-4c75-ac18-49555f3203a6,Two Bedroom Apartment Sea View - 1329,78098606-3cfc-42a4-b738-1ca9f685ab65,true,2027-04-12,31
86b6c657-9685-452d-ab16-ed2fecc69ba8,5c00a4c0-ae6d-4c75-ac18-49555f3203a6,Two Bedroom Apartment Sea View - 1329,78098606-3cfc-42a4-b738-1ca9f685ab65,true,2027-04-13,31
1d8a3094-98f7-4c16-b663-b18d583a573f,5c00a4c0-ae6d-4c75-ac18-49555f3203a6,Two Bedroom Apartment Sea View - 1329,78098606-3cfc-42a4-b738-1ca9f685ab65,true,2027-04-14,31
68b90295-a59e-4ed1-a5a1-141f0778a80c,5c00a4c0-ae6d-4c75-ac18-49555f3203a6,Two Bedroom Apartment Sea View - 1329,78098606-3cfc-42a4-b738-1ca9f685ab65,true,2027-04-15,31
5ebe9e75-dd3c-4269-b44d-5d244f3f8ad7,5c00a4c0-ae6d-4c75-ac18-49555f3203a6,Two Bedroom Apartment Sea View - 1329,78098606-3cfc-42a4-b738-1ca9f685ab65,true,2027-04-16,31
3c68c430-23da-4a66-b63d-18ba97653d59,5c00a4c0-ae6d-4c75-ac18-49555f3203a6,Two Bedroom Apartment Sea View - 1329,78098606-3cfc-42a4-b738-1ca9f685ab65,true,2027-04-17,31
6bdb426b-e801-4e81-b921-db12ee9c2223,5c00a4c0-ae6d-4c75-ac18-49555f3203a6,Two Bedroom Apartment Sea View - 1329,78098606-3cfc-42a4-b738-1ca9f685ab65,true,2027-04-18,31
3846094b-e2e0-488a-94b6-271375671832,5c00a4c0-ae6d-4c75-ac18-49555f3203a6,Two Bedroom Apartment Sea View - 1329,78098606-3cfc-42a4-b738-1ca9f685ab65,true,2027-04-19,31
ae209f9b-41ca-4510-a5c0-0c4021185c85,5c00a4c0-ae6d-4c75-ac18-49555f3203a6,Two Bedroom Apartment Sea View - 1329,78098606-3cfc-42a4-b738-1ca9f685ab65,true,2027-04-20,31
8a6b6c46-9241-424e-9f8a-e75b2f532e1d,5c00a4c0-ae6d-4c75-ac18-49555f3203a6,Two Bedroom Apartment Sea View - 1329,78098606-3cfc-42a4-b738-1ca9f685ab65,true,2027-04-21,31
aa1bc4af-9a78-4a84-a836-a29fffb8e212,5c00a4c0-ae6d-4c75-ac18-49555f3203a6,Two Bedroom Apartment Sea View - 1329,78098606-3cfc-42a4-b738-1ca9f685ab65,true,2027-04-22,31
ac7063be-7743-4a19-a870-af05b3731a9f,5c00a4c0-ae6d-4c75-ac18-49555f3203a6,Two Bedroom Apartment Sea View - 1329,78098606-3cfc-42a4-b738-1ca9f685ab65,true,2027-04-23,31
39e49859-3287-4649-953e-f82ce0a499e8,5c00a4c0-ae6d-4c75-ac18-49555f3203a6,Two Bedroom Apartment Sea View - 1329,78098606-3cfc-42a4-b738-1ca9f685ab65,true,2027-04-24,31
3a7783dc-b09f-4a28-aef0-549f7aa3bf22,5c00a4c0-ae6d-4c75-ac18-49555f3203a6,Two Bedroom Apartment Sea View - 1329,78098606-3cfc-42a4-b738-1ca9f685ab65,true,2027-04-25,31
ff2d560b-43f0-4c6c-95fe-b95eeefdbb7e,5c00a4c0-ae6d-4c75-ac18-49555f3203a6,Two Bedroom Apartment Sea View - 1329,78098606-3cfc-42a4-b738-1ca9f685ab65,true,2027-04-26,31
f3fd45fb-35ce-424d-8f58-52c3080687d4,5c00a4c0-ae6d-4c75-ac18-49555f3203a6,Two Bedroom Apartment Sea View - 1329,78098606-3cfc-42a4-b738-1ca9f685ab65,true,2027-04-27,31
804eff17-a63e-4461-a5a0-2f7ebd5e6aef,5c00a4c0-ae6d-4c75-ac18-49555f3203a6,Two Bedroom Apartment Sea View - 1329,78098606-3cfc-42a4-b738-1ca9f685ab65,true,2027-04-28,31
2338279f-74fb-4235-a029-2dc978a9138b,5c00a4c0-ae6d-4c75-ac18-49555f3203a6,Two Bedroom Apartment Sea View - 1329,78098606-3cfc-42a4-b738-1ca9f685ab65,true,2027-04-29,31
322280f4-1b31-4ec3-8f0e-e2bd8c7b9113,5c00a4c0-ae6d-4c75-ac18-49555f3203a6,Two Bedroom Apartment Sea View - 1329,78098606-3cfc-42a4-b738-1ca9f685ab65,true,2027-04-30,31
cf15e4e1-bb36-4b9d-a35d-aca5edfadaf4,5c00a4c0-ae6d-4c75-ac18-49555f3203a6,Two Bedroom Apartment Sea View - 1329,78098606-3cfc-42a4-b738-1ca9f685ab65,true,2027-05-01,31
9ae24050-3c83-411e-9a7a-3525e204e1e9,5c00a4c0-ae6d-4c75-ac18-49555f3203a6,Two Bedroom Apartment Sea View - 1329,78098606-3cfc-42a4-b738-1ca9f685ab65,true,2027-05-02,31
fadd22b7-2dee-4c2f-9385-c100f2614159,5c00a4c0-ae6d-4c75-ac18-49555f3203a6,Two Bedroom Apartment Sea View - 1329,78098606-3cfc-42a4-b738-1ca9f685ab65,true,2027-05-03,31
180c700f-239e-45d9-a52a-a0e986dd3429,5c00a4c0-ae6d-4c75-ac18-49555f3203a6,Two Bedroom Apartment Sea View - 1329,78098606-3cfc-42a4-b738-1ca9f685ab65,true,2027-05-04,31
6dc00bc0-b777-4a3b-9a93-8ad628db56ee,5c00a4c0-ae6d-4c75-ac18-49555f3203a6,Two Bedroom Apartment Sea View - 1329,78098606-3cfc-42a4-b738-1ca9f685ab65,true,2027-05-05,31
d927fe79-0de6-461e-9ec0-c85dd8b7447c,5c00a4c0-ae6d-4c75-ac18-49555f3203a6,Two Bedroom Apartment Sea View - 1329,78098606-3cfc-42a4-b738-1ca9f685ab65,true,2027-05-06,31
8c2fdfb7-f809-4589-9eb5-4b59479175df,5c00a4c0-ae6d-4c75-ac18-49555f3203a6,Two Bedroom Apartment Sea View - 1329,78098606-3cfc-42a4-b738-1ca9f685ab65,true,2027-05-07,31
a2aa0c70-af32-4f3d-aca2-b61985f92dc2,5c00a4c0-ae6d-4c75-ac18-49555f3203a6,Two Bedroom Apartment Sea View - 1329,78098606-3cfc-42a4-b738-1ca9f685ab65,true,2027-05-08,31
cb30fc79-aad0-466b-aaaf-7f1f144c57ac,5c00a4c0-ae6d-4c75-ac18-49555f3203a6,Two Bedroom Apartment Sea View - 1329,78098606-3cfc-42a4-b738-1ca9f685ab65,true,2027-05-09,31
a3df9e3a-a949-4187-85e0-c8d080455c72,5c00a4c0-ae6d-4c75-ac18-49555f3203a6,Two Bedroom Apartment Sea View - 1329,78098606-3cfc-42a4-b738-1ca9f685ab65,true,2027-05-10,31
00d5fa83-862a-442a-bcd6-627443e17132,5c00a4c0-ae6d-4c75-ac18-49555f3203a6,Two Bedroom Apartment Sea View - 1329,78098606-3cfc-42a4-b738-1ca9f685ab65,true,2027-05-11,31
f1630d68-8574-46f8-8a87-dfcec72aed5f,5c00a4c0-ae6d-4c75-ac18-49555f3203a6,Two Bedroom Apartment Sea View - 1329,78098606-3cfc-42a4-b738-1ca9f685ab65,true,2027-05-12,31
e655a00b-86ad-48f2-a830-879131aed3f5,5c00a4c0-ae6d-4c75-ac18-49555f3203a6,Two Bedroom Apartment Sea View - 1329,78098606-3cfc-42a4-b738-1ca9f685ab65,true,2027-05-13,31
6664554d-83be-4e31-9b59-338b1a312599,5c00a4c0-ae6d-4c75-ac18-49555f3203a6,Two Bedroom Apartment Sea View - 1329,78098606-3cfc-42a4-b738-1ca9f685ab65,true,2027-05-14,31
451e40a2-9631-464d-8fae-369ba7125946,5c00a4c0-ae6d-4c75-ac18-49555f3203a6,Two Bedroom Apartment Sea View - 1329,78098606-3cfc-42a4-b738-1ca9f685ab65,true,2027-05-15,31
f9b223a8-f69a-4eb4-8aa1-da140426e19a,5c00a4c0-ae6d-4c75-ac18-49555f3203a6,Two Bedroom Apartment Sea View - 1329,78098606-3cfc-42a4-b738-1ca9f685ab65,true,2027-05-16,31
254996db-980a-4c85-80ef-19f956853598,5c00a4c0-ae6d-4c75-ac18-49555f3203a6,Two Bedroom Apartment Sea View - 1329,78098606-3cfc-42a4-b738-1ca9f685ab65,true,2027-05-17,31
6fb47f41-fc1a-41c0-b808-c8ac0755fab1,5c00a4c0-ae6d-4c75-ac18-49555f3203a6,Two Bedroom Apartment Sea View - 1329,78098606-3cfc-42a4-b738-1ca9f685ab65,true,2027-05-18,31
a1668431-cc7a-40c0-a9be-e19dfa32f9d4,5c00a4c0-ae6d-4c75-ac18-49555f3203a6,Two Bedroom Apartment Sea View - 1329,78098606-3cfc-42a4-b738-1ca9f685ab65,true,2027-05-19,31
28023c0f-bced-4cbd-a29e-686602a4306f,5c00a4c0-ae6d-4c75-ac18-49555f3203a6,Two Bedroom Apartment Sea View - 1329,78098606-3cfc-42a4-b738-1ca9f685ab65,true,2027-05-20,31
925fecc6-fb5c-4431-a328-2efdfa328533,5c00a4c0-ae6d-4c75-ac18-49555f3203a6,Two Bedroom Apartment Sea View - 1329,78098606-3cfc-42a4-b738-1ca9f685ab65,true,2027-05-21,31
8620c1a7-3630-4c6b-9fba-898458803977,5c00a4c0-ae6d-4c75-ac18-49555f3203a6,Two Bedroom Apartment Sea View - 1329,78098606-3cfc-42a4-b738-1ca9f685ab65,true,2027-05-22,31
a05d5364-7a91-420d-9894-f579be7c6acd,5c00a4c0-ae6d-4c75-ac18-49555f3203a6,Two Bedroom Apartment Sea View - 1329,78098606-3cfc-42a4-b738-1ca9f685ab65,true,2027-05-23,31
356e3053-5d53-4b7c-a824-910cadd6b042,5c00a4c0-ae6d-4c75-ac18-49555f3203a6,Two Bedroom Apartment Sea View - 1329,78098606-3cfc-42a4-b738-1ca9f685ab65,true,2027-05-24,31
18d810a5-e40d-47ee-ac2a-5b2986cc7dbc,5c00a4c0-ae6d-4c75-ac18-49555f3203a6,Two Bedroom Apartment Sea View - 1329,78098606-3cfc-42a4-b738-1ca9f685ab65,true,2027-05-25,31
7d8f99fb-14c1-4852-bf27-c27624a2e674,5c00a4c0-ae6d-4c75-ac18-49555f3203a6,Two Bedroom Apartment Sea View - 1329,78098606-3cfc-42a4-b738-1ca9f685ab65,true,2027-05-26,31
7f3f9866-6018-453d-b3d8-394419bb7206,5c00a4c0-ae6d-4c75-ac18-49555f3203a6,Two Bedroom Apartment Sea View - 1329,78098606-3cfc-42a4-b738-1ca9f685ab65,true,2027-05-27,31
bd3ab8d1-1a25-4489-aaa8-d335082b8144,5c00a4c0-ae6d-4c75-ac18-49555f3203a6,Two Bedroom Apartment Sea View - 1329,78098606-3cfc-42a4-b738-1ca9f685ab65,true,2027-05-28,31
2db98b2e-0700-4b59-91fa-276de3686a5f,5c00a4c0-ae6d-4c75-ac18-49555f3203a6,Two Bedroom Apartment Sea View - 1329,78098606-3cfc-42a4-b738-1ca9f685ab65,true,2027-05-29,31
deec13b9-9993-400d-bd79-ee0d8d27de13,5c00a4c0-ae6d-4c75-ac18-49555f3203a6,Two Bedroom Apartment Sea View - 1329,78098606-3cfc-42a4-b738-1ca9f685ab65,true,2027-05-30,31
ad910b3b-5e34-4c67-a7ba-ec8bd34a8cb1,5c00a4c0-ae6d-4c75-ac18-49555f3203a6,Two Bedroom Apartment Sea View - 1329,78098606-3cfc-42a4-b738-1ca9f685ab65,true,2027-05-31,31
dcbe389f-b01c-4076-a126-e3df9c1a4ca8,5c00a4c0-ae6d-4c75-ac18-49555f3203a6,Two Bedroom Apartment Sea View - 1329,78098606-3cfc-42a4-b738-1ca9f685ab65,true,2027-06-01,31
aa3df911-ebc9-4c20-b2fe-37020b6ec18a,5c00a4c0-ae6d-4c75-ac18-49555f3203a6,Two Bedroom Apartment Sea View - 1329,78098606-3cfc-42a4-b738-1ca9f685ab65,true,2027-06-02,31
fbdad30b-fde9-4773-b55e-5dcdcc81e661,5c00a4c0-ae6d-4c75-ac18-49555f3203a6,Two Bedroom Apartment Sea View - 1329,78098606-3cfc-42a4-b738-1ca9f685ab65,true,2027-06-03,31
a224e082-9d8a-43eb-b458-14604958fe02,5c00a4c0-ae6d-4c75-ac18-49555f3203a6,Two Bedroom Apartment Sea View - 1329,78098606-3cfc-42a4-b738-1ca9f685ab65,true,2027-06-04,31
e583af18-fd37-40ee-9633-842e910088dd,5c00a4c0-ae6d-4c75-ac18-49555f3203a6,Two Bedroom Apartment Sea View - 1329,78098606-3cfc-42a4-b738-1ca9f685ab65,true,2027-06-05,31
33f1d995-e793-4a14-8d13-258cf004eb21,5c00a4c0-ae6d-4c75-ac18-49555f3203a6,Two Bedroom Apartment Sea View - 1329,78098606-3cfc-42a4-b738-1ca9f685ab65,true,2027-06-06,31
8a3e8cc9-b1ee-4f59-9ee1-3c6f477c5482,5c00a4c0-ae6d-4c75-ac18-49555f3203a6,Two Bedroom Apartment Sea View - 1329,78098606-3cfc-42a4-b738-1ca9f685ab65,true,2027-06-07,31
8ba2fdb9-afb3-4b4a-a7b9-6a158e936f1c,5c00a4c0-ae6d-4c75-ac18-49555f3203a6,Two Bedroom Apartment Sea View - 1329,78098606-3cfc-42a4-b738-1ca9f685ab65,true,2027-06-08,31
5a9d4ecf-d825-4f2f-863c-f971801b9162,5c00a4c0-ae6d-4c75-ac18-49555f3203a6,Two Bedroom Apartment Sea View - 1329,78098606-3cfc-42a4-b738-1ca9f685ab65,true,2027-06-09,31
973f3352-6448-4e43-bee5-a1ed34d140f5,5c00a4c0-ae6d-4c75-ac18-49555f3203a6,Two Bedroom Apartment Sea View - 1329,78098606-3cfc-42a4-b738-1ca9f685ab65,true,2027-06-10,31
6a5c1d60-12a8-4a66-a47b-1e40aa07d200,5c00a4c0-ae6d-4c75-ac18-49555f3203a6,Two Bedroom Apartment Sea View - 1329,78098606-3cfc-42a4-b738-1ca9f685ab65,true,2027-06-11,31
7a8b3c3f-fb6a-4ce0-b5ad-54a6597e995b,5c00a4c0-ae6d-4c75-ac18-49555f3203a6,Two Bedroom Apartment Sea View - 1329,78098606-3cfc-42a4-b738-1ca9f685ab65,true,2027-06-12,31
b761d663-3280-4fcd-8f39-1dde94bf4576,5c00a4c0-ae6d-4c75-ac18-49555f3203a6,Two Bedroom Apartment Sea View - 1329,78098606-3cfc-42a4-b738-1ca9f685ab65,true,2027-06-13,31
19742d27-cdf2-4dca-b4fb-200d56959082,5c00a4c0-ae6d-4c75-ac18-49555f3203a6,Two Bedroom Apartment Sea View - 1329,78098606-3cfc-42a4-b738-1ca9f685ab65,true,2027-06-14,31
77b4c55e-40ec-41b1-8371-9283949f35c4,5c00a4c0-ae6d-4c75-ac18-49555f3203a6,Two Bedroom Apartment Sea View - 1329,78098606-3cfc-42a4-b738-1ca9f685ab65,true,2027-06-15,31
581800f0-6945-4fb7-a5d0-ee206299430b,5c00a4c0-ae6d-4c75-ac18-49555f3203a6,Two Bedroom Apartment Sea View - 1329,78098606-3cfc-42a4-b738-1ca9f685ab65,true,2027-06-16,31
73e390e2-7c42-4d1f-9a66-362deaa475cd,5c00a4c0-ae6d-4c75-ac18-49555f3203a6,Two Bedroom Apartment Sea View - 1329,78098606-3cfc-42a4-b738-1ca9f685ab65,true,2027-06-17,31
b83f1df0-c955-48b5-870a-ecdf1d3c85ea,5c00a4c0-ae6d-4c75-ac18-49555f3203a6,Two Bedroom Apartment Sea View - 1329,78098606-3cfc-42a4-b738-1ca9f685ab65,true,2027-06-18,31
56b0949b-913f-4df4-892c-b6a5ee0b8c12,5c00a4c0-ae6d-4c75-ac18-49555f3203a6,Two Bedroom Apartment Sea View - 1329,78098606-3cfc-42a4-b738-1ca9f685ab65,true,2027-06-19,31
81ceb025-1a43-43b6-aadc-f15d694b1444,5c00a4c0-ae6d-4c75-ac18-49555f3203a6,Two Bedroom Apartment Sea View - 1329,78098606-3cfc-42a4-b738-1ca9f685ab65,true,2027-06-20,31
3544fd2d-25d4-4c83-898c-d257c4a9f0ab,5c00a4c0-ae6d-4c75-ac18-49555f3203a6,Two Bedroom Apartment Sea View - 1329,78098606-3cfc-42a4-b738-1ca9f685ab65,true,2027-06-21,31
c9518863-2a67-41ee-8d86-ba544e81d5db,5c00a4c0-ae6d-4c75-ac18-49555f3203a6,Two Bedroom Apartment Sea View - 1329,78098606-3cfc-42a4-b738-1ca9f685ab65,true,2027-06-22,31
b51d82f3-7fd6-4448-8825-ff9a292bdadb,5c00a4c0-ae6d-4c75-ac18-49555f3203a6,Two Bedroom Apartment Sea View - 1329,78098606-3cfc-42a4-b738-1ca9f685ab65,true,2027-06-23,31
c7ec9bef-e20e-4000-8e89-83bdf2a95065,5c00a4c0-ae6d-4c75-ac18-49555f3203a6,Two Bedroom Apartment Sea View - 1329,78098606-3cfc-42a4-b738-1ca9f685ab65,true,2027-06-24,31
1314578d-2871-4d61-9a02-6ba61cd1945b,5c00a4c0-ae6d-4c75-ac18-49555f3203a6,Two Bedroom Apartment Sea View - 1329,78098606-3cfc-42a4-b738-1ca9f685ab65,true,2027-06-25,31
83f3a5c3-a91c-406b-9b30-e83cbba754b7,5c00a4c0-ae6d-4c75-ac18-49555f3203a6,Two Bedroom Apartment Sea View - 1329,78098606-3cfc-42a4-b738-1ca9f685ab65,true,2027-06-26,31
01242659-4f23-450e-b75b-08e6c8889f1d,5c00a4c0-ae6d-4c75-ac18-49555f3203a6,Two Bedroom Apartment Sea View - 1329,78098606-3cfc-42a4-b738-1ca9f685ab65,true,2027-06-27,31
c38f8fec-b495-4a6b-8cfb-258645415411,5c00a4c0-ae6d-4c75-ac18-49555f3203a6,Two Bedroom Apartment Sea View - 1329,78098606-3cfc-42a4-b738-1ca9f685ab65,true,2027-06-28,31
0c2b4440-9bad-41d0-8aff-819d09781749,5c00a4c0-ae6d-4c75-ac18-49555f3203a6,Two Bedroom Apartment Sea View - 1329,78098606-3cfc-42a4-b738-1ca9f685ab65,true,2027-06-29,31
00160ecc-5ad9-44f2-9aa2-b378d9f85338,5c00a4c0-ae6d-4c75-ac18-49555f3203a6,Two Bedroom Apartment Sea View - 1329,78098606-3cfc-42a4-b738-1ca9f685ab65,true,2027-06-30,31
376ea966-0ea0-4f2c-a0aa-1891e39287e3,5c00a4c0-ae6d-4c75-ac18-49555f3203a6,Two Bedroom Apartment Sea View - 1329,78098606-3cfc-42a4-b738-1ca9f685ab65,true,2027-07-01,31
89fc32f5-029a-419b-9c13-5a5e31105c7b,5c00a4c0-ae6d-4c75-ac18-49555f3203a6,Two Bedroom Apartment Sea View - 1329,78098606-3cfc-42a4-b738-1ca9f685ab65,true,2027-07-02,31
47688601-638f-4f9e-8312-cd5c85deaf04,5c00a4c0-ae6d-4c75-ac18-49555f3203a6,Two Bedroom Apartment Sea View - 1329,78098606-3cfc-42a4-b738-1ca9f685ab65,true,2027-07-03,31
43bf708a-d21e-4584-a064-b3c7f68b0511,5c00a4c0-ae6d-4c75-ac18-49555f3203a6,Two Bedroom Apartment Sea View - 1329,78098606-3cfc-42a4-b738-1ca9f685ab65,true,2027-07-04,31
7eaa76a5-0f4a-480a-89c9-559124d92b59,5c00a4c0-ae6d-4c75-ac18-49555f3203a6,Two Bedroom Apartment Sea View - 1329,78098606-3cfc-42a4-b738-1ca9f685ab65,true,2027-07-05,31
ac8ff59c-d80b-438c-812f-14fe5d47d8c8,5c00a4c0-ae6d-4c75-ac18-49555f3203a6,Two Bedroom Apartment Sea View - 1329,78098606-3cfc-42a4-b738-1ca9f685ab65,true,2027-07-06,31
ceb61824-5910-4961-b92e-a5c896948812,5c00a4c0-ae6d-4c75-ac18-49555f3203a6,Two Bedroom Apartment Sea View - 1329,78098606-3cfc-42a4-b738-1ca9f685ab65,true,2027-07-07,31
61fe207a-046e-4811-a92f-a170a526fd09,5c00a4c0-ae6d-4c75-ac18-49555f3203a6,Two Bedroom Apartment Sea View - 1329,78098606-3cfc-42a4-b738-1ca9f685ab65,true,2027-07-08,31
f9aa1368-71c0-471d-b32f-82e4def2bbe5,5c00a4c0-ae6d-4c75-ac18-49555f3203a6,Two Bedroom Apartment Sea View - 1329,78098606-3cfc-42a4-b738-1ca9f685ab65,true,2027-07-09,31
33a78aa6-6967-4701-9dfd-0311b2329ce6,5c00a4c0-ae6d-4c75-ac18-49555f3203a6,Two Bedroom Apartment Sea View - 1329,78098606-3cfc-42a4-b738-1ca9f685ab65,true,2027-07-10,31
01cbde74-5ca9-42da-8ee3-df3bd8bb129c,5c00a4c0-ae6d-4c75-ac18-49555f3203a6,Two Bedroom Apartment Sea View - 1329,78098606-3cfc-42a4-b738-1ca9f685ab65,true,2027-07-11,31
c0ef0a18-1aa1-46e8-a8db-9d76a5093793,5c00a4c0-ae6d-4c75-ac18-49555f3203a6,Two Bedroom Apartment Sea View - 1329,78098606-3cfc-42a4-b738-1ca9f685ab65,true,2027-07-12,31
b953ab1c-d8f4-4377-8c6e-a4a40fe9da1e,5c00a4c0-ae6d-4c75-ac18-49555f3203a6,Two Bedroom Apartment Sea View - 1329,78098606-3cfc-42a4-b738-1ca9f685ab65,true,2027-07-13,31
c64a77ee-e8de-49d9-85c9-649f83925117,5c00a4c0-ae6d-4c75-ac18-49555f3203a6,Two Bedroom Apartment Sea View - 1329,78098606-3cfc-42a4-b738-1ca9f685ab65,true,2027-07-14,31
ca2ff3c5-ad4d-4704-a110-9baefcc6f1c8,5c00a4c0-ae6d-4c75-ac18-49555f3203a6,Two Bedroom Apartment Sea View - 1329,78098606-3cfc-42a4-b738-1ca9f685ab65,true,2027-07-15,31
25920f4a-63c1-4366-a339-413af73926e2,5c00a4c0-ae6d-4c75-ac18-49555f3203a6,Two Bedroom Apartment Sea View - 1329,78098606-3cfc-42a4-b738-1ca9f685ab65,true,2027-07-16,31
0cd06dc6-4070-4b2b-b256-eedf980980de,5c00a4c0-ae6d-4c75-ac18-49555f3203a6,Two Bedroom Apartment Sea View - 1329,78098606-3cfc-42a4-b738-1ca9f685ab65,true,2027-07-17,31
b7f06866-2298-4dc4-a77e-fa8f61249f3d,5c00a4c0-ae6d-4c75-ac18-49555f3203a6,Two Bedroom Apartment Sea View - 1329,78098606-3cfc-42a4-b738-1ca9f685ab65,true,2027-07-18,31
47fb3711-9de5-4999-962d-cee17d061be2,5c00a4c0-ae6d-4c75-ac18-49555f3203a6,Two Bedroom Apartment Sea View - 1329,78098606-3cfc-42a4-b738-1ca9f685ab65,true,2027-07-19,31
56d1c445-3219-4657-ae89-e0e3cb3348d8,5c00a4c0-ae6d-4c75-ac18-49555f3203a6,Two Bedroom Apartment Sea View - 1329,78098606-3cfc-42a4-b738-1ca9f685ab65,true,2027-07-20,31
d9939f07-f63a-4161-9067-81faa3200e55,5c00a4c0-ae6d-4c75-ac18-49555f3203a6,Two Bedroom Apartment Sea View - 1329,78098606-3cfc-42a4-b738-1ca9f685ab65,true,2027-07-21,31
3b0bf583-ccbd-4e6b-93ab-e8e6d57c33ac,5c00a4c0-ae6d-4c75-ac18-49555f3203a6,Two Bedroom Apartment Sea View - 1329,78098606-3cfc-42a4-b738-1ca9f685ab65,true,2027-07-22,31
18de0496-a3c7-4979-b560-2f9673ca6a9f,5c00a4c0-ae6d-4c75-ac18-49555f3203a6,Two Bedroom Apartment Sea View - 1329,78098606-3cfc-42a4-b738-1ca9f685ab65,true,2027-07-23,31
980bed98-3814-4592-bcf3-671c6210c403,5c00a4c0-ae6d-4c75-ac18-49555f3203a6,Two Bedroom Apartment Sea View - 1329,78098606-3cfc-42a4-b738-1ca9f685ab65,true,2027-07-24,31
c2acf207-0510-42d8-ab0e-590d3c9dfe39,5c00a4c0-ae6d-4c75-ac18-49555f3203a6,Two Bedroom Apartment Sea View - 1329,78098606-3cfc-42a4-b738-1ca9f685ab65,true,2027-07-25,31
a20f851f-e839-4b8c-b81e-2421300511be,5c00a4c0-ae6d-4c75-ac18-49555f3203a6,Two Bedroom Apartment Sea View - 1329,78098606-3cfc-42a4-b738-1ca9f685ab65,true,2027-07-26,31
0bc422d7-ee62-4991-baaa-435b00c15992,5c00a4c0-ae6d-4c75-ac18-49555f3203a6,Two Bedroom Apartment Sea View - 1329,78098606-3cfc-42a4-b738-1ca9f685ab65,true,2027-07-27,31
2376444e-d308-4192-9dfd-c3b4d8482c3d,5c00a4c0-ae6d-4c75-ac18-49555f3203a6,Two Bedroom Apartment Sea View - 1329,78098606-3cfc-42a4-b738-1ca9f685ab65,true,2027-07-28,31
ae6f8a19-0dd0-4989-a80e-2b7e37340125,5c00a4c0-ae6d-4c75-ac18-49555f3203a6,Two Bedroom Apartment Sea View - 1329,78098606-3cfc-42a4-b738-1ca9f685ab65,true,2027-07-29,31
d7d73f6b-300d-4d7d-aef1-f6c59e3ca2e9,5c00a4c0-ae6d-4c75-ac18-49555f3203a6,Two Bedroom Apartment Sea View - 1329,78098606-3cfc-42a4-b738-1ca9f685ab65,true,2027-07-30,31
a5592ebe-5671-42c3-b031-538fe0f8950d,5c00a4c0-ae6d-4c75-ac18-49555f3203a6,Two Bedroom Apartment Sea View - 1329,78098606-3cfc-42a4-b738-1ca9f685ab65,true,2027-07-31,31
0fcea34b-508c-4e65-b06f-2cfc3f2daf41,5c00a4c0-ae6d-4c75-ac18-49555f3203a6,Two Bedroom Apartment Sea View - 1329,78098606-3cfc-42a4-b738-1ca9f685ab65,true,2027-08-01,31
6d301d01-220e-4a6e-9f96-d02995c8674b,5c00a4c0-ae6d-4c75-ac18-49555f3203a6,Two Bedroom Apartment Sea View - 1329,78098606-3cfc-42a4-b738-1ca9f685ab65,true,2027-08-02,31
e0eea072-b7ad-430d-ba13-c988506111a7,5c00a4c0-ae6d-4c75-ac18-49555f3203a6,Two Bedroom Apartment Sea View - 1329,78098606-3cfc-42a4-b738-1ca9f685ab65,true,2027-08-03,31
470b05cd-cb8d-4443-b522-4ee2df5e3c27,b7734491-4828-49d7-a7f8-a6a1a28d9877,חניה זמנית,a14608d7-8134-4797-93f6-fd05b9b5ce64,true,2026-07-19,31
13d80be6-9e5f-456b-83d6-6b1e99d631cc,b7734491-4828-49d7-a7f8-a6a1a28d9877,חניה זמנית,a14608d7-8134-4797-93f6-fd05b9b5ce64,true,2026-07-20,31
0d11f5ce-0d79-440d-bb89-c9ef5a962611,b7734491-4828-49d7-a7f8-a6a1a28d9877,חניה זמנית,a14608d7-8134-4797-93f6-fd05b9b5ce64,true,2026-07-21,31
8f826f34-ee25-4832-9824-06375824a16c,b7734491-4828-49d7-a7f8-a6a1a28d9877,חניה זמנית,a14608d7-8134-4797-93f6-fd05b9b5ce64,true,2026-07-22,31
a06dfbb4-a580-4f18-ad70-3b535929490c,b7734491-4828-49d7-a7f8-a6a1a28d9877,חניה זמנית,a14608d7-8134-4797-93f6-fd05b9b5ce64,true,2026-07-23,31
b65ef2ab-2d47-4b8b-813e-20de4fa55db2,b7734491-4828-49d7-a7f8-a6a1a28d9877,חניה זמנית,a14608d7-8134-4797-93f6-fd05b9b5ce64,true,2026-07-24,31
90048566-2beb-48f3-a53e-8c49954fb3d0,b7734491-4828-49d7-a7f8-a6a1a28d9877,חניה זמנית,a14608d7-8134-4797-93f6-fd05b9b5ce64,true,2026-07-25,31
e851171e-3d05-46bb-a9a3-13ca9ec9ac7b,b7734491-4828-49d7-a7f8-a6a1a28d9877,חניה זמנית,a14608d7-8134-4797-93f6-fd05b9b5ce64,true,2026-07-26,31
0b3d2206-5e27-46b6-a2a4-35d6dfade818,b7734491-4828-49d7-a7f8-a6a1a28d9877,חניה זמנית,a14608d7-8134-4797-93f6-fd05b9b5ce64,true,2026-07-27,31
cadef661-f308-43c5-aec9-addefc885693,b7734491-4828-49d7-a7f8-a6a1a28d9877,חניה זמנית,a14608d7-8134-4797-93f6-fd05b9b5ce64,true,2026-07-28,31
76982b3b-fd1f-425e-a6a4-e29e25639b82,b7734491-4828-49d7-a7f8-a6a1a28d9877,חניה זמנית,a14608d7-8134-4797-93f6-fd05b9b5ce64,true,2026-07-29,31
5b61a4bc-0cf3-4c5b-95c6-a87aa00cb565,b7734491-4828-49d7-a7f8-a6a1a28d9877,חניה זמנית,a14608d7-8134-4797-93f6-fd05b9b5ce64,true,2026-07-30,31
9804812c-9254-4e70-9909-ebd695ce4c07,b7734491-4828-49d7-a7f8-a6a1a28d9877,חניה זמנית,a14608d7-8134-4797-93f6-fd05b9b5ce64,true,2026-07-31,31
184234a8-c884-4fb6-9af5-9774f5c0372e,b7734491-4828-49d7-a7f8-a6a1a28d9877,חניה זמנית,a14608d7-8134-4797-93f6-fd05b9b5ce64,true,2026-08-01,31
d04ad48a-ed78-4531-91ce-3bb03e48004b,b7734491-4828-49d7-a7f8-a6a1a28d9877,חניה זמנית,a14608d7-8134-4797-93f6-fd05b9b5ce64,true,2026-08-02,31
6cde792a-b56c-4d1a-9209-e5f3dfec4db8,b7734491-4828-49d7-a7f8-a6a1a28d9877,חניה זמנית,a14608d7-8134-4797-93f6-fd05b9b5ce64,true,2026-08-03,31
d7f855fa-82bf-4488-9d45-2917df1eb7ff,b7734491-4828-49d7-a7f8-a6a1a28d9877,חניה זמנית,a14608d7-8134-4797-93f6-fd05b9b5ce64,true,2026-08-04,31
16912f67-db7b-4960-ab66-4f18f6dfcfec,b7734491-4828-49d7-a7f8-a6a1a28d9877,חניה זמנית,a14608d7-8134-4797-93f6-fd05b9b5ce64,true,2026-08-05,31
a8e1a709-e3ee-4f72-b96c-6aa73b5f20e1,b7734491-4828-49d7-a7f8-a6a1a28d9877,חניה זמנית,a14608d7-8134-4797-93f6-fd05b9b5ce64,true,2026-08-06,31
e7852d8e-4733-46f1-9af6-6c9dca1ee98d,b7734491-4828-49d7-a7f8-a6a1a28d9877,חניה זמנית,a14608d7-8134-4797-93f6-fd05b9b5ce64,true,2026-08-07,31
ea323abd-2f77-4f71-a62d-8074eb4c418e,b7734491-4828-49d7-a7f8-a6a1a28d9877,חניה זמנית,a14608d7-8134-4797-93f6-fd05b9b5ce64,true,2026-08-08,31
14b6d55f-1ba4-4475-a888-b7d777b2b1c6,b7734491-4828-49d7-a7f8-a6a1a28d9877,חניה זמנית,a14608d7-8134-4797-93f6-fd05b9b5ce64,true,2026-08-09,31
34b18091-1ba7-406c-b82f-99ecbe3f4814,b7734491-4828-49d7-a7f8-a6a1a28d9877,חניה זמנית,a14608d7-8134-4797-93f6-fd05b9b5ce64,true,2026-08-10,31
5bd64cd2-9017-4729-8e88-8421254f50c6,b7734491-4828-49d7-a7f8-a6a1a28d9877,חניה זמנית,a14608d7-8134-4797-93f6-fd05b9b5ce64,true,2026-08-11,31
0faaeae0-bf6f-473f-bbbe-3ae8a7f1d9a9,b7734491-4828-49d7-a7f8-a6a1a28d9877,חניה זמנית,a14608d7-8134-4797-93f6-fd05b9b5ce64,true,2026-08-12,31
cfbdde25-6217-4d5d-9682-32d6d8f075af,b7734491-4828-49d7-a7f8-a6a1a28d9877,חניה זמנית,a14608d7-8134-4797-93f6-fd05b9b5ce64,true,2026-08-13,31
dcb1d2f2-97da-4f11-9676-3d5d80de4d10,b7734491-4828-49d7-a7f8-a6a1a28d9877,חניה זמנית,a14608d7-8134-4797-93f6-fd05b9b5ce64,true,2026-08-14,31
bce9eed9-196a-4d54-9159-3ac482e1a778,b7734491-4828-49d7-a7f8-a6a1a28d9877,חניה זמנית,a14608d7-8134-4797-93f6-fd05b9b5ce64,true,2026-08-15,31
c5a66736-489b-4d8f-bb9e-9546297f317e,b7734491-4828-49d7-a7f8-a6a1a28d9877,חניה זמנית,a14608d7-8134-4797-93f6-fd05b9b5ce64,true,2026-08-16,31
c3927b8f-be42-42c5-86a4-650203601e74,b7734491-4828-49d7-a7f8-a6a1a28d9877,חניה זמנית,a14608d7-8134-4797-93f6-fd05b9b5ce64,true,2026-08-17,31
