unit,sellable_unit_id,pricing_plan_id,date,max_stay
1006 - Two Bedroom Apartment,dcad839e-9e6e-4be5-bd28-37c3baef5deb,0a69b523-45ae-40c9-a403-658d65557581,2026-07-25,31
1006 - Two Bedroom Apartment,dcad839e-9e6e-4be5-bd28-37c3baef5deb,0a69b523-45ae-40c9-a403-658d65557581,2026-07-26,31
1006 - Two Bedroom Apartment,dcad839e-9e6e-4be5-bd28-37c3baef5deb,0a69b523-45ae-40c9-a403-658d65557581,2026-07-27,31
1006 - Two Bedroom Apartment,dcad839e-9e6e-4be5-bd28-37c3baef5deb,0a69b523-45ae-40c9-a403-658d65557581,2026-07-28,31
1006 - Two Bedroom Apartment,dcad839e-9e6e-4be5-bd28-37c3baef5deb,0a69b523-45ae-40c9-a403-658d65557581,2026-07-29,31
1006 - Two Bedroom Apartment,dcad839e-9e6e-4be5-bd28-37c3baef5deb,0a69b523-45ae-40c9-a403-658d65557581,2026-07-30,31
1006 - Two Bedroom Apartment,dcad839e-9e6e-4be5-bd28-37c3baef5deb,0a69b523-45ae-40c9-a403-658d65557581,2026-07-31,31
1006 - Two Bedroom Apartment,dcad839e-9e6e-4be5-bd28-37c3baef5deb,0a69b523-45ae-40c9-a403-658d65557581,2026-08-01,31
1006 - Two Bedroom Apartment,dcad839e-9e6e-4be5-bd28-37c3baef5deb,0a69b523-45ae-40c9-a403-658d65557581,2026-08-02,31
1006 - Two Bedroom Apartment,dcad839e-9e6e-4be5-bd28-37c3baef5deb,0a69b523-45ae-40c9-a403-658d65557581,2026-08-03,31
1006 - Two Bedroom Apartment,dcad839e-9e6e-4be5-bd28-37c3baef5deb,0a69b523-45ae-40c9-a403-658d65557581,2026-08-04,31
1006 - Two Bedroom Apartment,dcad839e-9e6e-4be5-bd28-37c3baef5deb,0a69b523-45ae-40c9-a403-658d65557581,2026-08-05,31
1006 - Two Bedroom Apartment,dcad839e-9e6e-4be5-bd28-37c3baef5deb,0a69b523-45ae-40c9-a403-658d65557581,2026-08-06,31
1006 - Two Bedroom Apartment,dcad839e-9e6e-4be5-bd28-37c3baef5deb,0a69b523-45ae-40c9-a403-658d65557581,2026-08-07,31
1006 - Two Bedroom Apartment,dcad839e-9e6e-4be5-bd28-37c3baef5deb,0a69b523-45ae-40c9-a403-658d65557581,2026-08-08,31
1006 - Two Bedroom Apartment,dcad839e-9e6e-4be5-bd28-37c3baef5deb,0a69b523-45ae-40c9-a403-658d65557581,2026-08-09,31
1006 - Two Bedroom Apartment,dcad839e-9e6e-4be5-bd28-37c3baef5deb,0a69b523-45ae-40c9-a403-658d65557581,2026-08-10,31
1006 - Two Bedroom Apartment,dcad839e-9e6e-4be5-bd28-37c3baef5deb,0a69b523-45ae-40c9-a403-658d65557581,2026-08-11,31
1006 - Two Bedroom Apartment,dcad839e-9e6e-4be5-bd28-37c3baef5deb,0a69b523-45ae-40c9-a403-658d65557581,2026-08-12,31
1006 - Two Bedroom Apartment,dcad839e-9e6e-4be5-bd28-37c3baef5deb,0a69b523-45ae-40c9-a403-658d65557581,2026-08-13,31
1006 - Two Bedroom Apartment,dcad839e-9e6e-4be5-bd28-37c3baef5deb,0a69b523-45ae-40c9-a403-658d65557581,2026-08-14,31
1006 - Two Bedroom Apartment,dcad839e-9e6e-4be5-bd28-37c3baef5deb,0a69b523-45ae-40c9-a403-658d65557581,2026-08-15,31
1006 - Two Bedroom Apartment,dcad839e-9e6e-4be5-bd28-37c3baef5deb,0a69b523-45ae-40c9-a403-658d65557581,2026-08-16,31
1006 - Two Bedroom Apartment,dcad839e-9e6e-4be5-bd28-37c3baef5deb,0a69b523-45ae-40c9-a403-658d65557581,2026-08-17,31
1006 - Two Bedroom Apartment,dcad839e-9e6e-4be5-bd28-37c3baef5deb,0a69b523-45ae-40c9-a403-658d65557581,2026-08-18,31
1006 - Two Bedroom Apartment,dcad839e-9e6e-4be5-bd28-37c3baef5deb,0a69b523-45ae-40c9-a403-658d65557581,2026-08-19,31
1006 - Two Bedroom Apartment,dcad839e-9e6e-4be5-bd28-37c3baef5deb,0a69b523-45ae-40c9-a403-658d65557581,2026-08-20,31
1006 - Two Bedroom Apartment,dcad839e-9e6e-4be5-bd28-37c3baef5deb,0a69b523-45ae-40c9-a403-658d65557581,2026-08-21,31
1006 - Two Bedroom Apartment,dcad839e-9e6e-4be5-bd28-37c3baef5deb,0a69b523-45ae-40c9-a403-658d65557581,2026-08-22,31
1006 - Two Bedroom Apartment,dcad839e-9e6e-4be5-bd28-37c3baef5deb,0a69b523-45ae-40c9-a403-658d65557581,2026-08-23,31
1006 - Two Bedroom Apartment,dcad839e-9e6e-4be5-bd28-37c3baef5deb,0a69b523-45ae-40c9-a403-658d65557581,2026-08-24,31
1006 - Two Bedroom Apartment,dcad839e-9e6e-4be5-bd28-37c3baef5deb,0a69b523-45ae-40c9-a403-658d65557581,2026-08-25,31
1006 - Two Bedroom Apartment,dcad839e-9e6e-4be5-bd28-37c3baef5deb,0a69b523-45ae-40c9-a403-658d65557581,2026-08-26,31
1006 - Two Bedroom Apartment,dcad839e-9e6e-4be5-bd28-37c3baef5deb,0a69b523-45ae-40c9-a403-658d65557581,2026-08-27,31
1006 - Two Bedroom Apartment,dcad839e-9e6e-4be5-bd28-37c3baef5deb,0a69b523-45ae-40c9-a403-658d65557581,2026-08-28,31
1006 - Two Bedroom Apartment,dcad839e-9e6e-4be5-bd28-37c3baef5deb,0a69b523-45ae-40c9-a403-658d65557581,2026-08-29,31
1006 - Two Bedroom Apartment,dcad839e-9e6e-4be5-bd28-37c3baef5deb,0a69b523-45ae-40c9-a403-658d65557581,2026-08-30,31
1006 - Two Bedroom Apartment,dcad839e-9e6e-4be5-bd28-37c3baef5deb,0a69b523-45ae-40c9-a403-658d65557581,2026-08-31,31
1006 - Two Bedroom Apartment,dcad839e-9e6e-4be5-bd28-37c3baef5deb,0a69b523-45ae-40c9-a403-658d65557581,2026-09-01,31
1006 - Two Bedroom Apartment,dcad839e-9e6e-4be5-bd28-37c3baef5deb,0a69b523-45ae-40c9-a403-658d65557581,2026-09-02,31
1006 - Two Bedroom Apartment,dcad839e-9e6e-4be5-bd28-37c3baef5deb,0a69b523-45ae-40c9-a403-658d65557581,2026-09-03,31
1006 - Two Bedroom Apartment,dcad839e-9e6e-4be5-bd28-37c3baef5deb,0a69b523-45ae-40c9-a403-658d65557581,2026-09-04,31
1006 - Two Bedroom Apartment,dcad839e-9e6e-4be5-bd28-37c3baef5deb,0a69b523-45ae-40c9-a403-658d65557581,2026-09-05,31
1006 - Two Bedroom Apartment,dcad839e-9e6e-4be5-bd28-37c3baef5deb,0a69b523-45ae-40c9-a403-658d65557581,2026-09-06,31
1006 - Two Bedroom Apartment,dcad839e-9e6e-4be5-bd28-37c3baef5deb,0a69b523-45ae-40c9-a403-658d65557581,2026-09-07,31
1006 - Two Bedroom Apartment,dcad839e-9e6e-4be5-bd28-37c3baef5deb,0a69b523-45ae-40c9-a403-658d65557581,2026-09-08,31
1006 - Two Bedroom Apartment,dcad839e-9e6e-4be5-bd28-37c3baef5deb,0a69b523-45ae-40c9-a403-658d65557581,2026-09-09,31
1006 - Two Bedroom Apartment,dcad839e-9e6e-4be5-bd28-37c3baef5deb,0a69b523-45ae-40c9-a403-658d65557581,2026-09-10,31
1006 - Two Bedroom Apartment,dcad839e-9e6e-4be5-bd28-37c3baef5deb,0a69b523-45ae-40c9-a403-658d65557581,2026-09-11,31
1006 - Two Bedroom Apartment,dcad839e-9e6e-4be5-bd28-37c3baef5deb,0a69b523-45ae-40c9-a403-658d65557581,2026-09-12,31
1006 - Two Bedroom Apartment,dcad839e-9e6e-4be5-bd28-37c3baef5deb,0a69b523-45ae-40c9-a403-658d65557581,2026-09-13,31
1006 - Two Bedroom Apartment,dcad839e-9e6e-4be5-bd28-37c3baef5deb,0a69b523-45ae-40c9-a403-658d65557581,2026-09-14,31
1006 - Two Bedroom Apartment,dcad839e-9e6e-4be5-bd28-37c3baef5deb,0a69b523-45ae-40c9-a403-658d65557581,2026-09-15,31
1006 - Two Bedroom Apartment,dcad839e-9e6e-4be5-bd28-37c3baef5deb,0a69b523-45ae-40c9-a403-658d65557581,2026-09-16,31
1006 - Two Bedroom Apartment,dcad839e-9e6e-4be5-bd28-37c3baef5deb,0a69b523-45ae-40c9-a403-658d65557581,2026-09-17,31
1006 - Two Bedroom Apartment,dcad839e-9e6e-4be5-bd28-37c3baef5deb,0a69b523-45ae-40c9-a403-658d65557581,2026-09-18,31
1006 - Two Bedroom Apartment,dcad839e-9e6e-4be5-bd28-37c3baef5deb,0a69b523-45ae-40c9-a403-658d65557581,2026-09-19,31
1006 - Two Bedroom Apartment,dcad839e-9e6e-4be5-bd28-37c3baef5deb,0a69b523-45ae-40c9-a403-658d65557581,2026-09-20,31
1006 - Two Bedroom Apartment,dcad839e-9e6e-4be5-bd28-37c3baef5deb,0a69b523-45ae-40c9-a403-658d65557581,2026-09-21,31
1006 - Two Bedroom Apartment,dcad839e-9e6e-4be5-bd28-37c3baef5deb,0a69b523-45ae-40c9-a403-658d65557581,2026-09-22,31
1006 - Two Bedroom Apartment,dcad839e-9e6e-4be5-bd28-37c3baef5deb,0a69b523-45ae-40c9-a403-658d65557581,2026-09-23,31
1006 - Two Bedroom Apartment,dcad839e-9e6e-4be5-bd28-37c3baef5deb,0a69b523-45ae-40c9-a403-658d65557581,2026-09-24,31
1006 - Two Bedroom Apartment,dcad839e-9e6e-4be5-bd28-37c3baef5deb,0a69b523-45ae-40c9-a403-658d65557581,2026-09-25,31
1006 - Two Bedroom Apartment,dcad839e-9e6e-4be5-bd28-37c3baef5deb,0a69b523-45ae-40c9-a403-658d65557581,2026-09-26,31
1006 - Two Bedroom Apartment,dcad839e-9e6e-4be5-bd28-37c3baef5deb,0a69b523-45ae-40c9-a403-658d65557581,2026-09-27,31
1006 - Two Bedroom Apartment,dcad839e-9e6e-4be5-bd28-37c3baef5deb,0a69b523-45ae-40c9-a403-658d65557581,2026-09-28,31
1006 - Two Bedroom Apartment,dcad839e-9e6e-4be5-bd28-37c3baef5deb,0a69b523-45ae-40c9-a403-658d65557581,2026-09-29,31
1006 - Two Bedroom Apartment,dcad839e-9e6e-4be5-bd28-37c3baef5deb,0a69b523-45ae-40c9-a403-658d65557581,2026-09-30,31
1006 - Two Bedroom Apartment,dcad839e-9e6e-4be5-bd28-37c3baef5deb,0a69b523-45ae-40c9-a403-658d65557581,2026-10-01,31
1006 - Two Bedroom Apartment,dcad839e-9e6e-4be5-bd28-37c3baef5deb,0a69b523-45ae-40c9-a403-658d65557581,2026-10-02,31
1006 - Two Bedroom Apartment,dcad839e-9e6e-4be5-bd28-37c3baef5deb,0a69b523-45ae-40c9-a403-658d65557581,2026-10-03,31
1006 - Two Bedroom Apartment,dcad839e-9e6e-4be5-bd28-37c3baef5deb,0a69b523-45ae-40c9-a403-658d65557581,2026-10-04,31
1006 - Two Bedroom Apartment,dcad839e-9e6e-4be5-bd28-37c3baef5deb,0a69b523-45ae-40c9-a403-658d65557581,2026-10-05,31
1006 - Two Bedroom Apartment,dcad839e-9e6e-4be5-bd28-37c3baef5deb,0a69b523-45ae-40c9-a403-658d65557581,2026-10-06,31
1006 - Two Bedroom Apartment,dcad839e-9e6e-4be5-bd28-37c3baef5deb,0a69b523-45ae-40c9-a403-658d65557581,2026-10-07,31
1006 - Two Bedroom Apartment,dcad839e-9e6e-4be5-bd28-37c3baef5deb,0a69b523-45ae-40c9-a403-658d65557581,2026-10-08,31
1006 - Two Bedroom Apartment,dcad839e-9e6e-4be5-bd28-37c3baef5deb,0a69b523-45ae-40c9-a403-658d65557581,2026-10-09,31
1006 - Two Bedroom Apartment,dcad839e-9e6e-4be5-bd28-37c3baef5deb,0a69b523-45ae-40c9-a403-658d65557581,2026-10-10,31
1006 - Two Bedroom Apartment,dcad839e-9e6e-4be5-bd28-37c3baef5deb,0a69b523-45ae-40c9-a403-658d65557581,2026-10-11,31
1006 - Two Bedroom Apartment,dcad839e-9e6e-4be5-bd28-37c3baef5deb,0a69b523-45ae-40c9-a403-658d65557581,2026-10-12,31
1006 - Two Bedroom Apartment,dcad839e-9e6e-4be5-bd28-37c3baef5deb,0a69b523-45ae-40c9-a403-658d65557581,2026-10-13,31
1006 - Two Bedroom Apartment,dcad839e-9e6e-4be5-bd28-37c3baef5deb,0a69b523-45ae-40c9-a403-658d65557581,2026-10-14,31
1006 - Two Bedroom Apartment,dcad839e-9e6e-4be5-bd28-37c3baef5deb,0a69b523-45ae-40c9-a403-658d65557581,2026-10-15,31
1006 - Two Bedroom Apartment,dcad839e-9e6e-4be5-bd28-37c3baef5deb,0a69b523-45ae-40c9-a403-658d65557581,2026-10-16,31
1006 - Two Bedroom Apartment,dcad839e-9e6e-4be5-bd28-37c3baef5deb,0a69b523-45ae-40c9-a403-658d65557581,2026-10-17,31
1006 - Two Bedroom Apartment,dcad839e-9e6e-4be5-bd28-37c3baef5deb,0a69b523-45ae-40c9-a403-658d65557581,2026-10-18,31
1006 - Two Bedroom Apartment,dcad839e-9e6e-4be5-bd28-37c3baef5deb,0a69b523-45ae-40c9-a403-658d65557581,2026-10-19,31
1006 - Two Bedroom Apartment,dcad839e-9e6e-4be5-bd28-37c3baef5deb,0a69b523-45ae-40c9-a403-658d65557581,2026-10-20,31
1006 - Two Bedroom Apartment,dcad839e-9e6e-4be5-bd28-37c3baef5deb,0a69b523-45ae-40c9-a403-658d65557581,2026-10-21,31
1006 - Two Bedroom Apartment,dcad839e-9e6e-4be5-bd28-37c3baef5deb,0a69b523-45ae-40c9-a403-658d65557581,2026-10-22,31
1006 - Two Bedroom Apartment,dcad839e-9e6e-4be5-bd28-37c3baef5deb,0a69b523-45ae-40c9-a403-658d65557581,2026-10-23,31
1006 - Two Bedroom Apartment,dcad839e-9e6e-4be5-bd28-37c3baef5deb,0a69b523-45ae-40c9-a403-658d65557581,2026-10-24,31
1006 - Two Bedroom Apartment,dcad839e-9e6e-4be5-bd28-37c3baef5deb,0a69b523-45ae-40c9-a403-658d65557581,2026-10-25,31
1006 - Two Bedroom Apartment,dcad839e-9e6e-4be5-bd28-37c3baef5deb,0a69b523-45ae-40c9-a403-658d65557581,2026-10-26,31
1006 - Two Bedroom Apartment,dcad839e-9e6e-4be5-bd28-37c3baef5deb,0a69b523-45ae-40c9-a403-658d65557581,2026-10-27,31
1006 - Two Bedroom Apartment,dcad839e-9e6e-4be5-bd28-37c3baef5deb,0a69b523-45ae-40c9-a403-658d65557581,2026-10-28,31
1006 - Two Bedroom Apartment,dcad839e-9e6e-4be5-bd28-37c3baef5deb,0a69b523-45ae-40c9-a403-658d65557581,2026-10-29,31
1006 - Two Bedroom Apartment,dcad839e-9e6e-4be5-bd28-37c3baef5deb,0a69b523-45ae-40c9-a403-658d65557581,2026-10-30,31
1006 - Two Bedroom Apartment,dcad839e-9e6e-4be5-bd28-37c3baef5deb,0a69b523-45ae-40c9-a403-658d65557581,2026-10-31,31
1006 - Two Bedroom Apartment,dcad839e-9e6e-4be5-bd28-37c3baef5deb,0a69b523-45ae-40c9-a403-658d65557581,2026-11-01,31
1006 - Two Bedroom Apartment,dcad839e-9e6e-4be5-bd28-37c3baef5deb,0a69b523-45ae-40c9-a403-658d65557581,2026-11-02,31
1006 - Two Bedroom Apartment,dcad839e-9e6e-4be5-bd28-37c3baef5deb,0a69b523-45ae-40c9-a403-658d65557581,2026-11-03,31
1006 - Two Bedroom Apartment,dcad839e-9e6e-4be5-bd28-37c3baef5deb,0a69b523-45ae-40c9-a403-658d65557581,2026-11-04,31
1006 - Two Bedroom Apartment,dcad839e-9e6e-4be5-bd28-37c3baef5deb,0a69b523-45ae-40c9-a403-658d65557581,2026-11-05,31
1006 - Two Bedroom Apartment,dcad839e-9e6e-4be5-bd28-37c3baef5deb,0a69b523-45ae-40c9-a403-658d65557581,2026-11-06,31
1006 - Two Bedroom Apartment,dcad839e-9e6e-4be5-bd28-37c3baef5deb,0a69b523-45ae-40c9-a403-658d65557581,2026-11-07,31
1006 - Two Bedroom Apartment,dcad839e-9e6e-4be5-bd28-37c3baef5deb,0a69b523-45ae-40c9-a403-658d65557581,2026-11-08,31
1006 - Two Bedroom Apartment,dcad839e-9e6e-4be5-bd28-37c3baef5deb,0a69b523-45ae-40c9-a403-658d65557581,2026-11-09,31
1006 - Two Bedroom Apartment,dcad839e-9e6e-4be5-bd28-37c3baef5deb,0a69b523-45ae-40c9-a403-658d65557581,2026-11-10,31
1006 - Two Bedroom Apartment,dcad839e-9e6e-4be5-bd28-37c3baef5deb,0a69b523-45ae-40c9-a403-658d65557581,2026-11-11,31
1006 - Two Bedroom Apartment,dcad839e-9e6e-4be5-bd28-37c3baef5deb,0a69b523-45ae-40c9-a403-658d65557581,2026-11-12,31
1006 - Two Bedroom Apartment,dcad839e-9e6e-4be5-bd28-37c3baef5deb,0a69b523-45ae-40c9-a403-658d65557581,2026-11-13,31
1006 - Two Bedroom Apartment,dcad839e-9e6e-4be5-bd28-37c3baef5deb,0a69b523-45ae-40c9-a403-658d65557581,2026-11-14,31
1006 - Two Bedroom Apartment,dcad839e-9e6e-4be5-bd28-37c3baef5deb,0a69b523-45ae-40c9-a403-658d65557581,2026-11-15,31
1006 - Two Bedroom Apartment,dcad839e-9e6e-4be5-bd28-37c3baef5deb,0a69b523-45ae-40c9-a403-658d65557581,2026-11-16,31
1006 - Two Bedroom Apartment,dcad839e-9e6e-4be5-bd28-37c3baef5deb,0a69b523-45ae-40c9-a403-658d65557581,2026-11-17,31
1006 - Two Bedroom Apartment,dcad839e-9e6e-4be5-bd28-37c3baef5deb,0a69b523-45ae-40c9-a403-658d65557581,2026-11-18,31
1006 - Two Bedroom Apartment,dcad839e-9e6e-4be5-bd28-37c3baef5deb,0a69b523-45ae-40c9-a403-658d65557581,2026-11-19,31
1006 - Two Bedroom Apartment,dcad839e-9e6e-4be5-bd28-37c3baef5deb,0a69b523-45ae-40c9-a403-658d65557581,2026-11-20,31
1006 - Two Bedroom Apartment,dcad839e-9e6e-4be5-bd28-37c3baef5deb,0a69b523-45ae-40c9-a403-658d65557581,2026-11-21,31
1006 - Two Bedroom Apartment,dcad839e-9e6e-4be5-bd28-37c3baef5deb,0a69b523-45ae-40c9-a403-658d65557581,2026-11-22,31
1006 - Two Bedroom Apartment,dcad839e-9e6e-4be5-bd28-37c3baef5deb,0a69b523-45ae-40c9-a403-658d65557581,2026-11-23,31
1006 - Two Bedroom Apartment,dcad839e-9e6e-4be5-bd28-37c3baef5deb,0a69b523-45ae-40c9-a403-658d65557581,2026-11-24,31
1006 - Two Bedroom Apartment,dcad839e-9e6e-4be5-bd28-37c3baef5deb,0a69b523-45ae-40c9-a403-658d65557581,2026-11-25,31
1006 - Two Bedroom Apartment,dcad839e-9e6e-4be5-bd28-37c3baef5deb,0a69b523-45ae-40c9-a403-658d65557581,2026-11-26,31
1006 - Two Bedroom Apartment,dcad839e-9e6e-4be5-bd28-37c3baef5deb,0a69b523-45ae-40c9-a403-658d65557581,2026-11-27,31
1006 - Two Bedroom Apartment,dcad839e-9e6e-4be5-bd28-37c3baef5deb,0a69b523-45ae-40c9-a403-658d65557581,2026-11-28,31
1006 - Two Bedroom Apartment,dcad839e-9e6e-4be5-bd28-37c3baef5deb,0a69b523-45ae-40c9-a403-658d65557581,2026-11-29,31
1006 - Two Bedroom Apartment,dcad839e-9e6e-4be5-bd28-37c3baef5deb,0a69b523-45ae-40c9-a403-658d65557581,2026-11-30,31
1006 - Two Bedroom Apartment,dcad839e-9e6e-4be5-bd28-37c3baef5deb,0a69b523-45ae-40c9-a403-658d65557581,2026-12-01,31
1006 - Two Bedroom Apartment,dcad839e-9e6e-4be5-bd28-37c3baef5deb,0a69b523-45ae-40c9-a403-658d65557581,2026-12-02,31
1006 - Two Bedroom Apartment,dcad839e-9e6e-4be5-bd28-37c3baef5deb,0a69b523-45ae-40c9-a403-658d65557581,2026-12-03,31
1006 - Two Bedroom Apartment,dcad839e-9e6e-4be5-bd28-37c3baef5deb,0a69b523-45ae-40c9-a403-658d65557581,2026-12-04,31
1006 - Two Bedroom Apartment,dcad839e-9e6e-4be5-bd28-37c3baef5deb,0a69b523-45ae-40c9-a403-658d65557581,2026-12-05,31
1006 - Two Bedroom Apartment,dcad839e-9e6e-4be5-bd28-37c3baef5deb,0a69b523-45ae-40c9-a403-658d65557581,2026-12-06,31
1006 - Two Bedroom Apartment,dcad839e-9e6e-4be5-bd28-37c3baef5deb,0a69b523-45ae-40c9-a403-658d65557581,2026-12-07,31
1006 - Two Bedroom Apartment,dcad839e-9e6e-4be5-bd28-37c3baef5deb,0a69b523-45ae-40c9-a403-658d65557581,2026-12-08,31
1006 - Two Bedroom Apartment,dcad839e-9e6e-4be5-bd28-37c3baef5deb,0a69b523-45ae-40c9-a403-658d65557581,2026-12-09,31
1006 - Two Bedroom Apartment,dcad839e-9e6e-4be5-bd28-37c3baef5deb,0a69b523-45ae-40c9-a403-658d65557581,2026-12-10,31
1006 - Two Bedroom Apartment,dcad839e-9e6e-4be5-bd28-37c3baef5deb,0a69b523-45ae-40c9-a403-658d65557581,2026-12-11,31
1006 - Two Bedroom Apartment,dcad839e-9e6e-4be5-bd28-37c3baef5deb,0a69b523-45ae-40c9-a403-658d65557581,2026-12-12,31
1006 - Two Bedroom Apartment,dcad839e-9e6e-4be5-bd28-37c3baef5deb,0a69b523-45ae-40c9-a403-658d65557581,2026-12-13,31
1006 - Two Bedroom Apartment,dcad839e-9e6e-4be5-bd28-37c3baef5deb,0a69b523-45ae-40c9-a403-658d65557581,2026-12-14,31
1006 - Two Bedroom Apartment,dcad839e-9e6e-4be5-bd28-37c3baef5deb,0a69b523-45ae-40c9-a403-658d65557581,2026-12-15,31
1006 - Two Bedroom Apartment,dcad839e-9e6e-4be5-bd28-37c3baef5deb,0a69b523-45ae-40c9-a403-658d65557581,2026-12-16,31
1006 - Two Bedroom Apartment,dcad839e-9e6e-4be5-bd28-37c3baef5deb,0a69b523-45ae-40c9-a403-658d65557581,2026-12-17,31
1006 - Two Bedroom Apartment,dcad839e-9e6e-4be5-bd28-37c3baef5deb,0a69b523-45ae-40c9-a403-658d65557581,2026-12-18,31
1006 - Two Bedroom Apartment,dcad839e-9e6e-4be5-bd28-37c3baef5deb,0a69b523-45ae-40c9-a403-658d65557581,2026-12-19,31
1006 - Two Bedroom Apartment,dcad839e-9e6e-4be5-bd28-37c3baef5deb,0a69b523-45ae-40c9-a403-658d65557581,2026-12-20,31
1006 - Two Bedroom Apartment,dcad839e-9e6e-4be5-bd28-37c3baef5deb,0a69b523-45ae-40c9-a403-658d65557581,2026-12-21,31
1006 - Two Bedroom Apartment,dcad839e-9e6e-4be5-bd28-37c3baef5deb,0a69b523-45ae-40c9-a403-658d65557581,2026-12-22,31
1006 - Two Bedroom Apartment,dcad839e-9e6e-4be5-bd28-37c3baef5deb,0a69b523-45ae-40c9-a403-658d65557581,2026-12-23,31
1006 - Two Bedroom Apartment,dcad839e-9e6e-4be5-bd28-37c3baef5deb,0a69b523-45ae-40c9-a403-658d65557581,2026-12-24,31
1006 - Two Bedroom Apartment,dcad839e-9e6e-4be5-bd28-37c3baef5deb,0a69b523-45ae-40c9-a403-658d65557581,2026-12-25,31
1006 - Two Bedroom Apartment,dcad839e-9e6e-4be5-bd28-37c3baef5deb,0a69b523-45ae-40c9-a403-658d65557581,2026-12-26,31
1006 - Two Bedroom Apartment,dcad839e-9e6e-4be5-bd28-37c3baef5deb,0a69b523-45ae-40c9-a403-658d65557581,2026-12-27,31
1006 - Two Bedroom Apartment,dcad839e-9e6e-4be5-bd28-37c3baef5deb,0a69b523-45ae-40c9-a403-658d65557581,2026-12-28,31
1006 - Two Bedroom Apartment,dcad839e-9e6e-4be5-bd28-37c3baef5deb,0a69b523-45ae-40c9-a403-658d65557581,2026-12-29,31
1006 - Two Bedroom Apartment,dcad839e-9e6e-4be5-bd28-37c3baef5deb,0a69b523-45ae-40c9-a403-658d65557581,2026-12-30,31
1006 - Two Bedroom Apartment,dcad839e-9e6e-4be5-bd28-37c3baef5deb,0a69b523-45ae-40c9-a403-658d65557581,2026-12-31,31
1006 - Two Bedroom Apartment,dcad839e-9e6e-4be5-bd28-37c3baef5deb,0a69b523-45ae-40c9-a403-658d65557581,2027-01-01,31
1006 - Two Bedroom Apartment,dcad839e-9e6e-4be5-bd28-37c3baef5deb,0a69b523-45ae-40c9-a403-658d65557581,2027-01-02,31
1006 - Two Bedroom Apartment,dcad839e-9e6e-4be5-bd28-37c3baef5deb,0a69b523-45ae-40c9-a403-658d65557581,2027-01-03,31
1006 - Two Bedroom Apartment,dcad839e-9e6e-4be5-bd28-37c3baef5deb,0a69b523-45ae-40c9-a403-658d65557581,2027-01-04,31
1006 - Two Bedroom Apartment,dcad839e-9e6e-4be5-bd28-37c3baef5deb,0a69b523-45ae-40c9-a403-658d65557581,2027-01-05,31
1006 - Two Bedroom Apartment,dcad839e-9e6e-4be5-bd28-37c3baef5deb,0a69b523-45ae-40c9-a403-658d65557581,2027-01-06,31
1006 - Two Bedroom Apartment,dcad839e-9e6e-4be5-bd28-37c3baef5deb,0a69b523-45ae-40c9-a403-658d65557581,2027-01-07,31
1006 - Two Bedroom Apartment,dcad839e-9e6e-4be5-bd28-37c3baef5deb,0a69b523-45ae-40c9-a403-658d65557581,2027-01-08,31
1006 - Two Bedroom Apartment,dcad839e-9e6e-4be5-bd28-37c3baef5deb,0a69b523-45ae-40c9-a403-658d65557581,2027-01-09,31
1006 - Two Bedroom Apartment,dcad839e-9e6e-4be5-bd28-37c3baef5deb,0a69b523-45ae-40c9-a403-658d65557581,2027-01-10,31
1006 - Two Bedroom Apartment,dcad839e-9e6e-4be5-bd28-37c3baef5deb,0a69b523-45ae-40c9-a403-658d65557581,2027-01-11,31
1006 - Two Bedroom Apartment,dcad839e-9e6e-4be5-bd28-37c3baef5deb,0a69b523-45ae-40c9-a403-658d65557581,2027-01-12,31
1006 - Two Bedroom Apartment,dcad839e-9e6e-4be5-bd28-37c3baef5deb,0a69b523-45ae-40c9-a403-658d65557581,2027-01-13,31
1006 - Two Bedroom Apartment,dcad839e-9e6e-4be5-bd28-37c3baef5deb,0a69b523-45ae-40c9-a403-658d65557581,2027-01-14,31
1006 - Two Bedroom Apartment,dcad839e-9e6e-4be5-bd28-37c3baef5deb,0a69b523-45ae-40c9-a403-658d65557581,2027-01-15,31
1006 - Two Bedroom Apartment,dcad839e-9e6e-4be5-bd28-37c3baef5deb,0a69b523-45ae-40c9-a403-658d65557581,2027-01-16,31
1006 - Two Bedroom Apartment,dcad839e-9e6e-4be5-bd28-37c3baef5deb,0a69b523-45ae-40c9-a403-658d65557581,2027-01-17,31
1006 - Two Bedroom Apartment,dcad839e-9e6e-4be5-bd28-37c3baef5deb,0a69b523-45ae-40c9-a403-658d65557581,2027-01-18,31
1006 - Two Bedroom Apartment,dcad839e-9e6e-4be5-bd28-37c3baef5deb,0a69b523-45ae-40c9-a403-658d65557581,2027-01-19,31
1006 - Two Bedroom Apartment,dcad839e-9e6e-4be5-bd28-37c3baef5deb,0a69b523-45ae-40c9-a403-658d65557581,2027-01-20,31
1006 - Two Bedroom Apartment,dcad839e-9e6e-4be5-bd28-37c3baef5deb,0a69b523-45ae-40c9-a403-658d65557581,2027-01-21,31
1006 - Two Bedroom Apartment,dcad839e-9e6e-4be5-bd28-37c3baef5deb,0a69b523-45ae-40c9-a403-658d65557581,2027-01-22,31
1006 - Two Bedroom Apartment,dcad839e-9e6e-4be5-bd28-37c3baef5deb,0a69b523-45ae-40c9-a403-658d65557581,2027-01-23,31
1006 - Two Bedroom Apartment,dcad839e-9e6e-4be5-bd28-37c3baef5deb,0a69b523-45ae-40c9-a403-658d65557581,2027-01-24,31
1006 - Two Bedroom Apartment,dcad839e-9e6e-4be5-bd28-37c3baef5deb,0a69b523-45ae-40c9-a403-658d65557581,2027-01-25,31
1006 - Two Bedroom Apartment,dcad839e-9e6e-4be5-bd28-37c3baef5deb,0a69b523-45ae-40c9-a403-658d65557581,2027-01-26,31
1006 - Two Bedroom Apartment,dcad839e-9e6e-4be5-bd28-37c3baef5deb,0a69b523-45ae-40c9-a403-658d65557581,2027-01-27,31
1006 - Two Bedroom Apartment,dcad839e-9e6e-4be5-bd28-37c3baef5deb,0a69b523-45ae-40c9-a403-658d65557581,2027-01-28,31
1006 - Two Bedroom Apartment,dcad839e-9e6e-4be5-bd28-37c3baef5deb,0a69b523-45ae-40c9-a403-658d65557581,2027-01-29,31
1006 - Two Bedroom Apartment,dcad839e-9e6e-4be5-bd28-37c3baef5deb,0a69b523-45ae-40c9-a403-658d65557581,2027-01-30,31
1006 - Two Bedroom Apartment,dcad839e-9e6e-4be5-bd28-37c3baef5deb,0a69b523-45ae-40c9-a403-658d65557581,2027-01-31,31
1006 - Two Bedroom Apartment,dcad839e-9e6e-4be5-bd28-37c3baef5deb,0a69b523-45ae-40c9-a403-658d65557581,2027-02-01,31
1006 - Two Bedroom Apartment,dcad839e-9e6e-4be5-bd28-37c3baef5deb,0a69b523-45ae-40c9-a403-658d65557581,2027-02-02,31
1006 - Two Bedroom Apartment,dcad839e-9e6e-4be5-bd28-37c3baef5deb,0a69b523-45ae-40c9-a403-658d65557581,2027-02-03,31
1006 - Two Bedroom Apartment,dcad839e-9e6e-4be5-bd28-37c3baef5deb,0a69b523-45ae-40c9-a403-658d65557581,2027-02-04,31
1006 - Two Bedroom Apartment,dcad839e-9e6e-4be5-bd28-37c3baef5deb,0a69b523-45ae-40c9-a403-658d65557581,2027-02-05,31
1006 - Two Bedroom Apartment,dcad839e-9e6e-4be5-bd28-37c3baef5deb,0a69b523-45ae-40c9-a403-658d65557581,2027-02-06,31
1006 - Two Bedroom Apartment,dcad839e-9e6e-4be5-bd28-37c3baef5deb,0a69b523-45ae-40c9-a403-658d65557581,2027-02-07,31
1006 - Two Bedroom Apartment,dcad839e-9e6e-4be5-bd28-37c3baef5deb,0a69b523-45ae-40c9-a403-658d65557581,2027-02-08,31
1006 - Two Bedroom Apartment,dcad839e-9e6e-4be5-bd28-37c3baef5deb,0a69b523-45ae-40c9-a403-658d65557581,2027-02-09,31
1006 - Two Bedroom Apartment,dcad839e-9e6e-4be5-bd28-37c3baef5deb,0a69b523-45ae-40c9-a403-658d65557581,2027-02-10,31
1006 - Two Bedroom Apartment,dcad839e-9e6e-4be5-bd28-37c3baef5deb,0a69b523-45ae-40c9-a403-658d65557581,2027-02-11,31
1006 - Two Bedroom Apartment,dcad839e-9e6e-4be5-bd28-37c3baef5deb,0a69b523-45ae-40c9-a403-658d65557581,2027-02-12,31
1006 - Two Bedroom Apartment,dcad839e-9e6e-4be5-bd28-37c3baef5deb,0a69b523-45ae-40c9-a403-658d65557581,2027-02-13,31
1006 - Two Bedroom Apartment,dcad839e-9e6e-4be5-bd28-37c3baef5deb,0a69b523-45ae-40c9-a403-658d65557581,2027-02-14,31
1006 - Two Bedroom Apartment,dcad839e-9e6e-4be5-bd28-37c3baef5deb,0a69b523-45ae-40c9-a403-658d65557581,2027-02-15,31
1006 - Two Bedroom Apartment,dcad839e-9e6e-4be5-bd28-37c3baef5deb,0a69b523-45ae-40c9-a403-658d65557581,2027-02-16,31
1006 - Two Bedroom Apartment,dcad839e-9e6e-4be5-bd28-37c3baef5deb,0a69b523-45ae-40c9-a403-658d65557581,2027-02-17,31
1006 - Two Bedroom Apartment,dcad839e-9e6e-4be5-bd28-37c3baef5deb,0a69b523-45ae-40c9-a403-658d65557581,2027-02-18,31
1006 - Two Bedroom Apartment,dcad839e-9e6e-4be5-bd28-37c3baef5deb,0a69b523-45ae-40c9-a403-658d65557581,2027-02-19,31
1006 - Two Bedroom Apartment,dcad839e-9e6e-4be5-bd28-37c3baef5deb,0a69b523-45ae-40c9-a403-658d65557581,2027-02-20,31
1006 - Two Bedroom Apartment,dcad839e-9e6e-4be5-bd28-37c3baef5deb,0a69b523-45ae-40c9-a403-658d65557581,2027-02-21,31
1006 - Two Bedroom Apartment,dcad839e-9e6e-4be5-bd28-37c3baef5deb,0a69b523-45ae-40c9-a403-658d65557581,2027-02-22,31
1006 - Two Bedroom Apartment,dcad839e-9e6e-4be5-bd28-37c3baef5deb,0a69b523-45ae-40c9-a403-658d65557581,2027-02-23,31
1006 - Two Bedroom Apartment,dcad839e-9e6e-4be5-bd28-37c3baef5deb,0a69b523-45ae-40c9-a403-658d65557581,2027-02-24,31
1006 - Two Bedroom Apartment,dcad839e-9e6e-4be5-bd28-37c3baef5deb,0a69b523-45ae-40c9-a403-658d65557581,2027-02-25,31
1006 - Two Bedroom Apartment,dcad839e-9e6e-4be5-bd28-37c3baef5deb,0a69b523-45ae-40c9-a403-658d65557581,2027-02-26,31
1006 - Two Bedroom Apartment,dcad839e-9e6e-4be5-bd28-37c3baef5deb,0a69b523-45ae-40c9-a403-658d65557581,2027-02-27,31
1006 - Two Bedroom Apartment,dcad839e-9e6e-4be5-bd28-37c3baef5deb,0a69b523-45ae-40c9-a403-658d65557581,2027-02-28,31
1006 - Two Bedroom Apartment,dcad839e-9e6e-4be5-bd28-37c3baef5deb,0a69b523-45ae-40c9-a403-658d65557581,2027-03-01,31
1006 - Two Bedroom Apartment,dcad839e-9e6e-4be5-bd28-37c3baef5deb,0a69b523-45ae-40c9-a403-658d65557581,2027-03-02,31
1006 - Two Bedroom Apartment,dcad839e-9e6e-4be5-bd28-37c3baef5deb,0a69b523-45ae-40c9-a403-658d65557581,2027-03-03,31
1006 - Two Bedroom Apartment,dcad839e-9e6e-4be5-bd28-37c3baef5deb,0a69b523-45ae-40c9-a403-658d65557581,2027-03-04,31
1006 - Two Bedroom Apartment,dcad839e-9e6e-4be5-bd28-37c3baef5deb,0a69b523-45ae-40c9-a403-658d65557581,2027-03-05,31
1006 - Two Bedroom Apartment,dcad839e-9e6e-4be5-bd28-37c3baef5deb,0a69b523-45ae-40c9-a403-658d65557581,2027-03-06,31
1006 - Two Bedroom Apartment,dcad839e-9e6e-4be5-bd28-37c3baef5deb,0a69b523-45ae-40c9-a403-658d65557581,2027-03-07,31
1006 - Two Bedroom Apartment,dcad839e-9e6e-4be5-bd28-37c3baef5deb,0a69b523-45ae-40c9-a403-658d65557581,2027-03-08,31
1006 - Two Bedroom Apartment,dcad839e-9e6e-4be5-bd28-37c3baef5deb,0a69b523-45ae-40c9-a403-658d65557581,2027-03-09,31
1006 - Two Bedroom Apartment,dcad839e-9e6e-4be5-bd28-37c3baef5deb,0a69b523-45ae-40c9-a403-658d65557581,2027-03-10,31
1006 - Two Bedroom Apartment,dcad839e-9e6e-4be5-bd28-37c3baef5deb,0a69b523-45ae-40c9-a403-658d65557581,2027-03-11,31
1006 - Two Bedroom Apartment,dcad839e-9e6e-4be5-bd28-37c3baef5deb,0a69b523-45ae-40c9-a403-658d65557581,2027-03-12,31
1006 - Two Bedroom Apartment,dcad839e-9e6e-4be5-bd28-37c3baef5deb,0a69b523-45ae-40c9-a403-658d65557581,2027-03-13,31
1006 - Two Bedroom Apartment,dcad839e-9e6e-4be5-bd28-37c3baef5deb,0a69b523-45ae-40c9-a403-658d65557581,2027-03-14,31
1006 - Two Bedroom Apartment,dcad839e-9e6e-4be5-bd28-37c3baef5deb,0a69b523-45ae-40c9-a403-658d65557581,2027-03-15,31
1006 - Two Bedroom Apartment,dcad839e-9e6e-4be5-bd28-37c3baef5deb,0a69b523-45ae-40c9-a403-658d65557581,2027-03-16,31
1006 - Two Bedroom Apartment,dcad839e-9e6e-4be5-bd28-37c3baef5deb,0a69b523-45ae-40c9-a403-658d65557581,2027-03-17,31
1006 - Two Bedroom Apartment,dcad839e-9e6e-4be5-bd28-37c3baef5deb,0a69b523-45ae-40c9-a403-658d65557581,2027-03-18,31
1006 - Two Bedroom Apartment,dcad839e-9e6e-4be5-bd28-37c3baef5deb,0a69b523-45ae-40c9-a403-658d65557581,2027-03-19,31
1006 - Two Bedroom Apartment,dcad839e-9e6e-4be5-bd28-37c3baef5deb,0a69b523-45ae-40c9-a403-658d65557581,2027-03-20,31
1006 - Two Bedroom Apartment,dcad839e-9e6e-4be5-bd28-37c3baef5deb,0a69b523-45ae-40c9-a403-658d65557581,2027-03-21,31
1006 - Two Bedroom Apartment,dcad839e-9e6e-4be5-bd28-37c3baef5deb,0a69b523-45ae-40c9-a403-658d65557581,2027-03-22,31
1006 - Two Bedroom Apartment,dcad839e-9e6e-4be5-bd28-37c3baef5deb,0a69b523-45ae-40c9-a403-658d65557581,2027-03-23,31
1006 - Two Bedroom Apartment,dcad839e-9e6e-4be5-bd28-37c3baef5deb,0a69b523-45ae-40c9-a403-658d65557581,2027-03-24,31
1006 - Two Bedroom Apartment,dcad839e-9e6e-4be5-bd28-37c3baef5deb,0a69b523-45ae-40c9-a403-658d65557581,2027-03-25,31
1006 - Two Bedroom Apartment,dcad839e-9e6e-4be5-bd28-37c3baef5deb,0a69b523-45ae-40c9-a403-658d65557581,2027-03-26,31
1006 - Two Bedroom Apartment,dcad839e-9e6e-4be5-bd28-37c3baef5deb,0a69b523-45ae-40c9-a403-658d65557581,2027-03-27,31
1006 - Two Bedroom Apartment,dcad839e-9e6e-4be5-bd28-37c3baef5deb,0a69b523-45ae-40c9-a403-658d65557581,2027-03-28,31
1006 - Two Bedroom Apartment,dcad839e-9e6e-4be5-bd28-37c3baef5deb,0a69b523-45ae-40c9-a403-658d65557581,2027-03-29,31
1006 - Two Bedroom Apartment,dcad839e-9e6e-4be5-bd28-37c3baef5deb,0a69b523-45ae-40c9-a403-658d65557581,2027-03-30,31
1006 - Two Bedroom Apartment,dcad839e-9e6e-4be5-bd28-37c3baef5deb,0a69b523-45ae-40c9-a403-658d65557581,2027-03-31,31
1006 - Two Bedroom Apartment,dcad839e-9e6e-4be5-bd28-37c3baef5deb,0a69b523-45ae-40c9-a403-658d65557581,2027-04-01,31
1006 - Two Bedroom Apartment,dcad839e-9e6e-4be5-bd28-37c3baef5deb,0a69b523-45ae-40c9-a403-658d65557581,2027-04-02,31
1006 - Two Bedroom Apartment,dcad839e-9e6e-4be5-bd28-37c3baef5deb,0a69b523-45ae-40c9-a403-658d65557581,2027-04-03,31
1006 - Two Bedroom Apartment,dcad839e-9e6e-4be5-bd28-37c3baef5deb,0a69b523-45ae-40c9-a403-658d65557581,2027-04-04,31
1006 - Two Bedroom Apartment,dcad839e-9e6e-4be5-bd28-37c3baef5deb,0a69b523-45ae-40c9-a403-658d65557581,2027-04-05,31
1006 - Two Bedroom Apartment,dcad839e-9e6e-4be5-bd28-37c3baef5deb,0a69b523-45ae-40c9-a403-658d65557581,2027-04-06,31
1006 - Two Bedroom Apartment,dcad839e-9e6e-4be5-bd28-37c3baef5deb,0a69b523-45ae-40c9-a403-658d65557581,2027-04-07,31
1006 - Two Bedroom Apartment,dcad839e-9e6e-4be5-bd28-37c3baef5deb,0a69b523-45ae-40c9-a403-658d65557581,2027-04-08,31
1006 - Two Bedroom Apartment,dcad839e-9e6e-4be5-bd28-37c3baef5deb,0a69b523-45ae-40c9-a403-658d65557581,2027-04-09,31
1006 - Two Bedroom Apartment,dcad839e-9e6e-4be5-bd28-37c3baef5deb,0a69b523-45ae-40c9-a403-658d65557581,2027-04-10,31
1006 - Two Bedroom Apartment,dcad839e-9e6e-4be5-bd28-37c3baef5deb,0a69b523-45ae-40c9-a403-658d65557581,2027-04-11,31
1006 - Two Bedroom Apartment,dcad839e-9e6e-4be5-bd28-37c3baef5deb,0a69b523-45ae-40c9-a403-658d65557581,2027-04-12,31
1006 - Two Bedroom Apartment,dcad839e-9e6e-4be5-bd28-37c3baef5deb,0a69b523-45ae-40c9-a403-658d65557581,2027-04-13,31
1006 - Two Bedroom Apartment,dcad839e-9e6e-4be5-bd28-37c3baef5deb,0a69b523-45ae-40c9-a403-658d65557581,2027-04-14,31
1006 - Two Bedroom Apartment,dcad839e-9e6e-4be5-bd28-37c3baef5deb,0a69b523-45ae-40c9-a403-658d65557581,2027-04-15,31
1006 - Two Bedroom Apartment,dcad839e-9e6e-4be5-bd28-37c3baef5deb,0a69b523-45ae-40c9-a403-658d65557581,2027-04-16,31
1006 - Two Bedroom Apartment,dcad839e-9e6e-4be5-bd28-37c3baef5deb,0a69b523-45ae-40c9-a403-658d65557581,2027-04-17,31
1006 - Two Bedroom Apartment,dcad839e-9e6e-4be5-bd28-37c3baef5deb,0a69b523-45ae-40c9-a403-658d65557581,2027-04-18,31
1006 - Two Bedroom Apartment,dcad839e-9e6e-4be5-bd28-37c3baef5deb,0a69b523-45ae-40c9-a403-658d65557581,2027-04-19,31
1006 - Two Bedroom Apartment,dcad839e-9e6e-4be5-bd28-37c3baef5deb,0a69b523-45ae-40c9-a403-658d65557581,2027-04-20,31
1006 - Two Bedroom Apartment,dcad839e-9e6e-4be5-bd28-37c3baef5deb,0a69b523-45ae-40c9-a403-658d65557581,2027-04-21,31
1006 - Two Bedroom Apartment,dcad839e-9e6e-4be5-bd28-37c3baef5deb,0a69b523-45ae-40c9-a403-658d65557581,2027-04-22,31
1006 - Two Bedroom Apartment,dcad839e-9e6e-4be5-bd28-37c3baef5deb,0a69b523-45ae-40c9-a403-658d65557581,2027-04-23,31
1006 - Two Bedroom Apartment,dcad839e-9e6e-4be5-bd28-37c3baef5deb,0a69b523-45ae-40c9-a403-658d65557581,2027-04-24,31
1006 - Two Bedroom Apartment,dcad839e-9e6e-4be5-bd28-37c3baef5deb,0a69b523-45ae-40c9-a403-658d65557581,2027-04-25,31
1006 - Two Bedroom Apartment,dcad839e-9e6e-4be5-bd28-37c3baef5deb,0a69b523-45ae-40c9-a403-658d65557581,2027-04-26,31
1006 - Two Bedroom Apartment,dcad839e-9e6e-4be5-bd28-37c3baef5deb,0a69b523-45ae-40c9-a403-658d65557581,2027-04-27,31
1006 - Two Bedroom Apartment,dcad839e-9e6e-4be5-bd28-37c3baef5deb,0a69b523-45ae-40c9-a403-658d65557581,2027-04-28,31
1006 - Two Bedroom Apartment,dcad839e-9e6e-4be5-bd28-37c3baef5deb,0a69b523-45ae-40c9-a403-658d65557581,2027-04-29,31
1006 - Two Bedroom Apartment,dcad839e-9e6e-4be5-bd28-37c3baef5deb,0a69b523-45ae-40c9-a403-658d65557581,2027-04-30,31
1006 - Two Bedroom Apartment,dcad839e-9e6e-4be5-bd28-37c3baef5deb,0a69b523-45ae-40c9-a403-658d65557581,2027-05-01,31
1006 - Two Bedroom Apartment,dcad839e-9e6e-4be5-bd28-37c3baef5deb,0a69b523-45ae-40c9-a403-658d65557581,2027-05-02,31
1006 - Two Bedroom Apartment,dcad839e-9e6e-4be5-bd28-37c3baef5deb,0a69b523-45ae-40c9-a403-658d65557581,2027-05-03,31
1006 - Two Bedroom Apartment,dcad839e-9e6e-4be5-bd28-37c3baef5deb,0a69b523-45ae-40c9-a403-658d65557581,2027-05-04,31
1006 - Two Bedroom Apartment,dcad839e-9e6e-4be5-bd28-37c3baef5deb,0a69b523-45ae-40c9-a403-658d65557581,2027-05-05,31
1006 - Two Bedroom Apartment,dcad839e-9e6e-4be5-bd28-37c3baef5deb,0a69b523-45ae-40c9-a403-658d65557581,2027-05-06,31
1006 - Two Bedroom Apartment,dcad839e-9e6e-4be5-bd28-37c3baef5deb,0a69b523-45ae-40c9-a403-658d65557581,2027-05-07,31
1006 - Two Bedroom Apartment,dcad839e-9e6e-4be5-bd28-37c3baef5deb,0a69b523-45ae-40c9-a403-658d65557581,2027-05-08,31
1006 - Two Bedroom Apartment,dcad839e-9e6e-4be5-bd28-37c3baef5deb,0a69b523-45ae-40c9-a403-658d65557581,2027-05-09,31
1006 - Two Bedroom Apartment,dcad839e-9e6e-4be5-bd28-37c3baef5deb,0a69b523-45ae-40c9-a403-658d65557581,2027-05-10,31
1006 - Two Bedroom Apartment,dcad839e-9e6e-4be5-bd28-37c3baef5deb,0a69b523-45ae-40c9-a403-658d65557581,2027-05-11,31
1006 - Two Bedroom Apartment,dcad839e-9e6e-4be5-bd28-37c3baef5deb,0a69b523-45ae-40c9-a403-658d65557581,2027-05-12,31
1006 - Two Bedroom Apartment,dcad839e-9e6e-4be5-bd28-37c3baef5deb,0a69b523-45ae-40c9-a403-658d65557581,2027-05-13,31
1006 - Two Bedroom Apartment,dcad839e-9e6e-4be5-bd28-37c3baef5deb,0a69b523-45ae-40c9-a403-658d65557581,2027-05-14,31
1006 - Two Bedroom Apartment,dcad839e-9e6e-4be5-bd28-37c3baef5deb,0a69b523-45ae-40c9-a403-658d65557581,2027-05-15,31
1006 - Two Bedroom Apartment,dcad839e-9e6e-4be5-bd28-37c3baef5deb,0a69b523-45ae-40c9-a403-658d65557581,2027-05-16,31
1006 - Two Bedroom Apartment,dcad839e-9e6e-4be5-bd28-37c3baef5deb,0a69b523-45ae-40c9-a403-658d65557581,2027-05-17,31
1006 - Two Bedroom Apartment,dcad839e-9e6e-4be5-bd28-37c3baef5deb,0a69b523-45ae-40c9-a403-658d65557581,2027-05-18,31
1006 - Two Bedroom Apartment,dcad839e-9e6e-4be5-bd28-37c3baef5deb,0a69b523-45ae-40c9-a403-658d65557581,2027-05-19,31
1006 - Two Bedroom Apartment,dcad839e-9e6e-4be5-bd28-37c3baef5deb,0a69b523-45ae-40c9-a403-658d65557581,2027-05-20,31
1006 - Two Bedroom Apartment,dcad839e-9e6e-4be5-bd28-37c3baef5deb,0a69b523-45ae-40c9-a403-658d65557581,2027-05-21,31
1006 - Two Bedroom Apartment,dcad839e-9e6e-4be5-bd28-37c3baef5deb,0a69b523-45ae-40c9-a403-658d65557581,2027-05-22,31
1006 - Two Bedroom Apartment,dcad839e-9e6e-4be5-bd28-37c3baef5deb,0a69b523-45ae-40c9-a403-658d65557581,2027-05-23,31
1006 - Two Bedroom Apartment,dcad839e-9e6e-4be5-bd28-37c3baef5deb,0a69b523-45ae-40c9-a403-658d65557581,2027-05-24,31
1006 - Two Bedroom Apartment,dcad839e-9e6e-4be5-bd28-37c3baef5deb,0a69b523-45ae-40c9-a403-658d65557581,2027-05-25,31
1006 - Two Bedroom Apartment,dcad839e-9e6e-4be5-bd28-37c3baef5deb,0a69b523-45ae-40c9-a403-658d65557581,2027-05-26,31
1006 - Two Bedroom Apartment,dcad839e-9e6e-4be5-bd28-37c3baef5deb,0a69b523-45ae-40c9-a403-658d65557581,2027-05-27,31
1006 - Two Bedroom Apartment,dcad839e-9e6e-4be5-bd28-37c3baef5deb,0a69b523-45ae-40c9-a403-658d65557581,2027-05-28,31
1006 - Two Bedroom Apartment,dcad839e-9e6e-4be5-bd28-37c3baef5deb,0a69b523-45ae-40c9-a403-658d65557581,2027-05-29,31
1006 - Two Bedroom Apartment,dcad839e-9e6e-4be5-bd28-37c3baef5deb,0a69b523-45ae-40c9-a403-658d65557581,2027-05-30,31
1006 - Two Bedroom Apartment,dcad839e-9e6e-4be5-bd28-37c3baef5deb,0a69b523-45ae-40c9-a403-658d65557581,2027-05-31,31
1006 - Two Bedroom Apartment,dcad839e-9e6e-4be5-bd28-37c3baef5deb,0a69b523-45ae-40c9-a403-658d65557581,2027-06-01,31
1006 - Two Bedroom Apartment,dcad839e-9e6e-4be5-bd28-37c3baef5deb,0a69b523-45ae-40c9-a403-658d65557581,2027-06-02,31
1006 - Two Bedroom Apartment,dcad839e-9e6e-4be5-bd28-37c3baef5deb,0a69b523-45ae-40c9-a403-658d65557581,2027-06-03,31
1006 - Two Bedroom Apartment,dcad839e-9e6e-4be5-bd28-37c3baef5deb,0a69b523-45ae-40c9-a403-658d65557581,2027-06-04,31
1006 - Two Bedroom Apartment,dcad839e-9e6e-4be5-bd28-37c3baef5deb,0a69b523-45ae-40c9-a403-658d65557581,2027-06-05,31
1006 - Two Bedroom Apartment,dcad839e-9e6e-4be5-bd28-37c3baef5deb,0a69b523-45ae-40c9-a403-658d65557581,2027-06-06,31
1006 - Two Bedroom Apartment,dcad839e-9e6e-4be5-bd28-37c3baef5deb,0a69b523-45ae-40c9-a403-658d65557581,2027-06-07,31
1006 - Two Bedroom Apartment,dcad839e-9e6e-4be5-bd28-37c3baef5deb,0a69b523-45ae-40c9-a403-658d65557581,2027-06-08,31
1006 - Two Bedroom Apartment,dcad839e-9e6e-4be5-bd28-37c3baef5deb,0a69b523-45ae-40c9-a403-658d65557581,2027-06-09,31
1006 - Two Bedroom Apartment,dcad839e-9e6e-4be5-bd28-37c3baef5deb,0a69b523-45ae-40c9-a403-658d65557581,2027-06-10,31
1006 - Two Bedroom Apartment,dcad839e-9e6e-4be5-bd28-37c3baef5deb,0a69b523-45ae-40c9-a403-658d65557581,2027-06-11,31
1006 - Two Bedroom Apartment,dcad839e-9e6e-4be5-bd28-37c3baef5deb,0a69b523-45ae-40c9-a403-658d65557581,2027-06-12,31
1006 - Two Bedroom Apartment,dcad839e-9e6e-4be5-bd28-37c3baef5deb,0a69b523-45ae-40c9-a403-658d65557581,2027-06-13,31
1006 - Two Bedroom Apartment,dcad839e-9e6e-4be5-bd28-37c3baef5deb,0a69b523-45ae-40c9-a403-658d65557581,2027-06-14,31
1006 - Two Bedroom Apartment,dcad839e-9e6e-4be5-bd28-37c3baef5deb,0a69b523-45ae-40c9-a403-658d65557581,2027-06-15,31
1006 - Two Bedroom Apartment,dcad839e-9e6e-4be5-bd28-37c3baef5deb,0a69b523-45ae-40c9-a403-658d65557581,2027-06-16,31
1006 - Two Bedroom Apartment,dcad839e-9e6e-4be5-bd28-37c3baef5deb,0a69b523-45ae-40c9-a403-658d65557581,2027-06-17,31
1006 - Two Bedroom Apartment,dcad839e-9e6e-4be5-bd28-37c3baef5deb,0a69b523-45ae-40c9-a403-658d65557581,2027-06-18,31
1006 - Two Bedroom Apartment,dcad839e-9e6e-4be5-bd28-37c3baef5deb,0a69b523-45ae-40c9-a403-658d65557581,2027-06-19,31
1006 - Two Bedroom Apartment,dcad839e-9e6e-4be5-bd28-37c3baef5deb,0a69b523-45ae-40c9-a403-658d65557581,2027-06-20,31
1006 - Two Bedroom Apartment,dcad839e-9e6e-4be5-bd28-37c3baef5deb,0a69b523-45ae-40c9-a403-658d65557581,2027-06-21,31
1006 - Two Bedroom Apartment,dcad839e-9e6e-4be5-bd28-37c3baef5deb,0a69b523-45ae-40c9-a403-658d65557581,2027-06-22,31
1006 - Two Bedroom Apartment,dcad839e-9e6e-4be5-bd28-37c3baef5deb,0a69b523-45ae-40c9-a403-658d65557581,2027-06-23,31
1006 - Two Bedroom Apartment,dcad839e-9e6e-4be5-bd28-37c3baef5deb,0a69b523-45ae-40c9-a403-658d65557581,2027-06-24,31
1006 - Two Bedroom Apartment,dcad839e-9e6e-4be5-bd28-37c3baef5deb,0a69b523-45ae-40c9-a403-658d65557581,2027-06-25,31
1006 - Two Bedroom Apartment,dcad839e-9e6e-4be5-bd28-37c3baef5deb,0a69b523-45ae-40c9-a403-658d65557581,2027-06-26,31
1006 - Two Bedroom Apartment,dcad839e-9e6e-4be5-bd28-37c3baef5deb,0a69b523-45ae-40c9-a403-658d65557581,2027-06-27,31
1006 - Two Bedroom Apartment,dcad839e-9e6e-4be5-bd28-37c3baef5deb,0a69b523-45ae-40c9-a403-658d65557581,2027-06-28,31
1006 - Two Bedroom Apartment,dcad839e-9e6e-4be5-bd28-37c3baef5deb,0a69b523-45ae-40c9-a403-658d65557581,2027-06-29,31
1006 - Two Bedroom Apartment,dcad839e-9e6e-4be5-bd28-37c3baef5deb,0a69b523-45ae-40c9-a403-658d65557581,2027-06-30,31
1006 - Two Bedroom Apartment,dcad839e-9e6e-4be5-bd28-37c3baef5deb,0a69b523-45ae-40c9-a403-658d65557581,2027-07-01,31
1006 - Two Bedroom Apartment,dcad839e-9e6e-4be5-bd28-37c3baef5deb,0a69b523-45ae-40c9-a403-658d65557581,2027-07-02,31
1006 - Two Bedroom Apartment,dcad839e-9e6e-4be5-bd28-37c3baef5deb,0a69b523-45ae-40c9-a403-658d65557581,2027-07-03,31
1006 - Two Bedroom Apartment,dcad839e-9e6e-4be5-bd28-37c3baef5deb,0a69b523-45ae-40c9-a403-658d65557581,2027-07-04,31
1006 - Two Bedroom Apartment,dcad839e-9e6e-4be5-bd28-37c3baef5deb,0a69b523-45ae-40c9-a403-658d65557581,2027-07-05,31
1006 - Two Bedroom Apartment,dcad839e-9e6e-4be5-bd28-37c3baef5deb,0a69b523-45ae-40c9-a403-658d65557581,2027-07-06,31
1006 - Two Bedroom Apartment,dcad839e-9e6e-4be5-bd28-37c3baef5deb,0a69b523-45ae-40c9-a403-658d65557581,2027-07-07,31
1006 - Two Bedroom Apartment,dcad839e-9e6e-4be5-bd28-37c3baef5deb,0a69b523-45ae-40c9-a403-658d65557581,2027-07-08,31
1006 - Two Bedroom Apartment,dcad839e-9e6e-4be5-bd28-37c3baef5deb,0a69b523-45ae-40c9-a403-658d65557581,2027-07-09,31
1006 - Two Bedroom Apartment,dcad839e-9e6e-4be5-bd28-37c3baef5deb,0a69b523-45ae-40c9-a403-658d65557581,2027-07-10,31
1006 - Two Bedroom Apartment,dcad839e-9e6e-4be5-bd28-37c3baef5deb,0a69b523-45ae-40c9-a403-658d65557581,2027-07-11,31
1006 - Two Bedroom Apartment,dcad839e-9e6e-4be5-bd28-37c3baef5deb,0a69b523-45ae-40c9-a403-658d65557581,2027-07-12,31
1006 - Two Bedroom Apartment,dcad839e-9e6e-4be5-bd28-37c3baef5deb,0a69b523-45ae-40c9-a403-658d65557581,2027-07-13,31
1006 - Two Bedroom Apartment,dcad839e-9e6e-4be5-bd28-37c3baef5deb,0a69b523-45ae-40c9-a403-658d65557581,2027-07-14,31
1006 - Two Bedroom Apartment,dcad839e-9e6e-4be5-bd28-37c3baef5deb,0a69b523-45ae-40c9-a403-658d65557581,2027-07-15,31
1006 - Two Bedroom Apartment,dcad839e-9e6e-4be5-bd28-37c3baef5deb,0a69b523-45ae-40c9-a403-658d65557581,2027-07-16,31
1006 - Two Bedroom Apartment,dcad839e-9e6e-4be5-bd28-37c3baef5deb,0a69b523-45ae-40c9-a403-658d65557581,2027-07-17,31
1006 - Two Bedroom Apartment,dcad839e-9e6e-4be5-bd28-37c3baef5deb,0a69b523-45ae-40c9-a403-658d65557581,2027-07-18,31
1006 - Two Bedroom Apartment,dcad839e-9e6e-4be5-bd28-37c3baef5deb,0a69b523-45ae-40c9-a403-658d65557581,2027-07-19,31
1006 - Two Bedroom Apartment,dcad839e-9e6e-4be5-bd28-37c3baef5deb,0a69b523-45ae-40c9-a403-658d65557581,2027-07-20,31
1006 - Two Bedroom Apartment,dcad839e-9e6e-4be5-bd28-37c3baef5deb,0a69b523-45ae-40c9-a403-658d65557581,2027-07-21,31
1006 - Two Bedroom Apartment,dcad839e-9e6e-4be5-bd28-37c3baef5deb,0a69b523-45ae-40c9-a403-658d65557581,2027-07-22,31
1006 - Two Bedroom Apartment,dcad839e-9e6e-4be5-bd28-37c3baef5deb,0a69b523-45ae-40c9-a403-658d65557581,2027-07-23,31
1006 - Two Bedroom Apartment,dcad839e-9e6e-4be5-bd28-37c3baef5deb,0a69b523-45ae-40c9-a403-658d65557581,2027-07-24,31
1006 - Two Bedroom Apartment,dcad839e-9e6e-4be5-bd28-37c3baef5deb,0a69b523-45ae-40c9-a403-658d65557581,2027-07-25,31
1006 - Two Bedroom Apartment,dcad839e-9e6e-4be5-bd28-37c3baef5deb,0a69b523-45ae-40c9-a403-658d65557581,2027-07-26,31
1006 - Two Bedroom Apartment,dcad839e-9e6e-4be5-bd28-37c3baef5deb,0a69b523-45ae-40c9-a403-658d65557581,2027-07-27,31
1006 - Two Bedroom Apartment,dcad839e-9e6e-4be5-bd28-37c3baef5deb,0a69b523-45ae-40c9-a403-658d65557581,2027-07-28,31
1006 - Two Bedroom Apartment,dcad839e-9e6e-4be5-bd28-37c3baef5deb,0a69b523-45ae-40c9-a403-658d65557581,2027-07-29,31
1006 - Two Bedroom Apartment,dcad839e-9e6e-4be5-bd28-37c3baef5deb,0a69b523-45ae-40c9-a403-658d65557581,2027-07-30,31
1006 - Two Bedroom Apartment,dcad839e-9e6e-4be5-bd28-37c3baef5deb,0a69b523-45ae-40c9-a403-658d65557581,2027-07-31,31
1006 - Two Bedroom Apartment,dcad839e-9e6e-4be5-bd28-37c3baef5deb,0a69b523-45ae-40c9-a403-658d65557581,2027-08-01,31
1006 - Two Bedroom Apartment,dcad839e-9e6e-4be5-bd28-37c3baef5deb,0a69b523-45ae-40c9-a403-658d65557581,2027-08-02,31
1006 - Two Bedroom Apartment,dcad839e-9e6e-4be5-bd28-37c3baef5deb,0a69b523-45ae-40c9-a403-658d65557581,2027-08-03,31
1102 - One Bedroom Apartment Sea,3037b082-49ea-4a8d-80ea-ecce359fe656,97e076ce-d3f4-45ab-af65-0631b9f58e3c,2026-07-25,31
1102 - One Bedroom Apartment Sea,3037b082-49ea-4a8d-80ea-ecce359fe656,97e076ce-d3f4-45ab-af65-0631b9f58e3c,2026-07-26,31
1102 - One Bedroom Apartment Sea,3037b082-49ea-4a8d-80ea-ecce359fe656,97e076ce-d3f4-45ab-af65-0631b9f58e3c,2026-07-27,31
1102 - One Bedroom Apartment Sea,3037b082-49ea-4a8d-80ea-ecce359fe656,97e076ce-d3f4-45ab-af65-0631b9f58e3c,2026-07-28,31
1102 - One Bedroom Apartment Sea,3037b082-49ea-4a8d-80ea-ecce359fe656,97e076ce-d3f4-45ab-af65-0631b9f58e3c,2026-07-29,31
1102 - One Bedroom Apartment Sea,3037b082-49ea-4a8d-80ea-ecce359fe656,97e076ce-d3f4-45ab-af65-0631b9f58e3c,2026-07-30,31
1102 - One Bedroom Apartment Sea,3037b082-49ea-4a8d-80ea-ecce359fe656,97e076ce-d3f4-45ab-af65-0631b9f58e3c,2026-07-31,31
1102 - One Bedroom Apartment Sea,3037b082-49ea-4a8d-80ea-ecce359fe656,97e076ce-d3f4-45ab-af65-0631b9f58e3c,2026-08-01,31
1102 - One Bedroom Apartment Sea,3037b082-49ea-4a8d-80ea-ecce359fe656,97e076ce-d3f4-45ab-af65-0631b9f58e3c,2026-08-02,31
1102 - One Bedroom Apartment Sea,3037b082-49ea-4a8d-80ea-ecce359fe656,97e076ce-d3f4-45ab-af65-0631b9f58e3c,2026-08-03,31
1102 - One Bedroom Apartment Sea,3037b082-49ea-4a8d-80ea-ecce359fe656,97e076ce-d3f4-45ab-af65-0631b9f58e3c,2026-08-04,31
1102 - One Bedroom Apartment Sea,3037b082-49ea-4a8d-80ea-ecce359fe656,97e076ce-d3f4-45ab-af65-0631b9f58e3c,2026-08-05,31
1102 - One Bedroom Apartment Sea,3037b082-49ea-4a8d-80ea-ecce359fe656,97e076ce-d3f4-45ab-af65-0631b9f58e3c,2026-08-06,31
1102 - One Bedroom Apartment Sea,3037b082-49ea-4a8d-80ea-ecce359fe656,97e076ce-d3f4-45ab-af65-0631b9f58e3c,2026-08-07,31
1102 - One Bedroom Apartment Sea,3037b082-49ea-4a8d-80ea-ecce359fe656,97e076ce-d3f4-45ab-af65-0631b9f58e3c,2026-08-08,31
1102 - One Bedroom Apartment Sea,3037b082-49ea-4a8d-80ea-ecce359fe656,97e076ce-d3f4-45ab-af65-0631b9f58e3c,2026-08-09,31
1102 - One Bedroom Apartment Sea,3037b082-49ea-4a8d-80ea-ecce359fe656,97e076ce-d3f4-45ab-af65-0631b9f58e3c,2026-08-10,31
1102 - One Bedroom Apartment Sea,3037b082-49ea-4a8d-80ea-ecce359fe656,97e076ce-d3f4-45ab-af65-0631b9f58e3c,2026-08-11,31
1102 - One Bedroom Apartment Sea,3037b082-49ea-4a8d-80ea-ecce359fe656,97e076ce-d3f4-45ab-af65-0631b9f58e3c,2026-08-12,31
1102 - One Bedroom Apartment Sea,3037b082-49ea-4a8d-80ea-ecce359fe656,97e076ce-d3f4-45ab-af65-0631b9f58e3c,2026-08-13,31
1102 - One Bedroom Apartment Sea,3037b082-49ea-4a8d-80ea-ecce359fe656,97e076ce-d3f4-45ab-af65-0631b9f58e3c,2026-08-14,31
1102 - One Bedroom Apartment Sea,3037b082-49ea-4a8d-80ea-ecce359fe656,97e076ce-d3f4-45ab-af65-0631b9f58e3c,2026-08-15,31
1102 - One Bedroom Apartment Sea,3037b082-49ea-4a8d-80ea-ecce359fe656,97e076ce-d3f4-45ab-af65-0631b9f58e3c,2026-08-16,31
1102 - One Bedroom Apartment Sea,3037b082-49ea-4a8d-80ea-ecce359fe656,97e076ce-d3f4-45ab-af65-0631b9f58e3c,2026-08-17,31
1102 - One Bedroom Apartment Sea,3037b082-49ea-4a8d-80ea-ecce359fe656,97e076ce-d3f4-45ab-af65-0631b9f58e3c,2026-08-18,31
1102 - One Bedroom Apartment Sea,3037b082-49ea-4a8d-80ea-ecce359fe656,97e076ce-d3f4-45ab-af65-0631b9f58e3c,2026-08-19,31
1102 - One Bedroom Apartment Sea,3037b082-49ea-4a8d-80ea-ecce359fe656,97e076ce-d3f4-45ab-af65-0631b9f58e3c,2026-08-20,31
1102 - One Bedroom Apartment Sea,3037b082-49ea-4a8d-80ea-ecce359fe656,97e076ce-d3f4-45ab-af65-0631b9f58e3c,2026-08-21,31
1102 - One Bedroom Apartment Sea,3037b082-49ea-4a8d-80ea-ecce359fe656,97e076ce-d3f4-45ab-af65-0631b9f58e3c,2026-08-22,31
1102 - One Bedroom Apartment Sea,3037b082-49ea-4a8d-80ea-ecce359fe656,97e076ce-d3f4-45ab-af65-0631b9f58e3c,2026-08-23,31
1102 - One Bedroom Apartment Sea,3037b082-49ea-4a8d-80ea-ecce359fe656,97e076ce-d3f4-45ab-af65-0631b9f58e3c,2026-08-24,31
1102 - One Bedroom Apartment Sea,3037b082-49ea-4a8d-80ea-ecce359fe656,97e076ce-d3f4-45ab-af65-0631b9f58e3c,2026-08-25,31
1102 - One Bedroom Apartment Sea,3037b082-49ea-4a8d-80ea-ecce359fe656,97e076ce-d3f4-45ab-af65-0631b9f58e3c,2026-08-26,31
1102 - One Bedroom Apartment Sea,3037b082-49ea-4a8d-80ea-ecce359fe656,97e076ce-d3f4-45ab-af65-0631b9f58e3c,2026-08-27,31
1102 - One Bedroom Apartment Sea,3037b082-49ea-4a8d-80ea-ecce359fe656,97e076ce-d3f4-45ab-af65-0631b9f58e3c,2026-08-28,31
1102 - One Bedroom Apartment Sea,3037b082-49ea-4a8d-80ea-ecce359fe656,97e076ce-d3f4-45ab-af65-0631b9f58e3c,2026-08-29,31
1102 - One Bedroom Apartment Sea,3037b082-49ea-4a8d-80ea-ecce359fe656,97e076ce-d3f4-45ab-af65-0631b9f58e3c,2026-08-30,31
1102 - One Bedroom Apartment Sea,3037b082-49ea-4a8d-80ea-ecce359fe656,97e076ce-d3f4-45ab-af65-0631b9f58e3c,2026-08-31,31
1102 - One Bedroom Apartment Sea,3037b082-49ea-4a8d-80ea-ecce359fe656,97e076ce-d3f4-45ab-af65-0631b9f58e3c,2026-09-01,31
1102 - One Bedroom Apartment Sea,3037b082-49ea-4a8d-80ea-ecce359fe656,97e076ce-d3f4-45ab-af65-0631b9f58e3c,2026-09-02,31
1102 - One Bedroom Apartment Sea,3037b082-49ea-4a8d-80ea-ecce359fe656,97e076ce-d3f4-45ab-af65-0631b9f58e3c,2026-09-03,31
1102 - One Bedroom Apartment Sea,3037b082-49ea-4a8d-80ea-ecce359fe656,97e076ce-d3f4-45ab-af65-0631b9f58e3c,2026-09-04,31
1102 - One Bedroom Apartment Sea,3037b082-49ea-4a8d-80ea-ecce359fe656,97e076ce-d3f4-45ab-af65-0631b9f58e3c,2026-09-05,31
1102 - One Bedroom Apartment Sea,3037b082-49ea-4a8d-80ea-ecce359fe656,97e076ce-d3f4-45ab-af65-0631b9f58e3c,2026-09-06,31
1102 - One Bedroom Apartment Sea,3037b082-49ea-4a8d-80ea-ecce359fe656,97e076ce-d3f4-45ab-af65-0631b9f58e3c,2026-09-07,31
1102 - One Bedroom Apartment Sea,3037b082-49ea-4a8d-80ea-ecce359fe656,97e076ce-d3f4-45ab-af65-0631b9f58e3c,2026-09-08,31
1102 - One Bedroom Apartment Sea,3037b082-49ea-4a8d-80ea-ecce359fe656,97e076ce-d3f4-45ab-af65-0631b9f58e3c,2026-09-09,31
1102 - One Bedroom Apartment Sea,3037b082-49ea-4a8d-80ea-ecce359fe656,97e076ce-d3f4-45ab-af65-0631b9f58e3c,2026-09-10,31
1102 - One Bedroom Apartment Sea,3037b082-49ea-4a8d-80ea-ecce359fe656,97e076ce-d3f4-45ab-af65-0631b9f58e3c,2026-09-11,31
1102 - One Bedroom Apartment Sea,3037b082-49ea-4a8d-80ea-ecce359fe656,97e076ce-d3f4-45ab-af65-0631b9f58e3c,2026-09-12,31
1102 - One Bedroom Apartment Sea,3037b082-49ea-4a8d-80ea-ecce359fe656,97e076ce-d3f4-45ab-af65-0631b9f58e3c,2026-09-13,31
1102 - One Bedroom Apartment Sea,3037b082-49ea-4a8d-80ea-ecce359fe656,97e076ce-d3f4-45ab-af65-0631b9f58e3c,2026-09-14,31
1102 - One Bedroom Apartment Sea,3037b082-49ea-4a8d-80ea-ecce359fe656,97e076ce-d3f4-45ab-af65-0631b9f58e3c,2026-09-15,31
1102 - One Bedroom Apartment Sea,3037b082-49ea-4a8d-80ea-ecce359fe656,97e076ce-d3f4-45ab-af65-0631b9f58e3c,2026-09-16,31
1102 - One Bedroom Apartment Sea,3037b082-49ea-4a8d-80ea-ecce359fe656,97e076ce-d3f4-45ab-af65-0631b9f58e3c,2026-09-17,31
1102 - One Bedroom Apartment Sea,3037b082-49ea-4a8d-80ea-ecce359fe656,97e076ce-d3f4-45ab-af65-0631b9f58e3c,2026-09-18,31
1102 - One Bedroom Apartment Sea,3037b082-49ea-4a8d-80ea-ecce359fe656,97e076ce-d3f4-45ab-af65-0631b9f58e3c,2026-09-19,31
1102 - One Bedroom Apartment Sea,3037b082-49ea-4a8d-80ea-ecce359fe656,97e076ce-d3f4-45ab-af65-0631b9f58e3c,2026-09-20,31
1102 - One Bedroom Apartment Sea,3037b082-49ea-4a8d-80ea-ecce359fe656,97e076ce-d3f4-45ab-af65-0631b9f58e3c,2026-09-21,31
1102 - One Bedroom Apartment Sea,3037b082-49ea-4a8d-80ea-ecce359fe656,97e076ce-d3f4-45ab-af65-0631b9f58e3c,2026-09-22,31
1102 - One Bedroom Apartment Sea,3037b082-49ea-4a8d-80ea-ecce359fe656,97e076ce-d3f4-45ab-af65-0631b9f58e3c,2026-09-23,31
1102 - One Bedroom Apartment Sea,3037b082-49ea-4a8d-80ea-ecce359fe656,97e076ce-d3f4-45ab-af65-0631b9f58e3c,2026-09-24,31
1102 - One Bedroom Apartment Sea,3037b082-49ea-4a8d-80ea-ecce359fe656,97e076ce-d3f4-45ab-af65-0631b9f58e3c,2026-09-25,31
1102 - One Bedroom Apartment Sea,3037b082-49ea-4a8d-80ea-ecce359fe656,97e076ce-d3f4-45ab-af65-0631b9f58e3c,2026-09-26,31
1102 - One Bedroom Apartment Sea,3037b082-49ea-4a8d-80ea-ecce359fe656,97e076ce-d3f4-45ab-af65-0631b9f58e3c,2026-09-27,31
1102 - One Bedroom Apartment Sea,3037b082-49ea-4a8d-80ea-ecce359fe656,97e076ce-d3f4-45ab-af65-0631b9f58e3c,2026-09-28,31
1102 - One Bedroom Apartment Sea,3037b082-49ea-4a8d-80ea-ecce359fe656,97e076ce-d3f4-45ab-af65-0631b9f58e3c,2026-09-29,31
1102 - One Bedroom Apartment Sea,3037b082-49ea-4a8d-80ea-ecce359fe656,97e076ce-d3f4-45ab-af65-0631b9f58e3c,2026-09-30,31
1102 - One Bedroom Apartment Sea,3037b082-49ea-4a8d-80ea-ecce359fe656,97e076ce-d3f4-45ab-af65-0631b9f58e3c,2026-10-01,31
1102 - One Bedroom Apartment Sea,3037b082-49ea-4a8d-80ea-ecce359fe656,97e076ce-d3f4-45ab-af65-0631b9f58e3c,2026-10-02,31
1102 - One Bedroom Apartment Sea,3037b082-49ea-4a8d-80ea-ecce359fe656,97e076ce-d3f4-45ab-af65-0631b9f58e3c,2026-10-03,31
1102 - One Bedroom Apartment Sea,3037b082-49ea-4a8d-80ea-ecce359fe656,97e076ce-d3f4-45ab-af65-0631b9f58e3c,2026-10-04,31
1102 - One Bedroom Apartment Sea,3037b082-49ea-4a8d-80ea-ecce359fe656,97e076ce-d3f4-45ab-af65-0631b9f58e3c,2026-10-05,31
1102 - One Bedroom Apartment Sea,3037b082-49ea-4a8d-80ea-ecce359fe656,97e076ce-d3f4-45ab-af65-0631b9f58e3c,2026-10-06,31
1102 - One Bedroom Apartment Sea,3037b082-49ea-4a8d-80ea-ecce359fe656,97e076ce-d3f4-45ab-af65-0631b9f58e3c,2026-10-07,31
1102 - One Bedroom Apartment Sea,3037b082-49ea-4a8d-80ea-ecce359fe656,97e076ce-d3f4-45ab-af65-0631b9f58e3c,2026-10-08,31
1102 - One Bedroom Apartment Sea,3037b082-49ea-4a8d-80ea-ecce359fe656,97e076ce-d3f4-45ab-af65-0631b9f58e3c,2026-10-09,31
1102 - One Bedroom Apartment Sea,3037b082-49ea-4a8d-80ea-ecce359fe656,97e076ce-d3f4-45ab-af65-0631b9f58e3c,2026-10-10,31
1102 - One Bedroom Apartment Sea,3037b082-49ea-4a8d-80ea-ecce359fe656,97e076ce-d3f4-45ab-af65-0631b9f58e3c,2026-10-11,31
1102 - One Bedroom Apartment Sea,3037b082-49ea-4a8d-80ea-ecce359fe656,97e076ce-d3f4-45ab-af65-0631b9f58e3c,2026-10-12,31
1102 - One Bedroom Apartment Sea,3037b082-49ea-4a8d-80ea-ecce359fe656,97e076ce-d3f4-45ab-af65-0631b9f58e3c,2026-10-13,31
1102 - One Bedroom Apartment Sea,3037b082-49ea-4a8d-80ea-ecce359fe656,97e076ce-d3f4-45ab-af65-0631b9f58e3c,2026-10-14,31
1102 - One Bedroom Apartment Sea,3037b082-49ea-4a8d-80ea-ecce359fe656,97e076ce-d3f4-45ab-af65-0631b9f58e3c,2026-10-15,31
1102 - One Bedroom Apartment Sea,3037b082-49ea-4a8d-80ea-ecce359fe656,97e076ce-d3f4-45ab-af65-0631b9f58e3c,2026-10-16,31
1102 - One Bedroom Apartment Sea,3037b082-49ea-4a8d-80ea-ecce359fe656,97e076ce-d3f4-45ab-af65-0631b9f58e3c,2026-10-17,31
1102 - One Bedroom Apartment Sea,3037b082-49ea-4a8d-80ea-ecce359fe656,97e076ce-d3f4-45ab-af65-0631b9f58e3c,2026-10-18,31
1102 - One Bedroom Apartment Sea,3037b082-49ea-4a8d-80ea-ecce359fe656,97e076ce-d3f4-45ab-af65-0631b9f58e3c,2026-10-19,31
1102 - One Bedroom Apartment Sea,3037b082-49ea-4a8d-80ea-ecce359fe656,97e076ce-d3f4-45ab-af65-0631b9f58e3c,2026-10-20,31
1102 - One Bedroom Apartment Sea,3037b082-49ea-4a8d-80ea-ecce359fe656,97e076ce-d3f4-45ab-af65-0631b9f58e3c,2026-10-21,31
1102 - One Bedroom Apartment Sea,3037b082-49ea-4a8d-80ea-ecce359fe656,97e076ce-d3f4-45ab-af65-0631b9f58e3c,2026-10-22,31
1102 - One Bedroom Apartment Sea,3037b082-49ea-4a8d-80ea-ecce359fe656,97e076ce-d3f4-45ab-af65-0631b9f58e3c,2026-10-23,31
1102 - One Bedroom Apartment Sea,3037b082-49ea-4a8d-80ea-ecce359fe656,97e076ce-d3f4-45ab-af65-0631b9f58e3c,2026-10-24,31
1102 - One Bedroom Apartment Sea,3037b082-49ea-4a8d-80ea-ecce359fe656,97e076ce-d3f4-45ab-af65-0631b9f58e3c,2026-10-25,31
1102 - One Bedroom Apartment Sea,3037b082-49ea-4a8d-80ea-ecce359fe656,97e076ce-d3f4-45ab-af65-0631b9f58e3c,2026-10-26,31
1102 - One Bedroom Apartment Sea,3037b082-49ea-4a8d-80ea-ecce359fe656,97e076ce-d3f4-45ab-af65-0631b9f58e3c,2026-10-27,31
1102 - One Bedroom Apartment Sea,3037b082-49ea-4a8d-80ea-ecce359fe656,97e076ce-d3f4-45ab-af65-0631b9f58e3c,2026-10-28,31
1102 - One Bedroom Apartment Sea,3037b082-49ea-4a8d-80ea-ecce359fe656,97e076ce-d3f4-45ab-af65-0631b9f58e3c,2026-10-29,31
1102 - One Bedroom Apartment Sea,3037b082-49ea-4a8d-80ea-ecce359fe656,97e076ce-d3f4-45ab-af65-0631b9f58e3c,2026-10-30,31
1102 - One Bedroom Apartment Sea,3037b082-49ea-4a8d-80ea-ecce359fe656,97e076ce-d3f4-45ab-af65-0631b9f58e3c,2026-10-31,31
1102 - One Bedroom Apartment Sea,3037b082-49ea-4a8d-80ea-ecce359fe656,97e076ce-d3f4-45ab-af65-0631b9f58e3c,2026-11-01,31
1102 - One Bedroom Apartment Sea,3037b082-49ea-4a8d-80ea-ecce359fe656,97e076ce-d3f4-45ab-af65-0631b9f58e3c,2026-11-02,31
1102 - One Bedroom Apartment Sea,3037b082-49ea-4a8d-80ea-ecce359fe656,97e076ce-d3f4-45ab-af65-0631b9f58e3c,2026-11-03,31
1102 - One Bedroom Apartment Sea,3037b082-49ea-4a8d-80ea-ecce359fe656,97e076ce-d3f4-45ab-af65-0631b9f58e3c,2026-11-04,31
1102 - One Bedroom Apartment Sea,3037b082-49ea-4a8d-80ea-ecce359fe656,97e076ce-d3f4-45ab-af65-0631b9f58e3c,2026-11-05,31
1102 - One Bedroom Apartment Sea,3037b082-49ea-4a8d-80ea-ecce359fe656,97e076ce-d3f4-45ab-af65-0631b9f58e3c,2026-11-06,31
1102 - One Bedroom Apartment Sea,3037b082-49ea-4a8d-80ea-ecce359fe656,97e076ce-d3f4-45ab-af65-0631b9f58e3c,2026-11-07,31
1102 - One Bedroom Apartment Sea,3037b082-49ea-4a8d-80ea-ecce359fe656,97e076ce-d3f4-45ab-af65-0631b9f58e3c,2026-11-08,31
1102 - One Bedroom Apartment Sea,3037b082-49ea-4a8d-80ea-ecce359fe656,97e076ce-d3f4-45ab-af65-0631b9f58e3c,2026-11-09,31
1102 - One Bedroom Apartment Sea,3037b082-49ea-4a8d-80ea-ecce359fe656,97e076ce-d3f4-45ab-af65-0631b9f58e3c,2026-11-10,31
1102 - One Bedroom Apartment Sea,3037b082-49ea-4a8d-80ea-ecce359fe656,97e076ce-d3f4-45ab-af65-0631b9f58e3c,2026-11-11,31
1102 - One Bedroom Apartment Sea,3037b082-49ea-4a8d-80ea-ecce359fe656,97e076ce-d3f4-45ab-af65-0631b9f58e3c,2026-11-12,31
1102 - One Bedroom Apartment Sea,3037b082-49ea-4a8d-80ea-ecce359fe656,97e076ce-d3f4-45ab-af65-0631b9f58e3c,2026-11-13,31
1102 - One Bedroom Apartment Sea,3037b082-49ea-4a8d-80ea-ecce359fe656,97e076ce-d3f4-45ab-af65-0631b9f58e3c,2026-11-14,31
1102 - One Bedroom Apartment Sea,3037b082-49ea-4a8d-80ea-ecce359fe656,97e076ce-d3f4-45ab-af65-0631b9f58e3c,2026-11-15,31
1102 - One Bedroom Apartment Sea,3037b082-49ea-4a8d-80ea-ecce359fe656,97e076ce-d3f4-45ab-af65-0631b9f58e3c,2026-11-16,31
1102 - One Bedroom Apartment Sea,3037b082-49ea-4a8d-80ea-ecce359fe656,97e076ce-d3f4-45ab-af65-0631b9f58e3c,2026-11-17,31
1102 - One Bedroom Apartment Sea,3037b082-49ea-4a8d-80ea-ecce359fe656,97e076ce-d3f4-45ab-af65-0631b9f58e3c,2026-11-18,31
1102 - One Bedroom Apartment Sea,3037b082-49ea-4a8d-80ea-ecce359fe656,97e076ce-d3f4-45ab-af65-0631b9f58e3c,2026-11-19,31
1102 - One Bedroom Apartment Sea,3037b082-49ea-4a8d-80ea-ecce359fe656,97e076ce-d3f4-45ab-af65-0631b9f58e3c,2026-11-20,31
1102 - One Bedroom Apartment Sea,3037b082-49ea-4a8d-80ea-ecce359fe656,97e076ce-d3f4-45ab-af65-0631b9f58e3c,2026-11-21,31
1102 - One Bedroom Apartment Sea,3037b082-49ea-4a8d-80ea-ecce359fe656,97e076ce-d3f4-45ab-af65-0631b9f58e3c,2026-11-22,31
1102 - One Bedroom Apartment Sea,3037b082-49ea-4a8d-80ea-ecce359fe656,97e076ce-d3f4-45ab-af65-0631b9f58e3c,2026-11-23,31
1102 - One Bedroom Apartment Sea,3037b082-49ea-4a8d-80ea-ecce359fe656,97e076ce-d3f4-45ab-af65-0631b9f58e3c,2026-11-24,31
1102 - One Bedroom Apartment Sea,3037b082-49ea-4a8d-80ea-ecce359fe656,97e076ce-d3f4-45ab-af65-0631b9f58e3c,2026-11-25,31
1102 - One Bedroom Apartment Sea,3037b082-49ea-4a8d-80ea-ecce359fe656,97e076ce-d3f4-45ab-af65-0631b9f58e3c,2026-11-26,31
1102 - One Bedroom Apartment Sea,3037b082-49ea-4a8d-80ea-ecce359fe656,97e076ce-d3f4-45ab-af65-0631b9f58e3c,2026-11-27,31
1102 - One Bedroom Apartment Sea,3037b082-49ea-4a8d-80ea-ecce359fe656,97e076ce-d3f4-45ab-af65-0631b9f58e3c,2026-11-28,31
1102 - One Bedroom Apartment Sea,3037b082-49ea-4a8d-80ea-ecce359fe656,97e076ce-d3f4-45ab-af65-0631b9f58e3c,2026-11-29,31
1102 - One Bedroom Apartment Sea,3037b082-49ea-4a8d-80ea-ecce359fe656,97e076ce-d3f4-45ab-af65-0631b9f58e3c,2026-11-30,31
1102 - One Bedroom Apartment Sea,3037b082-49ea-4a8d-80ea-ecce359fe656,97e076ce-d3f4-45ab-af65-0631b9f58e3c,2026-12-01,31
1102 - One Bedroom Apartment Sea,3037b082-49ea-4a8d-80ea-ecce359fe656,97e076ce-d3f4-45ab-af65-0631b9f58e3c,2026-12-02,31
1102 - One Bedroom Apartment Sea,3037b082-49ea-4a8d-80ea-ecce359fe656,97e076ce-d3f4-45ab-af65-0631b9f58e3c,2026-12-03,31
1102 - One Bedroom Apartment Sea,3037b082-49ea-4a8d-80ea-ecce359fe656,97e076ce-d3f4-45ab-af65-0631b9f58e3c,2026-12-04,31
1102 - One Bedroom Apartment Sea,3037b082-49ea-4a8d-80ea-ecce359fe656,97e076ce-d3f4-45ab-af65-0631b9f58e3c,2026-12-05,31
1102 - One Bedroom Apartment Sea,3037b082-49ea-4a8d-80ea-ecce359fe656,97e076ce-d3f4-45ab-af65-0631b9f58e3c,2026-12-06,31
1102 - One Bedroom Apartment Sea,3037b082-49ea-4a8d-80ea-ecce359fe656,97e076ce-d3f4-45ab-af65-0631b9f58e3c,2026-12-07,31
1102 - One Bedroom Apartment Sea,3037b082-49ea-4a8d-80ea-ecce359fe656,97e076ce-d3f4-45ab-af65-0631b9f58e3c,2026-12-08,31
1102 - One Bedroom Apartment Sea,3037b082-49ea-4a8d-80ea-ecce359fe656,97e076ce-d3f4-45ab-af65-0631b9f58e3c,2026-12-09,31
1102 - One Bedroom Apartment Sea,3037b082-49ea-4a8d-80ea-ecce359fe656,97e076ce-d3f4-45ab-af65-0631b9f58e3c,2026-12-10,31
1102 - One Bedroom Apartment Sea,3037b082-49ea-4a8d-80ea-ecce359fe656,97e076ce-d3f4-45ab-af65-0631b9f58e3c,2026-12-11,31
1102 - One Bedroom Apartment Sea,3037b082-49ea-4a8d-80ea-ecce359fe656,97e076ce-d3f4-45ab-af65-0631b9f58e3c,2026-12-12,31
1102 - One Bedroom Apartment Sea,3037b082-49ea-4a8d-80ea-ecce359fe656,97e076ce-d3f4-45ab-af65-0631b9f58e3c,2026-12-13,31
1102 - One Bedroom Apartment Sea,3037b082-49ea-4a8d-80ea-ecce359fe656,97e076ce-d3f4-45ab-af65-0631b9f58e3c,2026-12-14,31
1102 - One Bedroom Apartment Sea,3037b082-49ea-4a8d-80ea-ecce359fe656,97e076ce-d3f4-45ab-af65-0631b9f58e3c,2026-12-15,31
1102 - One Bedroom Apartment Sea,3037b082-49ea-4a8d-80ea-ecce359fe656,97e076ce-d3f4-45ab-af65-0631b9f58e3c,2026-12-16,31
1102 - One Bedroom Apartment Sea,3037b082-49ea-4a8d-80ea-ecce359fe656,97e076ce-d3f4-45ab-af65-0631b9f58e3c,2026-12-17,31
1102 - One Bedroom Apartment Sea,3037b082-49ea-4a8d-80ea-ecce359fe656,97e076ce-d3f4-45ab-af65-0631b9f58e3c,2026-12-18,31
1102 - One Bedroom Apartment Sea,3037b082-49ea-4a8d-80ea-ecce359fe656,97e076ce-d3f4-45ab-af65-0631b9f58e3c,2026-12-19,31
1102 - One Bedroom Apartment Sea,3037b082-49ea-4a8d-80ea-ecce359fe656,97e076ce-d3f4-45ab-af65-0631b9f58e3c,2026-12-20,31
1102 - One Bedroom Apartment Sea,3037b082-49ea-4a8d-80ea-ecce359fe656,97e076ce-d3f4-45ab-af65-0631b9f58e3c,2026-12-21,31
1102 - One Bedroom Apartment Sea,3037b082-49ea-4a8d-80ea-ecce359fe656,97e076ce-d3f4-45ab-af65-0631b9f58e3c,2026-12-22,31
1102 - One Bedroom Apartment Sea,3037b082-49ea-4a8d-80ea-ecce359fe656,97e076ce-d3f4-45ab-af65-0631b9f58e3c,2026-12-23,31
1102 - One Bedroom Apartment Sea,3037b082-49ea-4a8d-80ea-ecce359fe656,97e076ce-d3f4-45ab-af65-0631b9f58e3c,2026-12-24,31
1102 - One Bedroom Apartment Sea,3037b082-49ea-4a8d-80ea-ecce359fe656,97e076ce-d3f4-45ab-af65-0631b9f58e3c,2026-12-25,31
1102 - One Bedroom Apartment Sea,3037b082-49ea-4a8d-80ea-ecce359fe656,97e076ce-d3f4-45ab-af65-0631b9f58e3c,2026-12-26,31
1102 - One Bedroom Apartment Sea,3037b082-49ea-4a8d-80ea-ecce359fe656,97e076ce-d3f4-45ab-af65-0631b9f58e3c,2026-12-27,31
1102 - One Bedroom Apartment Sea,3037b082-49ea-4a8d-80ea-ecce359fe656,97e076ce-d3f4-45ab-af65-0631b9f58e3c,2026-12-28,31
1102 - One Bedroom Apartment Sea,3037b082-49ea-4a8d-80ea-ecce359fe656,97e076ce-d3f4-45ab-af65-0631b9f58e3c,2026-12-29,31
1102 - One Bedroom Apartment Sea,3037b082-49ea-4a8d-80ea-ecce359fe656,97e076ce-d3f4-45ab-af65-0631b9f58e3c,2026-12-30,31
1102 - One Bedroom Apartment Sea,3037b082-49ea-4a8d-80ea-ecce359fe656,97e076ce-d3f4-45ab-af65-0631b9f58e3c,2026-12-31,31
1102 - One Bedroom Apartment Sea,3037b082-49ea-4a8d-80ea-ecce359fe656,97e076ce-d3f4-45ab-af65-0631b9f58e3c,2027-01-01,31
1102 - One Bedroom Apartment Sea,3037b082-49ea-4a8d-80ea-ecce359fe656,97e076ce-d3f4-45ab-af65-0631b9f58e3c,2027-01-02,31
1102 - One Bedroom Apartment Sea,3037b082-49ea-4a8d-80ea-ecce359fe656,97e076ce-d3f4-45ab-af65-0631b9f58e3c,2027-01-03,31
1102 - One Bedroom Apartment Sea,3037b082-49ea-4a8d-80ea-ecce359fe656,97e076ce-d3f4-45ab-af65-0631b9f58e3c,2027-01-04,31
1102 - One Bedroom Apartment Sea,3037b082-49ea-4a8d-80ea-ecce359fe656,97e076ce-d3f4-45ab-af65-0631b9f58e3c,2027-01-05,31
1102 - One Bedroom Apartment Sea,3037b082-49ea-4a8d-80ea-ecce359fe656,97e076ce-d3f4-45ab-af65-0631b9f58e3c,2027-01-06,31
1102 - One Bedroom Apartment Sea,3037b082-49ea-4a8d-80ea-ecce359fe656,97e076ce-d3f4-45ab-af65-0631b9f58e3c,2027-01-07,31
1102 - One Bedroom Apartment Sea,3037b082-49ea-4a8d-80ea-ecce359fe656,97e076ce-d3f4-45ab-af65-0631b9f58e3c,2027-01-08,31
1102 - One Bedroom Apartment Sea,3037b082-49ea-4a8d-80ea-ecce359fe656,97e076ce-d3f4-45ab-af65-0631b9f58e3c,2027-01-09,31
1102 - One Bedroom Apartment Sea,3037b082-49ea-4a8d-80ea-ecce359fe656,97e076ce-d3f4-45ab-af65-0631b9f58e3c,2027-01-10,31
1102 - One Bedroom Apartment Sea,3037b082-49ea-4a8d-80ea-ecce359fe656,97e076ce-d3f4-45ab-af65-0631b9f58e3c,2027-01-11,31
1102 - One Bedroom Apartment Sea,3037b082-49ea-4a8d-80ea-ecce359fe656,97e076ce-d3f4-45ab-af65-0631b9f58e3c,2027-01-12,31
1102 - One Bedroom Apartment Sea,3037b082-49ea-4a8d-80ea-ecce359fe656,97e076ce-d3f4-45ab-af65-0631b9f58e3c,2027-01-13,31
1102 - One Bedroom Apartment Sea,3037b082-49ea-4a8d-80ea-ecce359fe656,97e076ce-d3f4-45ab-af65-0631b9f58e3c,2027-01-14,31
1102 - One Bedroom Apartment Sea,3037b082-49ea-4a8d-80ea-ecce359fe656,97e076ce-d3f4-45ab-af65-0631b9f58e3c,2027-01-15,31
1102 - One Bedroom Apartment Sea,3037b082-49ea-4a8d-80ea-ecce359fe656,97e076ce-d3f4-45ab-af65-0631b9f58e3c,2027-01-16,31
1102 - One Bedroom Apartment Sea,3037b082-49ea-4a8d-80ea-ecce359fe656,97e076ce-d3f4-45ab-af65-0631b9f58e3c,2027-01-17,31
1102 - One Bedroom Apartment Sea,3037b082-49ea-4a8d-80ea-ecce359fe656,97e076ce-d3f4-45ab-af65-0631b9f58e3c,2027-01-18,31
1102 - One Bedroom Apartment Sea,3037b082-49ea-4a8d-80ea-ecce359fe656,97e076ce-d3f4-45ab-af65-0631b9f58e3c,2027-01-19,31
1102 - One Bedroom Apartment Sea,3037b082-49ea-4a8d-80ea-ecce359fe656,97e076ce-d3f4-45ab-af65-0631b9f58e3c,2027-01-20,31
1102 - One Bedroom Apartment Sea,3037b082-49ea-4a8d-80ea-ecce359fe656,97e076ce-d3f4-45ab-af65-0631b9f58e3c,2027-01-21,31
1102 - One Bedroom Apartment Sea,3037b082-49ea-4a8d-80ea-ecce359fe656,97e076ce-d3f4-45ab-af65-0631b9f58e3c,2027-01-22,31
1102 - One Bedroom Apartment Sea,3037b082-49ea-4a8d-80ea-ecce359fe656,97e076ce-d3f4-45ab-af65-0631b9f58e3c,2027-01-23,31
1102 - One Bedroom Apartment Sea,3037b082-49ea-4a8d-80ea-ecce359fe656,97e076ce-d3f4-45ab-af65-0631b9f58e3c,2027-01-24,31
1102 - One Bedroom Apartment Sea,3037b082-49ea-4a8d-80ea-ecce359fe656,97e076ce-d3f4-45ab-af65-0631b9f58e3c,2027-01-25,31
1102 - One Bedroom Apartment Sea,3037b082-49ea-4a8d-80ea-ecce359fe656,97e076ce-d3f4-45ab-af65-0631b9f58e3c,2027-01-26,31
1102 - One Bedroom Apartment Sea,3037b082-49ea-4a8d-80ea-ecce359fe656,97e076ce-d3f4-45ab-af65-0631b9f58e3c,2027-01-27,31
1102 - One Bedroom Apartment Sea,3037b082-49ea-4a8d-80ea-ecce359fe656,97e076ce-d3f4-45ab-af65-0631b9f58e3c,2027-01-28,31
1102 - One Bedroom Apartment Sea,3037b082-49ea-4a8d-80ea-ecce359fe656,97e076ce-d3f4-45ab-af65-0631b9f58e3c,2027-01-29,31
1102 - One Bedroom Apartment Sea,3037b082-49ea-4a8d-80ea-ecce359fe656,97e076ce-d3f4-45ab-af65-0631b9f58e3c,2027-01-30,31
1102 - One Bedroom Apartment Sea,3037b082-49ea-4a8d-80ea-ecce359fe656,97e076ce-d3f4-45ab-af65-0631b9f58e3c,2027-01-31,31
1102 - One Bedroom Apartment Sea,3037b082-49ea-4a8d-80ea-ecce359fe656,97e076ce-d3f4-45ab-af65-0631b9f58e3c,2027-02-01,31
1102 - One Bedroom Apartment Sea,3037b082-49ea-4a8d-80ea-ecce359fe656,97e076ce-d3f4-45ab-af65-0631b9f58e3c,2027-02-02,31
1102 - One Bedroom Apartment Sea,3037b082-49ea-4a8d-80ea-ecce359fe656,97e076ce-d3f4-45ab-af65-0631b9f58e3c,2027-02-03,31
1102 - One Bedroom Apartment Sea,3037b082-49ea-4a8d-80ea-ecce359fe656,97e076ce-d3f4-45ab-af65-0631b9f58e3c,2027-02-04,31
1102 - One Bedroom Apartment Sea,3037b082-49ea-4a8d-80ea-ecce359fe656,97e076ce-d3f4-45ab-af65-0631b9f58e3c,2027-02-05,31
1102 - One Bedroom Apartment Sea,3037b082-49ea-4a8d-80ea-ecce359fe656,97e076ce-d3f4-45ab-af65-0631b9f58e3c,2027-02-06,31
1102 - One Bedroom Apartment Sea,3037b082-49ea-4a8d-80ea-ecce359fe656,97e076ce-d3f4-45ab-af65-0631b9f58e3c,2027-02-07,31
1102 - One Bedroom Apartment Sea,3037b082-49ea-4a8d-80ea-ecce359fe656,97e076ce-d3f4-45ab-af65-0631b9f58e3c,2027-02-08,31
1102 - One Bedroom Apartment Sea,3037b082-49ea-4a8d-80ea-ecce359fe656,97e076ce-d3f4-45ab-af65-0631b9f58e3c,2027-02-09,31
1102 - One Bedroom Apartment Sea,3037b082-49ea-4a8d-80ea-ecce359fe656,97e076ce-d3f4-45ab-af65-0631b9f58e3c,2027-02-10,31
1102 - One Bedroom Apartment Sea,3037b082-49ea-4a8d-80ea-ecce359fe656,97e076ce-d3f4-45ab-af65-0631b9f58e3c,2027-02-11,31
1102 - One Bedroom Apartment Sea,3037b082-49ea-4a8d-80ea-ecce359fe656,97e076ce-d3f4-45ab-af65-0631b9f58e3c,2027-02-12,31
1102 - One Bedroom Apartment Sea,3037b082-49ea-4a8d-80ea-ecce359fe656,97e076ce-d3f4-45ab-af65-0631b9f58e3c,2027-02-13,31
1102 - One Bedroom Apartment Sea,3037b082-49ea-4a8d-80ea-ecce359fe656,97e076ce-d3f4-45ab-af65-0631b9f58e3c,2027-02-14,31
1102 - One Bedroom Apartment Sea,3037b082-49ea-4a8d-80ea-ecce359fe656,97e076ce-d3f4-45ab-af65-0631b9f58e3c,2027-02-15,31
1102 - One Bedroom Apartment Sea,3037b082-49ea-4a8d-80ea-ecce359fe656,97e076ce-d3f4-45ab-af65-0631b9f58e3c,2027-02-16,31
1102 - One Bedroom Apartment Sea,3037b082-49ea-4a8d-80ea-ecce359fe656,97e076ce-d3f4-45ab-af65-0631b9f58e3c,2027-02-17,31
1102 - One Bedroom Apartment Sea,3037b082-49ea-4a8d-80ea-ecce359fe656,97e076ce-d3f4-45ab-af65-0631b9f58e3c,2027-02-18,31
1102 - One Bedroom Apartment Sea,3037b082-49ea-4a8d-80ea-ecce359fe656,97e076ce-d3f4-45ab-af65-0631b9f58e3c,2027-02-19,31
1102 - One Bedroom Apartment Sea,3037b082-49ea-4a8d-80ea-ecce359fe656,97e076ce-d3f4-45ab-af65-0631b9f58e3c,2027-02-20,31
1102 - One Bedroom Apartment Sea,3037b082-49ea-4a8d-80ea-ecce359fe656,97e076ce-d3f4-45ab-af65-0631b9f58e3c,2027-02-21,31
1102 - One Bedroom Apartment Sea,3037b082-49ea-4a8d-80ea-ecce359fe656,97e076ce-d3f4-45ab-af65-0631b9f58e3c,2027-02-22,31
1102 - One Bedroom Apartment Sea,3037b082-49ea-4a8d-80ea-ecce359fe656,97e076ce-d3f4-45ab-af65-0631b9f58e3c,2027-02-23,31
1102 - One Bedroom Apartment Sea,3037b082-49ea-4a8d-80ea-ecce359fe656,97e076ce-d3f4-45ab-af65-0631b9f58e3c,2027-02-24,31
1102 - One Bedroom Apartment Sea,3037b082-49ea-4a8d-80ea-ecce359fe656,97e076ce-d3f4-45ab-af65-0631b9f58e3c,2027-02-25,31
1102 - One Bedroom Apartment Sea,3037b082-49ea-4a8d-80ea-ecce359fe656,97e076ce-d3f4-45ab-af65-0631b9f58e3c,2027-02-26,31
1102 - One Bedroom Apartment Sea,3037b082-49ea-4a8d-80ea-ecce359fe656,97e076ce-d3f4-45ab-af65-0631b9f58e3c,2027-02-27,31
1102 - One Bedroom Apartment Sea,3037b082-49ea-4a8d-80ea-ecce359fe656,97e076ce-d3f4-45ab-af65-0631b9f58e3c,2027-02-28,31
1102 - One Bedroom Apartment Sea,3037b082-49ea-4a8d-80ea-ecce359fe656,97e076ce-d3f4-45ab-af65-0631b9f58e3c,2027-03-01,31
1102 - One Bedroom Apartment Sea,3037b082-49ea-4a8d-80ea-ecce359fe656,97e076ce-d3f4-45ab-af65-0631b9f58e3c,2027-03-02,31
1102 - One Bedroom Apartment Sea,3037b082-49ea-4a8d-80ea-ecce359fe656,97e076ce-d3f4-45ab-af65-0631b9f58e3c,2027-03-03,31
1102 - One Bedroom Apartment Sea,3037b082-49ea-4a8d-80ea-ecce359fe656,97e076ce-d3f4-45ab-af65-0631b9f58e3c,2027-03-04,31
1102 - One Bedroom Apartment Sea,3037b082-49ea-4a8d-80ea-ecce359fe656,97e076ce-d3f4-45ab-af65-0631b9f58e3c,2027-03-05,31
1102 - One Bedroom Apartment Sea,3037b082-49ea-4a8d-80ea-ecce359fe656,97e076ce-d3f4-45ab-af65-0631b9f58e3c,2027-03-06,31
1102 - One Bedroom Apartment Sea,3037b082-49ea-4a8d-80ea-ecce359fe656,97e076ce-d3f4-45ab-af65-0631b9f58e3c,2027-03-07,31
1102 - One Bedroom Apartment Sea,3037b082-49ea-4a8d-80ea-ecce359fe656,97e076ce-d3f4-45ab-af65-0631b9f58e3c,2027-03-08,31
1102 - One Bedroom Apartment Sea,3037b082-49ea-4a8d-80ea-ecce359fe656,97e076ce-d3f4-45ab-af65-0631b9f58e3c,2027-03-09,31
1102 - One Bedroom Apartment Sea,3037b082-49ea-4a8d-80ea-ecce359fe656,97e076ce-d3f4-45ab-af65-0631b9f58e3c,2027-03-10,31
1102 - One Bedroom Apartment Sea,3037b082-49ea-4a8d-80ea-ecce359fe656,97e076ce-d3f4-45ab-af65-0631b9f58e3c,2027-03-11,31
1102 - One Bedroom Apartment Sea,3037b082-49ea-4a8d-80ea-ecce359fe656,97e076ce-d3f4-45ab-af65-0631b9f58e3c,2027-03-12,31
1102 - One Bedroom Apartment Sea,3037b082-49ea-4a8d-80ea-ecce359fe656,97e076ce-d3f4-45ab-af65-0631b9f58e3c,2027-03-13,31
1102 - One Bedroom Apartment Sea,3037b082-49ea-4a8d-80ea-ecce359fe656,97e076ce-d3f4-45ab-af65-0631b9f58e3c,2027-03-14,31
1102 - One Bedroom Apartment Sea,3037b082-49ea-4a8d-80ea-ecce359fe656,97e076ce-d3f4-45ab-af65-0631b9f58e3c,2027-03-15,31
1102 - One Bedroom Apartment Sea,3037b082-49ea-4a8d-80ea-ecce359fe656,97e076ce-d3f4-45ab-af65-0631b9f58e3c,2027-03-16,31
1102 - One Bedroom Apartment Sea,3037b082-49ea-4a8d-80ea-ecce359fe656,97e076ce-d3f4-45ab-af65-0631b9f58e3c,2027-03-17,31
1102 - One Bedroom Apartment Sea,3037b082-49ea-4a8d-80ea-ecce359fe656,97e076ce-d3f4-45ab-af65-0631b9f58e3c,2027-03-18,31
1102 - One Bedroom Apartment Sea,3037b082-49ea-4a8d-80ea-ecce359fe656,97e076ce-d3f4-45ab-af65-0631b9f58e3c,2027-03-19,31
1102 - One Bedroom Apartment Sea,3037b082-49ea-4a8d-80ea-ecce359fe656,97e076ce-d3f4-45ab-af65-0631b9f58e3c,2027-03-20,31
1102 - One Bedroom Apartment Sea,3037b082-49ea-4a8d-80ea-ecce359fe656,97e076ce-d3f4-45ab-af65-0631b9f58e3c,2027-03-21,31
1102 - One Bedroom Apartment Sea,3037b082-49ea-4a8d-80ea-ecce359fe656,97e076ce-d3f4-45ab-af65-0631b9f58e3c,2027-03-22,31
1102 - One Bedroom Apartment Sea,3037b082-49ea-4a8d-80ea-ecce359fe656,97e076ce-d3f4-45ab-af65-0631b9f58e3c,2027-03-23,31
1102 - One Bedroom Apartment Sea,3037b082-49ea-4a8d-80ea-ecce359fe656,97e076ce-d3f4-45ab-af65-0631b9f58e3c,2027-03-24,31
1102 - One Bedroom Apartment Sea,3037b082-49ea-4a8d-80ea-ecce359fe656,97e076ce-d3f4-45ab-af65-0631b9f58e3c,2027-03-25,31
1102 - One Bedroom Apartment Sea,3037b082-49ea-4a8d-80ea-ecce359fe656,97e076ce-d3f4-45ab-af65-0631b9f58e3c,2027-03-26,31
1102 - One Bedroom Apartment Sea,3037b082-49ea-4a8d-80ea-ecce359fe656,97e076ce-d3f4-45ab-af65-0631b9f58e3c,2027-03-27,31
1102 - One Bedroom Apartment Sea,3037b082-49ea-4a8d-80ea-ecce359fe656,97e076ce-d3f4-45ab-af65-0631b9f58e3c,2027-03-28,31
1102 - One Bedroom Apartment Sea,3037b082-49ea-4a8d-80ea-ecce359fe656,97e076ce-d3f4-45ab-af65-0631b9f58e3c,2027-03-29,31
1102 - One Bedroom Apartment Sea,3037b082-49ea-4a8d-80ea-ecce359fe656,97e076ce-d3f4-45ab-af65-0631b9f58e3c,2027-03-30,31
1102 - One Bedroom Apartment Sea,3037b082-49ea-4a8d-80ea-ecce359fe656,97e076ce-d3f4-45ab-af65-0631b9f58e3c,2027-03-31,31
1102 - One Bedroom Apartment Sea,3037b082-49ea-4a8d-80ea-ecce359fe656,97e076ce-d3f4-45ab-af65-0631b9f58e3c,2027-04-01,31
1102 - One Bedroom Apartment Sea,3037b082-49ea-4a8d-80ea-ecce359fe656,97e076ce-d3f4-45ab-af65-0631b9f58e3c,2027-04-02,31
1102 - One Bedroom Apartment Sea,3037b082-49ea-4a8d-80ea-ecce359fe656,97e076ce-d3f4-45ab-af65-0631b9f58e3c,2027-04-03,31
1102 - One Bedroom Apartment Sea,3037b082-49ea-4a8d-80ea-ecce359fe656,97e076ce-d3f4-45ab-af65-0631b9f58e3c,2027-04-04,31
1102 - One Bedroom Apartment Sea,3037b082-49ea-4a8d-80ea-ecce359fe656,97e076ce-d3f4-45ab-af65-0631b9f58e3c,2027-04-05,31
1102 - One Bedroom Apartment Sea,3037b082-49ea-4a8d-80ea-ecce359fe656,97e076ce-d3f4-45ab-af65-0631b9f58e3c,2027-04-06,31
1102 - One Bedroom Apartment Sea,3037b082-49ea-4a8d-80ea-ecce359fe656,97e076ce-d3f4-45ab-af65-0631b9f58e3c,2027-04-07,31
1102 - One Bedroom Apartment Sea,3037b082-49ea-4a8d-80ea-ecce359fe656,97e076ce-d3f4-45ab-af65-0631b9f58e3c,2027-04-08,31
1102 - One Bedroom Apartment Sea,3037b082-49ea-4a8d-80ea-ecce359fe656,97e076ce-d3f4-45ab-af65-0631b9f58e3c,2027-04-09,31
1102 - One Bedroom Apartment Sea,3037b082-49ea-4a8d-80ea-ecce359fe656,97e076ce-d3f4-45ab-af65-0631b9f58e3c,2027-04-10,31
1102 - One Bedroom Apartment Sea,3037b082-49ea-4a8d-80ea-ecce359fe656,97e076ce-d3f4-45ab-af65-0631b9f58e3c,2027-04-11,31
1102 - One Bedroom Apartment Sea,3037b082-49ea-4a8d-80ea-ecce359fe656,97e076ce-d3f4-45ab-af65-0631b9f58e3c,2027-04-12,31
1102 - One Bedroom Apartment Sea,3037b082-49ea-4a8d-80ea-ecce359fe656,97e076ce-d3f4-45ab-af65-0631b9f58e3c,2027-04-13,31
1102 - One Bedroom Apartment Sea,3037b082-49ea-4a8d-80ea-ecce359fe656,97e076ce-d3f4-45ab-af65-0631b9f58e3c,2027-04-14,31
1102 - One Bedroom Apartment Sea,3037b082-49ea-4a8d-80ea-ecce359fe656,97e076ce-d3f4-45ab-af65-0631b9f58e3c,2027-04-15,31
1102 - One Bedroom Apartment Sea,3037b082-49ea-4a8d-80ea-ecce359fe656,97e076ce-d3f4-45ab-af65-0631b9f58e3c,2027-04-16,31
1102 - One Bedroom Apartment Sea,3037b082-49ea-4a8d-80ea-ecce359fe656,97e076ce-d3f4-45ab-af65-0631b9f58e3c,2027-04-17,31
1102 - One Bedroom Apartment Sea,3037b082-49ea-4a8d-80ea-ecce359fe656,97e076ce-d3f4-45ab-af65-0631b9f58e3c,2027-04-18,31
1102 - One Bedroom Apartment Sea,3037b082-49ea-4a8d-80ea-ecce359fe656,97e076ce-d3f4-45ab-af65-0631b9f58e3c,2027-04-19,31
1102 - One Bedroom Apartment Sea,3037b082-49ea-4a8d-80ea-ecce359fe656,97e076ce-d3f4-45ab-af65-0631b9f58e3c,2027-04-20,31
1102 - One Bedroom Apartment Sea,3037b082-49ea-4a8d-80ea-ecce359fe656,97e076ce-d3f4-45ab-af65-0631b9f58e3c,2027-04-21,31
1102 - One Bedroom Apartment Sea,3037b082-49ea-4a8d-80ea-ecce359fe656,97e076ce-d3f4-45ab-af65-0631b9f58e3c,2027-04-22,31
1102 - One Bedroom Apartment Sea,3037b082-49ea-4a8d-80ea-ecce359fe656,97e076ce-d3f4-45ab-af65-0631b9f58e3c,2027-04-23,31
1102 - One Bedroom Apartment Sea,3037b082-49ea-4a8d-80ea-ecce359fe656,97e076ce-d3f4-45ab-af65-0631b9f58e3c,2027-04-24,31
1102 - One Bedroom Apartment Sea,3037b082-49ea-4a8d-80ea-ecce359fe656,97e076ce-d3f4-45ab-af65-0631b9f58e3c,2027-04-25,31
1102 - One Bedroom Apartment Sea,3037b082-49ea-4a8d-80ea-ecce359fe656,97e076ce-d3f4-45ab-af65-0631b9f58e3c,2027-04-26,31
1102 - One Bedroom Apartment Sea,3037b082-49ea-4a8d-80ea-ecce359fe656,97e076ce-d3f4-45ab-af65-0631b9f58e3c,2027-04-27,31
1102 - One Bedroom Apartment Sea,3037b082-49ea-4a8d-80ea-ecce359fe656,97e076ce-d3f4-45ab-af65-0631b9f58e3c,2027-04-28,31
1102 - One Bedroom Apartment Sea,3037b082-49ea-4a8d-80ea-ecce359fe656,97e076ce-d3f4-45ab-af65-0631b9f58e3c,2027-04-29,31
1102 - One Bedroom Apartment Sea,3037b082-49ea-4a8d-80ea-ecce359fe656,97e076ce-d3f4-45ab-af65-0631b9f58e3c,2027-04-30,31
1102 - One Bedroom Apartment Sea,3037b082-49ea-4a8d-80ea-ecce359fe656,97e076ce-d3f4-45ab-af65-0631b9f58e3c,2027-05-01,31
1102 - One Bedroom Apartment Sea,3037b082-49ea-4a8d-80ea-ecce359fe656,97e076ce-d3f4-45ab-af65-0631b9f58e3c,2027-05-02,31
1102 - One Bedroom Apartment Sea,3037b082-49ea-4a8d-80ea-ecce359fe656,97e076ce-d3f4-45ab-af65-0631b9f58e3c,2027-05-03,31
1102 - One Bedroom Apartment Sea,3037b082-49ea-4a8d-80ea-ecce359fe656,97e076ce-d3f4-45ab-af65-0631b9f58e3c,2027-05-04,31
1102 - One Bedroom Apartment Sea,3037b082-49ea-4a8d-80ea-ecce359fe656,97e076ce-d3f4-45ab-af65-0631b9f58e3c,2027-05-05,31
1102 - One Bedroom Apartment Sea,3037b082-49ea-4a8d-80ea-ecce359fe656,97e076ce-d3f4-45ab-af65-0631b9f58e3c,2027-05-06,31
1102 - One Bedroom Apartment Sea,3037b082-49ea-4a8d-80ea-ecce359fe656,97e076ce-d3f4-45ab-af65-0631b9f58e3c,2027-05-07,31
1102 - One Bedroom Apartment Sea,3037b082-49ea-4a8d-80ea-ecce359fe656,97e076ce-d3f4-45ab-af65-0631b9f58e3c,2027-05-08,31
1102 - One Bedroom Apartment Sea,3037b082-49ea-4a8d-80ea-ecce359fe656,97e076ce-d3f4-45ab-af65-0631b9f58e3c,2027-05-09,31
1102 - One Bedroom Apartment Sea,3037b082-49ea-4a8d-80ea-ecce359fe656,97e076ce-d3f4-45ab-af65-0631b9f58e3c,2027-05-10,31
1102 - One Bedroom Apartment Sea,3037b082-49ea-4a8d-80ea-ecce359fe656,97e076ce-d3f4-45ab-af65-0631b9f58e3c,2027-05-11,31
1102 - One Bedroom Apartment Sea,3037b082-49ea-4a8d-80ea-ecce359fe656,97e076ce-d3f4-45ab-af65-0631b9f58e3c,2027-05-12,31
1102 - One Bedroom Apartment Sea,3037b082-49ea-4a8d-80ea-ecce359fe656,97e076ce-d3f4-45ab-af65-0631b9f58e3c,2027-05-13,31
1102 - One Bedroom Apartment Sea,3037b082-49ea-4a8d-80ea-ecce359fe656,97e076ce-d3f4-45ab-af65-0631b9f58e3c,2027-05-14,31
1102 - One Bedroom Apartment Sea,3037b082-49ea-4a8d-80ea-ecce359fe656,97e076ce-d3f4-45ab-af65-0631b9f58e3c,2027-05-15,31
1102 - One Bedroom Apartment Sea,3037b082-49ea-4a8d-80ea-ecce359fe656,97e076ce-d3f4-45ab-af65-0631b9f58e3c,2027-05-16,31
1102 - One Bedroom Apartment Sea,3037b082-49ea-4a8d-80ea-ecce359fe656,97e076ce-d3f4-45ab-af65-0631b9f58e3c,2027-05-17,31
1102 - One Bedroom Apartment Sea,3037b082-49ea-4a8d-80ea-ecce359fe656,97e076ce-d3f4-45ab-af65-0631b9f58e3c,2027-05-18,31
1102 - One Bedroom Apartment Sea,3037b082-49ea-4a8d-80ea-ecce359fe656,97e076ce-d3f4-45ab-af65-0631b9f58e3c,2027-05-19,31
1102 - One Bedroom Apartment Sea,3037b082-49ea-4a8d-80ea-ecce359fe656,97e076ce-d3f4-45ab-af65-0631b9f58e3c,2027-05-20,31
1102 - One Bedroom Apartment Sea,3037b082-49ea-4a8d-80ea-ecce359fe656,97e076ce-d3f4-45ab-af65-0631b9f58e3c,2027-05-21,31
1102 - One Bedroom Apartment Sea,3037b082-49ea-4a8d-80ea-ecce359fe656,97e076ce-d3f4-45ab-af65-0631b9f58e3c,2027-05-22,31
1102 - One Bedroom Apartment Sea,3037b082-49ea-4a8d-80ea-ecce359fe656,97e076ce-d3f4-45ab-af65-0631b9f58e3c,2027-05-23,31
1102 - One Bedroom Apartment Sea,3037b082-49ea-4a8d-80ea-ecce359fe656,97e076ce-d3f4-45ab-af65-0631b9f58e3c,2027-05-24,31
1102 - One Bedroom Apartment Sea,3037b082-49ea-4a8d-80ea-ecce359fe656,97e076ce-d3f4-45ab-af65-0631b9f58e3c,2027-05-25,31
1102 - One Bedroom Apartment Sea,3037b082-49ea-4a8d-80ea-ecce359fe656,97e076ce-d3f4-45ab-af65-0631b9f58e3c,2027-05-26,31
1102 - One Bedroom Apartment Sea,3037b082-49ea-4a8d-80ea-ecce359fe656,97e076ce-d3f4-45ab-af65-0631b9f58e3c,2027-05-27,31
1102 - One Bedroom Apartment Sea,3037b082-49ea-4a8d-80ea-ecce359fe656,97e076ce-d3f4-45ab-af65-0631b9f58e3c,2027-05-28,31
1102 - One Bedroom Apartment Sea,3037b082-49ea-4a8d-80ea-ecce359fe656,97e076ce-d3f4-45ab-af65-0631b9f58e3c,2027-05-29,31
1102 - One Bedroom Apartment Sea,3037b082-49ea-4a8d-80ea-ecce359fe656,97e076ce-d3f4-45ab-af65-0631b9f58e3c,2027-05-30,31
1102 - One Bedroom Apartment Sea,3037b082-49ea-4a8d-80ea-ecce359fe656,97e076ce-d3f4-45ab-af65-0631b9f58e3c,2027-05-31,31
1102 - One Bedroom Apartment Sea,3037b082-49ea-4a8d-80ea-ecce359fe656,97e076ce-d3f4-45ab-af65-0631b9f58e3c,2027-06-01,31
1102 - One Bedroom Apartment Sea,3037b082-49ea-4a8d-80ea-ecce359fe656,97e076ce-d3f4-45ab-af65-0631b9f58e3c,2027-06-02,31
1102 - One Bedroom Apartment Sea,3037b082-49ea-4a8d-80ea-ecce359fe656,97e076ce-d3f4-45ab-af65-0631b9f58e3c,2027-06-03,31
1102 - One Bedroom Apartment Sea,3037b082-49ea-4a8d-80ea-ecce359fe656,97e076ce-d3f4-45ab-af65-0631b9f58e3c,2027-06-04,31
1102 - One Bedroom Apartment Sea,3037b082-49ea-4a8d-80ea-ecce359fe656,97e076ce-d3f4-45ab-af65-0631b9f58e3c,2027-06-05,31
1102 - One Bedroom Apartment Sea,3037b082-49ea-4a8d-80ea-ecce359fe656,97e076ce-d3f4-45ab-af65-0631b9f58e3c,2027-06-06,31
1102 - One Bedroom Apartment Sea,3037b082-49ea-4a8d-80ea-ecce359fe656,97e076ce-d3f4-45ab-af65-0631b9f58e3c,2027-06-07,31
1102 - One Bedroom Apartment Sea,3037b082-49ea-4a8d-80ea-ecce359fe656,97e076ce-d3f4-45ab-af65-0631b9f58e3c,2027-06-08,31
1102 - One Bedroom Apartment Sea,3037b082-49ea-4a8d-80ea-ecce359fe656,97e076ce-d3f4-45ab-af65-0631b9f58e3c,2027-06-09,31
1102 - One Bedroom Apartment Sea,3037b082-49ea-4a8d-80ea-ecce359fe656,97e076ce-d3f4-45ab-af65-0631b9f58e3c,2027-06-10,31
1102 - One Bedroom Apartment Sea,3037b082-49ea-4a8d-80ea-ecce359fe656,97e076ce-d3f4-45ab-af65-0631b9f58e3c,2027-06-11,31
1102 - One Bedroom Apartment Sea,3037b082-49ea-4a8d-80ea-ecce359fe656,97e076ce-d3f4-45ab-af65-0631b9f58e3c,2027-06-12,31
1102 - One Bedroom Apartment Sea,3037b082-49ea-4a8d-80ea-ecce359fe656,97e076ce-d3f4-45ab-af65-0631b9f58e3c,2027-06-13,31
1102 - One Bedroom Apartment Sea,3037b082-49ea-4a8d-80ea-ecce359fe656,97e076ce-d3f4-45ab-af65-0631b9f58e3c,2027-06-14,31
1102 - One Bedroom Apartment Sea,3037b082-49ea-4a8d-80ea-ecce359fe656,97e076ce-d3f4-45ab-af65-0631b9f58e3c,2027-06-15,31
1102 - One Bedroom Apartment Sea,3037b082-49ea-4a8d-80ea-ecce359fe656,97e076ce-d3f4-45ab-af65-0631b9f58e3c,2027-06-16,31
1102 - One Bedroom Apartment Sea,3037b082-49ea-4a8d-80ea-ecce359fe656,97e076ce-d3f4-45ab-af65-0631b9f58e3c,2027-06-17,31
1102 - One Bedroom Apartment Sea,3037b082-49ea-4a8d-80ea-ecce359fe656,97e076ce-d3f4-45ab-af65-0631b9f58e3c,2027-06-18,31
1102 - One Bedroom Apartment Sea,3037b082-49ea-4a8d-80ea-ecce359fe656,97e076ce-d3f4-45ab-af65-0631b9f58e3c,2027-06-19,31
1102 - One Bedroom Apartment Sea,3037b082-49ea-4a8d-80ea-ecce359fe656,97e076ce-d3f4-45ab-af65-0631b9f58e3c,2027-06-20,31
1102 - One Bedroom Apartment Sea,3037b082-49ea-4a8d-80ea-ecce359fe656,97e076ce-d3f4-45ab-af65-0631b9f58e3c,2027-06-21,31
1102 - One Bedroom Apartment Sea,3037b082-49ea-4a8d-80ea-ecce359fe656,97e076ce-d3f4-45ab-af65-0631b9f58e3c,2027-06-22,31
1102 - One Bedroom Apartment Sea,3037b082-49ea-4a8d-80ea-ecce359fe656,97e076ce-d3f4-45ab-af65-0631b9f58e3c,2027-06-23,31
1102 - One Bedroom Apartment Sea,3037b082-49ea-4a8d-80ea-ecce359fe656,97e076ce-d3f4-45ab-af65-0631b9f58e3c,2027-06-24,31
1102 - One Bedroom Apartment Sea,3037b082-49ea-4a8d-80ea-ecce359fe656,97e076ce-d3f4-45ab-af65-0631b9f58e3c,2027-06-25,31
1102 - One Bedroom Apartment Sea,3037b082-49ea-4a8d-80ea-ecce359fe656,97e076ce-d3f4-45ab-af65-0631b9f58e3c,2027-06-26,31
1102 - One Bedroom Apartment Sea,3037b082-49ea-4a8d-80ea-ecce359fe656,97e076ce-d3f4-45ab-af65-0631b9f58e3c,2027-06-27,31
1102 - One Bedroom Apartment Sea,3037b082-49ea-4a8d-80ea-ecce359fe656,97e076ce-d3f4-45ab-af65-0631b9f58e3c,2027-06-28,31
1102 - One Bedroom Apartment Sea,3037b082-49ea-4a8d-80ea-ecce359fe656,97e076ce-d3f4-45ab-af65-0631b9f58e3c,2027-06-29,31
1102 - One Bedroom Apartment Sea,3037b082-49ea-4a8d-80ea-ecce359fe656,97e076ce-d3f4-45ab-af65-0631b9f58e3c,2027-06-30,31
1102 - One Bedroom Apartment Sea,3037b082-49ea-4a8d-80ea-ecce359fe656,97e076ce-d3f4-45ab-af65-0631b9f58e3c,2027-07-01,31
1102 - One Bedroom Apartment Sea,3037b082-49ea-4a8d-80ea-ecce359fe656,97e076ce-d3f4-45ab-af65-0631b9f58e3c,2027-07-02,31
1102 - One Bedroom Apartment Sea,3037b082-49ea-4a8d-80ea-ecce359fe656,97e076ce-d3f4-45ab-af65-0631b9f58e3c,2027-07-03,31
1102 - One Bedroom Apartment Sea,3037b082-49ea-4a8d-80ea-ecce359fe656,97e076ce-d3f4-45ab-af65-0631b9f58e3c,2027-07-04,31
1102 - One Bedroom Apartment Sea,3037b082-49ea-4a8d-80ea-ecce359fe656,97e076ce-d3f4-45ab-af65-0631b9f58e3c,2027-07-05,31
1102 - One Bedroom Apartment Sea,3037b082-49ea-4a8d-80ea-ecce359fe656,97e076ce-d3f4-45ab-af65-0631b9f58e3c,2027-07-06,31
1102 - One Bedroom Apartment Sea,3037b082-49ea-4a8d-80ea-ecce359fe656,97e076ce-d3f4-45ab-af65-0631b9f58e3c,2027-07-07,31
1102 - One Bedroom Apartment Sea,3037b082-49ea-4a8d-80ea-ecce359fe656,97e076ce-d3f4-45ab-af65-0631b9f58e3c,2027-07-08,31
1102 - One Bedroom Apartment Sea,3037b082-49ea-4a8d-80ea-ecce359fe656,97e076ce-d3f4-45ab-af65-0631b9f58e3c,2027-07-09,31
1102 - One Bedroom Apartment Sea,3037b082-49ea-4a8d-80ea-ecce359fe656,97e076ce-d3f4-45ab-af65-0631b9f58e3c,2027-07-10,31
1102 - One Bedroom Apartment Sea,3037b082-49ea-4a8d-80ea-ecce359fe656,97e076ce-d3f4-45ab-af65-0631b9f58e3c,2027-07-11,31
1102 - One Bedroom Apartment Sea,3037b082-49ea-4a8d-80ea-ecce359fe656,97e076ce-d3f4-45ab-af65-0631b9f58e3c,2027-07-12,31
1102 - One Bedroom Apartment Sea,3037b082-49ea-4a8d-80ea-ecce359fe656,97e076ce-d3f4-45ab-af65-0631b9f58e3c,2027-07-13,31
1102 - One Bedroom Apartment Sea,3037b082-49ea-4a8d-80ea-ecce359fe656,97e076ce-d3f4-45ab-af65-0631b9f58e3c,2027-07-14,31
1102 - One Bedroom Apartment Sea,3037b082-49ea-4a8d-80ea-ecce359fe656,97e076ce-d3f4-45ab-af65-0631b9f58e3c,2027-07-15,31
1102 - One Bedroom Apartment Sea,3037b082-49ea-4a8d-80ea-ecce359fe656,97e076ce-d3f4-45ab-af65-0631b9f58e3c,2027-07-16,31
1102 - One Bedroom Apartment Sea,3037b082-49ea-4a8d-80ea-ecce359fe656,97e076ce-d3f4-45ab-af65-0631b9f58e3c,2027-07-17,31
1102 - One Bedroom Apartment Sea,3037b082-49ea-4a8d-80ea-ecce359fe656,97e076ce-d3f4-45ab-af65-0631b9f58e3c,2027-07-18,31
1102 - One Bedroom Apartment Sea,3037b082-49ea-4a8d-80ea-ecce359fe656,97e076ce-d3f4-45ab-af65-0631b9f58e3c,2027-07-19,31
1102 - One Bedroom Apartment Sea,3037b082-49ea-4a8d-80ea-ecce359fe656,97e076ce-d3f4-45ab-af65-0631b9f58e3c,2027-07-20,31
1102 - One Bedroom Apartment Sea,3037b082-49ea-4a8d-80ea-ecce359fe656,97e076ce-d3f4-45ab-af65-0631b9f58e3c,2027-07-21,31
1102 - One Bedroom Apartment Sea,3037b082-49ea-4a8d-80ea-ecce359fe656,97e076ce-d3f4-45ab-af65-0631b9f58e3c,2027-07-22,31
1102 - One Bedroom Apartment Sea,3037b082-49ea-4a8d-80ea-ecce359fe656,97e076ce-d3f4-45ab-af65-0631b9f58e3c,2027-07-23,31
1102 - One Bedroom Apartment Sea,3037b082-49ea-4a8d-80ea-ecce359fe656,97e076ce-d3f4-45ab-af65-0631b9f58e3c,2027-07-24,31
1102 - One Bedroom Apartment Sea,3037b082-49ea-4a8d-80ea-ecce359fe656,97e076ce-d3f4-45ab-af65-0631b9f58e3c,2027-07-25,31
1102 - One Bedroom Apartment Sea,3037b082-49ea-4a8d-80ea-ecce359fe656,97e076ce-d3f4-45ab-af65-0631b9f58e3c,2027-07-26,31
1102 - One Bedroom Apartment Sea,3037b082-49ea-4a8d-80ea-ecce359fe656,97e076ce-d3f4-45ab-af65-0631b9f58e3c,2027-07-27,31
1102 - One Bedroom Apartment Sea,3037b082-49ea-4a8d-80ea-ecce359fe656,97e076ce-d3f4-45ab-af65-0631b9f58e3c,2027-07-28,31
1102 - One Bedroom Apartment Sea,3037b082-49ea-4a8d-80ea-ecce359fe656,97e076ce-d3f4-45ab-af65-0631b9f58e3c,2027-07-29,31
1102 - One Bedroom Apartment Sea,3037b082-49ea-4a8d-80ea-ecce359fe656,97e076ce-d3f4-45ab-af65-0631b9f58e3c,2027-07-30,31
1102 - One Bedroom Apartment Sea,3037b082-49ea-4a8d-80ea-ecce359fe656,97e076ce-d3f4-45ab-af65-0631b9f58e3c,2027-07-31,31
1102 - One Bedroom Apartment Sea,3037b082-49ea-4a8d-80ea-ecce359fe656,97e076ce-d3f4-45ab-af65-0631b9f58e3c,2027-08-01,31
1102 - One Bedroom Apartment Sea,3037b082-49ea-4a8d-80ea-ecce359fe656,97e076ce-d3f4-45ab-af65-0631b9f58e3c,2027-08-02,31
1102 - One Bedroom Apartment Sea,3037b082-49ea-4a8d-80ea-ecce359fe656,97e076ce-d3f4-45ab-af65-0631b9f58e3c,2027-08-03,31
1142 - One Bedroom Apartment Sea,b88917d5-5bdb-4f3a-ba02-9cac937119ee,51381edd-6405-4000-8635-624d513d1b9e,2026-07-25,31
1142 - One Bedroom Apartment Sea,b88917d5-5bdb-4f3a-ba02-9cac937119ee,51381edd-6405-4000-8635-624d513d1b9e,2026-07-26,31
1142 - One Bedroom Apartment Sea,b88917d5-5bdb-4f3a-ba02-9cac937119ee,51381edd-6405-4000-8635-624d513d1b9e,2026-07-27,31
1142 - One Bedroom Apartment Sea,b88917d5-5bdb-4f3a-ba02-9cac937119ee,51381edd-6405-4000-8635-624d513d1b9e,2026-07-28,31
1142 - One Bedroom Apartment Sea,b88917d5-5bdb-4f3a-ba02-9cac937119ee,51381edd-6405-4000-8635-624d513d1b9e,2026-07-29,31
1142 - One Bedroom Apartment Sea,b88917d5-5bdb-4f3a-ba02-9cac937119ee,51381edd-6405-4000-8635-624d513d1b9e,2026-07-30,31
1142 - One Bedroom Apartment Sea,b88917d5-5bdb-4f3a-ba02-9cac937119ee,51381edd-6405-4000-8635-624d513d1b9e,2026-07-31,31
1142 - One Bedroom Apartment Sea,b88917d5-5bdb-4f3a-ba02-9cac937119ee,51381edd-6405-4000-8635-624d513d1b9e,2026-08-01,31
1142 - One Bedroom Apartment Sea,b88917d5-5bdb-4f3a-ba02-9cac937119ee,51381edd-6405-4000-8635-624d513d1b9e,2026-08-02,31
1142 - One Bedroom Apartment Sea,b88917d5-5bdb-4f3a-ba02-9cac937119ee,51381edd-6405-4000-8635-624d513d1b9e,2026-08-03,31
1142 - One Bedroom Apartment Sea,b88917d5-5bdb-4f3a-ba02-9cac937119ee,51381edd-6405-4000-8635-624d513d1b9e,2026-08-04,31
1142 - One Bedroom Apartment Sea,b88917d5-5bdb-4f3a-ba02-9cac937119ee,51381edd-6405-4000-8635-624d513d1b9e,2026-08-05,31
1142 - One Bedroom Apartment Sea,b88917d5-5bdb-4f3a-ba02-9cac937119ee,51381edd-6405-4000-8635-624d513d1b9e,2026-08-06,31
1142 - One Bedroom Apartment Sea,b88917d5-5bdb-4f3a-ba02-9cac937119ee,51381edd-6405-4000-8635-624d513d1b9e,2026-08-07,31
1142 - One Bedroom Apartment Sea,b88917d5-5bdb-4f3a-ba02-9cac937119ee,51381edd-6405-4000-8635-624d513d1b9e,2026-08-08,31
1142 - One Bedroom Apartment Sea,b88917d5-5bdb-4f3a-ba02-9cac937119ee,51381edd-6405-4000-8635-624d513d1b9e,2026-08-09,31
1142 - One Bedroom Apartment Sea,b88917d5-5bdb-4f3a-ba02-9cac937119ee,51381edd-6405-4000-8635-624d513d1b9e,2026-08-10,31
1142 - One Bedroom Apartment Sea,b88917d5-5bdb-4f3a-ba02-9cac937119ee,51381edd-6405-4000-8635-624d513d1b9e,2026-08-11,31
1142 - One Bedroom Apartment Sea,b88917d5-5bdb-4f3a-ba02-9cac937119ee,51381edd-6405-4000-8635-624d513d1b9e,2026-08-12,31
1142 - One Bedroom Apartment Sea,b88917d5-5bdb-4f3a-ba02-9cac937119ee,51381edd-6405-4000-8635-624d513d1b9e,2026-08-13,31
1142 - One Bedroom Apartment Sea,b88917d5-5bdb-4f3a-ba02-9cac937119ee,51381edd-6405-4000-8635-624d513d1b9e,2026-08-14,31
1142 - One Bedroom Apartment Sea,b88917d5-5bdb-4f3a-ba02-9cac937119ee,51381edd-6405-4000-8635-624d513d1b9e,2026-08-15,31
1142 - One Bedroom Apartment Sea,b88917d5-5bdb-4f3a-ba02-9cac937119ee,51381edd-6405-4000-8635-624d513d1b9e,2026-08-16,31
1142 - One Bedroom Apartment Sea,b88917d5-5bdb-4f3a-ba02-9cac937119ee,51381edd-6405-4000-8635-624d513d1b9e,2026-08-17,31
1142 - One Bedroom Apartment Sea,b88917d5-5bdb-4f3a-ba02-9cac937119ee,51381edd-6405-4000-8635-624d513d1b9e,2026-08-18,31
1142 - One Bedroom Apartment Sea,b88917d5-5bdb-4f3a-ba02-9cac937119ee,51381edd-6405-4000-8635-624d513d1b9e,2026-08-19,31
1142 - One Bedroom Apartment Sea,b88917d5-5bdb-4f3a-ba02-9cac937119ee,51381edd-6405-4000-8635-624d513d1b9e,2026-08-20,31
1142 - One Bedroom Apartment Sea,b88917d5-5bdb-4f3a-ba02-9cac937119ee,51381edd-6405-4000-8635-624d513d1b9e,2026-08-21,31
1142 - One Bedroom Apartment Sea,b88917d5-5bdb-4f3a-ba02-9cac937119ee,51381edd-6405-4000-8635-624d513d1b9e,2026-08-22,31
1142 - One Bedroom Apartment Sea,b88917d5-5bdb-4f3a-ba02-9cac937119ee,51381edd-6405-4000-8635-624d513d1b9e,2026-08-23,31
1142 - One Bedroom Apartment Sea,b88917d5-5bdb-4f3a-ba02-9cac937119ee,51381edd-6405-4000-8635-624d513d1b9e,2026-08-24,31
1142 - One Bedroom Apartment Sea,b88917d5-5bdb-4f3a-ba02-9cac937119ee,51381edd-6405-4000-8635-624d513d1b9e,2026-08-25,31
1142 - One Bedroom Apartment Sea,b88917d5-5bdb-4f3a-ba02-9cac937119ee,51381edd-6405-4000-8635-624d513d1b9e,2026-08-26,31
1142 - One Bedroom Apartment Sea,b88917d5-5bdb-4f3a-ba02-9cac937119ee,51381edd-6405-4000-8635-624d513d1b9e,2026-08-27,31
1142 - One Bedroom Apartment Sea,b88917d5-5bdb-4f3a-ba02-9cac937119ee,51381edd-6405-4000-8635-624d513d1b9e,2026-08-28,31
1142 - One Bedroom Apartment Sea,b88917d5-5bdb-4f3a-ba02-9cac937119ee,51381edd-6405-4000-8635-624d513d1b9e,2026-08-29,31
1142 - One Bedroom Apartment Sea,b88917d5-5bdb-4f3a-ba02-9cac937119ee,51381edd-6405-4000-8635-624d513d1b9e,2026-08-30,31
1142 - One Bedroom Apartment Sea,b88917d5-5bdb-4f3a-ba02-9cac937119ee,51381edd-6405-4000-8635-624d513d1b9e,2026-08-31,31
1142 - One Bedroom Apartment Sea,b88917d5-5bdb-4f3a-ba02-9cac937119ee,51381edd-6405-4000-8635-624d513d1b9e,2026-09-01,31
1142 - One Bedroom Apartment Sea,b88917d5-5bdb-4f3a-ba02-9cac937119ee,51381edd-6405-4000-8635-624d513d1b9e,2026-09-02,31
1142 - One Bedroom Apartment Sea,b88917d5-5bdb-4f3a-ba02-9cac937119ee,51381edd-6405-4000-8635-624d513d1b9e,2026-09-03,31
1142 - One Bedroom Apartment Sea,b88917d5-5bdb-4f3a-ba02-9cac937119ee,51381edd-6405-4000-8635-624d513d1b9e,2026-09-04,31
1142 - One Bedroom Apartment Sea,b88917d5-5bdb-4f3a-ba02-9cac937119ee,51381edd-6405-4000-8635-624d513d1b9e,2026-09-05,31
1142 - One Bedroom Apartment Sea,b88917d5-5bdb-4f3a-ba02-9cac937119ee,51381edd-6405-4000-8635-624d513d1b9e,2026-09-06,31
1142 - One Bedroom Apartment Sea,b88917d5-5bdb-4f3a-ba02-9cac937119ee,51381edd-6405-4000-8635-624d513d1b9e,2026-09-07,31
1142 - One Bedroom Apartment Sea,b88917d5-5bdb-4f3a-ba02-9cac937119ee,51381edd-6405-4000-8635-624d513d1b9e,2026-09-08,31
1142 - One Bedroom Apartment Sea,b88917d5-5bdb-4f3a-ba02-9cac937119ee,51381edd-6405-4000-8635-624d513d1b9e,2026-09-09,31
1142 - One Bedroom Apartment Sea,b88917d5-5bdb-4f3a-ba02-9cac937119ee,51381edd-6405-4000-8635-624d513d1b9e,2026-09-10,31
1142 - One Bedroom Apartment Sea,b88917d5-5bdb-4f3a-ba02-9cac937119ee,51381edd-6405-4000-8635-624d513d1b9e,2026-09-11,31
1142 - One Bedroom Apartment Sea,b88917d5-5bdb-4f3a-ba02-9cac937119ee,51381edd-6405-4000-8635-624d513d1b9e,2026-09-12,31
1142 - One Bedroom Apartment Sea,b88917d5-5bdb-4f3a-ba02-9cac937119ee,51381edd-6405-4000-8635-624d513d1b9e,2026-09-13,31
1142 - One Bedroom Apartment Sea,b88917d5-5bdb-4f3a-ba02-9cac937119ee,51381edd-6405-4000-8635-624d513d1b9e,2026-09-14,31
1142 - One Bedroom Apartment Sea,b88917d5-5bdb-4f3a-ba02-9cac937119ee,51381edd-6405-4000-8635-624d513d1b9e,2026-09-15,31
1142 - One Bedroom Apartment Sea,b88917d5-5bdb-4f3a-ba02-9cac937119ee,51381edd-6405-4000-8635-624d513d1b9e,2026-09-16,31
1142 - One Bedroom Apartment Sea,b88917d5-5bdb-4f3a-ba02-9cac937119ee,51381edd-6405-4000-8635-624d513d1b9e,2026-09-17,31
1142 - One Bedroom Apartment Sea,b88917d5-5bdb-4f3a-ba02-9cac937119ee,51381edd-6405-4000-8635-624d513d1b9e,2026-09-18,31
1142 - One Bedroom Apartment Sea,b88917d5-5bdb-4f3a-ba02-9cac937119ee,51381edd-6405-4000-8635-624d513d1b9e,2026-09-19,31
1142 - One Bedroom Apartment Sea,b88917d5-5bdb-4f3a-ba02-9cac937119ee,51381edd-6405-4000-8635-624d513d1b9e,2026-09-20,31
1142 - One Bedroom Apartment Sea,b88917d5-5bdb-4f3a-ba02-9cac937119ee,51381edd-6405-4000-8635-624d513d1b9e,2026-09-21,31
1142 - One Bedroom Apartment Sea,b88917d5-5bdb-4f3a-ba02-9cac937119ee,51381edd-6405-4000-8635-624d513d1b9e,2026-09-22,31
1142 - One Bedroom Apartment Sea,b88917d5-5bdb-4f3a-ba02-9cac937119ee,51381edd-6405-4000-8635-624d513d1b9e,2026-09-23,31
1142 - One Bedroom Apartment Sea,b88917d5-5bdb-4f3a-ba02-9cac937119ee,51381edd-6405-4000-8635-624d513d1b9e,2026-09-24,31
1142 - One Bedroom Apartment Sea,b88917d5-5bdb-4f3a-ba02-9cac937119ee,51381edd-6405-4000-8635-624d513d1b9e,2026-09-25,31
1142 - One Bedroom Apartment Sea,b88917d5-5bdb-4f3a-ba02-9cac937119ee,51381edd-6405-4000-8635-624d513d1b9e,2026-09-26,31
1142 - One Bedroom Apartment Sea,b88917d5-5bdb-4f3a-ba02-9cac937119ee,51381edd-6405-4000-8635-624d513d1b9e,2026-09-27,31
1142 - One Bedroom Apartment Sea,b88917d5-5bdb-4f3a-ba02-9cac937119ee,51381edd-6405-4000-8635-624d513d1b9e,2026-09-28,31
1142 - One Bedroom Apartment Sea,b88917d5-5bdb-4f3a-ba02-9cac937119ee,51381edd-6405-4000-8635-624d513d1b9e,2026-09-29,31
1142 - One Bedroom Apartment Sea,b88917d5-5bdb-4f3a-ba02-9cac937119ee,51381edd-6405-4000-8635-624d513d1b9e,2026-09-30,31
1142 - One Bedroom Apartment Sea,b88917d5-5bdb-4f3a-ba02-9cac937119ee,51381edd-6405-4000-8635-624d513d1b9e,2026-10-01,31
1142 - One Bedroom Apartment Sea,b88917d5-5bdb-4f3a-ba02-9cac937119ee,51381edd-6405-4000-8635-624d513d1b9e,2026-10-02,31
1142 - One Bedroom Apartment Sea,b88917d5-5bdb-4f3a-ba02-9cac937119ee,51381edd-6405-4000-8635-624d513d1b9e,2026-10-03,31
1142 - One Bedroom Apartment Sea,b88917d5-5bdb-4f3a-ba02-9cac937119ee,51381edd-6405-4000-8635-624d513d1b9e,2026-10-04,31
1142 - One Bedroom Apartment Sea,b88917d5-5bdb-4f3a-ba02-9cac937119ee,51381edd-6405-4000-8635-624d513d1b9e,2026-10-05,31
1142 - One Bedroom Apartment Sea,b88917d5-5bdb-4f3a-ba02-9cac937119ee,51381edd-6405-4000-8635-624d513d1b9e,2026-10-06,31
1142 - One Bedroom Apartment Sea,b88917d5-5bdb-4f3a-ba02-9cac937119ee,51381edd-6405-4000-8635-624d513d1b9e,2026-10-07,31
1142 - One Bedroom Apartment Sea,b88917d5-5bdb-4f3a-ba02-9cac937119ee,51381edd-6405-4000-8635-624d513d1b9e,2026-10-08,31
1142 - One Bedroom Apartment Sea,b88917d5-5bdb-4f3a-ba02-9cac937119ee,51381edd-6405-4000-8635-624d513d1b9e,2026-10-09,31
1142 - One Bedroom Apartment Sea,b88917d5-5bdb-4f3a-ba02-9cac937119ee,51381edd-6405-4000-8635-624d513d1b9e,2026-10-10,31
1142 - One Bedroom Apartment Sea,b88917d5-5bdb-4f3a-ba02-9cac937119ee,51381edd-6405-4000-8635-624d513d1b9e,2026-10-11,31
1142 - One Bedroom Apartment Sea,b88917d5-5bdb-4f3a-ba02-9cac937119ee,51381edd-6405-4000-8635-624d513d1b9e,2026-10-12,31
1142 - One Bedroom Apartment Sea,b88917d5-5bdb-4f3a-ba02-9cac937119ee,51381edd-6405-4000-8635-624d513d1b9e,2026-10-13,31
1142 - One Bedroom Apartment Sea,b88917d5-5bdb-4f3a-ba02-9cac937119ee,51381edd-6405-4000-8635-624d513d1b9e,2026-10-14,31
1142 - One Bedroom Apartment Sea,b88917d5-5bdb-4f3a-ba02-9cac937119ee,51381edd-6405-4000-8635-624d513d1b9e,2026-10-15,31
1142 - One Bedroom Apartment Sea,b88917d5-5bdb-4f3a-ba02-9cac937119ee,51381edd-6405-4000-8635-624d513d1b9e,2026-10-16,31
1142 - One Bedroom Apartment Sea,b88917d5-5bdb-4f3a-ba02-9cac937119ee,51381edd-6405-4000-8635-624d513d1b9e,2026-10-17,31
1142 - One Bedroom Apartment Sea,b88917d5-5bdb-4f3a-ba02-9cac937119ee,51381edd-6405-4000-8635-624d513d1b9e,2026-10-18,31
1142 - One Bedroom Apartment Sea,b88917d5-5bdb-4f3a-ba02-9cac937119ee,51381edd-6405-4000-8635-624d513d1b9e,2026-10-19,31
1142 - One Bedroom Apartment Sea,b88917d5-5bdb-4f3a-ba02-9cac937119ee,51381edd-6405-4000-8635-624d513d1b9e,2026-10-20,31
1142 - One Bedroom Apartment Sea,b88917d5-5bdb-4f3a-ba02-9cac937119ee,51381edd-6405-4000-8635-624d513d1b9e,2026-10-21,31
1142 - One Bedroom Apartment Sea,b88917d5-5bdb-4f3a-ba02-9cac937119ee,51381edd-6405-4000-8635-624d513d1b9e,2026-10-22,31
1142 - One Bedroom Apartment Sea,b88917d5-5bdb-4f3a-ba02-9cac937119ee,51381edd-6405-4000-8635-624d513d1b9e,2026-10-23,31
1142 - One Bedroom Apartment Sea,b88917d5-5bdb-4f3a-ba02-9cac937119ee,51381edd-6405-4000-8635-624d513d1b9e,2026-10-24,31
1142 - One Bedroom Apartment Sea,b88917d5-5bdb-4f3a-ba02-9cac937119ee,51381edd-6405-4000-8635-624d513d1b9e,2026-10-25,31
1142 - One Bedroom Apartment Sea,b88917d5-5bdb-4f3a-ba02-9cac937119ee,51381edd-6405-4000-8635-624d513d1b9e,2026-10-26,31
1142 - One Bedroom Apartment Sea,b88917d5-5bdb-4f3a-ba02-9cac937119ee,51381edd-6405-4000-8635-624d513d1b9e,2026-10-27,31
1142 - One Bedroom Apartment Sea,b88917d5-5bdb-4f3a-ba02-9cac937119ee,51381edd-6405-4000-8635-624d513d1b9e,2026-10-28,31
1142 - One Bedroom Apartment Sea,b88917d5-5bdb-4f3a-ba02-9cac937119ee,51381edd-6405-4000-8635-624d513d1b9e,2026-10-29,31
1142 - One Bedroom Apartment Sea,b88917d5-5bdb-4f3a-ba02-9cac937119ee,51381edd-6405-4000-8635-624d513d1b9e,2026-10-30,31
1142 - One Bedroom Apartment Sea,b88917d5-5bdb-4f3a-ba02-9cac937119ee,51381edd-6405-4000-8635-624d513d1b9e,2026-10-31,31
1142 - One Bedroom Apartment Sea,b88917d5-5bdb-4f3a-ba02-9cac937119ee,51381edd-6405-4000-8635-624d513d1b9e,2026-11-01,31
1142 - One Bedroom Apartment Sea,b88917d5-5bdb-4f3a-ba02-9cac937119ee,51381edd-6405-4000-8635-624d513d1b9e,2026-11-02,31
1142 - One Bedroom Apartment Sea,b88917d5-5bdb-4f3a-ba02-9cac937119ee,51381edd-6405-4000-8635-624d513d1b9e,2026-11-03,31
1142 - One Bedroom Apartment Sea,b88917d5-5bdb-4f3a-ba02-9cac937119ee,51381edd-6405-4000-8635-624d513d1b9e,2026-11-04,31
1142 - One Bedroom Apartment Sea,b88917d5-5bdb-4f3a-ba02-9cac937119ee,51381edd-6405-4000-8635-624d513d1b9e,2026-11-05,31
1142 - One Bedroom Apartment Sea,b88917d5-5bdb-4f3a-ba02-9cac937119ee,51381edd-6405-4000-8635-624d513d1b9e,2026-11-06,31
1142 - One Bedroom Apartment Sea,b88917d5-5bdb-4f3a-ba02-9cac937119ee,51381edd-6405-4000-8635-624d513d1b9e,2026-11-07,31
1142 - One Bedroom Apartment Sea,b88917d5-5bdb-4f3a-ba02-9cac937119ee,51381edd-6405-4000-8635-624d513d1b9e,2026-11-08,31
1142 - One Bedroom Apartment Sea,b88917d5-5bdb-4f3a-ba02-9cac937119ee,51381edd-6405-4000-8635-624d513d1b9e,2026-11-09,31
1142 - One Bedroom Apartment Sea,b88917d5-5bdb-4f3a-ba02-9cac937119ee,51381edd-6405-4000-8635-624d513d1b9e,2026-11-10,31
1142 - One Bedroom Apartment Sea,b88917d5-5bdb-4f3a-ba02-9cac937119ee,51381edd-6405-4000-8635-624d513d1b9e,2026-11-11,31
1142 - One Bedroom Apartment Sea,b88917d5-5bdb-4f3a-ba02-9cac937119ee,51381edd-6405-4000-8635-624d513d1b9e,2026-11-12,31
1142 - One Bedroom Apartment Sea,b88917d5-5bdb-4f3a-ba02-9cac937119ee,51381edd-6405-4000-8635-624d513d1b9e,2026-11-13,31
1142 - One Bedroom Apartment Sea,b88917d5-5bdb-4f3a-ba02-9cac937119ee,51381edd-6405-4000-8635-624d513d1b9e,2026-11-14,31
1142 - One Bedroom Apartment Sea,b88917d5-5bdb-4f3a-ba02-9cac937119ee,51381edd-6405-4000-8635-624d513d1b9e,2026-11-15,31
1142 - One Bedroom Apartment Sea,b88917d5-5bdb-4f3a-ba02-9cac937119ee,51381edd-6405-4000-8635-624d513d1b9e,2026-11-16,31
1142 - One Bedroom Apartment Sea,b88917d5-5bdb-4f3a-ba02-9cac937119ee,51381edd-6405-4000-8635-624d513d1b9e,2026-11-17,31
1142 - One Bedroom Apartment Sea,b88917d5-5bdb-4f3a-ba02-9cac937119ee,51381edd-6405-4000-8635-624d513d1b9e,2026-11-18,31
1142 - One Bedroom Apartment Sea,b88917d5-5bdb-4f3a-ba02-9cac937119ee,51381edd-6405-4000-8635-624d513d1b9e,2026-11-19,31
1142 - One Bedroom Apartment Sea,b88917d5-5bdb-4f3a-ba02-9cac937119ee,51381edd-6405-4000-8635-624d513d1b9e,2026-11-20,31
1142 - One Bedroom Apartment Sea,b88917d5-5bdb-4f3a-ba02-9cac937119ee,51381edd-6405-4000-8635-624d513d1b9e,2026-11-21,31
1142 - One Bedroom Apartment Sea,b88917d5-5bdb-4f3a-ba02-9cac937119ee,51381edd-6405-4000-8635-624d513d1b9e,2026-11-22,31
1142 - One Bedroom Apartment Sea,b88917d5-5bdb-4f3a-ba02-9cac937119ee,51381edd-6405-4000-8635-624d513d1b9e,2026-11-23,31
1142 - One Bedroom Apartment Sea,b88917d5-5bdb-4f3a-ba02-9cac937119ee,51381edd-6405-4000-8635-624d513d1b9e,2026-11-24,31
1142 - One Bedroom Apartment Sea,b88917d5-5bdb-4f3a-ba02-9cac937119ee,51381edd-6405-4000-8635-624d513d1b9e,2026-11-25,31
1142 - One Bedroom Apartment Sea,b88917d5-5bdb-4f3a-ba02-9cac937119ee,51381edd-6405-4000-8635-624d513d1b9e,2026-11-26,31
1142 - One Bedroom Apartment Sea,b88917d5-5bdb-4f3a-ba02-9cac937119ee,51381edd-6405-4000-8635-624d513d1b9e,2026-11-27,31
1142 - One Bedroom Apartment Sea,b88917d5-5bdb-4f3a-ba02-9cac937119ee,51381edd-6405-4000-8635-624d513d1b9e,2026-11-28,31
1142 - One Bedroom Apartment Sea,b88917d5-5bdb-4f3a-ba02-9cac937119ee,51381edd-6405-4000-8635-624d513d1b9e,2026-11-29,31
1142 - One Bedroom Apartment Sea,b88917d5-5bdb-4f3a-ba02-9cac937119ee,51381edd-6405-4000-8635-624d513d1b9e,2026-11-30,31
1142 - One Bedroom Apartment Sea,b88917d5-5bdb-4f3a-ba02-9cac937119ee,51381edd-6405-4000-8635-624d513d1b9e,2026-12-01,31
1142 - One Bedroom Apartment Sea,b88917d5-5bdb-4f3a-ba02-9cac937119ee,51381edd-6405-4000-8635-624d513d1b9e,2026-12-02,31
1142 - One Bedroom Apartment Sea,b88917d5-5bdb-4f3a-ba02-9cac937119ee,51381edd-6405-4000-8635-624d513d1b9e,2026-12-03,31
1142 - One Bedroom Apartment Sea,b88917d5-5bdb-4f3a-ba02-9cac937119ee,51381edd-6405-4000-8635-624d513d1b9e,2026-12-04,31
1142 - One Bedroom Apartment Sea,b88917d5-5bdb-4f3a-ba02-9cac937119ee,51381edd-6405-4000-8635-624d513d1b9e,2026-12-05,31
1142 - One Bedroom Apartment Sea,b88917d5-5bdb-4f3a-ba02-9cac937119ee,51381edd-6405-4000-8635-624d513d1b9e,2026-12-06,31
1142 - One Bedroom Apartment Sea,b88917d5-5bdb-4f3a-ba02-9cac937119ee,51381edd-6405-4000-8635-624d513d1b9e,2026-12-07,31
1142 - One Bedroom Apartment Sea,b88917d5-5bdb-4f3a-ba02-9cac937119ee,51381edd-6405-4000-8635-624d513d1b9e,2026-12-08,31
1142 - One Bedroom Apartment Sea,b88917d5-5bdb-4f3a-ba02-9cac937119ee,51381edd-6405-4000-8635-624d513d1b9e,2026-12-09,31
1142 - One Bedroom Apartment Sea,b88917d5-5bdb-4f3a-ba02-9cac937119ee,51381edd-6405-4000-8635-624d513d1b9e,2026-12-10,31
1142 - One Bedroom Apartment Sea,b88917d5-5bdb-4f3a-ba02-9cac937119ee,51381edd-6405-4000-8635-624d513d1b9e,2026-12-11,31
1142 - One Bedroom Apartment Sea,b88917d5-5bdb-4f3a-ba02-9cac937119ee,51381edd-6405-4000-8635-624d513d1b9e,2026-12-12,31
1142 - One Bedroom Apartment Sea,b88917d5-5bdb-4f3a-ba02-9cac937119ee,51381edd-6405-4000-8635-624d513d1b9e,2026-12-13,31
1142 - One Bedroom Apartment Sea,b88917d5-5bdb-4f3a-ba02-9cac937119ee,51381edd-6405-4000-8635-624d513d1b9e,2026-12-14,31
1142 - One Bedroom Apartment Sea,b88917d5-5bdb-4f3a-ba02-9cac937119ee,51381edd-6405-4000-8635-624d513d1b9e,2026-12-15,31
1142 - One Bedroom Apartment Sea,b88917d5-5bdb-4f3a-ba02-9cac937119ee,51381edd-6405-4000-8635-624d513d1b9e,2026-12-16,31
1142 - One Bedroom Apartment Sea,b88917d5-5bdb-4f3a-ba02-9cac937119ee,51381edd-6405-4000-8635-624d513d1b9e,2026-12-17,31
1142 - One Bedroom Apartment Sea,b88917d5-5bdb-4f3a-ba02-9cac937119ee,51381edd-6405-4000-8635-624d513d1b9e,2026-12-18,31
1142 - One Bedroom Apartment Sea,b88917d5-5bdb-4f3a-ba02-9cac937119ee,51381edd-6405-4000-8635-624d513d1b9e,2026-12-19,31
1142 - One Bedroom Apartment Sea,b88917d5-5bdb-4f3a-ba02-9cac937119ee,51381edd-6405-4000-8635-624d513d1b9e,2026-12-20,31
1142 - One Bedroom Apartment Sea,b88917d5-5bdb-4f3a-ba02-9cac937119ee,51381edd-6405-4000-8635-624d513d1b9e,2026-12-21,31
1142 - One Bedroom Apartment Sea,b88917d5-5bdb-4f3a-ba02-9cac937119ee,51381edd-6405-4000-8635-624d513d1b9e,2026-12-22,31
1142 - One Bedroom Apartment Sea,b88917d5-5bdb-4f3a-ba02-9cac937119ee,51381edd-6405-4000-8635-624d513d1b9e,2026-12-23,31
1142 - One Bedroom Apartment Sea,b88917d5-5bdb-4f3a-ba02-9cac937119ee,51381edd-6405-4000-8635-624d513d1b9e,2026-12-24,31
1142 - One Bedroom Apartment Sea,b88917d5-5bdb-4f3a-ba02-9cac937119ee,51381edd-6405-4000-8635-624d513d1b9e,2026-12-25,31
1142 - One Bedroom Apartment Sea,b88917d5-5bdb-4f3a-ba02-9cac937119ee,51381edd-6405-4000-8635-624d513d1b9e,2026-12-26,31
1142 - One Bedroom Apartment Sea,b88917d5-5bdb-4f3a-ba02-9cac937119ee,51381edd-6405-4000-8635-624d513d1b9e,2026-12-27,31
1142 - One Bedroom Apartment Sea,b88917d5-5bdb-4f3a-ba02-9cac937119ee,51381edd-6405-4000-8635-624d513d1b9e,2026-12-28,31
1142 - One Bedroom Apartment Sea,b88917d5-5bdb-4f3a-ba02-9cac937119ee,51381edd-6405-4000-8635-624d513d1b9e,2026-12-29,31
1142 - One Bedroom Apartment Sea,b88917d5-5bdb-4f3a-ba02-9cac937119ee,51381edd-6405-4000-8635-624d513d1b9e,2026-12-30,31
1142 - One Bedroom Apartment Sea,b88917d5-5bdb-4f3a-ba02-9cac937119ee,51381edd-6405-4000-8635-624d513d1b9e,2026-12-31,31
1142 - One Bedroom Apartment Sea,b88917d5-5bdb-4f3a-ba02-9cac937119ee,51381edd-6405-4000-8635-624d513d1b9e,2027-01-01,31
1142 - One Bedroom Apartment Sea,b88917d5-5bdb-4f3a-ba02-9cac937119ee,51381edd-6405-4000-8635-624d513d1b9e,2027-01-02,31
1142 - One Bedroom Apartment Sea,b88917d5-5bdb-4f3a-ba02-9cac937119ee,51381edd-6405-4000-8635-624d513d1b9e,2027-01-03,31
1142 - One Bedroom Apartment Sea,b88917d5-5bdb-4f3a-ba02-9cac937119ee,51381edd-6405-4000-8635-624d513d1b9e,2027-01-04,31
1142 - One Bedroom Apartment Sea,b88917d5-5bdb-4f3a-ba02-9cac937119ee,51381edd-6405-4000-8635-624d513d1b9e,2027-01-05,31
1142 - One Bedroom Apartment Sea,b88917d5-5bdb-4f3a-ba02-9cac937119ee,51381edd-6405-4000-8635-624d513d1b9e,2027-01-06,31
1142 - One Bedroom Apartment Sea,b88917d5-5bdb-4f3a-ba02-9cac937119ee,51381edd-6405-4000-8635-624d513d1b9e,2027-01-07,31
1142 - One Bedroom Apartment Sea,b88917d5-5bdb-4f3a-ba02-9cac937119ee,51381edd-6405-4000-8635-624d513d1b9e,2027-01-08,31
1142 - One Bedroom Apartment Sea,b88917d5-5bdb-4f3a-ba02-9cac937119ee,51381edd-6405-4000-8635-624d513d1b9e,2027-01-09,31
1142 - One Bedroom Apartment Sea,b88917d5-5bdb-4f3a-ba02-9cac937119ee,51381edd-6405-4000-8635-624d513d1b9e,2027-01-10,31
1142 - One Bedroom Apartment Sea,b88917d5-5bdb-4f3a-ba02-9cac937119ee,51381edd-6405-4000-8635-624d513d1b9e,2027-01-11,31
1142 - One Bedroom Apartment Sea,b88917d5-5bdb-4f3a-ba02-9cac937119ee,51381edd-6405-4000-8635-624d513d1b9e,2027-01-12,31
1142 - One Bedroom Apartment Sea,b88917d5-5bdb-4f3a-ba02-9cac937119ee,51381edd-6405-4000-8635-624d513d1b9e,2027-01-13,31
1142 - One Bedroom Apartment Sea,b88917d5-5bdb-4f3a-ba02-9cac937119ee,51381edd-6405-4000-8635-624d513d1b9e,2027-01-14,31
1142 - One Bedroom Apartment Sea,b88917d5-5bdb-4f3a-ba02-9cac937119ee,51381edd-6405-4000-8635-624d513d1b9e,2027-01-15,31
1142 - One Bedroom Apartment Sea,b88917d5-5bdb-4f3a-ba02-9cac937119ee,51381edd-6405-4000-8635-624d513d1b9e,2027-01-16,31
1142 - One Bedroom Apartment Sea,b88917d5-5bdb-4f3a-ba02-9cac937119ee,51381edd-6405-4000-8635-624d513d1b9e,2027-01-17,31
1142 - One Bedroom Apartment Sea,b88917d5-5bdb-4f3a-ba02-9cac937119ee,51381edd-6405-4000-8635-624d513d1b9e,2027-01-18,31
1142 - One Bedroom Apartment Sea,b88917d5-5bdb-4f3a-ba02-9cac937119ee,51381edd-6405-4000-8635-624d513d1b9e,2027-01-19,31
1142 - One Bedroom Apartment Sea,b88917d5-5bdb-4f3a-ba02-9cac937119ee,51381edd-6405-4000-8635-624d513d1b9e,2027-01-20,31
1142 - One Bedroom Apartment Sea,b88917d5-5bdb-4f3a-ba02-9cac937119ee,51381edd-6405-4000-8635-624d513d1b9e,2027-01-21,31
1142 - One Bedroom Apartment Sea,b88917d5-5bdb-4f3a-ba02-9cac937119ee,51381edd-6405-4000-8635-624d513d1b9e,2027-01-22,31
1142 - One Bedroom Apartment Sea,b88917d5-5bdb-4f3a-ba02-9cac937119ee,51381edd-6405-4000-8635-624d513d1b9e,2027-01-23,31
1142 - One Bedroom Apartment Sea,b88917d5-5bdb-4f3a-ba02-9cac937119ee,51381edd-6405-4000-8635-624d513d1b9e,2027-01-24,31
1142 - One Bedroom Apartment Sea,b88917d5-5bdb-4f3a-ba02-9cac937119ee,51381edd-6405-4000-8635-624d513d1b9e,2027-01-25,31
1142 - One Bedroom Apartment Sea,b88917d5-5bdb-4f3a-ba02-9cac937119ee,51381edd-6405-4000-8635-624d513d1b9e,2027-01-26,31
1142 - One Bedroom Apartment Sea,b88917d5-5bdb-4f3a-ba02-9cac937119ee,51381edd-6405-4000-8635-624d513d1b9e,2027-01-27,31
1142 - One Bedroom Apartment Sea,b88917d5-5bdb-4f3a-ba02-9cac937119ee,51381edd-6405-4000-8635-624d513d1b9e,2027-01-28,31
1142 - One Bedroom Apartment Sea,b88917d5-5bdb-4f3a-ba02-9cac937119ee,51381edd-6405-4000-8635-624d513d1b9e,2027-01-29,31
1142 - One Bedroom Apartment Sea,b88917d5-5bdb-4f3a-ba02-9cac937119ee,51381edd-6405-4000-8635-624d513d1b9e,2027-01-30,31
1142 - One Bedroom Apartment Sea,b88917d5-5bdb-4f3a-ba02-9cac937119ee,51381edd-6405-4000-8635-624d513d1b9e,2027-01-31,31
1142 - One Bedroom Apartment Sea,b88917d5-5bdb-4f3a-ba02-9cac937119ee,51381edd-6405-4000-8635-624d513d1b9e,2027-02-01,31
1142 - One Bedroom Apartment Sea,b88917d5-5bdb-4f3a-ba02-9cac937119ee,51381edd-6405-4000-8635-624d513d1b9e,2027-02-02,31
1142 - One Bedroom Apartment Sea,b88917d5-5bdb-4f3a-ba02-9cac937119ee,51381edd-6405-4000-8635-624d513d1b9e,2027-02-03,31
1142 - One Bedroom Apartment Sea,b88917d5-5bdb-4f3a-ba02-9cac937119ee,51381edd-6405-4000-8635-624d513d1b9e,2027-02-04,31
1142 - One Bedroom Apartment Sea,b88917d5-5bdb-4f3a-ba02-9cac937119ee,51381edd-6405-4000-8635-624d513d1b9e,2027-02-05,31
1142 - One Bedroom Apartment Sea,b88917d5-5bdb-4f3a-ba02-9cac937119ee,51381edd-6405-4000-8635-624d513d1b9e,2027-02-06,31
1142 - One Bedroom Apartment Sea,b88917d5-5bdb-4f3a-ba02-9cac937119ee,51381edd-6405-4000-8635-624d513d1b9e,2027-02-07,31
1142 - One Bedroom Apartment Sea,b88917d5-5bdb-4f3a-ba02-9cac937119ee,51381edd-6405-4000-8635-624d513d1b9e,2027-02-08,31
1142 - One Bedroom Apartment Sea,b88917d5-5bdb-4f3a-ba02-9cac937119ee,51381edd-6405-4000-8635-624d513d1b9e,2027-02-09,31
1142 - One Bedroom Apartment Sea,b88917d5-5bdb-4f3a-ba02-9cac937119ee,51381edd-6405-4000-8635-624d513d1b9e,2027-02-10,31
1142 - One Bedroom Apartment Sea,b88917d5-5bdb-4f3a-ba02-9cac937119ee,51381edd-6405-4000-8635-624d513d1b9e,2027-02-11,31
1142 - One Bedroom Apartment Sea,b88917d5-5bdb-4f3a-ba02-9cac937119ee,51381edd-6405-4000-8635-624d513d1b9e,2027-02-12,31
1142 - One Bedroom Apartment Sea,b88917d5-5bdb-4f3a-ba02-9cac937119ee,51381edd-6405-4000-8635-624d513d1b9e,2027-02-13,31
1142 - One Bedroom Apartment Sea,b88917d5-5bdb-4f3a-ba02-9cac937119ee,51381edd-6405-4000-8635-624d513d1b9e,2027-02-14,31
1142 - One Bedroom Apartment Sea,b88917d5-5bdb-4f3a-ba02-9cac937119ee,51381edd-6405-4000-8635-624d513d1b9e,2027-02-15,31
1142 - One Bedroom Apartment Sea,b88917d5-5bdb-4f3a-ba02-9cac937119ee,51381edd-6405-4000-8635-624d513d1b9e,2027-02-16,31
1142 - One Bedroom Apartment Sea,b88917d5-5bdb-4f3a-ba02-9cac937119ee,51381edd-6405-4000-8635-624d513d1b9e,2027-02-17,31
1142 - One Bedroom Apartment Sea,b88917d5-5bdb-4f3a-ba02-9cac937119ee,51381edd-6405-4000-8635-624d513d1b9e,2027-02-18,31
1142 - One Bedroom Apartment Sea,b88917d5-5bdb-4f3a-ba02-9cac937119ee,51381edd-6405-4000-8635-624d513d1b9e,2027-02-19,31
1142 - One Bedroom Apartment Sea,b88917d5-5bdb-4f3a-ba02-9cac937119ee,51381edd-6405-4000-8635-624d513d1b9e,2027-02-20,31
1142 - One Bedroom Apartment Sea,b88917d5-5bdb-4f3a-ba02-9cac937119ee,51381edd-6405-4000-8635-624d513d1b9e,2027-02-21,31
1142 - One Bedroom Apartment Sea,b88917d5-5bdb-4f3a-ba02-9cac937119ee,51381edd-6405-4000-8635-624d513d1b9e,2027-02-22,31
1142 - One Bedroom Apartment Sea,b88917d5-5bdb-4f3a-ba02-9cac937119ee,51381edd-6405-4000-8635-624d513d1b9e,2027-02-23,31
1142 - One Bedroom Apartment Sea,b88917d5-5bdb-4f3a-ba02-9cac937119ee,51381edd-6405-4000-8635-624d513d1b9e,2027-02-24,31
1142 - One Bedroom Apartment Sea,b88917d5-5bdb-4f3a-ba02-9cac937119ee,51381edd-6405-4000-8635-624d513d1b9e,2027-02-25,31
1142 - One Bedroom Apartment Sea,b88917d5-5bdb-4f3a-ba02-9cac937119ee,51381edd-6405-4000-8635-624d513d1b9e,2027-02-26,31
1142 - One Bedroom Apartment Sea,b88917d5-5bdb-4f3a-ba02-9cac937119ee,51381edd-6405-4000-8635-624d513d1b9e,2027-02-27,31
1142 - One Bedroom Apartment Sea,b88917d5-5bdb-4f3a-ba02-9cac937119ee,51381edd-6405-4000-8635-624d513d1b9e,2027-02-28,31
1142 - One Bedroom Apartment Sea,b88917d5-5bdb-4f3a-ba02-9cac937119ee,51381edd-6405-4000-8635-624d513d1b9e,2027-03-01,31
1142 - One Bedroom Apartment Sea,b88917d5-5bdb-4f3a-ba02-9cac937119ee,51381edd-6405-4000-8635-624d513d1b9e,2027-03-02,31
1142 - One Bedroom Apartment Sea,b88917d5-5bdb-4f3a-ba02-9cac937119ee,51381edd-6405-4000-8635-624d513d1b9e,2027-03-03,31
1142 - One Bedroom Apartment Sea,b88917d5-5bdb-4f3a-ba02-9cac937119ee,51381edd-6405-4000-8635-624d513d1b9e,2027-03-04,31
1142 - One Bedroom Apartment Sea,b88917d5-5bdb-4f3a-ba02-9cac937119ee,51381edd-6405-4000-8635-624d513d1b9e,2027-03-05,31
1142 - One Bedroom Apartment Sea,b88917d5-5bdb-4f3a-ba02-9cac937119ee,51381edd-6405-4000-8635-624d513d1b9e,2027-03-06,31
1142 - One Bedroom Apartment Sea,b88917d5-5bdb-4f3a-ba02-9cac937119ee,51381edd-6405-4000-8635-624d513d1b9e,2027-03-07,31
1142 - One Bedroom Apartment Sea,b88917d5-5bdb-4f3a-ba02-9cac937119ee,51381edd-6405-4000-8635-624d513d1b9e,2027-03-08,31
1142 - One Bedroom Apartment Sea,b88917d5-5bdb-4f3a-ba02-9cac937119ee,51381edd-6405-4000-8635-624d513d1b9e,2027-03-09,31
1142 - One Bedroom Apartment Sea,b88917d5-5bdb-4f3a-ba02-9cac937119ee,51381edd-6405-4000-8635-624d513d1b9e,2027-03-10,31
1142 - One Bedroom Apartment Sea,b88917d5-5bdb-4f3a-ba02-9cac937119ee,51381edd-6405-4000-8635-624d513d1b9e,2027-03-11,31
1142 - One Bedroom Apartment Sea,b88917d5-5bdb-4f3a-ba02-9cac937119ee,51381edd-6405-4000-8635-624d513d1b9e,2027-03-12,31
1142 - One Bedroom Apartment Sea,b88917d5-5bdb-4f3a-ba02-9cac937119ee,51381edd-6405-4000-8635-624d513d1b9e,2027-03-13,31
1142 - One Bedroom Apartment Sea,b88917d5-5bdb-4f3a-ba02-9cac937119ee,51381edd-6405-4000-8635-624d513d1b9e,2027-03-14,31
1142 - One Bedroom Apartment Sea,b88917d5-5bdb-4f3a-ba02-9cac937119ee,51381edd-6405-4000-8635-624d513d1b9e,2027-03-15,31
1142 - One Bedroom Apartment Sea,b88917d5-5bdb-4f3a-ba02-9cac937119ee,51381edd-6405-4000-8635-624d513d1b9e,2027-03-16,31
1142 - One Bedroom Apartment Sea,b88917d5-5bdb-4f3a-ba02-9cac937119ee,51381edd-6405-4000-8635-624d513d1b9e,2027-03-17,31
1142 - One Bedroom Apartment Sea,b88917d5-5bdb-4f3a-ba02-9cac937119ee,51381edd-6405-4000-8635-624d513d1b9e,2027-03-18,31
1142 - One Bedroom Apartment Sea,b88917d5-5bdb-4f3a-ba02-9cac937119ee,51381edd-6405-4000-8635-624d513d1b9e,2027-03-19,31
1142 - One Bedroom Apartment Sea,b88917d5-5bdb-4f3a-ba02-9cac937119ee,51381edd-6405-4000-8635-624d513d1b9e,2027-03-20,31
1142 - One Bedroom Apartment Sea,b88917d5-5bdb-4f3a-ba02-9cac937119ee,51381edd-6405-4000-8635-624d513d1b9e,2027-03-21,31
1142 - One Bedroom Apartment Sea,b88917d5-5bdb-4f3a-ba02-9cac937119ee,51381edd-6405-4000-8635-624d513d1b9e,2027-03-22,31
1142 - One Bedroom Apartment Sea,b88917d5-5bdb-4f3a-ba02-9cac937119ee,51381edd-6405-4000-8635-624d513d1b9e,2027-03-23,31
1142 - One Bedroom Apartment Sea,b88917d5-5bdb-4f3a-ba02-9cac937119ee,51381edd-6405-4000-8635-624d513d1b9e,2027-03-24,31
1142 - One Bedroom Apartment Sea,b88917d5-5bdb-4f3a-ba02-9cac937119ee,51381edd-6405-4000-8635-624d513d1b9e,2027-03-25,31
1142 - One Bedroom Apartment Sea,b88917d5-5bdb-4f3a-ba02-9cac937119ee,51381edd-6405-4000-8635-624d513d1b9e,2027-03-26,31
1142 - One Bedroom Apartment Sea,b88917d5-5bdb-4f3a-ba02-9cac937119ee,51381edd-6405-4000-8635-624d513d1b9e,2027-03-27,31
1142 - One Bedroom Apartment Sea,b88917d5-5bdb-4f3a-ba02-9cac937119ee,51381edd-6405-4000-8635-624d513d1b9e,2027-03-28,31
1142 - One Bedroom Apartment Sea,b88917d5-5bdb-4f3a-ba02-9cac937119ee,51381edd-6405-4000-8635-624d513d1b9e,2027-03-29,31
1142 - One Bedroom Apartment Sea,b88917d5-5bdb-4f3a-ba02-9cac937119ee,51381edd-6405-4000-8635-624d513d1b9e,2027-03-30,31
1142 - One Bedroom Apartment Sea,b88917d5-5bdb-4f3a-ba02-9cac937119ee,51381edd-6405-4000-8635-624d513d1b9e,2027-03-31,31
1142 - One Bedroom Apartment Sea,b88917d5-5bdb-4f3a-ba02-9cac937119ee,51381edd-6405-4000-8635-624d513d1b9e,2027-04-01,31
1142 - One Bedroom Apartment Sea,b88917d5-5bdb-4f3a-ba02-9cac937119ee,51381edd-6405-4000-8635-624d513d1b9e,2027-04-02,31
1142 - One Bedroom Apartment Sea,b88917d5-5bdb-4f3a-ba02-9cac937119ee,51381edd-6405-4000-8635-624d513d1b9e,2027-04-03,31
1142 - One Bedroom Apartment Sea,b88917d5-5bdb-4f3a-ba02-9cac937119ee,51381edd-6405-4000-8635-624d513d1b9e,2027-04-04,31
1142 - One Bedroom Apartment Sea,b88917d5-5bdb-4f3a-ba02-9cac937119ee,51381edd-6405-4000-8635-624d513d1b9e,2027-04-05,31
1142 - One Bedroom Apartment Sea,b88917d5-5bdb-4f3a-ba02-9cac937119ee,51381edd-6405-4000-8635-624d513d1b9e,2027-04-06,31
1142 - One Bedroom Apartment Sea,b88917d5-5bdb-4f3a-ba02-9cac937119ee,51381edd-6405-4000-8635-624d513d1b9e,2027-04-07,31
1142 - One Bedroom Apartment Sea,b88917d5-5bdb-4f3a-ba02-9cac937119ee,51381edd-6405-4000-8635-624d513d1b9e,2027-04-08,31
1142 - One Bedroom Apartment Sea,b88917d5-5bdb-4f3a-ba02-9cac937119ee,51381edd-6405-4000-8635-624d513d1b9e,2027-04-09,31
1142 - One Bedroom Apartment Sea,b88917d5-5bdb-4f3a-ba02-9cac937119ee,51381edd-6405-4000-8635-624d513d1b9e,2027-04-10,31
1142 - One Bedroom Apartment Sea,b88917d5-5bdb-4f3a-ba02-9cac937119ee,51381edd-6405-4000-8635-624d513d1b9e,2027-04-11,31
1142 - One Bedroom Apartment Sea,b88917d5-5bdb-4f3a-ba02-9cac937119ee,51381edd-6405-4000-8635-624d513d1b9e,2027-04-12,31
1142 - One Bedroom Apartment Sea,b88917d5-5bdb-4f3a-ba02-9cac937119ee,51381edd-6405-4000-8635-624d513d1b9e,2027-04-13,31
1142 - One Bedroom Apartment Sea,b88917d5-5bdb-4f3a-ba02-9cac937119ee,51381edd-6405-4000-8635-624d513d1b9e,2027-04-14,31
1142 - One Bedroom Apartment Sea,b88917d5-5bdb-4f3a-ba02-9cac937119ee,51381edd-6405-4000-8635-624d513d1b9e,2027-04-15,31
1142 - One Bedroom Apartment Sea,b88917d5-5bdb-4f3a-ba02-9cac937119ee,51381edd-6405-4000-8635-624d513d1b9e,2027-04-16,31
1142 - One Bedroom Apartment Sea,b88917d5-5bdb-4f3a-ba02-9cac937119ee,51381edd-6405-4000-8635-624d513d1b9e,2027-04-17,31
1142 - One Bedroom Apartment Sea,b88917d5-5bdb-4f3a-ba02-9cac937119ee,51381edd-6405-4000-8635-624d513d1b9e,2027-04-18,31
1142 - One Bedroom Apartment Sea,b88917d5-5bdb-4f3a-ba02-9cac937119ee,51381edd-6405-4000-8635-624d513d1b9e,2027-04-19,31
1142 - One Bedroom Apartment Sea,b88917d5-5bdb-4f3a-ba02-9cac937119ee,51381edd-6405-4000-8635-624d513d1b9e,2027-04-20,31
1142 - One Bedroom Apartment Sea,b88917d5-5bdb-4f3a-ba02-9cac937119ee,51381edd-6405-4000-8635-624d513d1b9e,2027-04-21,31
1142 - One Bedroom Apartment Sea,b88917d5-5bdb-4f3a-ba02-9cac937119ee,51381edd-6405-4000-8635-624d513d1b9e,2027-04-22,31
1142 - One Bedroom Apartment Sea,b88917d5-5bdb-4f3a-ba02-9cac937119ee,51381edd-6405-4000-8635-624d513d1b9e,2027-04-23,31
1142 - One Bedroom Apartment Sea,b88917d5-5bdb-4f3a-ba02-9cac937119ee,51381edd-6405-4000-8635-624d513d1b9e,2027-04-24,31
1142 - One Bedroom Apartment Sea,b88917d5-5bdb-4f3a-ba02-9cac937119ee,51381edd-6405-4000-8635-624d513d1b9e,2027-04-25,31
1142 - One Bedroom Apartment Sea,b88917d5-5bdb-4f3a-ba02-9cac937119ee,51381edd-6405-4000-8635-624d513d1b9e,2027-04-26,31
1142 - One Bedroom Apartment Sea,b88917d5-5bdb-4f3a-ba02-9cac937119ee,51381edd-6405-4000-8635-624d513d1b9e,2027-04-27,31
1142 - One Bedroom Apartment Sea,b88917d5-5bdb-4f3a-ba02-9cac937119ee,51381edd-6405-4000-8635-624d513d1b9e,2027-04-28,31
1142 - One Bedroom Apartment Sea,b88917d5-5bdb-4f3a-ba02-9cac937119ee,51381edd-6405-4000-8635-624d513d1b9e,2027-04-29,31
1142 - One Bedroom Apartment Sea,b88917d5-5bdb-4f3a-ba02-9cac937119ee,51381edd-6405-4000-8635-624d513d1b9e,2027-04-30,31
1142 - One Bedroom Apartment Sea,b88917d5-5bdb-4f3a-ba02-9cac937119ee,51381edd-6405-4000-8635-624d513d1b9e,2027-05-01,31
1142 - One Bedroom Apartment Sea,b88917d5-5bdb-4f3a-ba02-9cac937119ee,51381edd-6405-4000-8635-624d513d1b9e,2027-05-02,31
1142 - One Bedroom Apartment Sea,b88917d5-5bdb-4f3a-ba02-9cac937119ee,51381edd-6405-4000-8635-624d513d1b9e,2027-05-03,31
1142 - One Bedroom Apartment Sea,b88917d5-5bdb-4f3a-ba02-9cac937119ee,51381edd-6405-4000-8635-624d513d1b9e,2027-05-04,31
1142 - One Bedroom Apartment Sea,b88917d5-5bdb-4f3a-ba02-9cac937119ee,51381edd-6405-4000-8635-624d513d1b9e,2027-05-05,31
1142 - One Bedroom Apartment Sea,b88917d5-5bdb-4f3a-ba02-9cac937119ee,51381edd-6405-4000-8635-624d513d1b9e,2027-05-06,31
1142 - One Bedroom Apartment Sea,b88917d5-5bdb-4f3a-ba02-9cac937119ee,51381edd-6405-4000-8635-624d513d1b9e,2027-05-07,31
1142 - One Bedroom Apartment Sea,b88917d5-5bdb-4f3a-ba02-9cac937119ee,51381edd-6405-4000-8635-624d513d1b9e,2027-05-08,31
1142 - One Bedroom Apartment Sea,b88917d5-5bdb-4f3a-ba02-9cac937119ee,51381edd-6405-4000-8635-624d513d1b9e,2027-05-09,31
1142 - One Bedroom Apartment Sea,b88917d5-5bdb-4f3a-ba02-9cac937119ee,51381edd-6405-4000-8635-624d513d1b9e,2027-05-10,31
1142 - One Bedroom Apartment Sea,b88917d5-5bdb-4f3a-ba02-9cac937119ee,51381edd-6405-4000-8635-624d513d1b9e,2027-05-11,31
1142 - One Bedroom Apartment Sea,b88917d5-5bdb-4f3a-ba02-9cac937119ee,51381edd-6405-4000-8635-624d513d1b9e,2027-05-12,31
1142 - One Bedroom Apartment Sea,b88917d5-5bdb-4f3a-ba02-9cac937119ee,51381edd-6405-4000-8635-624d513d1b9e,2027-05-13,31
1142 - One Bedroom Apartment Sea,b88917d5-5bdb-4f3a-ba02-9cac937119ee,51381edd-6405-4000-8635-624d513d1b9e,2027-05-14,31
1142 - One Bedroom Apartment Sea,b88917d5-5bdb-4f3a-ba02-9cac937119ee,51381edd-6405-4000-8635-624d513d1b9e,2027-05-15,31
1142 - One Bedroom Apartment Sea,b88917d5-5bdb-4f3a-ba02-9cac937119ee,51381edd-6405-4000-8635-624d513d1b9e,2027-05-16,31
1142 - One Bedroom Apartment Sea,b88917d5-5bdb-4f3a-ba02-9cac937119ee,51381edd-6405-4000-8635-624d513d1b9e,2027-05-17,31
1142 - One Bedroom Apartment Sea,b88917d5-5bdb-4f3a-ba02-9cac937119ee,51381edd-6405-4000-8635-624d513d1b9e,2027-05-18,31
1142 - One Bedroom Apartment Sea,b88917d5-5bdb-4f3a-ba02-9cac937119ee,51381edd-6405-4000-8635-624d513d1b9e,2027-05-19,31
1142 - One Bedroom Apartment Sea,b88917d5-5bdb-4f3a-ba02-9cac937119ee,51381edd-6405-4000-8635-624d513d1b9e,2027-05-20,31
1142 - One Bedroom Apartment Sea,b88917d5-5bdb-4f3a-ba02-9cac937119ee,51381edd-6405-4000-8635-624d513d1b9e,2027-05-21,31
1142 - One Bedroom Apartment Sea,b88917d5-5bdb-4f3a-ba02-9cac937119ee,51381edd-6405-4000-8635-624d513d1b9e,2027-05-22,31
1142 - One Bedroom Apartment Sea,b88917d5-5bdb-4f3a-ba02-9cac937119ee,51381edd-6405-4000-8635-624d513d1b9e,2027-05-23,31
1142 - One Bedroom Apartment Sea,b88917d5-5bdb-4f3a-ba02-9cac937119ee,51381edd-6405-4000-8635-624d513d1b9e,2027-05-24,31
1142 - One Bedroom Apartment Sea,b88917d5-5bdb-4f3a-ba02-9cac937119ee,51381edd-6405-4000-8635-624d513d1b9e,2027-05-25,31
1142 - One Bedroom Apartment Sea,b88917d5-5bdb-4f3a-ba02-9cac937119ee,51381edd-6405-4000-8635-624d513d1b9e,2027-05-26,31
1142 - One Bedroom Apartment Sea,b88917d5-5bdb-4f3a-ba02-9cac937119ee,51381edd-6405-4000-8635-624d513d1b9e,2027-05-27,31
1142 - One Bedroom Apartment Sea,b88917d5-5bdb-4f3a-ba02-9cac937119ee,51381edd-6405-4000-8635-624d513d1b9e,2027-05-28,31
1142 - One Bedroom Apartment Sea,b88917d5-5bdb-4f3a-ba02-9cac937119ee,51381edd-6405-4000-8635-624d513d1b9e,2027-05-29,31
1142 - One Bedroom Apartment Sea,b88917d5-5bdb-4f3a-ba02-9cac937119ee,51381edd-6405-4000-8635-624d513d1b9e,2027-05-30,31
1142 - One Bedroom Apartment Sea,b88917d5-5bdb-4f3a-ba02-9cac937119ee,51381edd-6405-4000-8635-624d513d1b9e,2027-05-31,31
1142 - One Bedroom Apartment Sea,b88917d5-5bdb-4f3a-ba02-9cac937119ee,51381edd-6405-4000-8635-624d513d1b9e,2027-06-01,31
1142 - One Bedroom Apartment Sea,b88917d5-5bdb-4f3a-ba02-9cac937119ee,51381edd-6405-4000-8635-624d513d1b9e,2027-06-02,31
1142 - One Bedroom Apartment Sea,b88917d5-5bdb-4f3a-ba02-9cac937119ee,51381edd-6405-4000-8635-624d513d1b9e,2027-06-03,31
1142 - One Bedroom Apartment Sea,b88917d5-5bdb-4f3a-ba02-9cac937119ee,51381edd-6405-4000-8635-624d513d1b9e,2027-06-04,31
1142 - One Bedroom Apartment Sea,b88917d5-5bdb-4f3a-ba02-9cac937119ee,51381edd-6405-4000-8635-624d513d1b9e,2027-06-05,31
1142 - One Bedroom Apartment Sea,b88917d5-5bdb-4f3a-ba02-9cac937119ee,51381edd-6405-4000-8635-624d513d1b9e,2027-06-06,31
1142 - One Bedroom Apartment Sea,b88917d5-5bdb-4f3a-ba02-9cac937119ee,51381edd-6405-4000-8635-624d513d1b9e,2027-06-07,31
1142 - One Bedroom Apartment Sea,b88917d5-5bdb-4f3a-ba02-9cac937119ee,51381edd-6405-4000-8635-624d513d1b9e,2027-06-08,31
1142 - One Bedroom Apartment Sea,b88917d5-5bdb-4f3a-ba02-9cac937119ee,51381edd-6405-4000-8635-624d513d1b9e,2027-06-09,31
1142 - One Bedroom Apartment Sea,b88917d5-5bdb-4f3a-ba02-9cac937119ee,51381edd-6405-4000-8635-624d513d1b9e,2027-06-10,31
1142 - One Bedroom Apartment Sea,b88917d5-5bdb-4f3a-ba02-9cac937119ee,51381edd-6405-4000-8635-624d513d1b9e,2027-06-11,31
1142 - One Bedroom Apartment Sea,b88917d5-5bdb-4f3a-ba02-9cac937119ee,51381edd-6405-4000-8635-624d513d1b9e,2027-06-12,31
1142 - One Bedroom Apartment Sea,b88917d5-5bdb-4f3a-ba02-9cac937119ee,51381edd-6405-4000-8635-624d513d1b9e,2027-06-13,31
1142 - One Bedroom Apartment Sea,b88917d5-5bdb-4f3a-ba02-9cac937119ee,51381edd-6405-4000-8635-624d513d1b9e,2027-06-14,31
1142 - One Bedroom Apartment Sea,b88917d5-5bdb-4f3a-ba02-9cac937119ee,51381edd-6405-4000-8635-624d513d1b9e,2027-06-15,31
1142 - One Bedroom Apartment Sea,b88917d5-5bdb-4f3a-ba02-9cac937119ee,51381edd-6405-4000-8635-624d513d1b9e,2027-06-16,31
1142 - One Bedroom Apartment Sea,b88917d5-5bdb-4f3a-ba02-9cac937119ee,51381edd-6405-4000-8635-624d513d1b9e,2027-06-17,31
1142 - One Bedroom Apartment Sea,b88917d5-5bdb-4f3a-ba02-9cac937119ee,51381edd-6405-4000-8635-624d513d1b9e,2027-06-18,31
1142 - One Bedroom Apartment Sea,b88917d5-5bdb-4f3a-ba02-9cac937119ee,51381edd-6405-4000-8635-624d513d1b9e,2027-06-19,31
1142 - One Bedroom Apartment Sea,b88917d5-5bdb-4f3a-ba02-9cac937119ee,51381edd-6405-4000-8635-624d513d1b9e,2027-06-20,31
1142 - One Bedroom Apartment Sea,b88917d5-5bdb-4f3a-ba02-9cac937119ee,51381edd-6405-4000-8635-624d513d1b9e,2027-06-21,31
1142 - One Bedroom Apartment Sea,b88917d5-5bdb-4f3a-ba02-9cac937119ee,51381edd-6405-4000-8635-624d513d1b9e,2027-06-22,31
1142 - One Bedroom Apartment Sea,b88917d5-5bdb-4f3a-ba02-9cac937119ee,51381edd-6405-4000-8635-624d513d1b9e,2027-06-23,31
1142 - One Bedroom Apartment Sea,b88917d5-5bdb-4f3a-ba02-9cac937119ee,51381edd-6405-4000-8635-624d513d1b9e,2027-06-24,31
1142 - One Bedroom Apartment Sea,b88917d5-5bdb-4f3a-ba02-9cac937119ee,51381edd-6405-4000-8635-624d513d1b9e,2027-06-25,31
1142 - One Bedroom Apartment Sea,b88917d5-5bdb-4f3a-ba02-9cac937119ee,51381edd-6405-4000-8635-624d513d1b9e,2027-06-26,31
1142 - One Bedroom Apartment Sea,b88917d5-5bdb-4f3a-ba02-9cac937119ee,51381edd-6405-4000-8635-624d513d1b9e,2027-06-27,31
1142 - One Bedroom Apartment Sea,b88917d5-5bdb-4f3a-ba02-9cac937119ee,51381edd-6405-4000-8635-624d513d1b9e,2027-06-28,31
1142 - One Bedroom Apartment Sea,b88917d5-5bdb-4f3a-ba02-9cac937119ee,51381edd-6405-4000-8635-624d513d1b9e,2027-06-29,31
1142 - One Bedroom Apartment Sea,b88917d5-5bdb-4f3a-ba02-9cac937119ee,51381edd-6405-4000-8635-624d513d1b9e,2027-06-30,31
1142 - One Bedroom Apartment Sea,b88917d5-5bdb-4f3a-ba02-9cac937119ee,51381edd-6405-4000-8635-624d513d1b9e,2027-07-01,31
1142 - One Bedroom Apartment Sea,b88917d5-5bdb-4f3a-ba02-9cac937119ee,51381edd-6405-4000-8635-624d513d1b9e,2027-07-02,31
1142 - One Bedroom Apartment Sea,b88917d5-5bdb-4f3a-ba02-9cac937119ee,51381edd-6405-4000-8635-624d513d1b9e,2027-07-03,31
1142 - One Bedroom Apartment Sea,b88917d5-5bdb-4f3a-ba02-9cac937119ee,51381edd-6405-4000-8635-624d513d1b9e,2027-07-04,31
1142 - One Bedroom Apartment Sea,b88917d5-5bdb-4f3a-ba02-9cac937119ee,51381edd-6405-4000-8635-624d513d1b9e,2027-07-05,31
1142 - One Bedroom Apartment Sea,b88917d5-5bdb-4f3a-ba02-9cac937119ee,51381edd-6405-4000-8635-624d513d1b9e,2027-07-06,31
1142 - One Bedroom Apartment Sea,b88917d5-5bdb-4f3a-ba02-9cac937119ee,51381edd-6405-4000-8635-624d513d1b9e,2027-07-07,31
1142 - One Bedroom Apartment Sea,b88917d5-5bdb-4f3a-ba02-9cac937119ee,51381edd-6405-4000-8635-624d513d1b9e,2027-07-08,31
1142 - One Bedroom Apartment Sea,b88917d5-5bdb-4f3a-ba02-9cac937119ee,51381edd-6405-4000-8635-624d513d1b9e,2027-07-09,31
1142 - One Bedroom Apartment Sea,b88917d5-5bdb-4f3a-ba02-9cac937119ee,51381edd-6405-4000-8635-624d513d1b9e,2027-07-10,31
1142 - One Bedroom Apartment Sea,b88917d5-5bdb-4f3a-ba02-9cac937119ee,51381edd-6405-4000-8635-624d513d1b9e,2027-07-11,31
1142 - One Bedroom Apartment Sea,b88917d5-5bdb-4f3a-ba02-9cac937119ee,51381edd-6405-4000-8635-624d513d1b9e,2027-07-12,31
1142 - One Bedroom Apartment Sea,b88917d5-5bdb-4f3a-ba02-9cac937119ee,51381edd-6405-4000-8635-624d513d1b9e,2027-07-13,31
1142 - One Bedroom Apartment Sea,b88917d5-5bdb-4f3a-ba02-9cac937119ee,51381edd-6405-4000-8635-624d513d1b9e,2027-07-14,31
1142 - One Bedroom Apartment Sea,b88917d5-5bdb-4f3a-ba02-9cac937119ee,51381edd-6405-4000-8635-624d513d1b9e,2027-07-15,31
1142 - One Bedroom Apartment Sea,b88917d5-5bdb-4f3a-ba02-9cac937119ee,51381edd-6405-4000-8635-624d513d1b9e,2027-07-16,31
1142 - One Bedroom Apartment Sea,b88917d5-5bdb-4f3a-ba02-9cac937119ee,51381edd-6405-4000-8635-624d513d1b9e,2027-07-17,31
1142 - One Bedroom Apartment Sea,b88917d5-5bdb-4f3a-ba02-9cac937119ee,51381edd-6405-4000-8635-624d513d1b9e,2027-07-18,31
1142 - One Bedroom Apartment Sea,b88917d5-5bdb-4f3a-ba02-9cac937119ee,51381edd-6405-4000-8635-624d513d1b9e,2027-07-19,31
1142 - One Bedroom Apartment Sea,b88917d5-5bdb-4f3a-ba02-9cac937119ee,51381edd-6405-4000-8635-624d513d1b9e,2027-07-20,31
1142 - One Bedroom Apartment Sea,b88917d5-5bdb-4f3a-ba02-9cac937119ee,51381edd-6405-4000-8635-624d513d1b9e,2027-07-21,31
1142 - One Bedroom Apartment Sea,b88917d5-5bdb-4f3a-ba02-9cac937119ee,51381edd-6405-4000-8635-624d513d1b9e,2027-07-22,31
1142 - One Bedroom Apartment Sea,b88917d5-5bdb-4f3a-ba02-9cac937119ee,51381edd-6405-4000-8635-624d513d1b9e,2027-07-23,31
1142 - One Bedroom Apartment Sea,b88917d5-5bdb-4f3a-ba02-9cac937119ee,51381edd-6405-4000-8635-624d513d1b9e,2027-07-24,31
1142 - One Bedroom Apartment Sea,b88917d5-5bdb-4f3a-ba02-9cac937119ee,51381edd-6405-4000-8635-624d513d1b9e,2027-07-25,31
1142 - One Bedroom Apartment Sea,b88917d5-5bdb-4f3a-ba02-9cac937119ee,51381edd-6405-4000-8635-624d513d1b9e,2027-07-26,31
1142 - One Bedroom Apartment Sea,b88917d5-5bdb-4f3a-ba02-9cac937119ee,51381edd-6405-4000-8635-624d513d1b9e,2027-07-27,31
1142 - One Bedroom Apartment Sea,b88917d5-5bdb-4f3a-ba02-9cac937119ee,51381edd-6405-4000-8635-624d513d1b9e,2027-07-28,31
1142 - One Bedroom Apartment Sea,b88917d5-5bdb-4f3a-ba02-9cac937119ee,51381edd-6405-4000-8635-624d513d1b9e,2027-07-29,31
1142 - One Bedroom Apartment Sea,b88917d5-5bdb-4f3a-ba02-9cac937119ee,51381edd-6405-4000-8635-624d513d1b9e,2027-07-30,31
1142 - One Bedroom Apartment Sea,b88917d5-5bdb-4f3a-ba02-9cac937119ee,51381edd-6405-4000-8635-624d513d1b9e,2027-07-31,31
1142 - One Bedroom Apartment Sea,b88917d5-5bdb-4f3a-ba02-9cac937119ee,51381edd-6405-4000-8635-624d513d1b9e,2027-08-01,31
1142 - One Bedroom Apartment Sea,b88917d5-5bdb-4f3a-ba02-9cac937119ee,51381edd-6405-4000-8635-624d513d1b9e,2027-08-02,31
1142 - One Bedroom Apartment Sea,b88917d5-5bdb-4f3a-ba02-9cac937119ee,51381edd-6405-4000-8635-624d513d1b9e,2027-08-03,31
1235 - One Bedroom Primum Apartment Sea View,3899674a-38a3-4b63-9ce3-47a4e7c17022,9a25f0c9-ef73-415e-b6b0-2ac2e133389d,2026-07-25,31
1235 - One Bedroom Primum Apartment Sea View,3899674a-38a3-4b63-9ce3-47a4e7c17022,9a25f0c9-ef73-415e-b6b0-2ac2e133389d,2026-07-26,31
1235 - One Bedroom Primum Apartment Sea View,3899674a-38a3-4b63-9ce3-47a4e7c17022,9a25f0c9-ef73-415e-b6b0-2ac2e133389d,2026-07-27,31
1235 - One Bedroom Primum Apartment Sea View,3899674a-38a3-4b63-9ce3-47a4e7c17022,9a25f0c9-ef73-415e-b6b0-2ac2e133389d,2026-07-28,31
1235 - One Bedroom Primum Apartment Sea View,3899674a-38a3-4b63-9ce3-47a4e7c17022,9a25f0c9-ef73-415e-b6b0-2ac2e133389d,2026-07-29,31
1235 - One Bedroom Primum Apartment Sea View,3899674a-38a3-4b63-9ce3-47a4e7c17022,9a25f0c9-ef73-415e-b6b0-2ac2e133389d,2026-07-30,31
1235 - One Bedroom Primum Apartment Sea View,3899674a-38a3-4b63-9ce3-47a4e7c17022,9a25f0c9-ef73-415e-b6b0-2ac2e133389d,2026-07-31,31
1235 - One Bedroom Primum Apartment Sea View,3899674a-38a3-4b63-9ce3-47a4e7c17022,9a25f0c9-ef73-415e-b6b0-2ac2e133389d,2026-08-01,31
1235 - One Bedroom Primum Apartment Sea View,3899674a-38a3-4b63-9ce3-47a4e7c17022,9a25f0c9-ef73-415e-b6b0-2ac2e133389d,2026-08-02,31
1235 - One Bedroom Primum Apartment Sea View,3899674a-38a3-4b63-9ce3-47a4e7c17022,9a25f0c9-ef73-415e-b6b0-2ac2e133389d,2026-08-03,31
1235 - One Bedroom Primum Apartment Sea View,3899674a-38a3-4b63-9ce3-47a4e7c17022,9a25f0c9-ef73-415e-b6b0-2ac2e133389d,2026-08-04,31
1235 - One Bedroom Primum Apartment Sea View,3899674a-38a3-4b63-9ce3-47a4e7c17022,9a25f0c9-ef73-415e-b6b0-2ac2e133389d,2026-08-05,31
1235 - One Bedroom Primum Apartment Sea View,3899674a-38a3-4b63-9ce3-47a4e7c17022,9a25f0c9-ef73-415e-b6b0-2ac2e133389d,2026-08-06,31
1235 - One Bedroom Primum Apartment Sea View,3899674a-38a3-4b63-9ce3-47a4e7c17022,9a25f0c9-ef73-415e-b6b0-2ac2e133389d,2026-08-07,31
1235 - One Bedroom Primum Apartment Sea View,3899674a-38a3-4b63-9ce3-47a4e7c17022,9a25f0c9-ef73-415e-b6b0-2ac2e133389d,2026-08-08,31
1235 - One Bedroom Primum Apartment Sea View,3899674a-38a3-4b63-9ce3-47a4e7c17022,9a25f0c9-ef73-415e-b6b0-2ac2e133389d,2026-08-09,31
1235 - One Bedroom Primum Apartment Sea View,3899674a-38a3-4b63-9ce3-47a4e7c17022,9a25f0c9-ef73-415e-b6b0-2ac2e133389d,2026-08-10,31
1235 - One Bedroom Primum Apartment Sea View,3899674a-38a3-4b63-9ce3-47a4e7c17022,9a25f0c9-ef73-415e-b6b0-2ac2e133389d,2026-08-11,31
1235 - One Bedroom Primum Apartment Sea View,3899674a-38a3-4b63-9ce3-47a4e7c17022,9a25f0c9-ef73-415e-b6b0-2ac2e133389d,2026-08-12,31
1235 - One Bedroom Primum Apartment Sea View,3899674a-38a3-4b63-9ce3-47a4e7c17022,9a25f0c9-ef73-415e-b6b0-2ac2e133389d,2026-08-13,31
1235 - One Bedroom Primum Apartment Sea View,3899674a-38a3-4b63-9ce3-47a4e7c17022,9a25f0c9-ef73-415e-b6b0-2ac2e133389d,2026-08-14,31
1235 - One Bedroom Primum Apartment Sea View,3899674a-38a3-4b63-9ce3-47a4e7c17022,9a25f0c9-ef73-415e-b6b0-2ac2e133389d,2026-08-15,31
1235 - One Bedroom Primum Apartment Sea View,3899674a-38a3-4b63-9ce3-47a4e7c17022,9a25f0c9-ef73-415e-b6b0-2ac2e133389d,2026-08-16,31
1235 - One Bedroom Primum Apartment Sea View,3899674a-38a3-4b63-9ce3-47a4e7c17022,9a25f0c9-ef73-415e-b6b0-2ac2e133389d,2026-08-17,31
1235 - One Bedroom Primum Apartment Sea View,3899674a-38a3-4b63-9ce3-47a4e7c17022,9a25f0c9-ef73-415e-b6b0-2ac2e133389d,2026-08-18,31
1235 - One Bedroom Primum Apartment Sea View,3899674a-38a3-4b63-9ce3-47a4e7c17022,9a25f0c9-ef73-415e-b6b0-2ac2e133389d,2026-08-19,31
1235 - One Bedroom Primum Apartment Sea View,3899674a-38a3-4b63-9ce3-47a4e7c17022,9a25f0c9-ef73-415e-b6b0-2ac2e133389d,2026-08-20,31
1235 - One Bedroom Primum Apartment Sea View,3899674a-38a3-4b63-9ce3-47a4e7c17022,9a25f0c9-ef73-415e-b6b0-2ac2e133389d,2026-08-21,31
1235 - One Bedroom Primum Apartment Sea View,3899674a-38a3-4b63-9ce3-47a4e7c17022,9a25f0c9-ef73-415e-b6b0-2ac2e133389d,2026-08-22,31
1235 - One Bedroom Primum Apartment Sea View,3899674a-38a3-4b63-9ce3-47a4e7c17022,9a25f0c9-ef73-415e-b6b0-2ac2e133389d,2026-08-23,31
1235 - One Bedroom Primum Apartment Sea View,3899674a-38a3-4b63-9ce3-47a4e7c17022,9a25f0c9-ef73-415e-b6b0-2ac2e133389d,2026-08-24,31
1235 - One Bedroom Primum Apartment Sea View,3899674a-38a3-4b63-9ce3-47a4e7c17022,9a25f0c9-ef73-415e-b6b0-2ac2e133389d,2026-08-25,31
1235 - One Bedroom Primum Apartment Sea View,3899674a-38a3-4b63-9ce3-47a4e7c17022,9a25f0c9-ef73-415e-b6b0-2ac2e133389d,2026-08-26,31
1235 - One Bedroom Primum Apartment Sea View,3899674a-38a3-4b63-9ce3-47a4e7c17022,9a25f0c9-ef73-415e-b6b0-2ac2e133389d,2026-08-27,31
1235 - One Bedroom Primum Apartment Sea View,3899674a-38a3-4b63-9ce3-47a4e7c17022,9a25f0c9-ef73-415e-b6b0-2ac2e133389d,2026-08-28,31
1235 - One Bedroom Primum Apartment Sea View,3899674a-38a3-4b63-9ce3-47a4e7c17022,9a25f0c9-ef73-415e-b6b0-2ac2e133389d,2026-08-29,31
1235 - One Bedroom Primum Apartment Sea View,3899674a-38a3-4b63-9ce3-47a4e7c17022,9a25f0c9-ef73-415e-b6b0-2ac2e133389d,2026-08-30,31
1235 - One Bedroom Primum Apartment Sea View,3899674a-38a3-4b63-9ce3-47a4e7c17022,9a25f0c9-ef73-415e-b6b0-2ac2e133389d,2026-08-31,31
1235 - One Bedroom Primum Apartment Sea View,3899674a-38a3-4b63-9ce3-47a4e7c17022,9a25f0c9-ef73-415e-b6b0-2ac2e133389d,2026-09-01,31
1235 - One Bedroom Primum Apartment Sea View,3899674a-38a3-4b63-9ce3-47a4e7c17022,9a25f0c9-ef73-415e-b6b0-2ac2e133389d,2026-09-02,31
1235 - One Bedroom Primum Apartment Sea View,3899674a-38a3-4b63-9ce3-47a4e7c17022,9a25f0c9-ef73-415e-b6b0-2ac2e133389d,2026-09-03,31
1235 - One Bedroom Primum Apartment Sea View,3899674a-38a3-4b63-9ce3-47a4e7c17022,9a25f0c9-ef73-415e-b6b0-2ac2e133389d,2026-09-04,31
1235 - One Bedroom Primum Apartment Sea View,3899674a-38a3-4b63-9ce3-47a4e7c17022,9a25f0c9-ef73-415e-b6b0-2ac2e133389d,2026-09-05,31
1235 - One Bedroom Primum Apartment Sea View,3899674a-38a3-4b63-9ce3-47a4e7c17022,9a25f0c9-ef73-415e-b6b0-2ac2e133389d,2026-09-06,31
1235 - One Bedroom Primum Apartment Sea View,3899674a-38a3-4b63-9ce3-47a4e7c17022,9a25f0c9-ef73-415e-b6b0-2ac2e133389d,2026-09-07,31
1235 - One Bedroom Primum Apartment Sea View,3899674a-38a3-4b63-9ce3-47a4e7c17022,9a25f0c9-ef73-415e-b6b0-2ac2e133389d,2026-09-08,31
1235 - One Bedroom Primum Apartment Sea View,3899674a-38a3-4b63-9ce3-47a4e7c17022,9a25f0c9-ef73-415e-b6b0-2ac2e133389d,2026-09-09,31
1235 - One Bedroom Primum Apartment Sea View,3899674a-38a3-4b63-9ce3-47a4e7c17022,9a25f0c9-ef73-415e-b6b0-2ac2e133389d,2026-09-10,31
1235 - One Bedroom Primum Apartment Sea View,3899674a-38a3-4b63-9ce3-47a4e7c17022,9a25f0c9-ef73-415e-b6b0-2ac2e133389d,2026-09-11,31
1235 - One Bedroom Primum Apartment Sea View,3899674a-38a3-4b63-9ce3-47a4e7c17022,9a25f0c9-ef73-415e-b6b0-2ac2e133389d,2026-09-12,31
1235 - One Bedroom Primum Apartment Sea View,3899674a-38a3-4b63-9ce3-47a4e7c17022,9a25f0c9-ef73-415e-b6b0-2ac2e133389d,2026-09-13,31
1235 - One Bedroom Primum Apartment Sea View,3899674a-38a3-4b63-9ce3-47a4e7c17022,9a25f0c9-ef73-415e-b6b0-2ac2e133389d,2026-09-14,31
1235 - One Bedroom Primum Apartment Sea View,3899674a-38a3-4b63-9ce3-47a4e7c17022,9a25f0c9-ef73-415e-b6b0-2ac2e133389d,2026-09-15,31
1235 - One Bedroom Primum Apartment Sea View,3899674a-38a3-4b63-9ce3-47a4e7c17022,9a25f0c9-ef73-415e-b6b0-2ac2e133389d,2026-09-16,31
1235 - One Bedroom Primum Apartment Sea View,3899674a-38a3-4b63-9ce3-47a4e7c17022,9a25f0c9-ef73-415e-b6b0-2ac2e133389d,2026-09-17,31
1235 - One Bedroom Primum Apartment Sea View,3899674a-38a3-4b63-9ce3-47a4e7c17022,9a25f0c9-ef73-415e-b6b0-2ac2e133389d,2026-09-18,31
1235 - One Bedroom Primum Apartment Sea View,3899674a-38a3-4b63-9ce3-47a4e7c17022,9a25f0c9-ef73-415e-b6b0-2ac2e133389d,2026-09-19,31
1235 - One Bedroom Primum Apartment Sea View,3899674a-38a3-4b63-9ce3-47a4e7c17022,9a25f0c9-ef73-415e-b6b0-2ac2e133389d,2026-09-20,31
1235 - One Bedroom Primum Apartment Sea View,3899674a-38a3-4b63-9ce3-47a4e7c17022,9a25f0c9-ef73-415e-b6b0-2ac2e133389d,2026-09-21,31
1235 - One Bedroom Primum Apartment Sea View,3899674a-38a3-4b63-9ce3-47a4e7c17022,9a25f0c9-ef73-415e-b6b0-2ac2e133389d,2026-09-22,31
1235 - One Bedroom Primum Apartment Sea View,3899674a-38a3-4b63-9ce3-47a4e7c17022,9a25f0c9-ef73-415e-b6b0-2ac2e133389d,2026-09-23,31
1235 - One Bedroom Primum Apartment Sea View,3899674a-38a3-4b63-9ce3-47a4e7c17022,9a25f0c9-ef73-415e-b6b0-2ac2e133389d,2026-09-24,31
1235 - One Bedroom Primum Apartment Sea View,3899674a-38a3-4b63-9ce3-47a4e7c17022,9a25f0c9-ef73-415e-b6b0-2ac2e133389d,2026-09-25,31
1235 - One Bedroom Primum Apartment Sea View,3899674a-38a3-4b63-9ce3-47a4e7c17022,9a25f0c9-ef73-415e-b6b0-2ac2e133389d,2026-09-26,31
1235 - One Bedroom Primum Apartment Sea View,3899674a-38a3-4b63-9ce3-47a4e7c17022,9a25f0c9-ef73-415e-b6b0-2ac2e133389d,2026-09-27,31
1235 - One Bedroom Primum Apartment Sea View,3899674a-38a3-4b63-9ce3-47a4e7c17022,9a25f0c9-ef73-415e-b6b0-2ac2e133389d,2026-09-28,31
1235 - One Bedroom Primum Apartment Sea View,3899674a-38a3-4b63-9ce3-47a4e7c17022,9a25f0c9-ef73-415e-b6b0-2ac2e133389d,2026-09-29,31
1235 - One Bedroom Primum Apartment Sea View,3899674a-38a3-4b63-9ce3-47a4e7c17022,9a25f0c9-ef73-415e-b6b0-2ac2e133389d,2026-09-30,31
1235 - One Bedroom Primum Apartment Sea View,3899674a-38a3-4b63-9ce3-47a4e7c17022,9a25f0c9-ef73-415e-b6b0-2ac2e133389d,2026-10-01,31
1235 - One Bedroom Primum Apartment Sea View,3899674a-38a3-4b63-9ce3-47a4e7c17022,9a25f0c9-ef73-415e-b6b0-2ac2e133389d,2026-10-02,31
1235 - One Bedroom Primum Apartment Sea View,3899674a-38a3-4b63-9ce3-47a4e7c17022,9a25f0c9-ef73-415e-b6b0-2ac2e133389d,2026-10-03,31
1235 - One Bedroom Primum Apartment Sea View,3899674a-38a3-4b63-9ce3-47a4e7c17022,9a25f0c9-ef73-415e-b6b0-2ac2e133389d,2026-10-04,31
1235 - One Bedroom Primum Apartment Sea View,3899674a-38a3-4b63-9ce3-47a4e7c17022,9a25f0c9-ef73-415e-b6b0-2ac2e133389d,2026-10-05,31
1235 - One Bedroom Primum Apartment Sea View,3899674a-38a3-4b63-9ce3-47a4e7c17022,9a25f0c9-ef73-415e-b6b0-2ac2e133389d,2026-10-06,31
1235 - One Bedroom Primum Apartment Sea View,3899674a-38a3-4b63-9ce3-47a4e7c17022,9a25f0c9-ef73-415e-b6b0-2ac2e133389d,2026-10-07,31
1235 - One Bedroom Primum Apartment Sea View,3899674a-38a3-4b63-9ce3-47a4e7c17022,9a25f0c9-ef73-415e-b6b0-2ac2e133389d,2026-10-08,31
1235 - One Bedroom Primum Apartment Sea View,3899674a-38a3-4b63-9ce3-47a4e7c17022,9a25f0c9-ef73-415e-b6b0-2ac2e133389d,2026-10-09,31
1235 - One Bedroom Primum Apartment Sea View,3899674a-38a3-4b63-9ce3-47a4e7c17022,9a25f0c9-ef73-415e-b6b0-2ac2e133389d,2026-10-10,31
1235 - One Bedroom Primum Apartment Sea View,3899674a-38a3-4b63-9ce3-47a4e7c17022,9a25f0c9-ef73-415e-b6b0-2ac2e133389d,2026-10-11,31
1235 - One Bedroom Primum Apartment Sea View,3899674a-38a3-4b63-9ce3-47a4e7c17022,9a25f0c9-ef73-415e-b6b0-2ac2e133389d,2026-10-12,31
1235 - One Bedroom Primum Apartment Sea View,3899674a-38a3-4b63-9ce3-47a4e7c17022,9a25f0c9-ef73-415e-b6b0-2ac2e133389d,2026-10-13,31
1235 - One Bedroom Primum Apartment Sea View,3899674a-38a3-4b63-9ce3-47a4e7c17022,9a25f0c9-ef73-415e-b6b0-2ac2e133389d,2026-10-14,31
1235 - One Bedroom Primum Apartment Sea View,3899674a-38a3-4b63-9ce3-47a4e7c17022,9a25f0c9-ef73-415e-b6b0-2ac2e133389d,2026-10-15,31
1235 - One Bedroom Primum Apartment Sea View,3899674a-38a3-4b63-9ce3-47a4e7c17022,9a25f0c9-ef73-415e-b6b0-2ac2e133389d,2026-10-16,31
1235 - One Bedroom Primum Apartment Sea View,3899674a-38a3-4b63-9ce3-47a4e7c17022,9a25f0c9-ef73-415e-b6b0-2ac2e133389d,2026-10-17,31
1235 - One Bedroom Primum Apartment Sea View,3899674a-38a3-4b63-9ce3-47a4e7c17022,9a25f0c9-ef73-415e-b6b0-2ac2e133389d,2026-10-18,31
1235 - One Bedroom Primum Apartment Sea View,3899674a-38a3-4b63-9ce3-47a4e7c17022,9a25f0c9-ef73-415e-b6b0-2ac2e133389d,2026-10-19,31
1235 - One Bedroom Primum Apartment Sea View,3899674a-38a3-4b63-9ce3-47a4e7c17022,9a25f0c9-ef73-415e-b6b0-2ac2e133389d,2026-10-20,31
1235 - One Bedroom Primum Apartment Sea View,3899674a-38a3-4b63-9ce3-47a4e7c17022,9a25f0c9-ef73-415e-b6b0-2ac2e133389d,2026-10-21,31
1235 - One Bedroom Primum Apartment Sea View,3899674a-38a3-4b63-9ce3-47a4e7c17022,9a25f0c9-ef73-415e-b6b0-2ac2e133389d,2026-10-22,31
1235 - One Bedroom Primum Apartment Sea View,3899674a-38a3-4b63-9ce3-47a4e7c17022,9a25f0c9-ef73-415e-b6b0-2ac2e133389d,2026-10-23,31
1235 - One Bedroom Primum Apartment Sea View,3899674a-38a3-4b63-9ce3-47a4e7c17022,9a25f0c9-ef73-415e-b6b0-2ac2e133389d,2026-10-24,31
1235 - One Bedroom Primum Apartment Sea View,3899674a-38a3-4b63-9ce3-47a4e7c17022,9a25f0c9-ef73-415e-b6b0-2ac2e133389d,2026-10-25,31
1235 - One Bedroom Primum Apartment Sea View,3899674a-38a3-4b63-9ce3-47a4e7c17022,9a25f0c9-ef73-415e-b6b0-2ac2e133389d,2026-10-26,31
1235 - One Bedroom Primum Apartment Sea View,3899674a-38a3-4b63-9ce3-47a4e7c17022,9a25f0c9-ef73-415e-b6b0-2ac2e133389d,2026-10-27,31
1235 - One Bedroom Primum Apartment Sea View,3899674a-38a3-4b63-9ce3-47a4e7c17022,9a25f0c9-ef73-415e-b6b0-2ac2e133389d,2026-10-28,31
1235 - One Bedroom Primum Apartment Sea View,3899674a-38a3-4b63-9ce3-47a4e7c17022,9a25f0c9-ef73-415e-b6b0-2ac2e133389d,2026-10-29,31
1235 - One Bedroom Primum Apartment Sea View,3899674a-38a3-4b63-9ce3-47a4e7c17022,9a25f0c9-ef73-415e-b6b0-2ac2e133389d,2026-10-30,31
1235 - One Bedroom Primum Apartment Sea View,3899674a-38a3-4b63-9ce3-47a4e7c17022,9a25f0c9-ef73-415e-b6b0-2ac2e133389d,2026-10-31,31
1235 - One Bedroom Primum Apartment Sea View,3899674a-38a3-4b63-9ce3-47a4e7c17022,9a25f0c9-ef73-415e-b6b0-2ac2e133389d,2026-11-01,31
1235 - One Bedroom Primum Apartment Sea View,3899674a-38a3-4b63-9ce3-47a4e7c17022,9a25f0c9-ef73-415e-b6b0-2ac2e133389d,2026-11-02,31
1235 - One Bedroom Primum Apartment Sea View,3899674a-38a3-4b63-9ce3-47a4e7c17022,9a25f0c9-ef73-415e-b6b0-2ac2e133389d,2026-11-03,31
1235 - One Bedroom Primum Apartment Sea View,3899674a-38a3-4b63-9ce3-47a4e7c17022,9a25f0c9-ef73-415e-b6b0-2ac2e133389d,2026-11-04,31
1235 - One Bedroom Primum Apartment Sea View,3899674a-38a3-4b63-9ce3-47a4e7c17022,9a25f0c9-ef73-415e-b6b0-2ac2e133389d,2026-11-05,31
1235 - One Bedroom Primum Apartment Sea View,3899674a-38a3-4b63-9ce3-47a4e7c17022,9a25f0c9-ef73-415e-b6b0-2ac2e133389d,2026-11-06,31
1235 - One Bedroom Primum Apartment Sea View,3899674a-38a3-4b63-9ce3-47a4e7c17022,9a25f0c9-ef73-415e-b6b0-2ac2e133389d,2026-11-07,31
1235 - One Bedroom Primum Apartment Sea View,3899674a-38a3-4b63-9ce3-47a4e7c17022,9a25f0c9-ef73-415e-b6b0-2ac2e133389d,2026-11-08,31
1235 - One Bedroom Primum Apartment Sea View,3899674a-38a3-4b63-9ce3-47a4e7c17022,9a25f0c9-ef73-415e-b6b0-2ac2e133389d,2026-11-09,31
1235 - One Bedroom Primum Apartment Sea View,3899674a-38a3-4b63-9ce3-47a4e7c17022,9a25f0c9-ef73-415e-b6b0-2ac2e133389d,2026-11-10,31
1235 - One Bedroom Primum Apartment Sea View,3899674a-38a3-4b63-9ce3-47a4e7c17022,9a25f0c9-ef73-415e-b6b0-2ac2e133389d,2026-11-11,31
1235 - One Bedroom Primum Apartment Sea View,3899674a-38a3-4b63-9ce3-47a4e7c17022,9a25f0c9-ef73-415e-b6b0-2ac2e133389d,2026-11-12,31
1235 - One Bedroom Primum Apartment Sea View,3899674a-38a3-4b63-9ce3-47a4e7c17022,9a25f0c9-ef73-415e-b6b0-2ac2e133389d,2026-11-13,31
1235 - One Bedroom Primum Apartment Sea View,3899674a-38a3-4b63-9ce3-47a4e7c17022,9a25f0c9-ef73-415e-b6b0-2ac2e133389d,2026-11-14,31
1235 - One Bedroom Primum Apartment Sea View,3899674a-38a3-4b63-9ce3-47a4e7c17022,9a25f0c9-ef73-415e-b6b0-2ac2e133389d,2026-11-15,31
1235 - One Bedroom Primum Apartment Sea View,3899674a-38a3-4b63-9ce3-47a4e7c17022,9a25f0c9-ef73-415e-b6b0-2ac2e133389d,2026-11-16,31
1235 - One Bedroom Primum Apartment Sea View,3899674a-38a3-4b63-9ce3-47a4e7c17022,9a25f0c9-ef73-415e-b6b0-2ac2e133389d,2026-11-17,31
1235 - One Bedroom Primum Apartment Sea View,3899674a-38a3-4b63-9ce3-47a4e7c17022,9a25f0c9-ef73-415e-b6b0-2ac2e133389d,2026-11-18,31
1235 - One Bedroom Primum Apartment Sea View,3899674a-38a3-4b63-9ce3-47a4e7c17022,9a25f0c9-ef73-415e-b6b0-2ac2e133389d,2026-11-19,31
1235 - One Bedroom Primum Apartment Sea View,3899674a-38a3-4b63-9ce3-47a4e7c17022,9a25f0c9-ef73-415e-b6b0-2ac2e133389d,2026-11-20,31
1235 - One Bedroom Primum Apartment Sea View,3899674a-38a3-4b63-9ce3-47a4e7c17022,9a25f0c9-ef73-415e-b6b0-2ac2e133389d,2026-11-21,31
1235 - One Bedroom Primum Apartment Sea View,3899674a-38a3-4b63-9ce3-47a4e7c17022,9a25f0c9-ef73-415e-b6b0-2ac2e133389d,2026-11-22,31
1235 - One Bedroom Primum Apartment Sea View,3899674a-38a3-4b63-9ce3-47a4e7c17022,9a25f0c9-ef73-415e-b6b0-2ac2e133389d,2026-11-23,31
1235 - One Bedroom Primum Apartment Sea View,3899674a-38a3-4b63-9ce3-47a4e7c17022,9a25f0c9-ef73-415e-b6b0-2ac2e133389d,2026-11-24,31
1235 - One Bedroom Primum Apartment Sea View,3899674a-38a3-4b63-9ce3-47a4e7c17022,9a25f0c9-ef73-415e-b6b0-2ac2e133389d,2026-11-25,31
1235 - One Bedroom Primum Apartment Sea View,3899674a-38a3-4b63-9ce3-47a4e7c17022,9a25f0c9-ef73-415e-b6b0-2ac2e133389d,2026-11-26,31
1235 - One Bedroom Primum Apartment Sea View,3899674a-38a3-4b63-9ce3-47a4e7c17022,9a25f0c9-ef73-415e-b6b0-2ac2e133389d,2026-11-27,31
1235 - One Bedroom Primum Apartment Sea View,3899674a-38a3-4b63-9ce3-47a4e7c17022,9a25f0c9-ef73-415e-b6b0-2ac2e133389d,2026-11-28,31
1235 - One Bedroom Primum Apartment Sea View,3899674a-38a3-4b63-9ce3-47a4e7c17022,9a25f0c9-ef73-415e-b6b0-2ac2e133389d,2026-11-29,31
1235 - One Bedroom Primum Apartment Sea View,3899674a-38a3-4b63-9ce3-47a4e7c17022,9a25f0c9-ef73-415e-b6b0-2ac2e133389d,2026-11-30,31
1235 - One Bedroom Primum Apartment Sea View,3899674a-38a3-4b63-9ce3-47a4e7c17022,9a25f0c9-ef73-415e-b6b0-2ac2e133389d,2026-12-01,31
1235 - One Bedroom Primum Apartment Sea View,3899674a-38a3-4b63-9ce3-47a4e7c17022,9a25f0c9-ef73-415e-b6b0-2ac2e133389d,2026-12-02,31
1235 - One Bedroom Primum Apartment Sea View,3899674a-38a3-4b63-9ce3-47a4e7c17022,9a25f0c9-ef73-415e-b6b0-2ac2e133389d,2026-12-03,31
1235 - One Bedroom Primum Apartment Sea View,3899674a-38a3-4b63-9ce3-47a4e7c17022,9a25f0c9-ef73-415e-b6b0-2ac2e133389d,2026-12-04,31
1235 - One Bedroom Primum Apartment Sea View,3899674a-38a3-4b63-9ce3-47a4e7c17022,9a25f0c9-ef73-415e-b6b0-2ac2e133389d,2026-12-05,31
1235 - One Bedroom Primum Apartment Sea View,3899674a-38a3-4b63-9ce3-47a4e7c17022,9a25f0c9-ef73-415e-b6b0-2ac2e133389d,2026-12-06,31
1235 - One Bedroom Primum Apartment Sea View,3899674a-38a3-4b63-9ce3-47a4e7c17022,9a25f0c9-ef73-415e-b6b0-2ac2e133389d,2026-12-07,31
1235 - One Bedroom Primum Apartment Sea View,3899674a-38a3-4b63-9ce3-47a4e7c17022,9a25f0c9-ef73-415e-b6b0-2ac2e133389d,2026-12-08,31
1235 - One Bedroom Primum Apartment Sea View,3899674a-38a3-4b63-9ce3-47a4e7c17022,9a25f0c9-ef73-415e-b6b0-2ac2e133389d,2026-12-09,31
1235 - One Bedroom Primum Apartment Sea View,3899674a-38a3-4b63-9ce3-47a4e7c17022,9a25f0c9-ef73-415e-b6b0-2ac2e133389d,2026-12-10,31
1235 - One Bedroom Primum Apartment Sea View,3899674a-38a3-4b63-9ce3-47a4e7c17022,9a25f0c9-ef73-415e-b6b0-2ac2e133389d,2026-12-11,31
1235 - One Bedroom Primum Apartment Sea View,3899674a-38a3-4b63-9ce3-47a4e7c17022,9a25f0c9-ef73-415e-b6b0-2ac2e133389d,2026-12-12,31
1235 - One Bedroom Primum Apartment Sea View,3899674a-38a3-4b63-9ce3-47a4e7c17022,9a25f0c9-ef73-415e-b6b0-2ac2e133389d,2026-12-13,31
1235 - One Bedroom Primum Apartment Sea View,3899674a-38a3-4b63-9ce3-47a4e7c17022,9a25f0c9-ef73-415e-b6b0-2ac2e133389d,2026-12-14,31
1235 - One Bedroom Primum Apartment Sea View,3899674a-38a3-4b63-9ce3-47a4e7c17022,9a25f0c9-ef73-415e-b6b0-2ac2e133389d,2026-12-15,31
1235 - One Bedroom Primum Apartment Sea View,3899674a-38a3-4b63-9ce3-47a4e7c17022,9a25f0c9-ef73-415e-b6b0-2ac2e133389d,2026-12-16,31
1235 - One Bedroom Primum Apartment Sea View,3899674a-38a3-4b63-9ce3-47a4e7c17022,9a25f0c9-ef73-415e-b6b0-2ac2e133389d,2026-12-17,31
1235 - One Bedroom Primum Apartment Sea View,3899674a-38a3-4b63-9ce3-47a4e7c17022,9a25f0c9-ef73-415e-b6b0-2ac2e133389d,2026-12-18,31
1235 - One Bedroom Primum Apartment Sea View,3899674a-38a3-4b63-9ce3-47a4e7c17022,9a25f0c9-ef73-415e-b6b0-2ac2e133389d,2026-12-19,31
1235 - One Bedroom Primum Apartment Sea View,3899674a-38a3-4b63-9ce3-47a4e7c17022,9a25f0c9-ef73-415e-b6b0-2ac2e133389d,2026-12-20,31
1235 - One Bedroom Primum Apartment Sea View,3899674a-38a3-4b63-9ce3-47a4e7c17022,9a25f0c9-ef73-415e-b6b0-2ac2e133389d,2026-12-21,31
1235 - One Bedroom Primum Apartment Sea View,3899674a-38a3-4b63-9ce3-47a4e7c17022,9a25f0c9-ef73-415e-b6b0-2ac2e133389d,2026-12-22,31
1235 - One Bedroom Primum Apartment Sea View,3899674a-38a3-4b63-9ce3-47a4e7c17022,9a25f0c9-ef73-415e-b6b0-2ac2e133389d,2026-12-23,31
1235 - One Bedroom Primum Apartment Sea View,3899674a-38a3-4b63-9ce3-47a4e7c17022,9a25f0c9-ef73-415e-b6b0-2ac2e133389d,2026-12-24,31
1235 - One Bedroom Primum Apartment Sea View,3899674a-38a3-4b63-9ce3-47a4e7c17022,9a25f0c9-ef73-415e-b6b0-2ac2e133389d,2026-12-25,31
1235 - One Bedroom Primum Apartment Sea View,3899674a-38a3-4b63-9ce3-47a4e7c17022,9a25f0c9-ef73-415e-b6b0-2ac2e133389d,2026-12-26,31
1235 - One Bedroom Primum Apartment Sea View,3899674a-38a3-4b63-9ce3-47a4e7c17022,9a25f0c9-ef73-415e-b6b0-2ac2e133389d,2026-12-27,31
1235 - One Bedroom Primum Apartment Sea View,3899674a-38a3-4b63-9ce3-47a4e7c17022,9a25f0c9-ef73-415e-b6b0-2ac2e133389d,2026-12-28,31
1235 - One Bedroom Primum Apartment Sea View,3899674a-38a3-4b63-9ce3-47a4e7c17022,9a25f0c9-ef73-415e-b6b0-2ac2e133389d,2026-12-29,31
1235 - One Bedroom Primum Apartment Sea View,3899674a-38a3-4b63-9ce3-47a4e7c17022,9a25f0c9-ef73-415e-b6b0-2ac2e133389d,2026-12-30,31
1235 - One Bedroom Primum Apartment Sea View,3899674a-38a3-4b63-9ce3-47a4e7c17022,9a25f0c9-ef73-415e-b6b0-2ac2e133389d,2026-12-31,31
1235 - One Bedroom Primum Apartment Sea View,3899674a-38a3-4b63-9ce3-47a4e7c17022,9a25f0c9-ef73-415e-b6b0-2ac2e133389d,2027-01-01,31
1235 - One Bedroom Primum Apartment Sea View,3899674a-38a3-4b63-9ce3-47a4e7c17022,9a25f0c9-ef73-415e-b6b0-2ac2e133389d,2027-01-02,31
1235 - One Bedroom Primum Apartment Sea View,3899674a-38a3-4b63-9ce3-47a4e7c17022,9a25f0c9-ef73-415e-b6b0-2ac2e133389d,2027-01-03,31
1235 - One Bedroom Primum Apartment Sea View,3899674a-38a3-4b63-9ce3-47a4e7c17022,9a25f0c9-ef73-415e-b6b0-2ac2e133389d,2027-01-04,31
1235 - One Bedroom Primum Apartment Sea View,3899674a-38a3-4b63-9ce3-47a4e7c17022,9a25f0c9-ef73-415e-b6b0-2ac2e133389d,2027-01-05,31
1235 - One Bedroom Primum Apartment Sea View,3899674a-38a3-4b63-9ce3-47a4e7c17022,9a25f0c9-ef73-415e-b6b0-2ac2e133389d,2027-01-06,31
1235 - One Bedroom Primum Apartment Sea View,3899674a-38a3-4b63-9ce3-47a4e7c17022,9a25f0c9-ef73-415e-b6b0-2ac2e133389d,2027-01-07,31
1235 - One Bedroom Primum Apartment Sea View,3899674a-38a3-4b63-9ce3-47a4e7c17022,9a25f0c9-ef73-415e-b6b0-2ac2e133389d,2027-01-08,31
1235 - One Bedroom Primum Apartment Sea View,3899674a-38a3-4b63-9ce3-47a4e7c17022,9a25f0c9-ef73-415e-b6b0-2ac2e133389d,2027-01-09,31
1235 - One Bedroom Primum Apartment Sea View,3899674a-38a3-4b63-9ce3-47a4e7c17022,9a25f0c9-ef73-415e-b6b0-2ac2e133389d,2027-01-10,31
1235 - One Bedroom Primum Apartment Sea View,3899674a-38a3-4b63-9ce3-47a4e7c17022,9a25f0c9-ef73-415e-b6b0-2ac2e133389d,2027-01-11,31
1235 - One Bedroom Primum Apartment Sea View,3899674a-38a3-4b63-9ce3-47a4e7c17022,9a25f0c9-ef73-415e-b6b0-2ac2e133389d,2027-01-12,31
1235 - One Bedroom Primum Apartment Sea View,3899674a-38a3-4b63-9ce3-47a4e7c17022,9a25f0c9-ef73-415e-b6b0-2ac2e133389d,2027-01-13,31
1235 - One Bedroom Primum Apartment Sea View,3899674a-38a3-4b63-9ce3-47a4e7c17022,9a25f0c9-ef73-415e-b6b0-2ac2e133389d,2027-01-14,31
1235 - One Bedroom Primum Apartment Sea View,3899674a-38a3-4b63-9ce3-47a4e7c17022,9a25f0c9-ef73-415e-b6b0-2ac2e133389d,2027-01-15,31
1235 - One Bedroom Primum Apartment Sea View,3899674a-38a3-4b63-9ce3-47a4e7c17022,9a25f0c9-ef73-415e-b6b0-2ac2e133389d,2027-01-16,31
1235 - One Bedroom Primum Apartment Sea View,3899674a-38a3-4b63-9ce3-47a4e7c17022,9a25f0c9-ef73-415e-b6b0-2ac2e133389d,2027-01-17,31
1235 - One Bedroom Primum Apartment Sea View,3899674a-38a3-4b63-9ce3-47a4e7c17022,9a25f0c9-ef73-415e-b6b0-2ac2e133389d,2027-01-18,31
1235 - One Bedroom Primum Apartment Sea View,3899674a-38a3-4b63-9ce3-47a4e7c17022,9a25f0c9-ef73-415e-b6b0-2ac2e133389d,2027-01-19,31
1235 - One Bedroom Primum Apartment Sea View,3899674a-38a3-4b63-9ce3-47a4e7c17022,9a25f0c9-ef73-415e-b6b0-2ac2e133389d,2027-01-20,31
1235 - One Bedroom Primum Apartment Sea View,3899674a-38a3-4b63-9ce3-47a4e7c17022,9a25f0c9-ef73-415e-b6b0-2ac2e133389d,2027-01-21,31
1235 - One Bedroom Primum Apartment Sea View,3899674a-38a3-4b63-9ce3-47a4e7c17022,9a25f0c9-ef73-415e-b6b0-2ac2e133389d,2027-01-22,31
1235 - One Bedroom Primum Apartment Sea View,3899674a-38a3-4b63-9ce3-47a4e7c17022,9a25f0c9-ef73-415e-b6b0-2ac2e133389d,2027-01-23,31
1235 - One Bedroom Primum Apartment Sea View,3899674a-38a3-4b63-9ce3-47a4e7c17022,9a25f0c9-ef73-415e-b6b0-2ac2e133389d,2027-01-24,31
1235 - One Bedroom Primum Apartment Sea View,3899674a-38a3-4b63-9ce3-47a4e7c17022,9a25f0c9-ef73-415e-b6b0-2ac2e133389d,2027-01-25,31
1235 - One Bedroom Primum Apartment Sea View,3899674a-38a3-4b63-9ce3-47a4e7c17022,9a25f0c9-ef73-415e-b6b0-2ac2e133389d,2027-01-26,31
1235 - One Bedroom Primum Apartment Sea View,3899674a-38a3-4b63-9ce3-47a4e7c17022,9a25f0c9-ef73-415e-b6b0-2ac2e133389d,2027-01-27,31
1235 - One Bedroom Primum Apartment Sea View,3899674a-38a3-4b63-9ce3-47a4e7c17022,9a25f0c9-ef73-415e-b6b0-2ac2e133389d,2027-01-28,31
1235 - One Bedroom Primum Apartment Sea View,3899674a-38a3-4b63-9ce3-47a4e7c17022,9a25f0c9-ef73-415e-b6b0-2ac2e133389d,2027-01-29,31
1235 - One Bedroom Primum Apartment Sea View,3899674a-38a3-4b63-9ce3-47a4e7c17022,9a25f0c9-ef73-415e-b6b0-2ac2e133389d,2027-01-30,31
1235 - One Bedroom Primum Apartment Sea View,3899674a-38a3-4b63-9ce3-47a4e7c17022,9a25f0c9-ef73-415e-b6b0-2ac2e133389d,2027-01-31,31
1235 - One Bedroom Primum Apartment Sea View,3899674a-38a3-4b63-9ce3-47a4e7c17022,9a25f0c9-ef73-415e-b6b0-2ac2e133389d,2027-02-01,31
1235 - One Bedroom Primum Apartment Sea View,3899674a-38a3-4b63-9ce3-47a4e7c17022,9a25f0c9-ef73-415e-b6b0-2ac2e133389d,2027-02-02,31
1235 - One Bedroom Primum Apartment Sea View,3899674a-38a3-4b63-9ce3-47a4e7c17022,9a25f0c9-ef73-415e-b6b0-2ac2e133389d,2027-02-03,31
1235 - One Bedroom Primum Apartment Sea View,3899674a-38a3-4b63-9ce3-47a4e7c17022,9a25f0c9-ef73-415e-b6b0-2ac2e133389d,2027-02-04,31
1235 - One Bedroom Primum Apartment Sea View,3899674a-38a3-4b63-9ce3-47a4e7c17022,9a25f0c9-ef73-415e-b6b0-2ac2e133389d,2027-02-05,31
1235 - One Bedroom Primum Apartment Sea View,3899674a-38a3-4b63-9ce3-47a4e7c17022,9a25f0c9-ef73-415e-b6b0-2ac2e133389d,2027-02-06,31
1235 - One Bedroom Primum Apartment Sea View,3899674a-38a3-4b63-9ce3-47a4e7c17022,9a25f0c9-ef73-415e-b6b0-2ac2e133389d,2027-02-07,31
1235 - One Bedroom Primum Apartment Sea View,3899674a-38a3-4b63-9ce3-47a4e7c17022,9a25f0c9-ef73-415e-b6b0-2ac2e133389d,2027-02-08,31
1235 - One Bedroom Primum Apartment Sea View,3899674a-38a3-4b63-9ce3-47a4e7c17022,9a25f0c9-ef73-415e-b6b0-2ac2e133389d,2027-02-09,31
1235 - One Bedroom Primum Apartment Sea View,3899674a-38a3-4b63-9ce3-47a4e7c17022,9a25f0c9-ef73-415e-b6b0-2ac2e133389d,2027-02-10,31
1235 - One Bedroom Primum Apartment Sea View,3899674a-38a3-4b63-9ce3-47a4e7c17022,9a25f0c9-ef73-415e-b6b0-2ac2e133389d,2027-02-11,31
1235 - One Bedroom Primum Apartment Sea View,3899674a-38a3-4b63-9ce3-47a4e7c17022,9a25f0c9-ef73-415e-b6b0-2ac2e133389d,2027-02-12,31
1235 - One Bedroom Primum Apartment Sea View,3899674a-38a3-4b63-9ce3-47a4e7c17022,9a25f0c9-ef73-415e-b6b0-2ac2e133389d,2027-02-13,31
1235 - One Bedroom Primum Apartment Sea View,3899674a-38a3-4b63-9ce3-47a4e7c17022,9a25f0c9-ef73-415e-b6b0-2ac2e133389d,2027-02-14,31
1235 - One Bedroom Primum Apartment Sea View,3899674a-38a3-4b63-9ce3-47a4e7c17022,9a25f0c9-ef73-415e-b6b0-2ac2e133389d,2027-02-15,31
1235 - One Bedroom Primum Apartment Sea View,3899674a-38a3-4b63-9ce3-47a4e7c17022,9a25f0c9-ef73-415e-b6b0-2ac2e133389d,2027-02-16,31
1235 - One Bedroom Primum Apartment Sea View,3899674a-38a3-4b63-9ce3-47a4e7c17022,9a25f0c9-ef73-415e-b6b0-2ac2e133389d,2027-02-17,31
1235 - One Bedroom Primum Apartment Sea View,3899674a-38a3-4b63-9ce3-47a4e7c17022,9a25f0c9-ef73-415e-b6b0-2ac2e133389d,2027-02-18,31
1235 - One Bedroom Primum Apartment Sea View,3899674a-38a3-4b63-9ce3-47a4e7c17022,9a25f0c9-ef73-415e-b6b0-2ac2e133389d,2027-02-19,31
1235 - One Bedroom Primum Apartment Sea View,3899674a-38a3-4b63-9ce3-47a4e7c17022,9a25f0c9-ef73-415e-b6b0-2ac2e133389d,2027-02-20,31
1235 - One Bedroom Primum Apartment Sea View,3899674a-38a3-4b63-9ce3-47a4e7c17022,9a25f0c9-ef73-415e-b6b0-2ac2e133389d,2027-02-21,31
1235 - One Bedroom Primum Apartment Sea View,3899674a-38a3-4b63-9ce3-47a4e7c17022,9a25f0c9-ef73-415e-b6b0-2ac2e133389d,2027-02-22,31
1235 - One Bedroom Primum Apartment Sea View,3899674a-38a3-4b63-9ce3-47a4e7c17022,9a25f0c9-ef73-415e-b6b0-2ac2e133389d,2027-02-23,31
1235 - One Bedroom Primum Apartment Sea View,3899674a-38a3-4b63-9ce3-47a4e7c17022,9a25f0c9-ef73-415e-b6b0-2ac2e133389d,2027-02-24,31
1235 - One Bedroom Primum Apartment Sea View,3899674a-38a3-4b63-9ce3-47a4e7c17022,9a25f0c9-ef73-415e-b6b0-2ac2e133389d,2027-02-25,31
1235 - One Bedroom Primum Apartment Sea View,3899674a-38a3-4b63-9ce3-47a4e7c17022,9a25f0c9-ef73-415e-b6b0-2ac2e133389d,2027-02-26,31
1235 - One Bedroom Primum Apartment Sea View,3899674a-38a3-4b63-9ce3-47a4e7c17022,9a25f0c9-ef73-415e-b6b0-2ac2e133389d,2027-02-27,31
1235 - One Bedroom Primum Apartment Sea View,3899674a-38a3-4b63-9ce3-47a4e7c17022,9a25f0c9-ef73-415e-b6b0-2ac2e133389d,2027-02-28,31
1235 - One Bedroom Primum Apartment Sea View,3899674a-38a3-4b63-9ce3-47a4e7c17022,9a25f0c9-ef73-415e-b6b0-2ac2e133389d,2027-03-01,31
1235 - One Bedroom Primum Apartment Sea View,3899674a-38a3-4b63-9ce3-47a4e7c17022,9a25f0c9-ef73-415e-b6b0-2ac2e133389d,2027-03-02,31
1235 - One Bedroom Primum Apartment Sea View,3899674a-38a3-4b63-9ce3-47a4e7c17022,9a25f0c9-ef73-415e-b6b0-2ac2e133389d,2027-03-03,31
1235 - One Bedroom Primum Apartment Sea View,3899674a-38a3-4b63-9ce3-47a4e7c17022,9a25f0c9-ef73-415e-b6b0-2ac2e133389d,2027-03-04,31
1235 - One Bedroom Primum Apartment Sea View,3899674a-38a3-4b63-9ce3-47a4e7c17022,9a25f0c9-ef73-415e-b6b0-2ac2e133389d,2027-03-05,31
1235 - One Bedroom Primum Apartment Sea View,3899674a-38a3-4b63-9ce3-47a4e7c17022,9a25f0c9-ef73-415e-b6b0-2ac2e133389d,2027-03-06,31
1235 - One Bedroom Primum Apartment Sea View,3899674a-38a3-4b63-9ce3-47a4e7c17022,9a25f0c9-ef73-415e-b6b0-2ac2e133389d,2027-03-07,31
1235 - One Bedroom Primum Apartment Sea View,3899674a-38a3-4b63-9ce3-47a4e7c17022,9a25f0c9-ef73-415e-b6b0-2ac2e133389d,2027-03-08,31
1235 - One Bedroom Primum Apartment Sea View,3899674a-38a3-4b63-9ce3-47a4e7c17022,9a25f0c9-ef73-415e-b6b0-2ac2e133389d,2027-03-09,31
1235 - One Bedroom Primum Apartment Sea View,3899674a-38a3-4b63-9ce3-47a4e7c17022,9a25f0c9-ef73-415e-b6b0-2ac2e133389d,2027-03-10,31
1235 - One Bedroom Primum Apartment Sea View,3899674a-38a3-4b63-9ce3-47a4e7c17022,9a25f0c9-ef73-415e-b6b0-2ac2e133389d,2027-03-11,31
1235 - One Bedroom Primum Apartment Sea View,3899674a-38a3-4b63-9ce3-47a4e7c17022,9a25f0c9-ef73-415e-b6b0-2ac2e133389d,2027-03-12,31
1235 - One Bedroom Primum Apartment Sea View,3899674a-38a3-4b63-9ce3-47a4e7c17022,9a25f0c9-ef73-415e-b6b0-2ac2e133389d,2027-03-13,31
1235 - One Bedroom Primum Apartment Sea View,3899674a-38a3-4b63-9ce3-47a4e7c17022,9a25f0c9-ef73-415e-b6b0-2ac2e133389d,2027-03-14,31
1235 - One Bedroom Primum Apartment Sea View,3899674a-38a3-4b63-9ce3-47a4e7c17022,9a25f0c9-ef73-415e-b6b0-2ac2e133389d,2027-03-15,31
1235 - One Bedroom Primum Apartment Sea View,3899674a-38a3-4b63-9ce3-47a4e7c17022,9a25f0c9-ef73-415e-b6b0-2ac2e133389d,2027-03-16,31
1235 - One Bedroom Primum Apartment Sea View,3899674a-38a3-4b63-9ce3-47a4e7c17022,9a25f0c9-ef73-415e-b6b0-2ac2e133389d,2027-03-17,31
1235 - One Bedroom Primum Apartment Sea View,3899674a-38a3-4b63-9ce3-47a4e7c17022,9a25f0c9-ef73-415e-b6b0-2ac2e133389d,2027-03-18,31
1235 - One Bedroom Primum Apartment Sea View,3899674a-38a3-4b63-9ce3-47a4e7c17022,9a25f0c9-ef73-415e-b6b0-2ac2e133389d,2027-03-19,31
1235 - One Bedroom Primum Apartment Sea View,3899674a-38a3-4b63-9ce3-47a4e7c17022,9a25f0c9-ef73-415e-b6b0-2ac2e133389d,2027-03-20,31
1235 - One Bedroom Primum Apartment Sea View,3899674a-38a3-4b63-9ce3-47a4e7c17022,9a25f0c9-ef73-415e-b6b0-2ac2e133389d,2027-03-21,31
1235 - One Bedroom Primum Apartment Sea View,3899674a-38a3-4b63-9ce3-47a4e7c17022,9a25f0c9-ef73-415e-b6b0-2ac2e133389d,2027-03-22,31
1235 - One Bedroom Primum Apartment Sea View,3899674a-38a3-4b63-9ce3-47a4e7c17022,9a25f0c9-ef73-415e-b6b0-2ac2e133389d,2027-03-23,31
1235 - One Bedroom Primum Apartment Sea View,3899674a-38a3-4b63-9ce3-47a4e7c17022,9a25f0c9-ef73-415e-b6b0-2ac2e133389d,2027-03-24,31
1235 - One Bedroom Primum Apartment Sea View,3899674a-38a3-4b63-9ce3-47a4e7c17022,9a25f0c9-ef73-415e-b6b0-2ac2e133389d,2027-03-25,31
1235 - One Bedroom Primum Apartment Sea View,3899674a-38a3-4b63-9ce3-47a4e7c17022,9a25f0c9-ef73-415e-b6b0-2ac2e133389d,2027-03-26,31
1235 - One Bedroom Primum Apartment Sea View,3899674a-38a3-4b63-9ce3-47a4e7c17022,9a25f0c9-ef73-415e-b6b0-2ac2e133389d,2027-03-27,31
1235 - One Bedroom Primum Apartment Sea View,3899674a-38a3-4b63-9ce3-47a4e7c17022,9a25f0c9-ef73-415e-b6b0-2ac2e133389d,2027-03-28,31
1235 - One Bedroom Primum Apartment Sea View,3899674a-38a3-4b63-9ce3-47a4e7c17022,9a25f0c9-ef73-415e-b6b0-2ac2e133389d,2027-03-29,31
1235 - One Bedroom Primum Apartment Sea View,3899674a-38a3-4b63-9ce3-47a4e7c17022,9a25f0c9-ef73-415e-b6b0-2ac2e133389d,2027-03-30,31
1235 - One Bedroom Primum Apartment Sea View,3899674a-38a3-4b63-9ce3-47a4e7c17022,9a25f0c9-ef73-415e-b6b0-2ac2e133389d,2027-03-31,31
1235 - One Bedroom Primum Apartment Sea View,3899674a-38a3-4b63-9ce3-47a4e7c17022,9a25f0c9-ef73-415e-b6b0-2ac2e133389d,2027-04-01,31
1235 - One Bedroom Primum Apartment Sea View,3899674a-38a3-4b63-9ce3-47a4e7c17022,9a25f0c9-ef73-415e-b6b0-2ac2e133389d,2027-04-02,31
1235 - One Bedroom Primum Apartment Sea View,3899674a-38a3-4b63-9ce3-47a4e7c17022,9a25f0c9-ef73-415e-b6b0-2ac2e133389d,2027-04-03,31
1235 - One Bedroom Primum Apartment Sea View,3899674a-38a3-4b63-9ce3-47a4e7c17022,9a25f0c9-ef73-415e-b6b0-2ac2e133389d,2027-04-04,31
1235 - One Bedroom Primum Apartment Sea View,3899674a-38a3-4b63-9ce3-47a4e7c17022,9a25f0c9-ef73-415e-b6b0-2ac2e133389d,2027-04-05,31
1235 - One Bedroom Primum Apartment Sea View,3899674a-38a3-4b63-9ce3-47a4e7c17022,9a25f0c9-ef73-415e-b6b0-2ac2e133389d,2027-04-06,31
1235 - One Bedroom Primum Apartment Sea View,3899674a-38a3-4b63-9ce3-47a4e7c17022,9a25f0c9-ef73-415e-b6b0-2ac2e133389d,2027-04-07,31
1235 - One Bedroom Primum Apartment Sea View,3899674a-38a3-4b63-9ce3-47a4e7c17022,9a25f0c9-ef73-415e-b6b0-2ac2e133389d,2027-04-08,31
1235 - One Bedroom Primum Apartment Sea View,3899674a-38a3-4b63-9ce3-47a4e7c17022,9a25f0c9-ef73-415e-b6b0-2ac2e133389d,2027-04-09,31
1235 - One Bedroom Primum Apartment Sea View,3899674a-38a3-4b63-9ce3-47a4e7c17022,9a25f0c9-ef73-415e-b6b0-2ac2e133389d,2027-04-10,31
1235 - One Bedroom Primum Apartment Sea View,3899674a-38a3-4b63-9ce3-47a4e7c17022,9a25f0c9-ef73-415e-b6b0-2ac2e133389d,2027-04-11,31
1235 - One Bedroom Primum Apartment Sea View,3899674a-38a3-4b63-9ce3-47a4e7c17022,9a25f0c9-ef73-415e-b6b0-2ac2e133389d,2027-04-12,31
1235 - One Bedroom Primum Apartment Sea View,3899674a-38a3-4b63-9ce3-47a4e7c17022,9a25f0c9-ef73-415e-b6b0-2ac2e133389d,2027-04-13,31
1235 - One Bedroom Primum Apartment Sea View,3899674a-38a3-4b63-9ce3-47a4e7c17022,9a25f0c9-ef73-415e-b6b0-2ac2e133389d,2027-04-14,31
1235 - One Bedroom Primum Apartment Sea View,3899674a-38a3-4b63-9ce3-47a4e7c17022,9a25f0c9-ef73-415e-b6b0-2ac2e133389d,2027-04-15,31
1235 - One Bedroom Primum Apartment Sea View,3899674a-38a3-4b63-9ce3-47a4e7c17022,9a25f0c9-ef73-415e-b6b0-2ac2e133389d,2027-04-16,31
1235 - One Bedroom Primum Apartment Sea View,3899674a-38a3-4b63-9ce3-47a4e7c17022,9a25f0c9-ef73-415e-b6b0-2ac2e133389d,2027-04-17,31
1235 - One Bedroom Primum Apartment Sea View,3899674a-38a3-4b63-9ce3-47a4e7c17022,9a25f0c9-ef73-415e-b6b0-2ac2e133389d,2027-04-18,31
1235 - One Bedroom Primum Apartment Sea View,3899674a-38a3-4b63-9ce3-47a4e7c17022,9a25f0c9-ef73-415e-b6b0-2ac2e133389d,2027-04-19,31
1235 - One Bedroom Primum Apartment Sea View,3899674a-38a3-4b63-9ce3-47a4e7c17022,9a25f0c9-ef73-415e-b6b0-2ac2e133389d,2027-04-20,31
1235 - One Bedroom Primum Apartment Sea View,3899674a-38a3-4b63-9ce3-47a4e7c17022,9a25f0c9-ef73-415e-b6b0-2ac2e133389d,2027-04-21,31
1235 - One Bedroom Primum Apartment Sea View,3899674a-38a3-4b63-9ce3-47a4e7c17022,9a25f0c9-ef73-415e-b6b0-2ac2e133389d,2027-04-22,31
1235 - One Bedroom Primum Apartment Sea View,3899674a-38a3-4b63-9ce3-47a4e7c17022,9a25f0c9-ef73-415e-b6b0-2ac2e133389d,2027-04-23,31
1235 - One Bedroom Primum Apartment Sea View,3899674a-38a3-4b63-9ce3-47a4e7c17022,9a25f0c9-ef73-415e-b6b0-2ac2e133389d,2027-04-24,31
1235 - One Bedroom Primum Apartment Sea View,3899674a-38a3-4b63-9ce3-47a4e7c17022,9a25f0c9-ef73-415e-b6b0-2ac2e133389d,2027-04-25,31
1235 - One Bedroom Primum Apartment Sea View,3899674a-38a3-4b63-9ce3-47a4e7c17022,9a25f0c9-ef73-415e-b6b0-2ac2e133389d,2027-04-26,31
1235 - One Bedroom Primum Apartment Sea View,3899674a-38a3-4b63-9ce3-47a4e7c17022,9a25f0c9-ef73-415e-b6b0-2ac2e133389d,2027-04-27,31
1235 - One Bedroom Primum Apartment Sea View,3899674a-38a3-4b63-9ce3-47a4e7c17022,9a25f0c9-ef73-415e-b6b0-2ac2e133389d,2027-04-28,31
1235 - One Bedroom Primum Apartment Sea View,3899674a-38a3-4b63-9ce3-47a4e7c17022,9a25f0c9-ef73-415e-b6b0-2ac2e133389d,2027-04-29,31
1235 - One Bedroom Primum Apartment Sea View,3899674a-38a3-4b63-9ce3-47a4e7c17022,9a25f0c9-ef73-415e-b6b0-2ac2e133389d,2027-04-30,31
1235 - One Bedroom Primum Apartment Sea View,3899674a-38a3-4b63-9ce3-47a4e7c17022,9a25f0c9-ef73-415e-b6b0-2ac2e133389d,2027-05-01,31
1235 - One Bedroom Primum Apartment Sea View,3899674a-38a3-4b63-9ce3-47a4e7c17022,9a25f0c9-ef73-415e-b6b0-2ac2e133389d,2027-05-02,31
1235 - One Bedroom Primum Apartment Sea View,3899674a-38a3-4b63-9ce3-47a4e7c17022,9a25f0c9-ef73-415e-b6b0-2ac2e133389d,2027-05-03,31
1235 - One Bedroom Primum Apartment Sea View,3899674a-38a3-4b63-9ce3-47a4e7c17022,9a25f0c9-ef73-415e-b6b0-2ac2e133389d,2027-05-04,31
1235 - One Bedroom Primum Apartment Sea View,3899674a-38a3-4b63-9ce3-47a4e7c17022,9a25f0c9-ef73-415e-b6b0-2ac2e133389d,2027-05-05,31
1235 - One Bedroom Primum Apartment Sea View,3899674a-38a3-4b63-9ce3-47a4e7c17022,9a25f0c9-ef73-415e-b6b0-2ac2e133389d,2027-05-06,31
1235 - One Bedroom Primum Apartment Sea View,3899674a-38a3-4b63-9ce3-47a4e7c17022,9a25f0c9-ef73-415e-b6b0-2ac2e133389d,2027-05-07,31
1235 - One Bedroom Primum Apartment Sea View,3899674a-38a3-4b63-9ce3-47a4e7c17022,9a25f0c9-ef73-415e-b6b0-2ac2e133389d,2027-05-08,31
1235 - One Bedroom Primum Apartment Sea View,3899674a-38a3-4b63-9ce3-47a4e7c17022,9a25f0c9-ef73-415e-b6b0-2ac2e133389d,2027-05-09,31
1235 - One Bedroom Primum Apartment Sea View,3899674a-38a3-4b63-9ce3-47a4e7c17022,9a25f0c9-ef73-415e-b6b0-2ac2e133389d,2027-05-10,31
1235 - One Bedroom Primum Apartment Sea View,3899674a-38a3-4b63-9ce3-47a4e7c17022,9a25f0c9-ef73-415e-b6b0-2ac2e133389d,2027-05-11,31
1235 - One Bedroom Primum Apartment Sea View,3899674a-38a3-4b63-9ce3-47a4e7c17022,9a25f0c9-ef73-415e-b6b0-2ac2e133389d,2027-05-12,31
1235 - One Bedroom Primum Apartment Sea View,3899674a-38a3-4b63-9ce3-47a4e7c17022,9a25f0c9-ef73-415e-b6b0-2ac2e133389d,2027-05-13,31
1235 - One Bedroom Primum Apartment Sea View,3899674a-38a3-4b63-9ce3-47a4e7c17022,9a25f0c9-ef73-415e-b6b0-2ac2e133389d,2027-05-14,31
1235 - One Bedroom Primum Apartment Sea View,3899674a-38a3-4b63-9ce3-47a4e7c17022,9a25f0c9-ef73-415e-b6b0-2ac2e133389d,2027-05-15,31
1235 - One Bedroom Primum Apartment Sea View,3899674a-38a3-4b63-9ce3-47a4e7c17022,9a25f0c9-ef73-415e-b6b0-2ac2e133389d,2027-05-16,31
1235 - One Bedroom Primum Apartment Sea View,3899674a-38a3-4b63-9ce3-47a4e7c17022,9a25f0c9-ef73-415e-b6b0-2ac2e133389d,2027-05-17,31
1235 - One Bedroom Primum Apartment Sea View,3899674a-38a3-4b63-9ce3-47a4e7c17022,9a25f0c9-ef73-415e-b6b0-2ac2e133389d,2027-05-18,31
1235 - One Bedroom Primum Apartment Sea View,3899674a-38a3-4b63-9ce3-47a4e7c17022,9a25f0c9-ef73-415e-b6b0-2ac2e133389d,2027-05-19,31
1235 - One Bedroom Primum Apartment Sea View,3899674a-38a3-4b63-9ce3-47a4e7c17022,9a25f0c9-ef73-415e-b6b0-2ac2e133389d,2027-05-20,31
1235 - One Bedroom Primum Apartment Sea View,3899674a-38a3-4b63-9ce3-47a4e7c17022,9a25f0c9-ef73-415e-b6b0-2ac2e133389d,2027-05-21,31
1235 - One Bedroom Primum Apartment Sea View,3899674a-38a3-4b63-9ce3-47a4e7c17022,9a25f0c9-ef73-415e-b6b0-2ac2e133389d,2027-05-22,31
1235 - One Bedroom Primum Apartment Sea View,3899674a-38a3-4b63-9ce3-47a4e7c17022,9a25f0c9-ef73-415e-b6b0-2ac2e133389d,2027-05-23,31
1235 - One Bedroom Primum Apartment Sea View,3899674a-38a3-4b63-9ce3-47a4e7c17022,9a25f0c9-ef73-415e-b6b0-2ac2e133389d,2027-05-24,31
1235 - One Bedroom Primum Apartment Sea View,3899674a-38a3-4b63-9ce3-47a4e7c17022,9a25f0c9-ef73-415e-b6b0-2ac2e133389d,2027-05-25,31
1235 - One Bedroom Primum Apartment Sea View,3899674a-38a3-4b63-9ce3-47a4e7c17022,9a25f0c9-ef73-415e-b6b0-2ac2e133389d,2027-05-26,31
1235 - One Bedroom Primum Apartment Sea View,3899674a-38a3-4b63-9ce3-47a4e7c17022,9a25f0c9-ef73-415e-b6b0-2ac2e133389d,2027-05-27,31
1235 - One Bedroom Primum Apartment Sea View,3899674a-38a3-4b63-9ce3-47a4e7c17022,9a25f0c9-ef73-415e-b6b0-2ac2e133389d,2027-05-28,31
1235 - One Bedroom Primum Apartment Sea View,3899674a-38a3-4b63-9ce3-47a4e7c17022,9a25f0c9-ef73-415e-b6b0-2ac2e133389d,2027-05-29,31
1235 - One Bedroom Primum Apartment Sea View,3899674a-38a3-4b63-9ce3-47a4e7c17022,9a25f0c9-ef73-415e-b6b0-2ac2e133389d,2027-05-30,31
1235 - One Bedroom Primum Apartment Sea View,3899674a-38a3-4b63-9ce3-47a4e7c17022,9a25f0c9-ef73-415e-b6b0-2ac2e133389d,2027-05-31,31
1235 - One Bedroom Primum Apartment Sea View,3899674a-38a3-4b63-9ce3-47a4e7c17022,9a25f0c9-ef73-415e-b6b0-2ac2e133389d,2027-06-01,31
1235 - One Bedroom Primum Apartment Sea View,3899674a-38a3-4b63-9ce3-47a4e7c17022,9a25f0c9-ef73-415e-b6b0-2ac2e133389d,2027-06-02,31
1235 - One Bedroom Primum Apartment Sea View,3899674a-38a3-4b63-9ce3-47a4e7c17022,9a25f0c9-ef73-415e-b6b0-2ac2e133389d,2027-06-03,31
1235 - One Bedroom Primum Apartment Sea View,3899674a-38a3-4b63-9ce3-47a4e7c17022,9a25f0c9-ef73-415e-b6b0-2ac2e133389d,2027-06-04,31
1235 - One Bedroom Primum Apartment Sea View,3899674a-38a3-4b63-9ce3-47a4e7c17022,9a25f0c9-ef73-415e-b6b0-2ac2e133389d,2027-06-05,31
1235 - One Bedroom Primum Apartment Sea View,3899674a-38a3-4b63-9ce3-47a4e7c17022,9a25f0c9-ef73-415e-b6b0-2ac2e133389d,2027-06-06,31
1235 - One Bedroom Primum Apartment Sea View,3899674a-38a3-4b63-9ce3-47a4e7c17022,9a25f0c9-ef73-415e-b6b0-2ac2e133389d,2027-06-07,31
1235 - One Bedroom Primum Apartment Sea View,3899674a-38a3-4b63-9ce3-47a4e7c17022,9a25f0c9-ef73-415e-b6b0-2ac2e133389d,2027-06-08,31
1235 - One Bedroom Primum Apartment Sea View,3899674a-38a3-4b63-9ce3-47a4e7c17022,9a25f0c9-ef73-415e-b6b0-2ac2e133389d,2027-06-09,31
1235 - One Bedroom Primum Apartment Sea View,3899674a-38a3-4b63-9ce3-47a4e7c17022,9a25f0c9-ef73-415e-b6b0-2ac2e133389d,2027-06-10,31
1235 - One Bedroom Primum Apartment Sea View,3899674a-38a3-4b63-9ce3-47a4e7c17022,9a25f0c9-ef73-415e-b6b0-2ac2e133389d,2027-06-11,31
1235 - One Bedroom Primum Apartment Sea View,3899674a-38a3-4b63-9ce3-47a4e7c17022,9a25f0c9-ef73-415e-b6b0-2ac2e133389d,2027-06-12,31
1235 - One Bedroom Primum Apartment Sea View,3899674a-38a3-4b63-9ce3-47a4e7c17022,9a25f0c9-ef73-415e-b6b0-2ac2e133389d,2027-06-13,31
1235 - One Bedroom Primum Apartment Sea View,3899674a-38a3-4b63-9ce3-47a4e7c17022,9a25f0c9-ef73-415e-b6b0-2ac2e133389d,2027-06-14,31
1235 - One Bedroom Primum Apartment Sea View,3899674a-38a3-4b63-9ce3-47a4e7c17022,9a25f0c9-ef73-415e-b6b0-2ac2e133389d,2027-06-15,31
1235 - One Bedroom Primum Apartment Sea View,3899674a-38a3-4b63-9ce3-47a4e7c17022,9a25f0c9-ef73-415e-b6b0-2ac2e133389d,2027-06-16,31
1235 - One Bedroom Primum Apartment Sea View,3899674a-38a3-4b63-9ce3-47a4e7c17022,9a25f0c9-ef73-415e-b6b0-2ac2e133389d,2027-06-17,31
1235 - One Bedroom Primum Apartment Sea View,3899674a-38a3-4b63-9ce3-47a4e7c17022,9a25f0c9-ef73-415e-b6b0-2ac2e133389d,2027-06-18,31
1235 - One Bedroom Primum Apartment Sea View,3899674a-38a3-4b63-9ce3-47a4e7c17022,9a25f0c9-ef73-415e-b6b0-2ac2e133389d,2027-06-19,31
1235 - One Bedroom Primum Apartment Sea View,3899674a-38a3-4b63-9ce3-47a4e7c17022,9a25f0c9-ef73-415e-b6b0-2ac2e133389d,2027-06-20,31
1235 - One Bedroom Primum Apartment Sea View,3899674a-38a3-4b63-9ce3-47a4e7c17022,9a25f0c9-ef73-415e-b6b0-2ac2e133389d,2027-06-21,31
1235 - One Bedroom Primum Apartment Sea View,3899674a-38a3-4b63-9ce3-47a4e7c17022,9a25f0c9-ef73-415e-b6b0-2ac2e133389d,2027-06-22,31
1235 - One Bedroom Primum Apartment Sea View,3899674a-38a3-4b63-9ce3-47a4e7c17022,9a25f0c9-ef73-415e-b6b0-2ac2e133389d,2027-06-23,31
1235 - One Bedroom Primum Apartment Sea View,3899674a-38a3-4b63-9ce3-47a4e7c17022,9a25f0c9-ef73-415e-b6b0-2ac2e133389d,2027-06-24,31
1235 - One Bedroom Primum Apartment Sea View,3899674a-38a3-4b63-9ce3-47a4e7c17022,9a25f0c9-ef73-415e-b6b0-2ac2e133389d,2027-06-25,31
1235 - One Bedroom Primum Apartment Sea View,3899674a-38a3-4b63-9ce3-47a4e7c17022,9a25f0c9-ef73-415e-b6b0-2ac2e133389d,2027-06-26,31
1235 - One Bedroom Primum Apartment Sea View,3899674a-38a3-4b63-9ce3-47a4e7c17022,9a25f0c9-ef73-415e-b6b0-2ac2e133389d,2027-06-27,31
1235 - One Bedroom Primum Apartment Sea View,3899674a-38a3-4b63-9ce3-47a4e7c17022,9a25f0c9-ef73-415e-b6b0-2ac2e133389d,2027-06-28,31
1235 - One Bedroom Primum Apartment Sea View,3899674a-38a3-4b63-9ce3-47a4e7c17022,9a25f0c9-ef73-415e-b6b0-2ac2e133389d,2027-06-29,31
1235 - One Bedroom Primum Apartment Sea View,3899674a-38a3-4b63-9ce3-47a4e7c17022,9a25f0c9-ef73-415e-b6b0-2ac2e133389d,2027-06-30,31
1235 - One Bedroom Primum Apartment Sea View,3899674a-38a3-4b63-9ce3-47a4e7c17022,9a25f0c9-ef73-415e-b6b0-2ac2e133389d,2027-07-01,31
1235 - One Bedroom Primum Apartment Sea View,3899674a-38a3-4b63-9ce3-47a4e7c17022,9a25f0c9-ef73-415e-b6b0-2ac2e133389d,2027-07-02,31
1235 - One Bedroom Primum Apartment Sea View,3899674a-38a3-4b63-9ce3-47a4e7c17022,9a25f0c9-ef73-415e-b6b0-2ac2e133389d,2027-07-03,31
1235 - One Bedroom Primum Apartment Sea View,3899674a-38a3-4b63-9ce3-47a4e7c17022,9a25f0c9-ef73-415e-b6b0-2ac2e133389d,2027-07-04,31
1235 - One Bedroom Primum Apartment Sea View,3899674a-38a3-4b63-9ce3-47a4e7c17022,9a25f0c9-ef73-415e-b6b0-2ac2e133389d,2027-07-05,31
1235 - One Bedroom Primum Apartment Sea View,3899674a-38a3-4b63-9ce3-47a4e7c17022,9a25f0c9-ef73-415e-b6b0-2ac2e133389d,2027-07-06,31
1235 - One Bedroom Primum Apartment Sea View,3899674a-38a3-4b63-9ce3-47a4e7c17022,9a25f0c9-ef73-415e-b6b0-2ac2e133389d,2027-07-07,31
1235 - One Bedroom Primum Apartment Sea View,3899674a-38a3-4b63-9ce3-47a4e7c17022,9a25f0c9-ef73-415e-b6b0-2ac2e133389d,2027-07-08,31
1235 - One Bedroom Primum Apartment Sea View,3899674a-38a3-4b63-9ce3-47a4e7c17022,9a25f0c9-ef73-415e-b6b0-2ac2e133389d,2027-07-09,31
1235 - One Bedroom Primum Apartment Sea View,3899674a-38a3-4b63-9ce3-47a4e7c17022,9a25f0c9-ef73-415e-b6b0-2ac2e133389d,2027-07-10,31
1235 - One Bedroom Primum Apartment Sea View,3899674a-38a3-4b63-9ce3-47a4e7c17022,9a25f0c9-ef73-415e-b6b0-2ac2e133389d,2027-07-11,31
1235 - One Bedroom Primum Apartment Sea View,3899674a-38a3-4b63-9ce3-47a4e7c17022,9a25f0c9-ef73-415e-b6b0-2ac2e133389d,2027-07-12,31
1235 - One Bedroom Primum Apartment Sea View,3899674a-38a3-4b63-9ce3-47a4e7c17022,9a25f0c9-ef73-415e-b6b0-2ac2e133389d,2027-07-13,31
1235 - One Bedroom Primum Apartment Sea View,3899674a-38a3-4b63-9ce3-47a4e7c17022,9a25f0c9-ef73-415e-b6b0-2ac2e133389d,2027-07-14,31
1235 - One Bedroom Primum Apartment Sea View,3899674a-38a3-4b63-9ce3-47a4e7c17022,9a25f0c9-ef73-415e-b6b0-2ac2e133389d,2027-07-15,31
1235 - One Bedroom Primum Apartment Sea View,3899674a-38a3-4b63-9ce3-47a4e7c17022,9a25f0c9-ef73-415e-b6b0-2ac2e133389d,2027-07-16,31
1235 - One Bedroom Primum Apartment Sea View,3899674a-38a3-4b63-9ce3-47a4e7c17022,9a25f0c9-ef73-415e-b6b0-2ac2e133389d,2027-07-17,31
1235 - One Bedroom Primum Apartment Sea View,3899674a-38a3-4b63-9ce3-47a4e7c17022,9a25f0c9-ef73-415e-b6b0-2ac2e133389d,2027-07-18,31
1235 - One Bedroom Primum Apartment Sea View,3899674a-38a3-4b63-9ce3-47a4e7c17022,9a25f0c9-ef73-415e-b6b0-2ac2e133389d,2027-07-19,31
1235 - One Bedroom Primum Apartment Sea View,3899674a-38a3-4b63-9ce3-47a4e7c17022,9a25f0c9-ef73-415e-b6b0-2ac2e133389d,2027-07-20,31
1235 - One Bedroom Primum Apartment Sea View,3899674a-38a3-4b63-9ce3-47a4e7c17022,9a25f0c9-ef73-415e-b6b0-2ac2e133389d,2027-07-21,31
1235 - One Bedroom Primum Apartment Sea View,3899674a-38a3-4b63-9ce3-47a4e7c17022,9a25f0c9-ef73-415e-b6b0-2ac2e133389d,2027-07-22,31
1235 - One Bedroom Primum Apartment Sea View,3899674a-38a3-4b63-9ce3-47a4e7c17022,9a25f0c9-ef73-415e-b6b0-2ac2e133389d,2027-07-23,31
1235 - One Bedroom Primum Apartment Sea View,3899674a-38a3-4b63-9ce3-47a4e7c17022,9a25f0c9-ef73-415e-b6b0-2ac2e133389d,2027-07-24,31
1235 - One Bedroom Primum Apartment Sea View,3899674a-38a3-4b63-9ce3-47a4e7c17022,9a25f0c9-ef73-415e-b6b0-2ac2e133389d,2027-07-25,31
1235 - One Bedroom Primum Apartment Sea View,3899674a-38a3-4b63-9ce3-47a4e7c17022,9a25f0c9-ef73-415e-b6b0-2ac2e133389d,2027-07-26,31
1235 - One Bedroom Primum Apartment Sea View,3899674a-38a3-4b63-9ce3-47a4e7c17022,9a25f0c9-ef73-415e-b6b0-2ac2e133389d,2027-07-27,31
1235 - One Bedroom Primum Apartment Sea View,3899674a-38a3-4b63-9ce3-47a4e7c17022,9a25f0c9-ef73-415e-b6b0-2ac2e133389d,2027-07-28,31
1235 - One Bedroom Primum Apartment Sea View,3899674a-38a3-4b63-9ce3-47a4e7c17022,9a25f0c9-ef73-415e-b6b0-2ac2e133389d,2027-07-29,31
1235 - One Bedroom Primum Apartment Sea View,3899674a-38a3-4b63-9ce3-47a4e7c17022,9a25f0c9-ef73-415e-b6b0-2ac2e133389d,2027-07-30,31
1235 - One Bedroom Primum Apartment Sea View,3899674a-38a3-4b63-9ce3-47a4e7c17022,9a25f0c9-ef73-415e-b6b0-2ac2e133389d,2027-07-31,31
1235 - One Bedroom Primum Apartment Sea View,3899674a-38a3-4b63-9ce3-47a4e7c17022,9a25f0c9-ef73-415e-b6b0-2ac2e133389d,2027-08-01,31
1235 - One Bedroom Primum Apartment Sea View,3899674a-38a3-4b63-9ce3-47a4e7c17022,9a25f0c9-ef73-415e-b6b0-2ac2e133389d,2027-08-02,31
1235 - One Bedroom Primum Apartment Sea View,3899674a-38a3-4b63-9ce3-47a4e7c17022,9a25f0c9-ef73-415e-b6b0-2ac2e133389d,2027-08-03,31
1237 - One Bedroom Apartment Sea View,8450f49d-8d3c-4fb3-8979-c5d8d28661c7,22e69912-2719-4499-992a-da09f47bcd80,2026-07-25,31
1237 - One Bedroom Apartment Sea View,8450f49d-8d3c-4fb3-8979-c5d8d28661c7,22e69912-2719-4499-992a-da09f47bcd80,2026-07-26,31
1237 - One Bedroom Apartment Sea View,8450f49d-8d3c-4fb3-8979-c5d8d28661c7,22e69912-2719-4499-992a-da09f47bcd80,2026-07-27,31
1237 - One Bedroom Apartment Sea View,8450f49d-8d3c-4fb3-8979-c5d8d28661c7,22e69912-2719-4499-992a-da09f47bcd80,2026-07-28,31
1237 - One Bedroom Apartment Sea View,8450f49d-8d3c-4fb3-8979-c5d8d28661c7,22e69912-2719-4499-992a-da09f47bcd80,2026-07-29,31
1237 - One Bedroom Apartment Sea View,8450f49d-8d3c-4fb3-8979-c5d8d28661c7,22e69912-2719-4499-992a-da09f47bcd80,2026-07-30,31
1237 - One Bedroom Apartment Sea View,8450f49d-8d3c-4fb3-8979-c5d8d28661c7,22e69912-2719-4499-992a-da09f47bcd80,2026-07-31,31
1237 - One Bedroom Apartment Sea View,8450f49d-8d3c-4fb3-8979-c5d8d28661c7,22e69912-2719-4499-992a-da09f47bcd80,2026-08-01,31
1237 - One Bedroom Apartment Sea View,8450f49d-8d3c-4fb3-8979-c5d8d28661c7,22e69912-2719-4499-992a-da09f47bcd80,2026-08-02,31
1237 - One Bedroom Apartment Sea View,8450f49d-8d3c-4fb3-8979-c5d8d28661c7,22e69912-2719-4499-992a-da09f47bcd80,2026-08-03,31
1237 - One Bedroom Apartment Sea View,8450f49d-8d3c-4fb3-8979-c5d8d28661c7,22e69912-2719-4499-992a-da09f47bcd80,2026-08-04,31
1237 - One Bedroom Apartment Sea View,8450f49d-8d3c-4fb3-8979-c5d8d28661c7,22e69912-2719-4499-992a-da09f47bcd80,2026-08-05,31
1237 - One Bedroom Apartment Sea View,8450f49d-8d3c-4fb3-8979-c5d8d28661c7,22e69912-2719-4499-992a-da09f47bcd80,2026-08-06,31
1237 - One Bedroom Apartment Sea View,8450f49d-8d3c-4fb3-8979-c5d8d28661c7,22e69912-2719-4499-992a-da09f47bcd80,2026-08-07,31
1237 - One Bedroom Apartment Sea View,8450f49d-8d3c-4fb3-8979-c5d8d28661c7,22e69912-2719-4499-992a-da09f47bcd80,2026-08-08,31
1237 - One Bedroom Apartment Sea View,8450f49d-8d3c-4fb3-8979-c5d8d28661c7,22e69912-2719-4499-992a-da09f47bcd80,2026-08-09,31
1237 - One Bedroom Apartment Sea View,8450f49d-8d3c-4fb3-8979-c5d8d28661c7,22e69912-2719-4499-992a-da09f47bcd80,2026-08-10,31
1237 - One Bedroom Apartment Sea View,8450f49d-8d3c-4fb3-8979-c5d8d28661c7,22e69912-2719-4499-992a-da09f47bcd80,2026-08-11,31
1237 - One Bedroom Apartment Sea View,8450f49d-8d3c-4fb3-8979-c5d8d28661c7,22e69912-2719-4499-992a-da09f47bcd80,2026-08-12,31
1237 - One Bedroom Apartment Sea View,8450f49d-8d3c-4fb3-8979-c5d8d28661c7,22e69912-2719-4499-992a-da09f47bcd80,2026-08-13,31
1237 - One Bedroom Apartment Sea View,8450f49d-8d3c-4fb3-8979-c5d8d28661c7,22e69912-2719-4499-992a-da09f47bcd80,2026-08-14,31
1237 - One Bedroom Apartment Sea View,8450f49d-8d3c-4fb3-8979-c5d8d28661c7,22e69912-2719-4499-992a-da09f47bcd80,2026-08-15,31
1237 - One Bedroom Apartment Sea View,8450f49d-8d3c-4fb3-8979-c5d8d28661c7,22e69912-2719-4499-992a-da09f47bcd80,2026-08-16,31
1237 - One Bedroom Apartment Sea View,8450f49d-8d3c-4fb3-8979-c5d8d28661c7,22e69912-2719-4499-992a-da09f47bcd80,2026-08-17,31
1237 - One Bedroom Apartment Sea View,8450f49d-8d3c-4fb3-8979-c5d8d28661c7,22e69912-2719-4499-992a-da09f47bcd80,2026-08-18,31
1237 - One Bedroom Apartment Sea View,8450f49d-8d3c-4fb3-8979-c5d8d28661c7,22e69912-2719-4499-992a-da09f47bcd80,2026-08-19,31
1237 - One Bedroom Apartment Sea View,8450f49d-8d3c-4fb3-8979-c5d8d28661c7,22e69912-2719-4499-992a-da09f47bcd80,2026-08-20,31
1237 - One Bedroom Apartment Sea View,8450f49d-8d3c-4fb3-8979-c5d8d28661c7,22e69912-2719-4499-992a-da09f47bcd80,2026-08-21,31
1237 - One Bedroom Apartment Sea View,8450f49d-8d3c-4fb3-8979-c5d8d28661c7,22e69912-2719-4499-992a-da09f47bcd80,2026-08-22,31
1237 - One Bedroom Apartment Sea View,8450f49d-8d3c-4fb3-8979-c5d8d28661c7,22e69912-2719-4499-992a-da09f47bcd80,2026-08-23,31
1237 - One Bedroom Apartment Sea View,8450f49d-8d3c-4fb3-8979-c5d8d28661c7,22e69912-2719-4499-992a-da09f47bcd80,2026-08-24,31
1237 - One Bedroom Apartment Sea View,8450f49d-8d3c-4fb3-8979-c5d8d28661c7,22e69912-2719-4499-992a-da09f47bcd80,2026-08-25,31
1237 - One Bedroom Apartment Sea View,8450f49d-8d3c-4fb3-8979-c5d8d28661c7,22e69912-2719-4499-992a-da09f47bcd80,2026-08-26,31
1237 - One Bedroom Apartment Sea View,8450f49d-8d3c-4fb3-8979-c5d8d28661c7,22e69912-2719-4499-992a-da09f47bcd80,2026-08-27,31
1237 - One Bedroom Apartment Sea View,8450f49d-8d3c-4fb3-8979-c5d8d28661c7,22e69912-2719-4499-992a-da09f47bcd80,2026-08-28,31
1237 - One Bedroom Apartment Sea View,8450f49d-8d3c-4fb3-8979-c5d8d28661c7,22e69912-2719-4499-992a-da09f47bcd80,2026-08-29,31
1237 - One Bedroom Apartment Sea View,8450f49d-8d3c-4fb3-8979-c5d8d28661c7,22e69912-2719-4499-992a-da09f47bcd80,2026-08-30,31
1237 - One Bedroom Apartment Sea View,8450f49d-8d3c-4fb3-8979-c5d8d28661c7,22e69912-2719-4499-992a-da09f47bcd80,2026-08-31,31
1237 - One Bedroom Apartment Sea View,8450f49d-8d3c-4fb3-8979-c5d8d28661c7,22e69912-2719-4499-992a-da09f47bcd80,2026-09-01,31
1237 - One Bedroom Apartment Sea View,8450f49d-8d3c-4fb3-8979-c5d8d28661c7,22e69912-2719-4499-992a-da09f47bcd80,2026-09-02,31
1237 - One Bedroom Apartment Sea View,8450f49d-8d3c-4fb3-8979-c5d8d28661c7,22e69912-2719-4499-992a-da09f47bcd80,2026-09-03,31
1237 - One Bedroom Apartment Sea View,8450f49d-8d3c-4fb3-8979-c5d8d28661c7,22e69912-2719-4499-992a-da09f47bcd80,2026-09-04,31
1237 - One Bedroom Apartment Sea View,8450f49d-8d3c-4fb3-8979-c5d8d28661c7,22e69912-2719-4499-992a-da09f47bcd80,2026-09-05,31
1237 - One Bedroom Apartment Sea View,8450f49d-8d3c-4fb3-8979-c5d8d28661c7,22e69912-2719-4499-992a-da09f47bcd80,2026-09-06,31
1237 - One Bedroom Apartment Sea View,8450f49d-8d3c-4fb3-8979-c5d8d28661c7,22e69912-2719-4499-992a-da09f47bcd80,2026-09-07,31
1237 - One Bedroom Apartment Sea View,8450f49d-8d3c-4fb3-8979-c5d8d28661c7,22e69912-2719-4499-992a-da09f47bcd80,2026-09-08,31
1237 - One Bedroom Apartment Sea View,8450f49d-8d3c-4fb3-8979-c5d8d28661c7,22e69912-2719-4499-992a-da09f47bcd80,2026-09-09,31
1237 - One Bedroom Apartment Sea View,8450f49d-8d3c-4fb3-8979-c5d8d28661c7,22e69912-2719-4499-992a-da09f47bcd80,2026-09-10,31
1237 - One Bedroom Apartment Sea View,8450f49d-8d3c-4fb3-8979-c5d8d28661c7,22e69912-2719-4499-992a-da09f47bcd80,2026-09-11,31
1237 - One Bedroom Apartment Sea View,8450f49d-8d3c-4fb3-8979-c5d8d28661c7,22e69912-2719-4499-992a-da09f47bcd80,2026-09-12,31
1237 - One Bedroom Apartment Sea View,8450f49d-8d3c-4fb3-8979-c5d8d28661c7,22e69912-2719-4499-992a-da09f47bcd80,2026-09-13,31
1237 - One Bedroom Apartment Sea View,8450f49d-8d3c-4fb3-8979-c5d8d28661c7,22e69912-2719-4499-992a-da09f47bcd80,2026-09-14,31
1237 - One Bedroom Apartment Sea View,8450f49d-8d3c-4fb3-8979-c5d8d28661c7,22e69912-2719-4499-992a-da09f47bcd80,2026-09-15,31
1237 - One Bedroom Apartment Sea View,8450f49d-8d3c-4fb3-8979-c5d8d28661c7,22e69912-2719-4499-992a-da09f47bcd80,2026-09-16,31
1237 - One Bedroom Apartment Sea View,8450f49d-8d3c-4fb3-8979-c5d8d28661c7,22e69912-2719-4499-992a-da09f47bcd80,2026-09-17,31
1237 - One Bedroom Apartment Sea View,8450f49d-8d3c-4fb3-8979-c5d8d28661c7,22e69912-2719-4499-992a-da09f47bcd80,2026-09-18,31
1237 - One Bedroom Apartment Sea View,8450f49d-8d3c-4fb3-8979-c5d8d28661c7,22e69912-2719-4499-992a-da09f47bcd80,2026-09-19,31
1237 - One Bedroom Apartment Sea View,8450f49d-8d3c-4fb3-8979-c5d8d28661c7,22e69912-2719-4499-992a-da09f47bcd80,2026-09-20,31
1237 - One Bedroom Apartment Sea View,8450f49d-8d3c-4fb3-8979-c5d8d28661c7,22e69912-2719-4499-992a-da09f47bcd80,2026-09-21,31
1237 - One Bedroom Apartment Sea View,8450f49d-8d3c-4fb3-8979-c5d8d28661c7,22e69912-2719-4499-992a-da09f47bcd80,2026-09-22,31
1237 - One Bedroom Apartment Sea View,8450f49d-8d3c-4fb3-8979-c5d8d28661c7,22e69912-2719-4499-992a-da09f47bcd80,2026-09-23,31
1237 - One Bedroom Apartment Sea View,8450f49d-8d3c-4fb3-8979-c5d8d28661c7,22e69912-2719-4499-992a-da09f47bcd80,2026-09-24,31
1237 - One Bedroom Apartment Sea View,8450f49d-8d3c-4fb3-8979-c5d8d28661c7,22e69912-2719-4499-992a-da09f47bcd80,2026-09-25,31
1237 - One Bedroom Apartment Sea View,8450f49d-8d3c-4fb3-8979-c5d8d28661c7,22e69912-2719-4499-992a-da09f47bcd80,2026-09-26,31
1237 - One Bedroom Apartment Sea View,8450f49d-8d3c-4fb3-8979-c5d8d28661c7,22e69912-2719-4499-992a-da09f47bcd80,2026-09-27,31
1237 - One Bedroom Apartment Sea View,8450f49d-8d3c-4fb3-8979-c5d8d28661c7,22e69912-2719-4499-992a-da09f47bcd80,2026-09-28,31
1237 - One Bedroom Apartment Sea View,8450f49d-8d3c-4fb3-8979-c5d8d28661c7,22e69912-2719-4499-992a-da09f47bcd80,2026-09-29,31
1237 - One Bedroom Apartment Sea View,8450f49d-8d3c-4fb3-8979-c5d8d28661c7,22e69912-2719-4499-992a-da09f47bcd80,2026-09-30,31
1237 - One Bedroom Apartment Sea View,8450f49d-8d3c-4fb3-8979-c5d8d28661c7,22e69912-2719-4499-992a-da09f47bcd80,2026-10-01,31
1237 - One Bedroom Apartment Sea View,8450f49d-8d3c-4fb3-8979-c5d8d28661c7,22e69912-2719-4499-992a-da09f47bcd80,2026-10-02,31
1237 - One Bedroom Apartment Sea View,8450f49d-8d3c-4fb3-8979-c5d8d28661c7,22e69912-2719-4499-992a-da09f47bcd80,2026-10-03,31
1237 - One Bedroom Apartment Sea View,8450f49d-8d3c-4fb3-8979-c5d8d28661c7,22e69912-2719-4499-992a-da09f47bcd80,2026-10-04,31
1237 - One Bedroom Apartment Sea View,8450f49d-8d3c-4fb3-8979-c5d8d28661c7,22e69912-2719-4499-992a-da09f47bcd80,2026-10-05,31
1237 - One Bedroom Apartment Sea View,8450f49d-8d3c-4fb3-8979-c5d8d28661c7,22e69912-2719-4499-992a-da09f47bcd80,2026-10-06,31
1237 - One Bedroom Apartment Sea View,8450f49d-8d3c-4fb3-8979-c5d8d28661c7,22e69912-2719-4499-992a-da09f47bcd80,2026-10-07,31
1237 - One Bedroom Apartment Sea View,8450f49d-8d3c-4fb3-8979-c5d8d28661c7,22e69912-2719-4499-992a-da09f47bcd80,2026-10-08,31
1237 - One Bedroom Apartment Sea View,8450f49d-8d3c-4fb3-8979-c5d8d28661c7,22e69912-2719-4499-992a-da09f47bcd80,2026-10-09,31
1237 - One Bedroom Apartment Sea View,8450f49d-8d3c-4fb3-8979-c5d8d28661c7,22e69912-2719-4499-992a-da09f47bcd80,2026-10-10,31
1237 - One Bedroom Apartment Sea View,8450f49d-8d3c-4fb3-8979-c5d8d28661c7,22e69912-2719-4499-992a-da09f47bcd80,2026-10-11,31
1237 - One Bedroom Apartment Sea View,8450f49d-8d3c-4fb3-8979-c5d8d28661c7,22e69912-2719-4499-992a-da09f47bcd80,2026-10-12,31
1237 - One Bedroom Apartment Sea View,8450f49d-8d3c-4fb3-8979-c5d8d28661c7,22e69912-2719-4499-992a-da09f47bcd80,2026-10-13,31
1237 - One Bedroom Apartment Sea View,8450f49d-8d3c-4fb3-8979-c5d8d28661c7,22e69912-2719-4499-992a-da09f47bcd80,2026-10-14,31
1237 - One Bedroom Apartment Sea View,8450f49d-8d3c-4fb3-8979-c5d8d28661c7,22e69912-2719-4499-992a-da09f47bcd80,2026-10-15,31
1237 - One Bedroom Apartment Sea View,8450f49d-8d3c-4fb3-8979-c5d8d28661c7,22e69912-2719-4499-992a-da09f47bcd80,2026-10-16,31
1237 - One Bedroom Apartment Sea View,8450f49d-8d3c-4fb3-8979-c5d8d28661c7,22e69912-2719-4499-992a-da09f47bcd80,2026-10-17,31
1237 - One Bedroom Apartment Sea View,8450f49d-8d3c-4fb3-8979-c5d8d28661c7,22e69912-2719-4499-992a-da09f47bcd80,2026-10-18,31
1237 - One Bedroom Apartment Sea View,8450f49d-8d3c-4fb3-8979-c5d8d28661c7,22e69912-2719-4499-992a-da09f47bcd80,2026-10-19,31
1237 - One Bedroom Apartment Sea View,8450f49d-8d3c-4fb3-8979-c5d8d28661c7,22e69912-2719-4499-992a-da09f47bcd80,2026-10-20,31
1237 - One Bedroom Apartment Sea View,8450f49d-8d3c-4fb3-8979-c5d8d28661c7,22e69912-2719-4499-992a-da09f47bcd80,2026-10-21,31
1237 - One Bedroom Apartment Sea View,8450f49d-8d3c-4fb3-8979-c5d8d28661c7,22e69912-2719-4499-992a-da09f47bcd80,2026-10-22,31
1237 - One Bedroom Apartment Sea View,8450f49d-8d3c-4fb3-8979-c5d8d28661c7,22e69912-2719-4499-992a-da09f47bcd80,2026-10-23,31
1237 - One Bedroom Apartment Sea View,8450f49d-8d3c-4fb3-8979-c5d8d28661c7,22e69912-2719-4499-992a-da09f47bcd80,2026-10-24,31
1237 - One Bedroom Apartment Sea View,8450f49d-8d3c-4fb3-8979-c5d8d28661c7,22e69912-2719-4499-992a-da09f47bcd80,2026-10-25,31
1237 - One Bedroom Apartment Sea View,8450f49d-8d3c-4fb3-8979-c5d8d28661c7,22e69912-2719-4499-992a-da09f47bcd80,2026-10-26,31
1237 - One Bedroom Apartment Sea View,8450f49d-8d3c-4fb3-8979-c5d8d28661c7,22e69912-2719-4499-992a-da09f47bcd80,2026-10-27,31
1237 - One Bedroom Apartment Sea View,8450f49d-8d3c-4fb3-8979-c5d8d28661c7,22e69912-2719-4499-992a-da09f47bcd80,2026-10-28,31
1237 - One Bedroom Apartment Sea View,8450f49d-8d3c-4fb3-8979-c5d8d28661c7,22e69912-2719-4499-992a-da09f47bcd80,2026-10-29,31
1237 - One Bedroom Apartment Sea View,8450f49d-8d3c-4fb3-8979-c5d8d28661c7,22e69912-2719-4499-992a-da09f47bcd80,2026-10-30,31
1237 - One Bedroom Apartment Sea View,8450f49d-8d3c-4fb3-8979-c5d8d28661c7,22e69912-2719-4499-992a-da09f47bcd80,2026-10-31,31
1237 - One Bedroom Apartment Sea View,8450f49d-8d3c-4fb3-8979-c5d8d28661c7,22e69912-2719-4499-992a-da09f47bcd80,2026-11-01,31
1237 - One Bedroom Apartment Sea View,8450f49d-8d3c-4fb3-8979-c5d8d28661c7,22e69912-2719-4499-992a-da09f47bcd80,2026-11-02,31
1237 - One Bedroom Apartment Sea View,8450f49d-8d3c-4fb3-8979-c5d8d28661c7,22e69912-2719-4499-992a-da09f47bcd80,2026-11-03,31
1237 - One Bedroom Apartment Sea View,8450f49d-8d3c-4fb3-8979-c5d8d28661c7,22e69912-2719-4499-992a-da09f47bcd80,2026-11-04,31
1237 - One Bedroom Apartment Sea View,8450f49d-8d3c-4fb3-8979-c5d8d28661c7,22e69912-2719-4499-992a-da09f47bcd80,2026-11-05,31
1237 - One Bedroom Apartment Sea View,8450f49d-8d3c-4fb3-8979-c5d8d28661c7,22e69912-2719-4499-992a-da09f47bcd80,2026-11-06,31
1237 - One Bedroom Apartment Sea View,8450f49d-8d3c-4fb3-8979-c5d8d28661c7,22e69912-2719-4499-992a-da09f47bcd80,2026-11-07,31
1237 - One Bedroom Apartment Sea View,8450f49d-8d3c-4fb3-8979-c5d8d28661c7,22e69912-2719-4499-992a-da09f47bcd80,2026-11-08,31
1237 - One Bedroom Apartment Sea View,8450f49d-8d3c-4fb3-8979-c5d8d28661c7,22e69912-2719-4499-992a-da09f47bcd80,2026-11-09,31
1237 - One Bedroom Apartment Sea View,8450f49d-8d3c-4fb3-8979-c5d8d28661c7,22e69912-2719-4499-992a-da09f47bcd80,2026-11-10,31
1237 - One Bedroom Apartment Sea View,8450f49d-8d3c-4fb3-8979-c5d8d28661c7,22e69912-2719-4499-992a-da09f47bcd80,2026-11-11,31
1237 - One Bedroom Apartment Sea View,8450f49d-8d3c-4fb3-8979-c5d8d28661c7,22e69912-2719-4499-992a-da09f47bcd80,2026-11-12,31
1237 - One Bedroom Apartment Sea View,8450f49d-8d3c-4fb3-8979-c5d8d28661c7,22e69912-2719-4499-992a-da09f47bcd80,2026-11-13,31
1237 - One Bedroom Apartment Sea View,8450f49d-8d3c-4fb3-8979-c5d8d28661c7,22e69912-2719-4499-992a-da09f47bcd80,2026-11-14,31
1237 - One Bedroom Apartment Sea View,8450f49d-8d3c-4fb3-8979-c5d8d28661c7,22e69912-2719-4499-992a-da09f47bcd80,2026-11-15,31
1237 - One Bedroom Apartment Sea View,8450f49d-8d3c-4fb3-8979-c5d8d28661c7,22e69912-2719-4499-992a-da09f47bcd80,2026-11-16,31
1237 - One Bedroom Apartment Sea View,8450f49d-8d3c-4fb3-8979-c5d8d28661c7,22e69912-2719-4499-992a-da09f47bcd80,2026-11-17,31
1237 - One Bedroom Apartment Sea View,8450f49d-8d3c-4fb3-8979-c5d8d28661c7,22e69912-2719-4499-992a-da09f47bcd80,2026-11-18,31
1237 - One Bedroom Apartment Sea View,8450f49d-8d3c-4fb3-8979-c5d8d28661c7,22e69912-2719-4499-992a-da09f47bcd80,2026-11-19,31
1237 - One Bedroom Apartment Sea View,8450f49d-8d3c-4fb3-8979-c5d8d28661c7,22e69912-2719-4499-992a-da09f47bcd80,2026-11-20,31
1237 - One Bedroom Apartment Sea View,8450f49d-8d3c-4fb3-8979-c5d8d28661c7,22e69912-2719-4499-992a-da09f47bcd80,2026-11-21,31
1237 - One Bedroom Apartment Sea View,8450f49d-8d3c-4fb3-8979-c5d8d28661c7,22e69912-2719-4499-992a-da09f47bcd80,2026-11-22,31
1237 - One Bedroom Apartment Sea View,8450f49d-8d3c-4fb3-8979-c5d8d28661c7,22e69912-2719-4499-992a-da09f47bcd80,2026-11-23,31
1237 - One Bedroom Apartment Sea View,8450f49d-8d3c-4fb3-8979-c5d8d28661c7,22e69912-2719-4499-992a-da09f47bcd80,2026-11-24,31
1237 - One Bedroom Apartment Sea View,8450f49d-8d3c-4fb3-8979-c5d8d28661c7,22e69912-2719-4499-992a-da09f47bcd80,2026-11-25,31
1237 - One Bedroom Apartment Sea View,8450f49d-8d3c-4fb3-8979-c5d8d28661c7,22e69912-2719-4499-992a-da09f47bcd80,2026-11-26,31
1237 - One Bedroom Apartment Sea View,8450f49d-8d3c-4fb3-8979-c5d8d28661c7,22e69912-2719-4499-992a-da09f47bcd80,2026-11-27,31
1237 - One Bedroom Apartment Sea View,8450f49d-8d3c-4fb3-8979-c5d8d28661c7,22e69912-2719-4499-992a-da09f47bcd80,2026-11-28,31
1237 - One Bedroom Apartment Sea View,8450f49d-8d3c-4fb3-8979-c5d8d28661c7,22e69912-2719-4499-992a-da09f47bcd80,2026-11-29,31
1237 - One Bedroom Apartment Sea View,8450f49d-8d3c-4fb3-8979-c5d8d28661c7,22e69912-2719-4499-992a-da09f47bcd80,2026-11-30,31
1237 - One Bedroom Apartment Sea View,8450f49d-8d3c-4fb3-8979-c5d8d28661c7,22e69912-2719-4499-992a-da09f47bcd80,2026-12-01,31
1237 - One Bedroom Apartment Sea View,8450f49d-8d3c-4fb3-8979-c5d8d28661c7,22e69912-2719-4499-992a-da09f47bcd80,2026-12-02,31
1237 - One Bedroom Apartment Sea View,8450f49d-8d3c-4fb3-8979-c5d8d28661c7,22e69912-2719-4499-992a-da09f47bcd80,2026-12-03,31
1237 - One Bedroom Apartment Sea View,8450f49d-8d3c-4fb3-8979-c5d8d28661c7,22e69912-2719-4499-992a-da09f47bcd80,2026-12-04,31
1237 - One Bedroom Apartment Sea View,8450f49d-8d3c-4fb3-8979-c5d8d28661c7,22e69912-2719-4499-992a-da09f47bcd80,2026-12-05,31
1237 - One Bedroom Apartment Sea View,8450f49d-8d3c-4fb3-8979-c5d8d28661c7,22e69912-2719-4499-992a-da09f47bcd80,2026-12-06,31
1237 - One Bedroom Apartment Sea View,8450f49d-8d3c-4fb3-8979-c5d8d28661c7,22e69912-2719-4499-992a-da09f47bcd80,2026-12-07,31
1237 - One Bedroom Apartment Sea View,8450f49d-8d3c-4fb3-8979-c5d8d28661c7,22e69912-2719-4499-992a-da09f47bcd80,2026-12-08,31
1237 - One Bedroom Apartment Sea View,8450f49d-8d3c-4fb3-8979-c5d8d28661c7,22e69912-2719-4499-992a-da09f47bcd80,2026-12-09,31
1237 - One Bedroom Apartment Sea View,8450f49d-8d3c-4fb3-8979-c5d8d28661c7,22e69912-2719-4499-992a-da09f47bcd80,2026-12-10,31
1237 - One Bedroom Apartment Sea View,8450f49d-8d3c-4fb3-8979-c5d8d28661c7,22e69912-2719-4499-992a-da09f47bcd80,2026-12-11,31
1237 - One Bedroom Apartment Sea View,8450f49d-8d3c-4fb3-8979-c5d8d28661c7,22e69912-2719-4499-992a-da09f47bcd80,2026-12-12,31
1237 - One Bedroom Apartment Sea View,8450f49d-8d3c-4fb3-8979-c5d8d28661c7,22e69912-2719-4499-992a-da09f47bcd80,2026-12-13,31
1237 - One Bedroom Apartment Sea View,8450f49d-8d3c-4fb3-8979-c5d8d28661c7,22e69912-2719-4499-992a-da09f47bcd80,2026-12-14,31
1237 - One Bedroom Apartment Sea View,8450f49d-8d3c-4fb3-8979-c5d8d28661c7,22e69912-2719-4499-992a-da09f47bcd80,2026-12-15,31
1237 - One Bedroom Apartment Sea View,8450f49d-8d3c-4fb3-8979-c5d8d28661c7,22e69912-2719-4499-992a-da09f47bcd80,2026-12-16,31
1237 - One Bedroom Apartment Sea View,8450f49d-8d3c-4fb3-8979-c5d8d28661c7,22e69912-2719-4499-992a-da09f47bcd80,2026-12-17,31
1237 - One Bedroom Apartment Sea View,8450f49d-8d3c-4fb3-8979-c5d8d28661c7,22e69912-2719-4499-992a-da09f47bcd80,2026-12-18,31
1237 - One Bedroom Apartment Sea View,8450f49d-8d3c-4fb3-8979-c5d8d28661c7,22e69912-2719-4499-992a-da09f47bcd80,2026-12-19,31
1237 - One Bedroom Apartment Sea View,8450f49d-8d3c-4fb3-8979-c5d8d28661c7,22e69912-2719-4499-992a-da09f47bcd80,2026-12-20,31
1237 - One Bedroom Apartment Sea View,8450f49d-8d3c-4fb3-8979-c5d8d28661c7,22e69912-2719-4499-992a-da09f47bcd80,2026-12-21,31
1237 - One Bedroom Apartment Sea View,8450f49d-8d3c-4fb3-8979-c5d8d28661c7,22e69912-2719-4499-992a-da09f47bcd80,2026-12-22,31
1237 - One Bedroom Apartment Sea View,8450f49d-8d3c-4fb3-8979-c5d8d28661c7,22e69912-2719-4499-992a-da09f47bcd80,2026-12-23,31
1237 - One Bedroom Apartment Sea View,8450f49d-8d3c-4fb3-8979-c5d8d28661c7,22e69912-2719-4499-992a-da09f47bcd80,2026-12-24,31
1237 - One Bedroom Apartment Sea View,8450f49d-8d3c-4fb3-8979-c5d8d28661c7,22e69912-2719-4499-992a-da09f47bcd80,2026-12-25,31
1237 - One Bedroom Apartment Sea View,8450f49d-8d3c-4fb3-8979-c5d8d28661c7,22e69912-2719-4499-992a-da09f47bcd80,2026-12-26,31
1237 - One Bedroom Apartment Sea View,8450f49d-8d3c-4fb3-8979-c5d8d28661c7,22e69912-2719-4499-992a-da09f47bcd80,2026-12-27,31
1237 - One Bedroom Apartment Sea View,8450f49d-8d3c-4fb3-8979-c5d8d28661c7,22e69912-2719-4499-992a-da09f47bcd80,2026-12-28,31
1237 - One Bedroom Apartment Sea View,8450f49d-8d3c-4fb3-8979-c5d8d28661c7,22e69912-2719-4499-992a-da09f47bcd80,2026-12-29,31
1237 - One Bedroom Apartment Sea View,8450f49d-8d3c-4fb3-8979-c5d8d28661c7,22e69912-2719-4499-992a-da09f47bcd80,2026-12-30,31
1237 - One Bedroom Apartment Sea View,8450f49d-8d3c-4fb3-8979-c5d8d28661c7,22e69912-2719-4499-992a-da09f47bcd80,2026-12-31,31
1237 - One Bedroom Apartment Sea View,8450f49d-8d3c-4fb3-8979-c5d8d28661c7,22e69912-2719-4499-992a-da09f47bcd80,2027-01-01,31
1237 - One Bedroom Apartment Sea View,8450f49d-8d3c-4fb3-8979-c5d8d28661c7,22e69912-2719-4499-992a-da09f47bcd80,2027-01-02,31
1237 - One Bedroom Apartment Sea View,8450f49d-8d3c-4fb3-8979-c5d8d28661c7,22e69912-2719-4499-992a-da09f47bcd80,2027-01-03,31
1237 - One Bedroom Apartment Sea View,8450f49d-8d3c-4fb3-8979-c5d8d28661c7,22e69912-2719-4499-992a-da09f47bcd80,2027-01-04,31
1237 - One Bedroom Apartment Sea View,8450f49d-8d3c-4fb3-8979-c5d8d28661c7,22e69912-2719-4499-992a-da09f47bcd80,2027-01-05,31
1237 - One Bedroom Apartment Sea View,8450f49d-8d3c-4fb3-8979-c5d8d28661c7,22e69912-2719-4499-992a-da09f47bcd80,2027-01-06,31
1237 - One Bedroom Apartment Sea View,8450f49d-8d3c-4fb3-8979-c5d8d28661c7,22e69912-2719-4499-992a-da09f47bcd80,2027-01-07,31
1237 - One Bedroom Apartment Sea View,8450f49d-8d3c-4fb3-8979-c5d8d28661c7,22e69912-2719-4499-992a-da09f47bcd80,2027-01-08,31
1237 - One Bedroom Apartment Sea View,8450f49d-8d3c-4fb3-8979-c5d8d28661c7,22e69912-2719-4499-992a-da09f47bcd80,2027-01-09,31
1237 - One Bedroom Apartment Sea View,8450f49d-8d3c-4fb3-8979-c5d8d28661c7,22e69912-2719-4499-992a-da09f47bcd80,2027-01-10,31
1237 - One Bedroom Apartment Sea View,8450f49d-8d3c-4fb3-8979-c5d8d28661c7,22e69912-2719-4499-992a-da09f47bcd80,2027-01-11,31
1237 - One Bedroom Apartment Sea View,8450f49d-8d3c-4fb3-8979-c5d8d28661c7,22e69912-2719-4499-992a-da09f47bcd80,2027-01-12,31
1237 - One Bedroom Apartment Sea View,8450f49d-8d3c-4fb3-8979-c5d8d28661c7,22e69912-2719-4499-992a-da09f47bcd80,2027-01-13,31
1237 - One Bedroom Apartment Sea View,8450f49d-8d3c-4fb3-8979-c5d8d28661c7,22e69912-2719-4499-992a-da09f47bcd80,2027-01-14,31
1237 - One Bedroom Apartment Sea View,8450f49d-8d3c-4fb3-8979-c5d8d28661c7,22e69912-2719-4499-992a-da09f47bcd80,2027-01-15,31
1237 - One Bedroom Apartment Sea View,8450f49d-8d3c-4fb3-8979-c5d8d28661c7,22e69912-2719-4499-992a-da09f47bcd80,2027-01-16,31
1237 - One Bedroom Apartment Sea View,8450f49d-8d3c-4fb3-8979-c5d8d28661c7,22e69912-2719-4499-992a-da09f47bcd80,2027-01-17,31
1237 - One Bedroom Apartment Sea View,8450f49d-8d3c-4fb3-8979-c5d8d28661c7,22e69912-2719-4499-992a-da09f47bcd80,2027-01-18,31
1237 - One Bedroom Apartment Sea View,8450f49d-8d3c-4fb3-8979-c5d8d28661c7,22e69912-2719-4499-992a-da09f47bcd80,2027-01-19,31
1237 - One Bedroom Apartment Sea View,8450f49d-8d3c-4fb3-8979-c5d8d28661c7,22e69912-2719-4499-992a-da09f47bcd80,2027-01-20,31
1237 - One Bedroom Apartment Sea View,8450f49d-8d3c-4fb3-8979-c5d8d28661c7,22e69912-2719-4499-992a-da09f47bcd80,2027-01-21,31
1237 - One Bedroom Apartment Sea View,8450f49d-8d3c-4fb3-8979-c5d8d28661c7,22e69912-2719-4499-992a-da09f47bcd80,2027-01-22,31
1237 - One Bedroom Apartment Sea View,8450f49d-8d3c-4fb3-8979-c5d8d28661c7,22e69912-2719-4499-992a-da09f47bcd80,2027-01-23,31
1237 - One Bedroom Apartment Sea View,8450f49d-8d3c-4fb3-8979-c5d8d28661c7,22e69912-2719-4499-992a-da09f47bcd80,2027-01-24,31
1237 - One Bedroom Apartment Sea View,8450f49d-8d3c-4fb3-8979-c5d8d28661c7,22e69912-2719-4499-992a-da09f47bcd80,2027-01-25,31
1237 - One Bedroom Apartment Sea View,8450f49d-8d3c-4fb3-8979-c5d8d28661c7,22e69912-2719-4499-992a-da09f47bcd80,2027-01-26,31
1237 - One Bedroom Apartment Sea View,8450f49d-8d3c-4fb3-8979-c5d8d28661c7,22e69912-2719-4499-992a-da09f47bcd80,2027-01-27,31
1237 - One Bedroom Apartment Sea View,8450f49d-8d3c-4fb3-8979-c5d8d28661c7,22e69912-2719-4499-992a-da09f47bcd80,2027-01-28,31
1237 - One Bedroom Apartment Sea View,8450f49d-8d3c-4fb3-8979-c5d8d28661c7,22e69912-2719-4499-992a-da09f47bcd80,2027-01-29,31
1237 - One Bedroom Apartment Sea View,8450f49d-8d3c-4fb3-8979-c5d8d28661c7,22e69912-2719-4499-992a-da09f47bcd80,2027-01-30,31
1237 - One Bedroom Apartment Sea View,8450f49d-8d3c-4fb3-8979-c5d8d28661c7,22e69912-2719-4499-992a-da09f47bcd80,2027-01-31,31
1237 - One Bedroom Apartment Sea View,8450f49d-8d3c-4fb3-8979-c5d8d28661c7,22e69912-2719-4499-992a-da09f47bcd80,2027-02-01,31
1237 - One Bedroom Apartment Sea View,8450f49d-8d3c-4fb3-8979-c5d8d28661c7,22e69912-2719-4499-992a-da09f47bcd80,2027-02-02,31
1237 - One Bedroom Apartment Sea View,8450f49d-8d3c-4fb3-8979-c5d8d28661c7,22e69912-2719-4499-992a-da09f47bcd80,2027-02-03,31
1237 - One Bedroom Apartment Sea View,8450f49d-8d3c-4fb3-8979-c5d8d28661c7,22e69912-2719-4499-992a-da09f47bcd80,2027-02-04,31
1237 - One Bedroom Apartment Sea View,8450f49d-8d3c-4fb3-8979-c5d8d28661c7,22e69912-2719-4499-992a-da09f47bcd80,2027-02-05,31
1237 - One Bedroom Apartment Sea View,8450f49d-8d3c-4fb3-8979-c5d8d28661c7,22e69912-2719-4499-992a-da09f47bcd80,2027-02-06,31
1237 - One Bedroom Apartment Sea View,8450f49d-8d3c-4fb3-8979-c5d8d28661c7,22e69912-2719-4499-992a-da09f47bcd80,2027-02-07,31
1237 - One Bedroom Apartment Sea View,8450f49d-8d3c-4fb3-8979-c5d8d28661c7,22e69912-2719-4499-992a-da09f47bcd80,2027-02-08,31
1237 - One Bedroom Apartment Sea View,8450f49d-8d3c-4fb3-8979-c5d8d28661c7,22e69912-2719-4499-992a-da09f47bcd80,2027-02-09,31
1237 - One Bedroom Apartment Sea View,8450f49d-8d3c-4fb3-8979-c5d8d28661c7,22e69912-2719-4499-992a-da09f47bcd80,2027-02-10,31
1237 - One Bedroom Apartment Sea View,8450f49d-8d3c-4fb3-8979-c5d8d28661c7,22e69912-2719-4499-992a-da09f47bcd80,2027-02-11,31
1237 - One Bedroom Apartment Sea View,8450f49d-8d3c-4fb3-8979-c5d8d28661c7,22e69912-2719-4499-992a-da09f47bcd80,2027-02-12,31
1237 - One Bedroom Apartment Sea View,8450f49d-8d3c-4fb3-8979-c5d8d28661c7,22e69912-2719-4499-992a-da09f47bcd80,2027-02-13,31
1237 - One Bedroom Apartment Sea View,8450f49d-8d3c-4fb3-8979-c5d8d28661c7,22e69912-2719-4499-992a-da09f47bcd80,2027-02-14,31
1237 - One Bedroom Apartment Sea View,8450f49d-8d3c-4fb3-8979-c5d8d28661c7,22e69912-2719-4499-992a-da09f47bcd80,2027-02-15,31
1237 - One Bedroom Apartment Sea View,8450f49d-8d3c-4fb3-8979-c5d8d28661c7,22e69912-2719-4499-992a-da09f47bcd80,2027-02-16,31
1237 - One Bedroom Apartment Sea View,8450f49d-8d3c-4fb3-8979-c5d8d28661c7,22e69912-2719-4499-992a-da09f47bcd80,2027-02-17,31
1237 - One Bedroom Apartment Sea View,8450f49d-8d3c-4fb3-8979-c5d8d28661c7,22e69912-2719-4499-992a-da09f47bcd80,2027-02-18,31
1237 - One Bedroom Apartment Sea View,8450f49d-8d3c-4fb3-8979-c5d8d28661c7,22e69912-2719-4499-992a-da09f47bcd80,2027-02-19,31
1237 - One Bedroom Apartment Sea View,8450f49d-8d3c-4fb3-8979-c5d8d28661c7,22e69912-2719-4499-992a-da09f47bcd80,2027-02-20,31
1237 - One Bedroom Apartment Sea View,8450f49d-8d3c-4fb3-8979-c5d8d28661c7,22e69912-2719-4499-992a-da09f47bcd80,2027-02-21,31
1237 - One Bedroom Apartment Sea View,8450f49d-8d3c-4fb3-8979-c5d8d28661c7,22e69912-2719-4499-992a-da09f47bcd80,2027-02-22,31
1237 - One Bedroom Apartment Sea View,8450f49d-8d3c-4fb3-8979-c5d8d28661c7,22e69912-2719-4499-992a-da09f47bcd80,2027-02-23,31
1237 - One Bedroom Apartment Sea View,8450f49d-8d3c-4fb3-8979-c5d8d28661c7,22e69912-2719-4499-992a-da09f47bcd80,2027-02-24,31
1237 - One Bedroom Apartment Sea View,8450f49d-8d3c-4fb3-8979-c5d8d28661c7,22e69912-2719-4499-992a-da09f47bcd80,2027-02-25,31
1237 - One Bedroom Apartment Sea View,8450f49d-8d3c-4fb3-8979-c5d8d28661c7,22e69912-2719-4499-992a-da09f47bcd80,2027-02-26,31
1237 - One Bedroom Apartment Sea View,8450f49d-8d3c-4fb3-8979-c5d8d28661c7,22e69912-2719-4499-992a-da09f47bcd80,2027-02-27,31
1237 - One Bedroom Apartment Sea View,8450f49d-8d3c-4fb3-8979-c5d8d28661c7,22e69912-2719-4499-992a-da09f47bcd80,2027-02-28,31
1237 - One Bedroom Apartment Sea View,8450f49d-8d3c-4fb3-8979-c5d8d28661c7,22e69912-2719-4499-992a-da09f47bcd80,2027-03-01,31
1237 - One Bedroom Apartment Sea View,8450f49d-8d3c-4fb3-8979-c5d8d28661c7,22e69912-2719-4499-992a-da09f47bcd80,2027-03-02,31
1237 - One Bedroom Apartment Sea View,8450f49d-8d3c-4fb3-8979-c5d8d28661c7,22e69912-2719-4499-992a-da09f47bcd80,2027-03-03,31
1237 - One Bedroom Apartment Sea View,8450f49d-8d3c-4fb3-8979-c5d8d28661c7,22e69912-2719-4499-992a-da09f47bcd80,2027-03-04,31
1237 - One Bedroom Apartment Sea View,8450f49d-8d3c-4fb3-8979-c5d8d28661c7,22e69912-2719-4499-992a-da09f47bcd80,2027-03-05,31
1237 - One Bedroom Apartment Sea View,8450f49d-8d3c-4fb3-8979-c5d8d28661c7,22e69912-2719-4499-992a-da09f47bcd80,2027-03-06,31
1237 - One Bedroom Apartment Sea View,8450f49d-8d3c-4fb3-8979-c5d8d28661c7,22e69912-2719-4499-992a-da09f47bcd80,2027-03-07,31
1237 - One Bedroom Apartment Sea View,8450f49d-8d3c-4fb3-8979-c5d8d28661c7,22e69912-2719-4499-992a-da09f47bcd80,2027-03-08,31
1237 - One Bedroom Apartment Sea View,8450f49d-8d3c-4fb3-8979-c5d8d28661c7,22e69912-2719-4499-992a-da09f47bcd80,2027-03-09,31
1237 - One Bedroom Apartment Sea View,8450f49d-8d3c-4fb3-8979-c5d8d28661c7,22e69912-2719-4499-992a-da09f47bcd80,2027-03-10,31
1237 - One Bedroom Apartment Sea View,8450f49d-8d3c-4fb3-8979-c5d8d28661c7,22e69912-2719-4499-992a-da09f47bcd80,2027-03-11,31
1237 - One Bedroom Apartment Sea View,8450f49d-8d3c-4fb3-8979-c5d8d28661c7,22e69912-2719-4499-992a-da09f47bcd80,2027-03-12,31
1237 - One Bedroom Apartment Sea View,8450f49d-8d3c-4fb3-8979-c5d8d28661c7,22e69912-2719-4499-992a-da09f47bcd80,2027-03-13,31
1237 - One Bedroom Apartment Sea View,8450f49d-8d3c-4fb3-8979-c5d8d28661c7,22e69912-2719-4499-992a-da09f47bcd80,2027-03-14,31
1237 - One Bedroom Apartment Sea View,8450f49d-8d3c-4fb3-8979-c5d8d28661c7,22e69912-2719-4499-992a-da09f47bcd80,2027-03-15,31
1237 - One Bedroom Apartment Sea View,8450f49d-8d3c-4fb3-8979-c5d8d28661c7,22e69912-2719-4499-992a-da09f47bcd80,2027-03-16,31
1237 - One Bedroom Apartment Sea View,8450f49d-8d3c-4fb3-8979-c5d8d28661c7,22e69912-2719-4499-992a-da09f47bcd80,2027-03-17,31
1237 - One Bedroom Apartment Sea View,8450f49d-8d3c-4fb3-8979-c5d8d28661c7,22e69912-2719-4499-992a-da09f47bcd80,2027-03-18,31
1237 - One Bedroom Apartment Sea View,8450f49d-8d3c-4fb3-8979-c5d8d28661c7,22e69912-2719-4499-992a-da09f47bcd80,2027-03-19,31
1237 - One Bedroom Apartment Sea View,8450f49d-8d3c-4fb3-8979-c5d8d28661c7,22e69912-2719-4499-992a-da09f47bcd80,2027-03-20,31
1237 - One Bedroom Apartment Sea View,8450f49d-8d3c-4fb3-8979-c5d8d28661c7,22e69912-2719-4499-992a-da09f47bcd80,2027-03-21,31
1237 - One Bedroom Apartment Sea View,8450f49d-8d3c-4fb3-8979-c5d8d28661c7,22e69912-2719-4499-992a-da09f47bcd80,2027-03-22,31
1237 - One Bedroom Apartment Sea View,8450f49d-8d3c-4fb3-8979-c5d8d28661c7,22e69912-2719-4499-992a-da09f47bcd80,2027-03-23,31
1237 - One Bedroom Apartment Sea View,8450f49d-8d3c-4fb3-8979-c5d8d28661c7,22e69912-2719-4499-992a-da09f47bcd80,2027-03-24,31
1237 - One Bedroom Apartment Sea View,8450f49d-8d3c-4fb3-8979-c5d8d28661c7,22e69912-2719-4499-992a-da09f47bcd80,2027-03-25,31
1237 - One Bedroom Apartment Sea View,8450f49d-8d3c-4fb3-8979-c5d8d28661c7,22e69912-2719-4499-992a-da09f47bcd80,2027-03-26,31
1237 - One Bedroom Apartment Sea View,8450f49d-8d3c-4fb3-8979-c5d8d28661c7,22e69912-2719-4499-992a-da09f47bcd80,2027-03-27,31
1237 - One Bedroom Apartment Sea View,8450f49d-8d3c-4fb3-8979-c5d8d28661c7,22e69912-2719-4499-992a-da09f47bcd80,2027-03-28,31
1237 - One Bedroom Apartment Sea View,8450f49d-8d3c-4fb3-8979-c5d8d28661c7,22e69912-2719-4499-992a-da09f47bcd80,2027-03-29,31
1237 - One Bedroom Apartment Sea View,8450f49d-8d3c-4fb3-8979-c5d8d28661c7,22e69912-2719-4499-992a-da09f47bcd80,2027-03-30,31
1237 - One Bedroom Apartment Sea View,8450f49d-8d3c-4fb3-8979-c5d8d28661c7,22e69912-2719-4499-992a-da09f47bcd80,2027-03-31,31
1237 - One Bedroom Apartment Sea View,8450f49d-8d3c-4fb3-8979-c5d8d28661c7,22e69912-2719-4499-992a-da09f47bcd80,2027-04-01,31
1237 - One Bedroom Apartment Sea View,8450f49d-8d3c-4fb3-8979-c5d8d28661c7,22e69912-2719-4499-992a-da09f47bcd80,2027-04-02,31
1237 - One Bedroom Apartment Sea View,8450f49d-8d3c-4fb3-8979-c5d8d28661c7,22e69912-2719-4499-992a-da09f47bcd80,2027-04-03,31
1237 - One Bedroom Apartment Sea View,8450f49d-8d3c-4fb3-8979-c5d8d28661c7,22e69912-2719-4499-992a-da09f47bcd80,2027-04-04,31
1237 - One Bedroom Apartment Sea View,8450f49d-8d3c-4fb3-8979-c5d8d28661c7,22e69912-2719-4499-992a-da09f47bcd80,2027-04-05,31
1237 - One Bedroom Apartment Sea View,8450f49d-8d3c-4fb3-8979-c5d8d28661c7,22e69912-2719-4499-992a-da09f47bcd80,2027-04-06,31
1237 - One Bedroom Apartment Sea View,8450f49d-8d3c-4fb3-8979-c5d8d28661c7,22e69912-2719-4499-992a-da09f47bcd80,2027-04-07,31
1237 - One Bedroom Apartment Sea View,8450f49d-8d3c-4fb3-8979-c5d8d28661c7,22e69912-2719-4499-992a-da09f47bcd80,2027-04-08,31
1237 - One Bedroom Apartment Sea View,8450f49d-8d3c-4fb3-8979-c5d8d28661c7,22e69912-2719-4499-992a-da09f47bcd80,2027-04-09,31
1237 - One Bedroom Apartment Sea View,8450f49d-8d3c-4fb3-8979-c5d8d28661c7,22e69912-2719-4499-992a-da09f47bcd80,2027-04-10,31
1237 - One Bedroom Apartment Sea View,8450f49d-8d3c-4fb3-8979-c5d8d28661c7,22e69912-2719-4499-992a-da09f47bcd80,2027-04-11,31
1237 - One Bedroom Apartment Sea View,8450f49d-8d3c-4fb3-8979-c5d8d28661c7,22e69912-2719-4499-992a-da09f47bcd80,2027-04-12,31
1237 - One Bedroom Apartment Sea View,8450f49d-8d3c-4fb3-8979-c5d8d28661c7,22e69912-2719-4499-992a-da09f47bcd80,2027-04-13,31
1237 - One Bedroom Apartment Sea View,8450f49d-8d3c-4fb3-8979-c5d8d28661c7,22e69912-2719-4499-992a-da09f47bcd80,2027-04-14,31
1237 - One Bedroom Apartment Sea View,8450f49d-8d3c-4fb3-8979-c5d8d28661c7,22e69912-2719-4499-992a-da09f47bcd80,2027-04-15,31
1237 - One Bedroom Apartment Sea View,8450f49d-8d3c-4fb3-8979-c5d8d28661c7,22e69912-2719-4499-992a-da09f47bcd80,2027-04-16,31
1237 - One Bedroom Apartment Sea View,8450f49d-8d3c-4fb3-8979-c5d8d28661c7,22e69912-2719-4499-992a-da09f47bcd80,2027-04-17,31
1237 - One Bedroom Apartment Sea View,8450f49d-8d3c-4fb3-8979-c5d8d28661c7,22e69912-2719-4499-992a-da09f47bcd80,2027-04-18,31
1237 - One Bedroom Apartment Sea View,8450f49d-8d3c-4fb3-8979-c5d8d28661c7,22e69912-2719-4499-992a-da09f47bcd80,2027-04-19,31
1237 - One Bedroom Apartment Sea View,8450f49d-8d3c-4fb3-8979-c5d8d28661c7,22e69912-2719-4499-992a-da09f47bcd80,2027-04-20,31
1237 - One Bedroom Apartment Sea View,8450f49d-8d3c-4fb3-8979-c5d8d28661c7,22e69912-2719-4499-992a-da09f47bcd80,2027-04-21,31
1237 - One Bedroom Apartment Sea View,8450f49d-8d3c-4fb3-8979-c5d8d28661c7,22e69912-2719-4499-992a-da09f47bcd80,2027-04-22,31
1237 - One Bedroom Apartment Sea View,8450f49d-8d3c-4fb3-8979-c5d8d28661c7,22e69912-2719-4499-992a-da09f47bcd80,2027-04-23,31
1237 - One Bedroom Apartment Sea View,8450f49d-8d3c-4fb3-8979-c5d8d28661c7,22e69912-2719-4499-992a-da09f47bcd80,2027-04-24,31
1237 - One Bedroom Apartment Sea View,8450f49d-8d3c-4fb3-8979-c5d8d28661c7,22e69912-2719-4499-992a-da09f47bcd80,2027-04-25,31
1237 - One Bedroom Apartment Sea View,8450f49d-8d3c-4fb3-8979-c5d8d28661c7,22e69912-2719-4499-992a-da09f47bcd80,2027-04-26,31
1237 - One Bedroom Apartment Sea View,8450f49d-8d3c-4fb3-8979-c5d8d28661c7,22e69912-2719-4499-992a-da09f47bcd80,2027-04-27,31
1237 - One Bedroom Apartment Sea View,8450f49d-8d3c-4fb3-8979-c5d8d28661c7,22e69912-2719-4499-992a-da09f47bcd80,2027-04-28,31
1237 - One Bedroom Apartment Sea View,8450f49d-8d3c-4fb3-8979-c5d8d28661c7,22e69912-2719-4499-992a-da09f47bcd80,2027-04-29,31
1237 - One Bedroom Apartment Sea View,8450f49d-8d3c-4fb3-8979-c5d8d28661c7,22e69912-2719-4499-992a-da09f47bcd80,2027-04-30,31
1237 - One Bedroom Apartment Sea View,8450f49d-8d3c-4fb3-8979-c5d8d28661c7,22e69912-2719-4499-992a-da09f47bcd80,2027-05-01,31
1237 - One Bedroom Apartment Sea View,8450f49d-8d3c-4fb3-8979-c5d8d28661c7,22e69912-2719-4499-992a-da09f47bcd80,2027-05-02,31
1237 - One Bedroom Apartment Sea View,8450f49d-8d3c-4fb3-8979-c5d8d28661c7,22e69912-2719-4499-992a-da09f47bcd80,2027-05-03,31
1237 - One Bedroom Apartment Sea View,8450f49d-8d3c-4fb3-8979-c5d8d28661c7,22e69912-2719-4499-992a-da09f47bcd80,2027-05-04,31
1237 - One Bedroom Apartment Sea View,8450f49d-8d3c-4fb3-8979-c5d8d28661c7,22e69912-2719-4499-992a-da09f47bcd80,2027-05-05,31
1237 - One Bedroom Apartment Sea View,8450f49d-8d3c-4fb3-8979-c5d8d28661c7,22e69912-2719-4499-992a-da09f47bcd80,2027-05-06,31
1237 - One Bedroom Apartment Sea View,8450f49d-8d3c-4fb3-8979-c5d8d28661c7,22e69912-2719-4499-992a-da09f47bcd80,2027-05-07,31
1237 - One Bedroom Apartment Sea View,8450f49d-8d3c-4fb3-8979-c5d8d28661c7,22e69912-2719-4499-992a-da09f47bcd80,2027-05-08,31
1237 - One Bedroom Apartment Sea View,8450f49d-8d3c-4fb3-8979-c5d8d28661c7,22e69912-2719-4499-992a-da09f47bcd80,2027-05-09,31
1237 - One Bedroom Apartment Sea View,8450f49d-8d3c-4fb3-8979-c5d8d28661c7,22e69912-2719-4499-992a-da09f47bcd80,2027-05-10,31
1237 - One Bedroom Apartment Sea View,8450f49d-8d3c-4fb3-8979-c5d8d28661c7,22e69912-2719-4499-992a-da09f47bcd80,2027-05-11,31
1237 - One Bedroom Apartment Sea View,8450f49d-8d3c-4fb3-8979-c5d8d28661c7,22e69912-2719-4499-992a-da09f47bcd80,2027-05-12,31
1237 - One Bedroom Apartment Sea View,8450f49d-8d3c-4fb3-8979-c5d8d28661c7,22e69912-2719-4499-992a-da09f47bcd80,2027-05-13,31
1237 - One Bedroom Apartment Sea View,8450f49d-8d3c-4fb3-8979-c5d8d28661c7,22e69912-2719-4499-992a-da09f47bcd80,2027-05-14,31
1237 - One Bedroom Apartment Sea View,8450f49d-8d3c-4fb3-8979-c5d8d28661c7,22e69912-2719-4499-992a-da09f47bcd80,2027-05-15,31
1237 - One Bedroom Apartment Sea View,8450f49d-8d3c-4fb3-8979-c5d8d28661c7,22e69912-2719-4499-992a-da09f47bcd80,2027-05-16,31
1237 - One Bedroom Apartment Sea View,8450f49d-8d3c-4fb3-8979-c5d8d28661c7,22e69912-2719-4499-992a-da09f47bcd80,2027-05-17,31
1237 - One Bedroom Apartment Sea View,8450f49d-8d3c-4fb3-8979-c5d8d28661c7,22e69912-2719-4499-992a-da09f47bcd80,2027-05-18,31
1237 - One Bedroom Apartment Sea View,8450f49d-8d3c-4fb3-8979-c5d8d28661c7,22e69912-2719-4499-992a-da09f47bcd80,2027-05-19,31
1237 - One Bedroom Apartment Sea View,8450f49d-8d3c-4fb3-8979-c5d8d28661c7,22e69912-2719-4499-992a-da09f47bcd80,2027-05-20,31
1237 - One Bedroom Apartment Sea View,8450f49d-8d3c-4fb3-8979-c5d8d28661c7,22e69912-2719-4499-992a-da09f47bcd80,2027-05-21,31
1237 - One Bedroom Apartment Sea View,8450f49d-8d3c-4fb3-8979-c5d8d28661c7,22e69912-2719-4499-992a-da09f47bcd80,2027-05-22,31
1237 - One Bedroom Apartment Sea View,8450f49d-8d3c-4fb3-8979-c5d8d28661c7,22e69912-2719-4499-992a-da09f47bcd80,2027-05-23,31
1237 - One Bedroom Apartment Sea View,8450f49d-8d3c-4fb3-8979-c5d8d28661c7,22e69912-2719-4499-992a-da09f47bcd80,2027-05-24,31
1237 - One Bedroom Apartment Sea View,8450f49d-8d3c-4fb3-8979-c5d8d28661c7,22e69912-2719-4499-992a-da09f47bcd80,2027-05-25,31
1237 - One Bedroom Apartment Sea View,8450f49d-8d3c-4fb3-8979-c5d8d28661c7,22e69912-2719-4499-992a-da09f47bcd80,2027-05-26,31
1237 - One Bedroom Apartment Sea View,8450f49d-8d3c-4fb3-8979-c5d8d28661c7,22e69912-2719-4499-992a-da09f47bcd80,2027-05-27,31
1237 - One Bedroom Apartment Sea View,8450f49d-8d3c-4fb3-8979-c5d8d28661c7,22e69912-2719-4499-992a-da09f47bcd80,2027-05-28,31
1237 - One Bedroom Apartment Sea View,8450f49d-8d3c-4fb3-8979-c5d8d28661c7,22e69912-2719-4499-992a-da09f47bcd80,2027-05-29,31
1237 - One Bedroom Apartment Sea View,8450f49d-8d3c-4fb3-8979-c5d8d28661c7,22e69912-2719-4499-992a-da09f47bcd80,2027-05-30,31
1237 - One Bedroom Apartment Sea View,8450f49d-8d3c-4fb3-8979-c5d8d28661c7,22e69912-2719-4499-992a-da09f47bcd80,2027-05-31,31
1237 - One Bedroom Apartment Sea View,8450f49d-8d3c-4fb3-8979-c5d8d28661c7,22e69912-2719-4499-992a-da09f47bcd80,2027-06-01,31
1237 - One Bedroom Apartment Sea View,8450f49d-8d3c-4fb3-8979-c5d8d28661c7,22e69912-2719-4499-992a-da09f47bcd80,2027-06-02,31
1237 - One Bedroom Apartment Sea View,8450f49d-8d3c-4fb3-8979-c5d8d28661c7,22e69912-2719-4499-992a-da09f47bcd80,2027-06-03,31
1237 - One Bedroom Apartment Sea View,8450f49d-8d3c-4fb3-8979-c5d8d28661c7,22e69912-2719-4499-992a-da09f47bcd80,2027-06-04,31
1237 - One Bedroom Apartment Sea View,8450f49d-8d3c-4fb3-8979-c5d8d28661c7,22e69912-2719-4499-992a-da09f47bcd80,2027-06-05,31
1237 - One Bedroom Apartment Sea View,8450f49d-8d3c-4fb3-8979-c5d8d28661c7,22e69912-2719-4499-992a-da09f47bcd80,2027-06-06,31
1237 - One Bedroom Apartment Sea View,8450f49d-8d3c-4fb3-8979-c5d8d28661c7,22e69912-2719-4499-992a-da09f47bcd80,2027-06-07,31
1237 - One Bedroom Apartment Sea View,8450f49d-8d3c-4fb3-8979-c5d8d28661c7,22e69912-2719-4499-992a-da09f47bcd80,2027-06-08,31
1237 - One Bedroom Apartment Sea View,8450f49d-8d3c-4fb3-8979-c5d8d28661c7,22e69912-2719-4499-992a-da09f47bcd80,2027-06-09,31
1237 - One Bedroom Apartment Sea View,8450f49d-8d3c-4fb3-8979-c5d8d28661c7,22e69912-2719-4499-992a-da09f47bcd80,2027-06-10,31
1237 - One Bedroom Apartment Sea View,8450f49d-8d3c-4fb3-8979-c5d8d28661c7,22e69912-2719-4499-992a-da09f47bcd80,2027-06-11,31
1237 - One Bedroom Apartment Sea View,8450f49d-8d3c-4fb3-8979-c5d8d28661c7,22e69912-2719-4499-992a-da09f47bcd80,2027-06-12,31
1237 - One Bedroom Apartment Sea View,8450f49d-8d3c-4fb3-8979-c5d8d28661c7,22e69912-2719-4499-992a-da09f47bcd80,2027-06-13,31
1237 - One Bedroom Apartment Sea View,8450f49d-8d3c-4fb3-8979-c5d8d28661c7,22e69912-2719-4499-992a-da09f47bcd80,2027-06-14,31
1237 - One Bedroom Apartment Sea View,8450f49d-8d3c-4fb3-8979-c5d8d28661c7,22e69912-2719-4499-992a-da09f47bcd80,2027-06-15,31
1237 - One Bedroom Apartment Sea View,8450f49d-8d3c-4fb3-8979-c5d8d28661c7,22e69912-2719-4499-992a-da09f47bcd80,2027-06-16,31
1237 - One Bedroom Apartment Sea View,8450f49d-8d3c-4fb3-8979-c5d8d28661c7,22e69912-2719-4499-992a-da09f47bcd80,2027-06-17,31
1237 - One Bedroom Apartment Sea View,8450f49d-8d3c-4fb3-8979-c5d8d28661c7,22e69912-2719-4499-992a-da09f47bcd80,2027-06-18,31
1237 - One Bedroom Apartment Sea View,8450f49d-8d3c-4fb3-8979-c5d8d28661c7,22e69912-2719-4499-992a-da09f47bcd80,2027-06-19,31
1237 - One Bedroom Apartment Sea View,8450f49d-8d3c-4fb3-8979-c5d8d28661c7,22e69912-2719-4499-992a-da09f47bcd80,2027-06-20,31
1237 - One Bedroom Apartment Sea View,8450f49d-8d3c-4fb3-8979-c5d8d28661c7,22e69912-2719-4499-992a-da09f47bcd80,2027-06-21,31
1237 - One Bedroom Apartment Sea View,8450f49d-8d3c-4fb3-8979-c5d8d28661c7,22e69912-2719-4499-992a-da09f47bcd80,2027-06-22,31
1237 - One Bedroom Apartment Sea View,8450f49d-8d3c-4fb3-8979-c5d8d28661c7,22e69912-2719-4499-992a-da09f47bcd80,2027-06-23,31
1237 - One Bedroom Apartment Sea View,8450f49d-8d3c-4fb3-8979-c5d8d28661c7,22e69912-2719-4499-992a-da09f47bcd80,2027-06-24,31
1237 - One Bedroom Apartment Sea View,8450f49d-8d3c-4fb3-8979-c5d8d28661c7,22e69912-2719-4499-992a-da09f47bcd80,2027-06-25,31
1237 - One Bedroom Apartment Sea View,8450f49d-8d3c-4fb3-8979-c5d8d28661c7,22e69912-2719-4499-992a-da09f47bcd80,2027-06-26,31
1237 - One Bedroom Apartment Sea View,8450f49d-8d3c-4fb3-8979-c5d8d28661c7,22e69912-2719-4499-992a-da09f47bcd80,2027-06-27,31
1237 - One Bedroom Apartment Sea View,8450f49d-8d3c-4fb3-8979-c5d8d28661c7,22e69912-2719-4499-992a-da09f47bcd80,2027-06-28,31
1237 - One Bedroom Apartment Sea View,8450f49d-8d3c-4fb3-8979-c5d8d28661c7,22e69912-2719-4499-992a-da09f47bcd80,2027-06-29,31
1237 - One Bedroom Apartment Sea View,8450f49d-8d3c-4fb3-8979-c5d8d28661c7,22e69912-2719-4499-992a-da09f47bcd80,2027-06-30,31
1237 - One Bedroom Apartment Sea View,8450f49d-8d3c-4fb3-8979-c5d8d28661c7,22e69912-2719-4499-992a-da09f47bcd80,2027-07-01,31
1237 - One Bedroom Apartment Sea View,8450f49d-8d3c-4fb3-8979-c5d8d28661c7,22e69912-2719-4499-992a-da09f47bcd80,2027-07-02,31
1237 - One Bedroom Apartment Sea View,8450f49d-8d3c-4fb3-8979-c5d8d28661c7,22e69912-2719-4499-992a-da09f47bcd80,2027-07-03,31
1237 - One Bedroom Apartment Sea View,8450f49d-8d3c-4fb3-8979-c5d8d28661c7,22e69912-2719-4499-992a-da09f47bcd80,2027-07-04,31
1237 - One Bedroom Apartment Sea View,8450f49d-8d3c-4fb3-8979-c5d8d28661c7,22e69912-2719-4499-992a-da09f47bcd80,2027-07-05,31
1237 - One Bedroom Apartment Sea View,8450f49d-8d3c-4fb3-8979-c5d8d28661c7,22e69912-2719-4499-992a-da09f47bcd80,2027-07-06,31
1237 - One Bedroom Apartment Sea View,8450f49d-8d3c-4fb3-8979-c5d8d28661c7,22e69912-2719-4499-992a-da09f47bcd80,2027-07-07,31
1237 - One Bedroom Apartment Sea View,8450f49d-8d3c-4fb3-8979-c5d8d28661c7,22e69912-2719-4499-992a-da09f47bcd80,2027-07-08,31
1237 - One Bedroom Apartment Sea View,8450f49d-8d3c-4fb3-8979-c5d8d28661c7,22e69912-2719-4499-992a-da09f47bcd80,2027-07-09,31
1237 - One Bedroom Apartment Sea View,8450f49d-8d3c-4fb3-8979-c5d8d28661c7,22e69912-2719-4499-992a-da09f47bcd80,2027-07-10,31
1237 - One Bedroom Apartment Sea View,8450f49d-8d3c-4fb3-8979-c5d8d28661c7,22e69912-2719-4499-992a-da09f47bcd80,2027-07-11,31
1237 - One Bedroom Apartment Sea View,8450f49d-8d3c-4fb3-8979-c5d8d28661c7,22e69912-2719-4499-992a-da09f47bcd80,2027-07-12,31
1237 - One Bedroom Apartment Sea View,8450f49d-8d3c-4fb3-8979-c5d8d28661c7,22e69912-2719-4499-992a-da09f47bcd80,2027-07-13,31
1237 - One Bedroom Apartment Sea View,8450f49d-8d3c-4fb3-8979-c5d8d28661c7,22e69912-2719-4499-992a-da09f47bcd80,2027-07-14,31
1237 - One Bedroom Apartment Sea View,8450f49d-8d3c-4fb3-8979-c5d8d28661c7,22e69912-2719-4499-992a-da09f47bcd80,2027-07-15,31
1237 - One Bedroom Apartment Sea View,8450f49d-8d3c-4fb3-8979-c5d8d28661c7,22e69912-2719-4499-992a-da09f47bcd80,2027-07-16,31
1237 - One Bedroom Apartment Sea View,8450f49d-8d3c-4fb3-8979-c5d8d28661c7,22e69912-2719-4499-992a-da09f47bcd80,2027-07-17,31
1237 - One Bedroom Apartment Sea View,8450f49d-8d3c-4fb3-8979-c5d8d28661c7,22e69912-2719-4499-992a-da09f47bcd80,2027-07-18,31
1237 - One Bedroom Apartment Sea View,8450f49d-8d3c-4fb3-8979-c5d8d28661c7,22e69912-2719-4499-992a-da09f47bcd80,2027-07-19,31
1237 - One Bedroom Apartment Sea View,8450f49d-8d3c-4fb3-8979-c5d8d28661c7,22e69912-2719-4499-992a-da09f47bcd80,2027-07-20,31
1237 - One Bedroom Apartment Sea View,8450f49d-8d3c-4fb3-8979-c5d8d28661c7,22e69912-2719-4499-992a-da09f47bcd80,2027-07-21,31
1237 - One Bedroom Apartment Sea View,8450f49d-8d3c-4fb3-8979-c5d8d28661c7,22e69912-2719-4499-992a-da09f47bcd80,2027-07-22,31
1237 - One Bedroom Apartment Sea View,8450f49d-8d3c-4fb3-8979-c5d8d28661c7,22e69912-2719-4499-992a-da09f47bcd80,2027-07-23,31
1237 - One Bedroom Apartment Sea View,8450f49d-8d3c-4fb3-8979-c5d8d28661c7,22e69912-2719-4499-992a-da09f47bcd80,2027-07-24,31
1237 - One Bedroom Apartment Sea View,8450f49d-8d3c-4fb3-8979-c5d8d28661c7,22e69912-2719-4499-992a-da09f47bcd80,2027-07-25,31
1237 - One Bedroom Apartment Sea View,8450f49d-8d3c-4fb3-8979-c5d8d28661c7,22e69912-2719-4499-992a-da09f47bcd80,2027-07-26,31
1237 - One Bedroom Apartment Sea View,8450f49d-8d3c-4fb3-8979-c5d8d28661c7,22e69912-2719-4499-992a-da09f47bcd80,2027-07-27,31
1237 - One Bedroom Apartment Sea View,8450f49d-8d3c-4fb3-8979-c5d8d28661c7,22e69912-2719-4499-992a-da09f47bcd80,2027-07-28,31
1237 - One Bedroom Apartment Sea View,8450f49d-8d3c-4fb3-8979-c5d8d28661c7,22e69912-2719-4499-992a-da09f47bcd80,2027-07-29,31
1237 - One Bedroom Apartment Sea View,8450f49d-8d3c-4fb3-8979-c5d8d28661c7,22e69912-2719-4499-992a-da09f47bcd80,2027-07-30,31
1237 - One Bedroom Apartment Sea View,8450f49d-8d3c-4fb3-8979-c5d8d28661c7,22e69912-2719-4499-992a-da09f47bcd80,2027-07-31,31
1237 - One Bedroom Apartment Sea View,8450f49d-8d3c-4fb3-8979-c5d8d28661c7,22e69912-2719-4499-992a-da09f47bcd80,2027-08-01,31
1237 - One Bedroom Apartment Sea View,8450f49d-8d3c-4fb3-8979-c5d8d28661c7,22e69912-2719-4499-992a-da09f47bcd80,2027-08-02,31
1237 - One Bedroom Apartment Sea View,8450f49d-8d3c-4fb3-8979-c5d8d28661c7,22e69912-2719-4499-992a-da09f47bcd80,2027-08-03,31
1238 - Studio Delux,fc7bfda0-3e8b-4ec5-bb25-92a0db11358b,0742fe92-ec9b-4592-8e45-9e17ffc5e172,2026-07-25,31
1238 - Studio Delux,fc7bfda0-3e8b-4ec5-bb25-92a0db11358b,0742fe92-ec9b-4592-8e45-9e17ffc5e172,2026-07-26,31
1238 - Studio Delux,fc7bfda0-3e8b-4ec5-bb25-92a0db11358b,0742fe92-ec9b-4592-8e45-9e17ffc5e172,2026-07-27,31
1238 - Studio Delux,fc7bfda0-3e8b-4ec5-bb25-92a0db11358b,0742fe92-ec9b-4592-8e45-9e17ffc5e172,2026-07-28,31
1238 - Studio Delux,fc7bfda0-3e8b-4ec5-bb25-92a0db11358b,0742fe92-ec9b-4592-8e45-9e17ffc5e172,2026-07-29,31
1238 - Studio Delux,fc7bfda0-3e8b-4ec5-bb25-92a0db11358b,0742fe92-ec9b-4592-8e45-9e17ffc5e172,2026-07-30,31
1238 - Studio Delux,fc7bfda0-3e8b-4ec5-bb25-92a0db11358b,0742fe92-ec9b-4592-8e45-9e17ffc5e172,2026-07-31,31
1238 - Studio Delux,fc7bfda0-3e8b-4ec5-bb25-92a0db11358b,0742fe92-ec9b-4592-8e45-9e17ffc5e172,2026-08-01,31
1238 - Studio Delux,fc7bfda0-3e8b-4ec5-bb25-92a0db11358b,0742fe92-ec9b-4592-8e45-9e17ffc5e172,2026-08-02,31
1238 - Studio Delux,fc7bfda0-3e8b-4ec5-bb25-92a0db11358b,0742fe92-ec9b-4592-8e45-9e17ffc5e172,2026-08-03,31
1238 - Studio Delux,fc7bfda0-3e8b-4ec5-bb25-92a0db11358b,0742fe92-ec9b-4592-8e45-9e17ffc5e172,2026-08-04,31
1238 - Studio Delux,fc7bfda0-3e8b-4ec5-bb25-92a0db11358b,0742fe92-ec9b-4592-8e45-9e17ffc5e172,2026-08-05,31
1238 - Studio Delux,fc7bfda0-3e8b-4ec5-bb25-92a0db11358b,0742fe92-ec9b-4592-8e45-9e17ffc5e172,2026-08-06,31
1238 - Studio Delux,fc7bfda0-3e8b-4ec5-bb25-92a0db11358b,0742fe92-ec9b-4592-8e45-9e17ffc5e172,2026-08-07,31
1238 - Studio Delux,fc7bfda0-3e8b-4ec5-bb25-92a0db11358b,0742fe92-ec9b-4592-8e45-9e17ffc5e172,2026-08-08,31
1238 - Studio Delux,fc7bfda0-3e8b-4ec5-bb25-92a0db11358b,0742fe92-ec9b-4592-8e45-9e17ffc5e172,2026-08-09,31
1238 - Studio Delux,fc7bfda0-3e8b-4ec5-bb25-92a0db11358b,0742fe92-ec9b-4592-8e45-9e17ffc5e172,2026-08-10,31
1238 - Studio Delux,fc7bfda0-3e8b-4ec5-bb25-92a0db11358b,0742fe92-ec9b-4592-8e45-9e17ffc5e172,2026-08-11,31
1238 - Studio Delux,fc7bfda0-3e8b-4ec5-bb25-92a0db11358b,0742fe92-ec9b-4592-8e45-9e17ffc5e172,2026-08-12,31
1238 - Studio Delux,fc7bfda0-3e8b-4ec5-bb25-92a0db11358b,0742fe92-ec9b-4592-8e45-9e17ffc5e172,2026-08-13,31
1238 - Studio Delux,fc7bfda0-3e8b-4ec5-bb25-92a0db11358b,0742fe92-ec9b-4592-8e45-9e17ffc5e172,2026-08-14,31
1238 - Studio Delux,fc7bfda0-3e8b-4ec5-bb25-92a0db11358b,0742fe92-ec9b-4592-8e45-9e17ffc5e172,2026-08-15,31
1238 - Studio Delux,fc7bfda0-3e8b-4ec5-bb25-92a0db11358b,0742fe92-ec9b-4592-8e45-9e17ffc5e172,2026-08-16,31
1238 - Studio Delux,fc7bfda0-3e8b-4ec5-bb25-92a0db11358b,0742fe92-ec9b-4592-8e45-9e17ffc5e172,2026-08-17,31
1238 - Studio Delux,fc7bfda0-3e8b-4ec5-bb25-92a0db11358b,0742fe92-ec9b-4592-8e45-9e17ffc5e172,2026-08-18,31
1238 - Studio Delux,fc7bfda0-3e8b-4ec5-bb25-92a0db11358b,0742fe92-ec9b-4592-8e45-9e17ffc5e172,2026-08-19,31
1238 - Studio Delux,fc7bfda0-3e8b-4ec5-bb25-92a0db11358b,0742fe92-ec9b-4592-8e45-9e17ffc5e172,2026-08-20,31
1238 - Studio Delux,fc7bfda0-3e8b-4ec5-bb25-92a0db11358b,0742fe92-ec9b-4592-8e45-9e17ffc5e172,2026-08-21,31
1238 - Studio Delux,fc7bfda0-3e8b-4ec5-bb25-92a0db11358b,0742fe92-ec9b-4592-8e45-9e17ffc5e172,2026-08-22,31
1238 - Studio Delux,fc7bfda0-3e8b-4ec5-bb25-92a0db11358b,0742fe92-ec9b-4592-8e45-9e17ffc5e172,2026-08-23,31
1238 - Studio Delux,fc7bfda0-3e8b-4ec5-bb25-92a0db11358b,0742fe92-ec9b-4592-8e45-9e17ffc5e172,2026-08-24,31
1238 - Studio Delux,fc7bfda0-3e8b-4ec5-bb25-92a0db11358b,0742fe92-ec9b-4592-8e45-9e17ffc5e172,2026-08-25,31
1238 - Studio Delux,fc7bfda0-3e8b-4ec5-bb25-92a0db11358b,0742fe92-ec9b-4592-8e45-9e17ffc5e172,2026-08-26,31
1238 - Studio Delux,fc7bfda0-3e8b-4ec5-bb25-92a0db11358b,0742fe92-ec9b-4592-8e45-9e17ffc5e172,2026-08-27,31
1238 - Studio Delux,fc7bfda0-3e8b-4ec5-bb25-92a0db11358b,0742fe92-ec9b-4592-8e45-9e17ffc5e172,2026-08-28,31
1238 - Studio Delux,fc7bfda0-3e8b-4ec5-bb25-92a0db11358b,0742fe92-ec9b-4592-8e45-9e17ffc5e172,2026-08-29,31
1238 - Studio Delux,fc7bfda0-3e8b-4ec5-bb25-92a0db11358b,0742fe92-ec9b-4592-8e45-9e17ffc5e172,2026-08-30,31
1238 - Studio Delux,fc7bfda0-3e8b-4ec5-bb25-92a0db11358b,0742fe92-ec9b-4592-8e45-9e17ffc5e172,2026-08-31,31
1238 - Studio Delux,fc7bfda0-3e8b-4ec5-bb25-92a0db11358b,0742fe92-ec9b-4592-8e45-9e17ffc5e172,2026-09-01,31
1238 - Studio Delux,fc7bfda0-3e8b-4ec5-bb25-92a0db11358b,0742fe92-ec9b-4592-8e45-9e17ffc5e172,2026-09-02,31
1238 - Studio Delux,fc7bfda0-3e8b-4ec5-bb25-92a0db11358b,0742fe92-ec9b-4592-8e45-9e17ffc5e172,2026-09-03,31
1238 - Studio Delux,fc7bfda0-3e8b-4ec5-bb25-92a0db11358b,0742fe92-ec9b-4592-8e45-9e17ffc5e172,2026-09-04,31
1238 - Studio Delux,fc7bfda0-3e8b-4ec5-bb25-92a0db11358b,0742fe92-ec9b-4592-8e45-9e17ffc5e172,2026-09-05,31
1238 - Studio Delux,fc7bfda0-3e8b-4ec5-bb25-92a0db11358b,0742fe92-ec9b-4592-8e45-9e17ffc5e172,2026-09-06,31
1238 - Studio Delux,fc7bfda0-3e8b-4ec5-bb25-92a0db11358b,0742fe92-ec9b-4592-8e45-9e17ffc5e172,2026-09-07,31
1238 - Studio Delux,fc7bfda0-3e8b-4ec5-bb25-92a0db11358b,0742fe92-ec9b-4592-8e45-9e17ffc5e172,2026-09-08,31
1238 - Studio Delux,fc7bfda0-3e8b-4ec5-bb25-92a0db11358b,0742fe92-ec9b-4592-8e45-9e17ffc5e172,2026-09-09,31
1238 - Studio Delux,fc7bfda0-3e8b-4ec5-bb25-92a0db11358b,0742fe92-ec9b-4592-8e45-9e17ffc5e172,2026-09-10,31
1238 - Studio Delux,fc7bfda0-3e8b-4ec5-bb25-92a0db11358b,0742fe92-ec9b-4592-8e45-9e17ffc5e172,2026-09-11,31
1238 - Studio Delux,fc7bfda0-3e8b-4ec5-bb25-92a0db11358b,0742fe92-ec9b-4592-8e45-9e17ffc5e172,2026-09-12,31
1238 - Studio Delux,fc7bfda0-3e8b-4ec5-bb25-92a0db11358b,0742fe92-ec9b-4592-8e45-9e17ffc5e172,2026-09-13,31
1238 - Studio Delux,fc7bfda0-3e8b-4ec5-bb25-92a0db11358b,0742fe92-ec9b-4592-8e45-9e17ffc5e172,2026-09-14,31
1238 - Studio Delux,fc7bfda0-3e8b-4ec5-bb25-92a0db11358b,0742fe92-ec9b-4592-8e45-9e17ffc5e172,2026-09-15,31
1238 - Studio Delux,fc7bfda0-3e8b-4ec5-bb25-92a0db11358b,0742fe92-ec9b-4592-8e45-9e17ffc5e172,2026-09-16,31
1238 - Studio Delux,fc7bfda0-3e8b-4ec5-bb25-92a0db11358b,0742fe92-ec9b-4592-8e45-9e17ffc5e172,2026-09-17,31
1238 - Studio Delux,fc7bfda0-3e8b-4ec5-bb25-92a0db11358b,0742fe92-ec9b-4592-8e45-9e17ffc5e172,2026-09-18,31
1238 - Studio Delux,fc7bfda0-3e8b-4ec5-bb25-92a0db11358b,0742fe92-ec9b-4592-8e45-9e17ffc5e172,2026-09-19,31
1238 - Studio Delux,fc7bfda0-3e8b-4ec5-bb25-92a0db11358b,0742fe92-ec9b-4592-8e45-9e17ffc5e172,2026-09-20,31
1238 - Studio Delux,fc7bfda0-3e8b-4ec5-bb25-92a0db11358b,0742fe92-ec9b-4592-8e45-9e17ffc5e172,2026-09-21,31
1238 - Studio Delux,fc7bfda0-3e8b-4ec5-bb25-92a0db11358b,0742fe92-ec9b-4592-8e45-9e17ffc5e172,2026-09-22,31
1238 - Studio Delux,fc7bfda0-3e8b-4ec5-bb25-92a0db11358b,0742fe92-ec9b-4592-8e45-9e17ffc5e172,2026-09-23,31
1238 - Studio Delux,fc7bfda0-3e8b-4ec5-bb25-92a0db11358b,0742fe92-ec9b-4592-8e45-9e17ffc5e172,2026-09-24,31
1238 - Studio Delux,fc7bfda0-3e8b-4ec5-bb25-92a0db11358b,0742fe92-ec9b-4592-8e45-9e17ffc5e172,2026-09-25,31
1238 - Studio Delux,fc7bfda0-3e8b-4ec5-bb25-92a0db11358b,0742fe92-ec9b-4592-8e45-9e17ffc5e172,2026-09-26,31
1238 - Studio Delux,fc7bfda0-3e8b-4ec5-bb25-92a0db11358b,0742fe92-ec9b-4592-8e45-9e17ffc5e172,2026-09-27,31
1238 - Studio Delux,fc7bfda0-3e8b-4ec5-bb25-92a0db11358b,0742fe92-ec9b-4592-8e45-9e17ffc5e172,2026-09-28,31
1238 - Studio Delux,fc7bfda0-3e8b-4ec5-bb25-92a0db11358b,0742fe92-ec9b-4592-8e45-9e17ffc5e172,2026-09-29,31
1238 - Studio Delux,fc7bfda0-3e8b-4ec5-bb25-92a0db11358b,0742fe92-ec9b-4592-8e45-9e17ffc5e172,2026-09-30,31
1238 - Studio Delux,fc7bfda0-3e8b-4ec5-bb25-92a0db11358b,0742fe92-ec9b-4592-8e45-9e17ffc5e172,2026-10-01,31
1238 - Studio Delux,fc7bfda0-3e8b-4ec5-bb25-92a0db11358b,0742fe92-ec9b-4592-8e45-9e17ffc5e172,2026-10-02,31
1238 - Studio Delux,fc7bfda0-3e8b-4ec5-bb25-92a0db11358b,0742fe92-ec9b-4592-8e45-9e17ffc5e172,2026-10-03,31
1238 - Studio Delux,fc7bfda0-3e8b-4ec5-bb25-92a0db11358b,0742fe92-ec9b-4592-8e45-9e17ffc5e172,2026-10-04,31
1238 - Studio Delux,fc7bfda0-3e8b-4ec5-bb25-92a0db11358b,0742fe92-ec9b-4592-8e45-9e17ffc5e172,2026-10-05,31
1238 - Studio Delux,fc7bfda0-3e8b-4ec5-bb25-92a0db11358b,0742fe92-ec9b-4592-8e45-9e17ffc5e172,2026-10-06,31
1238 - Studio Delux,fc7bfda0-3e8b-4ec5-bb25-92a0db11358b,0742fe92-ec9b-4592-8e45-9e17ffc5e172,2026-10-07,31
1238 - Studio Delux,fc7bfda0-3e8b-4ec5-bb25-92a0db11358b,0742fe92-ec9b-4592-8e45-9e17ffc5e172,2026-10-08,31
1238 - Studio Delux,fc7bfda0-3e8b-4ec5-bb25-92a0db11358b,0742fe92-ec9b-4592-8e45-9e17ffc5e172,2026-10-09,31
1238 - Studio Delux,fc7bfda0-3e8b-4ec5-bb25-92a0db11358b,0742fe92-ec9b-4592-8e45-9e17ffc5e172,2026-10-10,31
1238 - Studio Delux,fc7bfda0-3e8b-4ec5-bb25-92a0db11358b,0742fe92-ec9b-4592-8e45-9e17ffc5e172,2026-10-11,31
1238 - Studio Delux,fc7bfda0-3e8b-4ec5-bb25-92a0db11358b,0742fe92-ec9b-4592-8e45-9e17ffc5e172,2026-10-12,31
1238 - Studio Delux,fc7bfda0-3e8b-4ec5-bb25-92a0db11358b,0742fe92-ec9b-4592-8e45-9e17ffc5e172,2026-10-13,31
1238 - Studio Delux,fc7bfda0-3e8b-4ec5-bb25-92a0db11358b,0742fe92-ec9b-4592-8e45-9e17ffc5e172,2026-10-14,31
1238 - Studio Delux,fc7bfda0-3e8b-4ec5-bb25-92a0db11358b,0742fe92-ec9b-4592-8e45-9e17ffc5e172,2026-10-15,31
1238 - Studio Delux,fc7bfda0-3e8b-4ec5-bb25-92a0db11358b,0742fe92-ec9b-4592-8e45-9e17ffc5e172,2026-10-16,31
1238 - Studio Delux,fc7bfda0-3e8b-4ec5-bb25-92a0db11358b,0742fe92-ec9b-4592-8e45-9e17ffc5e172,2026-10-17,31
1238 - Studio Delux,fc7bfda0-3e8b-4ec5-bb25-92a0db11358b,0742fe92-ec9b-4592-8e45-9e17ffc5e172,2026-10-18,31
1238 - Studio Delux,fc7bfda0-3e8b-4ec5-bb25-92a0db11358b,0742fe92-ec9b-4592-8e45-9e17ffc5e172,2026-10-19,31
1238 - Studio Delux,fc7bfda0-3e8b-4ec5-bb25-92a0db11358b,0742fe92-ec9b-4592-8e45-9e17ffc5e172,2026-10-20,31
1238 - Studio Delux,fc7bfda0-3e8b-4ec5-bb25-92a0db11358b,0742fe92-ec9b-4592-8e45-9e17ffc5e172,2026-10-21,31
1238 - Studio Delux,fc7bfda0-3e8b-4ec5-bb25-92a0db11358b,0742fe92-ec9b-4592-8e45-9e17ffc5e172,2026-10-22,31
1238 - Studio Delux,fc7bfda0-3e8b-4ec5-bb25-92a0db11358b,0742fe92-ec9b-4592-8e45-9e17ffc5e172,2026-10-23,31
1238 - Studio Delux,fc7bfda0-3e8b-4ec5-bb25-92a0db11358b,0742fe92-ec9b-4592-8e45-9e17ffc5e172,2026-10-24,31
1238 - Studio Delux,fc7bfda0-3e8b-4ec5-bb25-92a0db11358b,0742fe92-ec9b-4592-8e45-9e17ffc5e172,2026-10-25,31
1238 - Studio Delux,fc7bfda0-3e8b-4ec5-bb25-92a0db11358b,0742fe92-ec9b-4592-8e45-9e17ffc5e172,2026-10-26,31
1238 - Studio Delux,fc7bfda0-3e8b-4ec5-bb25-92a0db11358b,0742fe92-ec9b-4592-8e45-9e17ffc5e172,2026-10-27,31
1238 - Studio Delux,fc7bfda0-3e8b-4ec5-bb25-92a0db11358b,0742fe92-ec9b-4592-8e45-9e17ffc5e172,2026-10-28,31
1238 - Studio Delux,fc7bfda0-3e8b-4ec5-bb25-92a0db11358b,0742fe92-ec9b-4592-8e45-9e17ffc5e172,2026-10-29,31
1238 - Studio Delux,fc7bfda0-3e8b-4ec5-bb25-92a0db11358b,0742fe92-ec9b-4592-8e45-9e17ffc5e172,2026-10-30,31
1238 - Studio Delux,fc7bfda0-3e8b-4ec5-bb25-92a0db11358b,0742fe92-ec9b-4592-8e45-9e17ffc5e172,2026-10-31,31
1238 - Studio Delux,fc7bfda0-3e8b-4ec5-bb25-92a0db11358b,0742fe92-ec9b-4592-8e45-9e17ffc5e172,2026-11-01,31
1238 - Studio Delux,fc7bfda0-3e8b-4ec5-bb25-92a0db11358b,0742fe92-ec9b-4592-8e45-9e17ffc5e172,2026-11-02,31
1238 - Studio Delux,fc7bfda0-3e8b-4ec5-bb25-92a0db11358b,0742fe92-ec9b-4592-8e45-9e17ffc5e172,2026-11-03,31
1238 - Studio Delux,fc7bfda0-3e8b-4ec5-bb25-92a0db11358b,0742fe92-ec9b-4592-8e45-9e17ffc5e172,2026-11-04,31
1238 - Studio Delux,fc7bfda0-3e8b-4ec5-bb25-92a0db11358b,0742fe92-ec9b-4592-8e45-9e17ffc5e172,2026-11-05,31
1238 - Studio Delux,fc7bfda0-3e8b-4ec5-bb25-92a0db11358b,0742fe92-ec9b-4592-8e45-9e17ffc5e172,2026-11-06,31
1238 - Studio Delux,fc7bfda0-3e8b-4ec5-bb25-92a0db11358b,0742fe92-ec9b-4592-8e45-9e17ffc5e172,2026-11-07,31
1238 - Studio Delux,fc7bfda0-3e8b-4ec5-bb25-92a0db11358b,0742fe92-ec9b-4592-8e45-9e17ffc5e172,2026-11-08,31
1238 - Studio Delux,fc7bfda0-3e8b-4ec5-bb25-92a0db11358b,0742fe92-ec9b-4592-8e45-9e17ffc5e172,2026-11-09,31
1238 - Studio Delux,fc7bfda0-3e8b-4ec5-bb25-92a0db11358b,0742fe92-ec9b-4592-8e45-9e17ffc5e172,2026-11-10,31
1238 - Studio Delux,fc7bfda0-3e8b-4ec5-bb25-92a0db11358b,0742fe92-ec9b-4592-8e45-9e17ffc5e172,2026-11-11,31
1238 - Studio Delux,fc7bfda0-3e8b-4ec5-bb25-92a0db11358b,0742fe92-ec9b-4592-8e45-9e17ffc5e172,2026-11-12,31
1238 - Studio Delux,fc7bfda0-3e8b-4ec5-bb25-92a0db11358b,0742fe92-ec9b-4592-8e45-9e17ffc5e172,2026-11-13,31
1238 - Studio Delux,fc7bfda0-3e8b-4ec5-bb25-92a0db11358b,0742fe92-ec9b-4592-8e45-9e17ffc5e172,2026-11-14,31
1238 - Studio Delux,fc7bfda0-3e8b-4ec5-bb25-92a0db11358b,0742fe92-ec9b-4592-8e45-9e17ffc5e172,2026-11-15,31
1238 - Studio Delux,fc7bfda0-3e8b-4ec5-bb25-92a0db11358b,0742fe92-ec9b-4592-8e45-9e17ffc5e172,2026-11-16,31
1238 - Studio Delux,fc7bfda0-3e8b-4ec5-bb25-92a0db11358b,0742fe92-ec9b-4592-8e45-9e17ffc5e172,2026-11-17,31
1238 - Studio Delux,fc7bfda0-3e8b-4ec5-bb25-92a0db11358b,0742fe92-ec9b-4592-8e45-9e17ffc5e172,2026-11-18,31
1238 - Studio Delux,fc7bfda0-3e8b-4ec5-bb25-92a0db11358b,0742fe92-ec9b-4592-8e45-9e17ffc5e172,2026-11-19,31
1238 - Studio Delux,fc7bfda0-3e8b-4ec5-bb25-92a0db11358b,0742fe92-ec9b-4592-8e45-9e17ffc5e172,2026-11-20,31
1238 - Studio Delux,fc7bfda0-3e8b-4ec5-bb25-92a0db11358b,0742fe92-ec9b-4592-8e45-9e17ffc5e172,2026-11-21,31
1238 - Studio Delux,fc7bfda0-3e8b-4ec5-bb25-92a0db11358b,0742fe92-ec9b-4592-8e45-9e17ffc5e172,2026-11-22,31
1238 - Studio Delux,fc7bfda0-3e8b-4ec5-bb25-92a0db11358b,0742fe92-ec9b-4592-8e45-9e17ffc5e172,2026-11-23,31
1238 - Studio Delux,fc7bfda0-3e8b-4ec5-bb25-92a0db11358b,0742fe92-ec9b-4592-8e45-9e17ffc5e172,2026-11-24,31
1238 - Studio Delux,fc7bfda0-3e8b-4ec5-bb25-92a0db11358b,0742fe92-ec9b-4592-8e45-9e17ffc5e172,2026-11-25,31
1238 - Studio Delux,fc7bfda0-3e8b-4ec5-bb25-92a0db11358b,0742fe92-ec9b-4592-8e45-9e17ffc5e172,2026-11-26,31
1238 - Studio Delux,fc7bfda0-3e8b-4ec5-bb25-92a0db11358b,0742fe92-ec9b-4592-8e45-9e17ffc5e172,2026-11-27,31
1238 - Studio Delux,fc7bfda0-3e8b-4ec5-bb25-92a0db11358b,0742fe92-ec9b-4592-8e45-9e17ffc5e172,2026-11-28,31
1238 - Studio Delux,fc7bfda0-3e8b-4ec5-bb25-92a0db11358b,0742fe92-ec9b-4592-8e45-9e17ffc5e172,2026-11-29,31
1238 - Studio Delux,fc7bfda0-3e8b-4ec5-bb25-92a0db11358b,0742fe92-ec9b-4592-8e45-9e17ffc5e172,2026-11-30,31
1238 - Studio Delux,fc7bfda0-3e8b-4ec5-bb25-92a0db11358b,0742fe92-ec9b-4592-8e45-9e17ffc5e172,2026-12-01,31
1238 - Studio Delux,fc7bfda0-3e8b-4ec5-bb25-92a0db11358b,0742fe92-ec9b-4592-8e45-9e17ffc5e172,2026-12-02,31
1238 - Studio Delux,fc7bfda0-3e8b-4ec5-bb25-92a0db11358b,0742fe92-ec9b-4592-8e45-9e17ffc5e172,2026-12-03,31
1238 - Studio Delux,fc7bfda0-3e8b-4ec5-bb25-92a0db11358b,0742fe92-ec9b-4592-8e45-9e17ffc5e172,2026-12-04,31
1238 - Studio Delux,fc7bfda0-3e8b-4ec5-bb25-92a0db11358b,0742fe92-ec9b-4592-8e45-9e17ffc5e172,2026-12-05,31
1238 - Studio Delux,fc7bfda0-3e8b-4ec5-bb25-92a0db11358b,0742fe92-ec9b-4592-8e45-9e17ffc5e172,2026-12-06,31
1238 - Studio Delux,fc7bfda0-3e8b-4ec5-bb25-92a0db11358b,0742fe92-ec9b-4592-8e45-9e17ffc5e172,2026-12-07,31
1238 - Studio Delux,fc7bfda0-3e8b-4ec5-bb25-92a0db11358b,0742fe92-ec9b-4592-8e45-9e17ffc5e172,2026-12-08,31
1238 - Studio Delux,fc7bfda0-3e8b-4ec5-bb25-92a0db11358b,0742fe92-ec9b-4592-8e45-9e17ffc5e172,2026-12-09,31
1238 - Studio Delux,fc7bfda0-3e8b-4ec5-bb25-92a0db11358b,0742fe92-ec9b-4592-8e45-9e17ffc5e172,2026-12-10,31
1238 - Studio Delux,fc7bfda0-3e8b-4ec5-bb25-92a0db11358b,0742fe92-ec9b-4592-8e45-9e17ffc5e172,2026-12-11,31
1238 - Studio Delux,fc7bfda0-3e8b-4ec5-bb25-92a0db11358b,0742fe92-ec9b-4592-8e45-9e17ffc5e172,2026-12-12,31
1238 - Studio Delux,fc7bfda0-3e8b-4ec5-bb25-92a0db11358b,0742fe92-ec9b-4592-8e45-9e17ffc5e172,2026-12-13,31
1238 - Studio Delux,fc7bfda0-3e8b-4ec5-bb25-92a0db11358b,0742fe92-ec9b-4592-8e45-9e17ffc5e172,2026-12-14,31
1238 - Studio Delux,fc7bfda0-3e8b-4ec5-bb25-92a0db11358b,0742fe92-ec9b-4592-8e45-9e17ffc5e172,2026-12-15,31
1238 - Studio Delux,fc7bfda0-3e8b-4ec5-bb25-92a0db11358b,0742fe92-ec9b-4592-8e45-9e17ffc5e172,2026-12-16,31
1238 - Studio Delux,fc7bfda0-3e8b-4ec5-bb25-92a0db11358b,0742fe92-ec9b-4592-8e45-9e17ffc5e172,2026-12-17,31
1238 - Studio Delux,fc7bfda0-3e8b-4ec5-bb25-92a0db11358b,0742fe92-ec9b-4592-8e45-9e17ffc5e172,2026-12-18,31
1238 - Studio Delux,fc7bfda0-3e8b-4ec5-bb25-92a0db11358b,0742fe92-ec9b-4592-8e45-9e17ffc5e172,2026-12-19,31
1238 - Studio Delux,fc7bfda0-3e8b-4ec5-bb25-92a0db11358b,0742fe92-ec9b-4592-8e45-9e17ffc5e172,2026-12-20,31
1238 - Studio Delux,fc7bfda0-3e8b-4ec5-bb25-92a0db11358b,0742fe92-ec9b-4592-8e45-9e17ffc5e172,2026-12-21,31
1238 - Studio Delux,fc7bfda0-3e8b-4ec5-bb25-92a0db11358b,0742fe92-ec9b-4592-8e45-9e17ffc5e172,2026-12-22,31
1238 - Studio Delux,fc7bfda0-3e8b-4ec5-bb25-92a0db11358b,0742fe92-ec9b-4592-8e45-9e17ffc5e172,2026-12-23,31
1238 - Studio Delux,fc7bfda0-3e8b-4ec5-bb25-92a0db11358b,0742fe92-ec9b-4592-8e45-9e17ffc5e172,2026-12-24,31
1238 - Studio Delux,fc7bfda0-3e8b-4ec5-bb25-92a0db11358b,0742fe92-ec9b-4592-8e45-9e17ffc5e172,2026-12-25,31
1238 - Studio Delux,fc7bfda0-3e8b-4ec5-bb25-92a0db11358b,0742fe92-ec9b-4592-8e45-9e17ffc5e172,2026-12-26,31
1238 - Studio Delux,fc7bfda0-3e8b-4ec5-bb25-92a0db11358b,0742fe92-ec9b-4592-8e45-9e17ffc5e172,2026-12-27,31
1238 - Studio Delux,fc7bfda0-3e8b-4ec5-bb25-92a0db11358b,0742fe92-ec9b-4592-8e45-9e17ffc5e172,2026-12-28,31
1238 - Studio Delux,fc7bfda0-3e8b-4ec5-bb25-92a0db11358b,0742fe92-ec9b-4592-8e45-9e17ffc5e172,2026-12-29,31
1238 - Studio Delux,fc7bfda0-3e8b-4ec5-bb25-92a0db11358b,0742fe92-ec9b-4592-8e45-9e17ffc5e172,2026-12-30,31
1238 - Studio Delux,fc7bfda0-3e8b-4ec5-bb25-92a0db11358b,0742fe92-ec9b-4592-8e45-9e17ffc5e172,2026-12-31,31
1238 - Studio Delux,fc7bfda0-3e8b-4ec5-bb25-92a0db11358b,0742fe92-ec9b-4592-8e45-9e17ffc5e172,2027-01-01,31
1238 - Studio Delux,fc7bfda0-3e8b-4ec5-bb25-92a0db11358b,0742fe92-ec9b-4592-8e45-9e17ffc5e172,2027-01-02,31
1238 - Studio Delux,fc7bfda0-3e8b-4ec5-bb25-92a0db11358b,0742fe92-ec9b-4592-8e45-9e17ffc5e172,2027-01-03,31
1238 - Studio Delux,fc7bfda0-3e8b-4ec5-bb25-92a0db11358b,0742fe92-ec9b-4592-8e45-9e17ffc5e172,2027-01-04,31
1238 - Studio Delux,fc7bfda0-3e8b-4ec5-bb25-92a0db11358b,0742fe92-ec9b-4592-8e45-9e17ffc5e172,2027-01-05,31
1238 - Studio Delux,fc7bfda0-3e8b-4ec5-bb25-92a0db11358b,0742fe92-ec9b-4592-8e45-9e17ffc5e172,2027-01-06,31
1238 - Studio Delux,fc7bfda0-3e8b-4ec5-bb25-92a0db11358b,0742fe92-ec9b-4592-8e45-9e17ffc5e172,2027-01-07,31
1238 - Studio Delux,fc7bfda0-3e8b-4ec5-bb25-92a0db11358b,0742fe92-ec9b-4592-8e45-9e17ffc5e172,2027-01-08,31
1238 - Studio Delux,fc7bfda0-3e8b-4ec5-bb25-92a0db11358b,0742fe92-ec9b-4592-8e45-9e17ffc5e172,2027-01-09,31
1238 - Studio Delux,fc7bfda0-3e8b-4ec5-bb25-92a0db11358b,0742fe92-ec9b-4592-8e45-9e17ffc5e172,2027-01-10,31
1238 - Studio Delux,fc7bfda0-3e8b-4ec5-bb25-92a0db11358b,0742fe92-ec9b-4592-8e45-9e17ffc5e172,2027-01-11,31
1238 - Studio Delux,fc7bfda0-3e8b-4ec5-bb25-92a0db11358b,0742fe92-ec9b-4592-8e45-9e17ffc5e172,2027-01-12,31
1238 - Studio Delux,fc7bfda0-3e8b-4ec5-bb25-92a0db11358b,0742fe92-ec9b-4592-8e45-9e17ffc5e172,2027-01-13,31
1238 - Studio Delux,fc7bfda0-3e8b-4ec5-bb25-92a0db11358b,0742fe92-ec9b-4592-8e45-9e17ffc5e172,2027-01-14,31
1238 - Studio Delux,fc7bfda0-3e8b-4ec5-bb25-92a0db11358b,0742fe92-ec9b-4592-8e45-9e17ffc5e172,2027-01-15,31
1238 - Studio Delux,fc7bfda0-3e8b-4ec5-bb25-92a0db11358b,0742fe92-ec9b-4592-8e45-9e17ffc5e172,2027-01-16,31
1238 - Studio Delux,fc7bfda0-3e8b-4ec5-bb25-92a0db11358b,0742fe92-ec9b-4592-8e45-9e17ffc5e172,2027-01-17,31
1238 - Studio Delux,fc7bfda0-3e8b-4ec5-bb25-92a0db11358b,0742fe92-ec9b-4592-8e45-9e17ffc5e172,2027-01-18,31
1238 - Studio Delux,fc7bfda0-3e8b-4ec5-bb25-92a0db11358b,0742fe92-ec9b-4592-8e45-9e17ffc5e172,2027-01-19,31
1238 - Studio Delux,fc7bfda0-3e8b-4ec5-bb25-92a0db11358b,0742fe92-ec9b-4592-8e45-9e17ffc5e172,2027-01-20,31
1238 - Studio Delux,fc7bfda0-3e8b-4ec5-bb25-92a0db11358b,0742fe92-ec9b-4592-8e45-9e17ffc5e172,2027-01-21,31
1238 - Studio Delux,fc7bfda0-3e8b-4ec5-bb25-92a0db11358b,0742fe92-ec9b-4592-8e45-9e17ffc5e172,2027-01-22,31
1238 - Studio Delux,fc7bfda0-3e8b-4ec5-bb25-92a0db11358b,0742fe92-ec9b-4592-8e45-9e17ffc5e172,2027-01-23,31
1238 - Studio Delux,fc7bfda0-3e8b-4ec5-bb25-92a0db11358b,0742fe92-ec9b-4592-8e45-9e17ffc5e172,2027-01-24,31
1238 - Studio Delux,fc7bfda0-3e8b-4ec5-bb25-92a0db11358b,0742fe92-ec9b-4592-8e45-9e17ffc5e172,2027-01-25,31
1238 - Studio Delux,fc7bfda0-3e8b-4ec5-bb25-92a0db11358b,0742fe92-ec9b-4592-8e45-9e17ffc5e172,2027-01-26,31
1238 - Studio Delux,fc7bfda0-3e8b-4ec5-bb25-92a0db11358b,0742fe92-ec9b-4592-8e45-9e17ffc5e172,2027-01-27,31
1238 - Studio Delux,fc7bfda0-3e8b-4ec5-bb25-92a0db11358b,0742fe92-ec9b-4592-8e45-9e17ffc5e172,2027-01-28,31
1238 - Studio Delux,fc7bfda0-3e8b-4ec5-bb25-92a0db11358b,0742fe92-ec9b-4592-8e45-9e17ffc5e172,2027-01-29,31
1238 - Studio Delux,fc7bfda0-3e8b-4ec5-bb25-92a0db11358b,0742fe92-ec9b-4592-8e45-9e17ffc5e172,2027-01-30,31
1238 - Studio Delux,fc7bfda0-3e8b-4ec5-bb25-92a0db11358b,0742fe92-ec9b-4592-8e45-9e17ffc5e172,2027-01-31,31
1238 - Studio Delux,fc7bfda0-3e8b-4ec5-bb25-92a0db11358b,0742fe92-ec9b-4592-8e45-9e17ffc5e172,2027-02-01,31
1238 - Studio Delux,fc7bfda0-3e8b-4ec5-bb25-92a0db11358b,0742fe92-ec9b-4592-8e45-9e17ffc5e172,2027-02-02,31
1238 - Studio Delux,fc7bfda0-3e8b-4ec5-bb25-92a0db11358b,0742fe92-ec9b-4592-8e45-9e17ffc5e172,2027-02-03,31
1238 - Studio Delux,fc7bfda0-3e8b-4ec5-bb25-92a0db11358b,0742fe92-ec9b-4592-8e45-9e17ffc5e172,2027-02-04,31
1238 - Studio Delux,fc7bfda0-3e8b-4ec5-bb25-92a0db11358b,0742fe92-ec9b-4592-8e45-9e17ffc5e172,2027-02-05,31
1238 - Studio Delux,fc7bfda0-3e8b-4ec5-bb25-92a0db11358b,0742fe92-ec9b-4592-8e45-9e17ffc5e172,2027-02-06,31
1238 - Studio Delux,fc7bfda0-3e8b-4ec5-bb25-92a0db11358b,0742fe92-ec9b-4592-8e45-9e17ffc5e172,2027-02-07,31
1238 - Studio Delux,fc7bfda0-3e8b-4ec5-bb25-92a0db11358b,0742fe92-ec9b-4592-8e45-9e17ffc5e172,2027-02-08,31
1238 - Studio Delux,fc7bfda0-3e8b-4ec5-bb25-92a0db11358b,0742fe92-ec9b-4592-8e45-9e17ffc5e172,2027-02-09,31
1238 - Studio Delux,fc7bfda0-3e8b-4ec5-bb25-92a0db11358b,0742fe92-ec9b-4592-8e45-9e17ffc5e172,2027-02-10,31
1238 - Studio Delux,fc7bfda0-3e8b-4ec5-bb25-92a0db11358b,0742fe92-ec9b-4592-8e45-9e17ffc5e172,2027-02-11,31
1238 - Studio Delux,fc7bfda0-3e8b-4ec5-bb25-92a0db11358b,0742fe92-ec9b-4592-8e45-9e17ffc5e172,2027-02-12,31
1238 - Studio Delux,fc7bfda0-3e8b-4ec5-bb25-92a0db11358b,0742fe92-ec9b-4592-8e45-9e17ffc5e172,2027-02-13,31
1238 - Studio Delux,fc7bfda0-3e8b-4ec5-bb25-92a0db11358b,0742fe92-ec9b-4592-8e45-9e17ffc5e172,2027-02-14,31
1238 - Studio Delux,fc7bfda0-3e8b-4ec5-bb25-92a0db11358b,0742fe92-ec9b-4592-8e45-9e17ffc5e172,2027-02-15,31
1238 - Studio Delux,fc7bfda0-3e8b-4ec5-bb25-92a0db11358b,0742fe92-ec9b-4592-8e45-9e17ffc5e172,2027-02-16,31
1238 - Studio Delux,fc7bfda0-3e8b-4ec5-bb25-92a0db11358b,0742fe92-ec9b-4592-8e45-9e17ffc5e172,2027-02-17,31
1238 - Studio Delux,fc7bfda0-3e8b-4ec5-bb25-92a0db11358b,0742fe92-ec9b-4592-8e45-9e17ffc5e172,2027-02-18,31
1238 - Studio Delux,fc7bfda0-3e8b-4ec5-bb25-92a0db11358b,0742fe92-ec9b-4592-8e45-9e17ffc5e172,2027-02-19,31
1238 - Studio Delux,fc7bfda0-3e8b-4ec5-bb25-92a0db11358b,0742fe92-ec9b-4592-8e45-9e17ffc5e172,2027-02-20,31
1238 - Studio Delux,fc7bfda0-3e8b-4ec5-bb25-92a0db11358b,0742fe92-ec9b-4592-8e45-9e17ffc5e172,2027-02-21,31
1238 - Studio Delux,fc7bfda0-3e8b-4ec5-bb25-92a0db11358b,0742fe92-ec9b-4592-8e45-9e17ffc5e172,2027-02-22,31
1238 - Studio Delux,fc7bfda0-3e8b-4ec5-bb25-92a0db11358b,0742fe92-ec9b-4592-8e45-9e17ffc5e172,2027-02-23,31
1238 - Studio Delux,fc7bfda0-3e8b-4ec5-bb25-92a0db11358b,0742fe92-ec9b-4592-8e45-9e17ffc5e172,2027-02-24,31
1238 - Studio Delux,fc7bfda0-3e8b-4ec5-bb25-92a0db11358b,0742fe92-ec9b-4592-8e45-9e17ffc5e172,2027-02-25,31
1238 - Studio Delux,fc7bfda0-3e8b-4ec5-bb25-92a0db11358b,0742fe92-ec9b-4592-8e45-9e17ffc5e172,2027-02-26,31
1238 - Studio Delux,fc7bfda0-3e8b-4ec5-bb25-92a0db11358b,0742fe92-ec9b-4592-8e45-9e17ffc5e172,2027-02-27,31
1238 - Studio Delux,fc7bfda0-3e8b-4ec5-bb25-92a0db11358b,0742fe92-ec9b-4592-8e45-9e17ffc5e172,2027-02-28,31
1238 - Studio Delux,fc7bfda0-3e8b-4ec5-bb25-92a0db11358b,0742fe92-ec9b-4592-8e45-9e17ffc5e172,2027-03-01,31
1238 - Studio Delux,fc7bfda0-3e8b-4ec5-bb25-92a0db11358b,0742fe92-ec9b-4592-8e45-9e17ffc5e172,2027-03-02,31
1238 - Studio Delux,fc7bfda0-3e8b-4ec5-bb25-92a0db11358b,0742fe92-ec9b-4592-8e45-9e17ffc5e172,2027-03-03,31
1238 - Studio Delux,fc7bfda0-3e8b-4ec5-bb25-92a0db11358b,0742fe92-ec9b-4592-8e45-9e17ffc5e172,2027-03-04,31
1238 - Studio Delux,fc7bfda0-3e8b-4ec5-bb25-92a0db11358b,0742fe92-ec9b-4592-8e45-9e17ffc5e172,2027-03-05,31
1238 - Studio Delux,fc7bfda0-3e8b-4ec5-bb25-92a0db11358b,0742fe92-ec9b-4592-8e45-9e17ffc5e172,2027-03-06,31
1238 - Studio Delux,fc7bfda0-3e8b-4ec5-bb25-92a0db11358b,0742fe92-ec9b-4592-8e45-9e17ffc5e172,2027-03-07,31
1238 - Studio Delux,fc7bfda0-3e8b-4ec5-bb25-92a0db11358b,0742fe92-ec9b-4592-8e45-9e17ffc5e172,2027-03-08,31
1238 - Studio Delux,fc7bfda0-3e8b-4ec5-bb25-92a0db11358b,0742fe92-ec9b-4592-8e45-9e17ffc5e172,2027-03-09,31
1238 - Studio Delux,fc7bfda0-3e8b-4ec5-bb25-92a0db11358b,0742fe92-ec9b-4592-8e45-9e17ffc5e172,2027-03-10,31
1238 - Studio Delux,fc7bfda0-3e8b-4ec5-bb25-92a0db11358b,0742fe92-ec9b-4592-8e45-9e17ffc5e172,2027-03-11,31
1238 - Studio Delux,fc7bfda0-3e8b-4ec5-bb25-92a0db11358b,0742fe92-ec9b-4592-8e45-9e17ffc5e172,2027-03-12,31
1238 - Studio Delux,fc7bfda0-3e8b-4ec5-bb25-92a0db11358b,0742fe92-ec9b-4592-8e45-9e17ffc5e172,2027-03-13,31
1238 - Studio Delux,fc7bfda0-3e8b-4ec5-bb25-92a0db11358b,0742fe92-ec9b-4592-8e45-9e17ffc5e172,2027-03-14,31
1238 - Studio Delux,fc7bfda0-3e8b-4ec5-bb25-92a0db11358b,0742fe92-ec9b-4592-8e45-9e17ffc5e172,2027-03-15,31
1238 - Studio Delux,fc7bfda0-3e8b-4ec5-bb25-92a0db11358b,0742fe92-ec9b-4592-8e45-9e17ffc5e172,2027-03-16,31
1238 - Studio Delux,fc7bfda0-3e8b-4ec5-bb25-92a0db11358b,0742fe92-ec9b-4592-8e45-9e17ffc5e172,2027-03-17,31
1238 - Studio Delux,fc7bfda0-3e8b-4ec5-bb25-92a0db11358b,0742fe92-ec9b-4592-8e45-9e17ffc5e172,2027-03-18,31
1238 - Studio Delux,fc7bfda0-3e8b-4ec5-bb25-92a0db11358b,0742fe92-ec9b-4592-8e45-9e17ffc5e172,2027-03-19,31
1238 - Studio Delux,fc7bfda0-3e8b-4ec5-bb25-92a0db11358b,0742fe92-ec9b-4592-8e45-9e17ffc5e172,2027-03-20,31
1238 - Studio Delux,fc7bfda0-3e8b-4ec5-bb25-92a0db11358b,0742fe92-ec9b-4592-8e45-9e17ffc5e172,2027-03-21,31
1238 - Studio Delux,fc7bfda0-3e8b-4ec5-bb25-92a0db11358b,0742fe92-ec9b-4592-8e45-9e17ffc5e172,2027-03-22,31
1238 - Studio Delux,fc7bfda0-3e8b-4ec5-bb25-92a0db11358b,0742fe92-ec9b-4592-8e45-9e17ffc5e172,2027-03-23,31
1238 - Studio Delux,fc7bfda0-3e8b-4ec5-bb25-92a0db11358b,0742fe92-ec9b-4592-8e45-9e17ffc5e172,2027-03-24,31
1238 - Studio Delux,fc7bfda0-3e8b-4ec5-bb25-92a0db11358b,0742fe92-ec9b-4592-8e45-9e17ffc5e172,2027-03-25,31
1238 - Studio Delux,fc7bfda0-3e8b-4ec5-bb25-92a0db11358b,0742fe92-ec9b-4592-8e45-9e17ffc5e172,2027-03-26,31
1238 - Studio Delux,fc7bfda0-3e8b-4ec5-bb25-92a0db11358b,0742fe92-ec9b-4592-8e45-9e17ffc5e172,2027-03-27,31
1238 - Studio Delux,fc7bfda0-3e8b-4ec5-bb25-92a0db11358b,0742fe92-ec9b-4592-8e45-9e17ffc5e172,2027-03-28,31
1238 - Studio Delux,fc7bfda0-3e8b-4ec5-bb25-92a0db11358b,0742fe92-ec9b-4592-8e45-9e17ffc5e172,2027-03-29,31
1238 - Studio Delux,fc7bfda0-3e8b-4ec5-bb25-92a0db11358b,0742fe92-ec9b-4592-8e45-9e17ffc5e172,2027-03-30,31
1238 - Studio Delux,fc7bfda0-3e8b-4ec5-bb25-92a0db11358b,0742fe92-ec9b-4592-8e45-9e17ffc5e172,2027-03-31,31
1238 - Studio Delux,fc7bfda0-3e8b-4ec5-bb25-92a0db11358b,0742fe92-ec9b-4592-8e45-9e17ffc5e172,2027-04-01,31
1238 - Studio Delux,fc7bfda0-3e8b-4ec5-bb25-92a0db11358b,0742fe92-ec9b-4592-8e45-9e17ffc5e172,2027-04-02,31
1238 - Studio Delux,fc7bfda0-3e8b-4ec5-bb25-92a0db11358b,0742fe92-ec9b-4592-8e45-9e17ffc5e172,2027-04-03,31
1238 - Studio Delux,fc7bfda0-3e8b-4ec5-bb25-92a0db11358b,0742fe92-ec9b-4592-8e45-9e17ffc5e172,2027-04-04,31
1238 - Studio Delux,fc7bfda0-3e8b-4ec5-bb25-92a0db11358b,0742fe92-ec9b-4592-8e45-9e17ffc5e172,2027-04-05,31
1238 - Studio Delux,fc7bfda0-3e8b-4ec5-bb25-92a0db11358b,0742fe92-ec9b-4592-8e45-9e17ffc5e172,2027-04-06,31
1238 - Studio Delux,fc7bfda0-3e8b-4ec5-bb25-92a0db11358b,0742fe92-ec9b-4592-8e45-9e17ffc5e172,2027-04-07,31
1238 - Studio Delux,fc7bfda0-3e8b-4ec5-bb25-92a0db11358b,0742fe92-ec9b-4592-8e45-9e17ffc5e172,2027-04-08,31
1238 - Studio Delux,fc7bfda0-3e8b-4ec5-bb25-92a0db11358b,0742fe92-ec9b-4592-8e45-9e17ffc5e172,2027-04-09,31
1238 - Studio Delux,fc7bfda0-3e8b-4ec5-bb25-92a0db11358b,0742fe92-ec9b-4592-8e45-9e17ffc5e172,2027-04-10,31
1238 - Studio Delux,fc7bfda0-3e8b-4ec5-bb25-92a0db11358b,0742fe92-ec9b-4592-8e45-9e17ffc5e172,2027-04-11,31
1238 - Studio Delux,fc7bfda0-3e8b-4ec5-bb25-92a0db11358b,0742fe92-ec9b-4592-8e45-9e17ffc5e172,2027-04-12,31
1238 - Studio Delux,fc7bfda0-3e8b-4ec5-bb25-92a0db11358b,0742fe92-ec9b-4592-8e45-9e17ffc5e172,2027-04-13,31
1238 - Studio Delux,fc7bfda0-3e8b-4ec5-bb25-92a0db11358b,0742fe92-ec9b-4592-8e45-9e17ffc5e172,2027-04-14,31
1238 - Studio Delux,fc7bfda0-3e8b-4ec5-bb25-92a0db11358b,0742fe92-ec9b-4592-8e45-9e17ffc5e172,2027-04-15,31
1238 - Studio Delux,fc7bfda0-3e8b-4ec5-bb25-92a0db11358b,0742fe92-ec9b-4592-8e45-9e17ffc5e172,2027-04-16,31
1238 - Studio Delux,fc7bfda0-3e8b-4ec5-bb25-92a0db11358b,0742fe92-ec9b-4592-8e45-9e17ffc5e172,2027-04-17,31
1238 - Studio Delux,fc7bfda0-3e8b-4ec5-bb25-92a0db11358b,0742fe92-ec9b-4592-8e45-9e17ffc5e172,2027-04-18,31
1238 - Studio Delux,fc7bfda0-3e8b-4ec5-bb25-92a0db11358b,0742fe92-ec9b-4592-8e45-9e17ffc5e172,2027-04-19,31
1238 - Studio Delux,fc7bfda0-3e8b-4ec5-bb25-92a0db11358b,0742fe92-ec9b-4592-8e45-9e17ffc5e172,2027-04-20,31
1238 - Studio Delux,fc7bfda0-3e8b-4ec5-bb25-92a0db11358b,0742fe92-ec9b-4592-8e45-9e17ffc5e172,2027-04-21,31
1238 - Studio Delux,fc7bfda0-3e8b-4ec5-bb25-92a0db11358b,0742fe92-ec9b-4592-8e45-9e17ffc5e172,2027-04-22,31
1238 - Studio Delux,fc7bfda0-3e8b-4ec5-bb25-92a0db11358b,0742fe92-ec9b-4592-8e45-9e17ffc5e172,2027-04-23,31
1238 - Studio Delux,fc7bfda0-3e8b-4ec5-bb25-92a0db11358b,0742fe92-ec9b-4592-8e45-9e17ffc5e172,2027-04-24,31
1238 - Studio Delux,fc7bfda0-3e8b-4ec5-bb25-92a0db11358b,0742fe92-ec9b-4592-8e45-9e17ffc5e172,2027-04-25,31
1238 - Studio Delux,fc7bfda0-3e8b-4ec5-bb25-92a0db11358b,0742fe92-ec9b-4592-8e45-9e17ffc5e172,2027-04-26,31
1238 - Studio Delux,fc7bfda0-3e8b-4ec5-bb25-92a0db11358b,0742fe92-ec9b-4592-8e45-9e17ffc5e172,2027-04-27,31
1238 - Studio Delux,fc7bfda0-3e8b-4ec5-bb25-92a0db11358b,0742fe92-ec9b-4592-8e45-9e17ffc5e172,2027-04-28,31
1238 - Studio Delux,fc7bfda0-3e8b-4ec5-bb25-92a0db11358b,0742fe92-ec9b-4592-8e45-9e17ffc5e172,2027-04-29,31
1238 - Studio Delux,fc7bfda0-3e8b-4ec5-bb25-92a0db11358b,0742fe92-ec9b-4592-8e45-9e17ffc5e172,2027-04-30,31
1238 - Studio Delux,fc7bfda0-3e8b-4ec5-bb25-92a0db11358b,0742fe92-ec9b-4592-8e45-9e17ffc5e172,2027-05-01,31
1238 - Studio Delux,fc7bfda0-3e8b-4ec5-bb25-92a0db11358b,0742fe92-ec9b-4592-8e45-9e17ffc5e172,2027-05-02,31
1238 - Studio Delux,fc7bfda0-3e8b-4ec5-bb25-92a0db11358b,0742fe92-ec9b-4592-8e45-9e17ffc5e172,2027-05-03,31
1238 - Studio Delux,fc7bfda0-3e8b-4ec5-bb25-92a0db11358b,0742fe92-ec9b-4592-8e45-9e17ffc5e172,2027-05-04,31
1238 - Studio Delux,fc7bfda0-3e8b-4ec5-bb25-92a0db11358b,0742fe92-ec9b-4592-8e45-9e17ffc5e172,2027-05-05,31
1238 - Studio Delux,fc7bfda0-3e8b-4ec5-bb25-92a0db11358b,0742fe92-ec9b-4592-8e45-9e17ffc5e172,2027-05-06,31
1238 - Studio Delux,fc7bfda0-3e8b-4ec5-bb25-92a0db11358b,0742fe92-ec9b-4592-8e45-9e17ffc5e172,2027-05-07,31
1238 - Studio Delux,fc7bfda0-3e8b-4ec5-bb25-92a0db11358b,0742fe92-ec9b-4592-8e45-9e17ffc5e172,2027-05-08,31
1238 - Studio Delux,fc7bfda0-3e8b-4ec5-bb25-92a0db11358b,0742fe92-ec9b-4592-8e45-9e17ffc5e172,2027-05-09,31
1238 - Studio Delux,fc7bfda0-3e8b-4ec5-bb25-92a0db11358b,0742fe92-ec9b-4592-8e45-9e17ffc5e172,2027-05-10,31
1238 - Studio Delux,fc7bfda0-3e8b-4ec5-bb25-92a0db11358b,0742fe92-ec9b-4592-8e45-9e17ffc5e172,2027-05-11,31
1238 - Studio Delux,fc7bfda0-3e8b-4ec5-bb25-92a0db11358b,0742fe92-ec9b-4592-8e45-9e17ffc5e172,2027-05-12,31
1238 - Studio Delux,fc7bfda0-3e8b-4ec5-bb25-92a0db11358b,0742fe92-ec9b-4592-8e45-9e17ffc5e172,2027-05-13,31
1238 - Studio Delux,fc7bfda0-3e8b-4ec5-bb25-92a0db11358b,0742fe92-ec9b-4592-8e45-9e17ffc5e172,2027-05-14,31
1238 - Studio Delux,fc7bfda0-3e8b-4ec5-bb25-92a0db11358b,0742fe92-ec9b-4592-8e45-9e17ffc5e172,2027-05-15,31
1238 - Studio Delux,fc7bfda0-3e8b-4ec5-bb25-92a0db11358b,0742fe92-ec9b-4592-8e45-9e17ffc5e172,2027-05-16,31
1238 - Studio Delux,fc7bfda0-3e8b-4ec5-bb25-92a0db11358b,0742fe92-ec9b-4592-8e45-9e17ffc5e172,2027-05-17,31
1238 - Studio Delux,fc7bfda0-3e8b-4ec5-bb25-92a0db11358b,0742fe92-ec9b-4592-8e45-9e17ffc5e172,2027-05-18,31
1238 - Studio Delux,fc7bfda0-3e8b-4ec5-bb25-92a0db11358b,0742fe92-ec9b-4592-8e45-9e17ffc5e172,2027-05-19,31
1238 - Studio Delux,fc7bfda0-3e8b-4ec5-bb25-92a0db11358b,0742fe92-ec9b-4592-8e45-9e17ffc5e172,2027-05-20,31
1238 - Studio Delux,fc7bfda0-3e8b-4ec5-bb25-92a0db11358b,0742fe92-ec9b-4592-8e45-9e17ffc5e172,2027-05-21,31
1238 - Studio Delux,fc7bfda0-3e8b-4ec5-bb25-92a0db11358b,0742fe92-ec9b-4592-8e45-9e17ffc5e172,2027-05-22,31
1238 - Studio Delux,fc7bfda0-3e8b-4ec5-bb25-92a0db11358b,0742fe92-ec9b-4592-8e45-9e17ffc5e172,2027-05-23,31
1238 - Studio Delux,fc7bfda0-3e8b-4ec5-bb25-92a0db11358b,0742fe92-ec9b-4592-8e45-9e17ffc5e172,2027-05-24,31
1238 - Studio Delux,fc7bfda0-3e8b-4ec5-bb25-92a0db11358b,0742fe92-ec9b-4592-8e45-9e17ffc5e172,2027-05-25,31
1238 - Studio Delux,fc7bfda0-3e8b-4ec5-bb25-92a0db11358b,0742fe92-ec9b-4592-8e45-9e17ffc5e172,2027-05-26,31
1238 - Studio Delux,fc7bfda0-3e8b-4ec5-bb25-92a0db11358b,0742fe92-ec9b-4592-8e45-9e17ffc5e172,2027-05-27,31
1238 - Studio Delux,fc7bfda0-3e8b-4ec5-bb25-92a0db11358b,0742fe92-ec9b-4592-8e45-9e17ffc5e172,2027-05-28,31
1238 - Studio Delux,fc7bfda0-3e8b-4ec5-bb25-92a0db11358b,0742fe92-ec9b-4592-8e45-9e17ffc5e172,2027-05-29,31
1238 - Studio Delux,fc7bfda0-3e8b-4ec5-bb25-92a0db11358b,0742fe92-ec9b-4592-8e45-9e17ffc5e172,2027-05-30,31
1238 - Studio Delux,fc7bfda0-3e8b-4ec5-bb25-92a0db11358b,0742fe92-ec9b-4592-8e45-9e17ffc5e172,2027-05-31,31
1238 - Studio Delux,fc7bfda0-3e8b-4ec5-bb25-92a0db11358b,0742fe92-ec9b-4592-8e45-9e17ffc5e172,2027-06-01,31
1238 - Studio Delux,fc7bfda0-3e8b-4ec5-bb25-92a0db11358b,0742fe92-ec9b-4592-8e45-9e17ffc5e172,2027-06-02,31
1238 - Studio Delux,fc7bfda0-3e8b-4ec5-bb25-92a0db11358b,0742fe92-ec9b-4592-8e45-9e17ffc5e172,2027-06-03,31
1238 - Studio Delux,fc7bfda0-3e8b-4ec5-bb25-92a0db11358b,0742fe92-ec9b-4592-8e45-9e17ffc5e172,2027-06-04,31
1238 - Studio Delux,fc7bfda0-3e8b-4ec5-bb25-92a0db11358b,0742fe92-ec9b-4592-8e45-9e17ffc5e172,2027-06-05,31
1238 - Studio Delux,fc7bfda0-3e8b-4ec5-bb25-92a0db11358b,0742fe92-ec9b-4592-8e45-9e17ffc5e172,2027-06-06,31
1238 - Studio Delux,fc7bfda0-3e8b-4ec5-bb25-92a0db11358b,0742fe92-ec9b-4592-8e45-9e17ffc5e172,2027-06-07,31
1238 - Studio Delux,fc7bfda0-3e8b-4ec5-bb25-92a0db11358b,0742fe92-ec9b-4592-8e45-9e17ffc5e172,2027-06-08,31
1238 - Studio Delux,fc7bfda0-3e8b-4ec5-bb25-92a0db11358b,0742fe92-ec9b-4592-8e45-9e17ffc5e172,2027-06-09,31
1238 - Studio Delux,fc7bfda0-3e8b-4ec5-bb25-92a0db11358b,0742fe92-ec9b-4592-8e45-9e17ffc5e172,2027-06-10,31
1238 - Studio Delux,fc7bfda0-3e8b-4ec5-bb25-92a0db11358b,0742fe92-ec9b-4592-8e45-9e17ffc5e172,2027-06-11,31
1238 - Studio Delux,fc7bfda0-3e8b-4ec5-bb25-92a0db11358b,0742fe92-ec9b-4592-8e45-9e17ffc5e172,2027-06-12,31
1238 - Studio Delux,fc7bfda0-3e8b-4ec5-bb25-92a0db11358b,0742fe92-ec9b-4592-8e45-9e17ffc5e172,2027-06-13,31
1238 - Studio Delux,fc7bfda0-3e8b-4ec5-bb25-92a0db11358b,0742fe92-ec9b-4592-8e45-9e17ffc5e172,2027-06-14,31
1238 - Studio Delux,fc7bfda0-3e8b-4ec5-bb25-92a0db11358b,0742fe92-ec9b-4592-8e45-9e17ffc5e172,2027-06-15,31
1238 - Studio Delux,fc7bfda0-3e8b-4ec5-bb25-92a0db11358b,0742fe92-ec9b-4592-8e45-9e17ffc5e172,2027-06-16,31
1238 - Studio Delux,fc7bfda0-3e8b-4ec5-bb25-92a0db11358b,0742fe92-ec9b-4592-8e45-9e17ffc5e172,2027-06-17,31
1238 - Studio Delux,fc7bfda0-3e8b-4ec5-bb25-92a0db11358b,0742fe92-ec9b-4592-8e45-9e17ffc5e172,2027-06-18,31
1238 - Studio Delux,fc7bfda0-3e8b-4ec5-bb25-92a0db11358b,0742fe92-ec9b-4592-8e45-9e17ffc5e172,2027-06-19,31
1238 - Studio Delux,fc7bfda0-3e8b-4ec5-bb25-92a0db11358b,0742fe92-ec9b-4592-8e45-9e17ffc5e172,2027-06-20,31
1238 - Studio Delux,fc7bfda0-3e8b-4ec5-bb25-92a0db11358b,0742fe92-ec9b-4592-8e45-9e17ffc5e172,2027-06-21,31
1238 - Studio Delux,fc7bfda0-3e8b-4ec5-bb25-92a0db11358b,0742fe92-ec9b-4592-8e45-9e17ffc5e172,2027-06-22,31
1238 - Studio Delux,fc7bfda0-3e8b-4ec5-bb25-92a0db11358b,0742fe92-ec9b-4592-8e45-9e17ffc5e172,2027-06-23,31
1238 - Studio Delux,fc7bfda0-3e8b-4ec5-bb25-92a0db11358b,0742fe92-ec9b-4592-8e45-9e17ffc5e172,2027-06-24,31
1238 - Studio Delux,fc7bfda0-3e8b-4ec5-bb25-92a0db11358b,0742fe92-ec9b-4592-8e45-9e17ffc5e172,2027-06-25,31
1238 - Studio Delux,fc7bfda0-3e8b-4ec5-bb25-92a0db11358b,0742fe92-ec9b-4592-8e45-9e17ffc5e172,2027-06-26,31
1238 - Studio Delux,fc7bfda0-3e8b-4ec5-bb25-92a0db11358b,0742fe92-ec9b-4592-8e45-9e17ffc5e172,2027-06-27,31
1238 - Studio Delux,fc7bfda0-3e8b-4ec5-bb25-92a0db11358b,0742fe92-ec9b-4592-8e45-9e17ffc5e172,2027-06-28,31
1238 - Studio Delux,fc7bfda0-3e8b-4ec5-bb25-92a0db11358b,0742fe92-ec9b-4592-8e45-9e17ffc5e172,2027-06-29,31
1238 - Studio Delux,fc7bfda0-3e8b-4ec5-bb25-92a0db11358b,0742fe92-ec9b-4592-8e45-9e17ffc5e172,2027-06-30,31
1238 - Studio Delux,fc7bfda0-3e8b-4ec5-bb25-92a0db11358b,0742fe92-ec9b-4592-8e45-9e17ffc5e172,2027-07-01,31
1238 - Studio Delux,fc7bfda0-3e8b-4ec5-bb25-92a0db11358b,0742fe92-ec9b-4592-8e45-9e17ffc5e172,2027-07-02,31
1238 - Studio Delux,fc7bfda0-3e8b-4ec5-bb25-92a0db11358b,0742fe92-ec9b-4592-8e45-9e17ffc5e172,2027-07-03,31
1238 - Studio Delux,fc7bfda0-3e8b-4ec5-bb25-92a0db11358b,0742fe92-ec9b-4592-8e45-9e17ffc5e172,2027-07-04,31
1238 - Studio Delux,fc7bfda0-3e8b-4ec5-bb25-92a0db11358b,0742fe92-ec9b-4592-8e45-9e17ffc5e172,2027-07-05,31
1238 - Studio Delux,fc7bfda0-3e8b-4ec5-bb25-92a0db11358b,0742fe92-ec9b-4592-8e45-9e17ffc5e172,2027-07-06,31
1238 - Studio Delux,fc7bfda0-3e8b-4ec5-bb25-92a0db11358b,0742fe92-ec9b-4592-8e45-9e17ffc5e172,2027-07-07,31
1238 - Studio Delux,fc7bfda0-3e8b-4ec5-bb25-92a0db11358b,0742fe92-ec9b-4592-8e45-9e17ffc5e172,2027-07-08,31
1238 - Studio Delux,fc7bfda0-3e8b-4ec5-bb25-92a0db11358b,0742fe92-ec9b-4592-8e45-9e17ffc5e172,2027-07-09,31
1238 - Studio Delux,fc7bfda0-3e8b-4ec5-bb25-92a0db11358b,0742fe92-ec9b-4592-8e45-9e17ffc5e172,2027-07-10,31
1238 - Studio Delux,fc7bfda0-3e8b-4ec5-bb25-92a0db11358b,0742fe92-ec9b-4592-8e45-9e17ffc5e172,2027-07-11,31
1238 - Studio Delux,fc7bfda0-3e8b-4ec5-bb25-92a0db11358b,0742fe92-ec9b-4592-8e45-9e17ffc5e172,2027-07-12,31
1238 - Studio Delux,fc7bfda0-3e8b-4ec5-bb25-92a0db11358b,0742fe92-ec9b-4592-8e45-9e17ffc5e172,2027-07-13,31
1238 - Studio Delux,fc7bfda0-3e8b-4ec5-bb25-92a0db11358b,0742fe92-ec9b-4592-8e45-9e17ffc5e172,2027-07-14,31
1238 - Studio Delux,fc7bfda0-3e8b-4ec5-bb25-92a0db11358b,0742fe92-ec9b-4592-8e45-9e17ffc5e172,2027-07-15,31
1238 - Studio Delux,fc7bfda0-3e8b-4ec5-bb25-92a0db11358b,0742fe92-ec9b-4592-8e45-9e17ffc5e172,2027-07-16,31
1238 - Studio Delux,fc7bfda0-3e8b-4ec5-bb25-92a0db11358b,0742fe92-ec9b-4592-8e45-9e17ffc5e172,2027-07-17,31
1238 - Studio Delux,fc7bfda0-3e8b-4ec5-bb25-92a0db11358b,0742fe92-ec9b-4592-8e45-9e17ffc5e172,2027-07-18,31
1238 - Studio Delux,fc7bfda0-3e8b-4ec5-bb25-92a0db11358b,0742fe92-ec9b-4592-8e45-9e17ffc5e172,2027-07-19,31
1238 - Studio Delux,fc7bfda0-3e8b-4ec5-bb25-92a0db11358b,0742fe92-ec9b-4592-8e45-9e17ffc5e172,2027-07-20,31
1238 - Studio Delux,fc7bfda0-3e8b-4ec5-bb25-92a0db11358b,0742fe92-ec9b-4592-8e45-9e17ffc5e172,2027-07-21,31
1238 - Studio Delux,fc7bfda0-3e8b-4ec5-bb25-92a0db11358b,0742fe92-ec9b-4592-8e45-9e17ffc5e172,2027-07-22,31
1238 - Studio Delux,fc7bfda0-3e8b-4ec5-bb25-92a0db11358b,0742fe92-ec9b-4592-8e45-9e17ffc5e172,2027-07-23,31
1238 - Studio Delux,fc7bfda0-3e8b-4ec5-bb25-92a0db11358b,0742fe92-ec9b-4592-8e45-9e17ffc5e172,2027-07-24,31
1238 - Studio Delux,fc7bfda0-3e8b-4ec5-bb25-92a0db11358b,0742fe92-ec9b-4592-8e45-9e17ffc5e172,2027-07-25,31
1238 - Studio Delux,fc7bfda0-3e8b-4ec5-bb25-92a0db11358b,0742fe92-ec9b-4592-8e45-9e17ffc5e172,2027-07-26,31
1238 - Studio Delux,fc7bfda0-3e8b-4ec5-bb25-92a0db11358b,0742fe92-ec9b-4592-8e45-9e17ffc5e172,2027-07-27,31
1238 - Studio Delux,fc7bfda0-3e8b-4ec5-bb25-92a0db11358b,0742fe92-ec9b-4592-8e45-9e17ffc5e172,2027-07-28,31
1238 - Studio Delux,fc7bfda0-3e8b-4ec5-bb25-92a0db11358b,0742fe92-ec9b-4592-8e45-9e17ffc5e172,2027-07-29,31
1238 - Studio Delux,fc7bfda0-3e8b-4ec5-bb25-92a0db11358b,0742fe92-ec9b-4592-8e45-9e17ffc5e172,2027-07-30,31
1238 - Studio Delux,fc7bfda0-3e8b-4ec5-bb25-92a0db11358b,0742fe92-ec9b-4592-8e45-9e17ffc5e172,2027-07-31,31
1238 - Studio Delux,fc7bfda0-3e8b-4ec5-bb25-92a0db11358b,0742fe92-ec9b-4592-8e45-9e17ffc5e172,2027-08-01,31
1238 - Studio Delux,fc7bfda0-3e8b-4ec5-bb25-92a0db11358b,0742fe92-ec9b-4592-8e45-9e17ffc5e172,2027-08-02,31
1238 - Studio Delux,fc7bfda0-3e8b-4ec5-bb25-92a0db11358b,0742fe92-ec9b-4592-8e45-9e17ffc5e172,2027-08-03,31
1242 - One Bedroom Apartment Sea View,0a750175-d43d-4c20-9290-5bcbdf976003,4e68626e-7774-4bcc-8f75-15da497961a8,2026-07-25,31
1242 - One Bedroom Apartment Sea View,0a750175-d43d-4c20-9290-5bcbdf976003,4e68626e-7774-4bcc-8f75-15da497961a8,2026-07-26,31
1242 - One Bedroom Apartment Sea View,0a750175-d43d-4c20-9290-5bcbdf976003,4e68626e-7774-4bcc-8f75-15da497961a8,2026-07-27,31
1242 - One Bedroom Apartment Sea View,0a750175-d43d-4c20-9290-5bcbdf976003,4e68626e-7774-4bcc-8f75-15da497961a8,2026-07-28,31
1242 - One Bedroom Apartment Sea View,0a750175-d43d-4c20-9290-5bcbdf976003,4e68626e-7774-4bcc-8f75-15da497961a8,2026-07-29,31
1242 - One Bedroom Apartment Sea View,0a750175-d43d-4c20-9290-5bcbdf976003,4e68626e-7774-4bcc-8f75-15da497961a8,2026-07-30,31
1242 - One Bedroom Apartment Sea View,0a750175-d43d-4c20-9290-5bcbdf976003,4e68626e-7774-4bcc-8f75-15da497961a8,2026-07-31,31
1242 - One Bedroom Apartment Sea View,0a750175-d43d-4c20-9290-5bcbdf976003,4e68626e-7774-4bcc-8f75-15da497961a8,2026-08-01,31
1242 - One Bedroom Apartment Sea View,0a750175-d43d-4c20-9290-5bcbdf976003,4e68626e-7774-4bcc-8f75-15da497961a8,2026-08-02,31
1242 - One Bedroom Apartment Sea View,0a750175-d43d-4c20-9290-5bcbdf976003,4e68626e-7774-4bcc-8f75-15da497961a8,2026-08-03,31
1242 - One Bedroom Apartment Sea View,0a750175-d43d-4c20-9290-5bcbdf976003,4e68626e-7774-4bcc-8f75-15da497961a8,2026-08-04,31
1242 - One Bedroom Apartment Sea View,0a750175-d43d-4c20-9290-5bcbdf976003,4e68626e-7774-4bcc-8f75-15da497961a8,2026-08-05,31
1242 - One Bedroom Apartment Sea View,0a750175-d43d-4c20-9290-5bcbdf976003,4e68626e-7774-4bcc-8f75-15da497961a8,2026-08-06,31
1242 - One Bedroom Apartment Sea View,0a750175-d43d-4c20-9290-5bcbdf976003,4e68626e-7774-4bcc-8f75-15da497961a8,2026-08-07,31
1242 - One Bedroom Apartment Sea View,0a750175-d43d-4c20-9290-5bcbdf976003,4e68626e-7774-4bcc-8f75-15da497961a8,2026-08-08,31
1242 - One Bedroom Apartment Sea View,0a750175-d43d-4c20-9290-5bcbdf976003,4e68626e-7774-4bcc-8f75-15da497961a8,2026-08-09,31
1242 - One Bedroom Apartment Sea View,0a750175-d43d-4c20-9290-5bcbdf976003,4e68626e-7774-4bcc-8f75-15da497961a8,2026-08-10,31
1242 - One Bedroom Apartment Sea View,0a750175-d43d-4c20-9290-5bcbdf976003,4e68626e-7774-4bcc-8f75-15da497961a8,2026-08-11,31
1242 - One Bedroom Apartment Sea View,0a750175-d43d-4c20-9290-5bcbdf976003,4e68626e-7774-4bcc-8f75-15da497961a8,2026-08-12,31
1242 - One Bedroom Apartment Sea View,0a750175-d43d-4c20-9290-5bcbdf976003,4e68626e-7774-4bcc-8f75-15da497961a8,2026-08-13,31
1242 - One Bedroom Apartment Sea View,0a750175-d43d-4c20-9290-5bcbdf976003,4e68626e-7774-4bcc-8f75-15da497961a8,2026-08-14,31
1242 - One Bedroom Apartment Sea View,0a750175-d43d-4c20-9290-5bcbdf976003,4e68626e-7774-4bcc-8f75-15da497961a8,2026-08-15,31
1242 - One Bedroom Apartment Sea View,0a750175-d43d-4c20-9290-5bcbdf976003,4e68626e-7774-4bcc-8f75-15da497961a8,2026-08-16,31
1242 - One Bedroom Apartment Sea View,0a750175-d43d-4c20-9290-5bcbdf976003,4e68626e-7774-4bcc-8f75-15da497961a8,2026-08-17,31
1242 - One Bedroom Apartment Sea View,0a750175-d43d-4c20-9290-5bcbdf976003,4e68626e-7774-4bcc-8f75-15da497961a8,2026-08-18,31
1242 - One Bedroom Apartment Sea View,0a750175-d43d-4c20-9290-5bcbdf976003,4e68626e-7774-4bcc-8f75-15da497961a8,2026-08-19,31
1242 - One Bedroom Apartment Sea View,0a750175-d43d-4c20-9290-5bcbdf976003,4e68626e-7774-4bcc-8f75-15da497961a8,2026-08-20,31
1242 - One Bedroom Apartment Sea View,0a750175-d43d-4c20-9290-5bcbdf976003,4e68626e-7774-4bcc-8f75-15da497961a8,2026-08-21,31
1242 - One Bedroom Apartment Sea View,0a750175-d43d-4c20-9290-5bcbdf976003,4e68626e-7774-4bcc-8f75-15da497961a8,2026-08-22,31
1242 - One Bedroom Apartment Sea View,0a750175-d43d-4c20-9290-5bcbdf976003,4e68626e-7774-4bcc-8f75-15da497961a8,2026-08-23,31
1242 - One Bedroom Apartment Sea View,0a750175-d43d-4c20-9290-5bcbdf976003,4e68626e-7774-4bcc-8f75-15da497961a8,2026-08-24,31
1242 - One Bedroom Apartment Sea View,0a750175-d43d-4c20-9290-5bcbdf976003,4e68626e-7774-4bcc-8f75-15da497961a8,2026-08-25,31
1242 - One Bedroom Apartment Sea View,0a750175-d43d-4c20-9290-5bcbdf976003,4e68626e-7774-4bcc-8f75-15da497961a8,2026-08-26,31
1242 - One Bedroom Apartment Sea View,0a750175-d43d-4c20-9290-5bcbdf976003,4e68626e-7774-4bcc-8f75-15da497961a8,2026-08-27,31
1242 - One Bedroom Apartment Sea View,0a750175-d43d-4c20-9290-5bcbdf976003,4e68626e-7774-4bcc-8f75-15da497961a8,2026-08-28,31
1242 - One Bedroom Apartment Sea View,0a750175-d43d-4c20-9290-5bcbdf976003,4e68626e-7774-4bcc-8f75-15da497961a8,2026-08-29,31
1242 - One Bedroom Apartment Sea View,0a750175-d43d-4c20-9290-5bcbdf976003,4e68626e-7774-4bcc-8f75-15da497961a8,2026-08-30,31
1242 - One Bedroom Apartment Sea View,0a750175-d43d-4c20-9290-5bcbdf976003,4e68626e-7774-4bcc-8f75-15da497961a8,2026-08-31,31
1242 - One Bedroom Apartment Sea View,0a750175-d43d-4c20-9290-5bcbdf976003,4e68626e-7774-4bcc-8f75-15da497961a8,2026-09-01,31
1242 - One Bedroom Apartment Sea View,0a750175-d43d-4c20-9290-5bcbdf976003,4e68626e-7774-4bcc-8f75-15da497961a8,2026-09-02,31
1242 - One Bedroom Apartment Sea View,0a750175-d43d-4c20-9290-5bcbdf976003,4e68626e-7774-4bcc-8f75-15da497961a8,2026-09-03,31
1242 - One Bedroom Apartment Sea View,0a750175-d43d-4c20-9290-5bcbdf976003,4e68626e-7774-4bcc-8f75-15da497961a8,2026-09-04,31
1242 - One Bedroom Apartment Sea View,0a750175-d43d-4c20-9290-5bcbdf976003,4e68626e-7774-4bcc-8f75-15da497961a8,2026-09-05,31
1242 - One Bedroom Apartment Sea View,0a750175-d43d-4c20-9290-5bcbdf976003,4e68626e-7774-4bcc-8f75-15da497961a8,2026-09-06,31
1242 - One Bedroom Apartment Sea View,0a750175-d43d-4c20-9290-5bcbdf976003,4e68626e-7774-4bcc-8f75-15da497961a8,2026-09-07,31
1242 - One Bedroom Apartment Sea View,0a750175-d43d-4c20-9290-5bcbdf976003,4e68626e-7774-4bcc-8f75-15da497961a8,2026-09-08,31
1242 - One Bedroom Apartment Sea View,0a750175-d43d-4c20-9290-5bcbdf976003,4e68626e-7774-4bcc-8f75-15da497961a8,2026-09-09,31
1242 - One Bedroom Apartment Sea View,0a750175-d43d-4c20-9290-5bcbdf976003,4e68626e-7774-4bcc-8f75-15da497961a8,2026-09-10,31
1242 - One Bedroom Apartment Sea View,0a750175-d43d-4c20-9290-5bcbdf976003,4e68626e-7774-4bcc-8f75-15da497961a8,2026-09-11,31
1242 - One Bedroom Apartment Sea View,0a750175-d43d-4c20-9290-5bcbdf976003,4e68626e-7774-4bcc-8f75-15da497961a8,2026-09-12,31
1242 - One Bedroom Apartment Sea View,0a750175-d43d-4c20-9290-5bcbdf976003,4e68626e-7774-4bcc-8f75-15da497961a8,2026-09-13,31
1242 - One Bedroom Apartment Sea View,0a750175-d43d-4c20-9290-5bcbdf976003,4e68626e-7774-4bcc-8f75-15da497961a8,2026-09-14,31
1242 - One Bedroom Apartment Sea View,0a750175-d43d-4c20-9290-5bcbdf976003,4e68626e-7774-4bcc-8f75-15da497961a8,2026-09-15,31
1242 - One Bedroom Apartment Sea View,0a750175-d43d-4c20-9290-5bcbdf976003,4e68626e-7774-4bcc-8f75-15da497961a8,2026-09-16,31
1242 - One Bedroom Apartment Sea View,0a750175-d43d-4c20-9290-5bcbdf976003,4e68626e-7774-4bcc-8f75-15da497961a8,2026-09-17,31
1242 - One Bedroom Apartment Sea View,0a750175-d43d-4c20-9290-5bcbdf976003,4e68626e-7774-4bcc-8f75-15da497961a8,2026-09-18,31
1242 - One Bedroom Apartment Sea View,0a750175-d43d-4c20-9290-5bcbdf976003,4e68626e-7774-4bcc-8f75-15da497961a8,2026-09-19,31
1242 - One Bedroom Apartment Sea View,0a750175-d43d-4c20-9290-5bcbdf976003,4e68626e-7774-4bcc-8f75-15da497961a8,2026-09-20,31
1242 - One Bedroom Apartment Sea View,0a750175-d43d-4c20-9290-5bcbdf976003,4e68626e-7774-4bcc-8f75-15da497961a8,2026-09-21,31
1242 - One Bedroom Apartment Sea View,0a750175-d43d-4c20-9290-5bcbdf976003,4e68626e-7774-4bcc-8f75-15da497961a8,2026-09-22,31
1242 - One Bedroom Apartment Sea View,0a750175-d43d-4c20-9290-5bcbdf976003,4e68626e-7774-4bcc-8f75-15da497961a8,2026-09-23,31
1242 - One Bedroom Apartment Sea View,0a750175-d43d-4c20-9290-5bcbdf976003,4e68626e-7774-4bcc-8f75-15da497961a8,2026-09-24,31
1242 - One Bedroom Apartment Sea View,0a750175-d43d-4c20-9290-5bcbdf976003,4e68626e-7774-4bcc-8f75-15da497961a8,2026-09-25,31
1242 - One Bedroom Apartment Sea View,0a750175-d43d-4c20-9290-5bcbdf976003,4e68626e-7774-4bcc-8f75-15da497961a8,2026-09-26,31
1242 - One Bedroom Apartment Sea View,0a750175-d43d-4c20-9290-5bcbdf976003,4e68626e-7774-4bcc-8f75-15da497961a8,2026-09-27,31
1242 - One Bedroom Apartment Sea View,0a750175-d43d-4c20-9290-5bcbdf976003,4e68626e-7774-4bcc-8f75-15da497961a8,2026-09-28,31
1242 - One Bedroom Apartment Sea View,0a750175-d43d-4c20-9290-5bcbdf976003,4e68626e-7774-4bcc-8f75-15da497961a8,2026-09-29,31
1242 - One Bedroom Apartment Sea View,0a750175-d43d-4c20-9290-5bcbdf976003,4e68626e-7774-4bcc-8f75-15da497961a8,2026-09-30,31
1242 - One Bedroom Apartment Sea View,0a750175-d43d-4c20-9290-5bcbdf976003,4e68626e-7774-4bcc-8f75-15da497961a8,2026-10-01,31
1242 - One Bedroom Apartment Sea View,0a750175-d43d-4c20-9290-5bcbdf976003,4e68626e-7774-4bcc-8f75-15da497961a8,2026-10-02,31
1242 - One Bedroom Apartment Sea View,0a750175-d43d-4c20-9290-5bcbdf976003,4e68626e-7774-4bcc-8f75-15da497961a8,2026-10-03,31
1242 - One Bedroom Apartment Sea View,0a750175-d43d-4c20-9290-5bcbdf976003,4e68626e-7774-4bcc-8f75-15da497961a8,2026-10-04,31
1242 - One Bedroom Apartment Sea View,0a750175-d43d-4c20-9290-5bcbdf976003,4e68626e-7774-4bcc-8f75-15da497961a8,2026-10-05,31
1242 - One Bedroom Apartment Sea View,0a750175-d43d-4c20-9290-5bcbdf976003,4e68626e-7774-4bcc-8f75-15da497961a8,2026-10-06,31
1242 - One Bedroom Apartment Sea View,0a750175-d43d-4c20-9290-5bcbdf976003,4e68626e-7774-4bcc-8f75-15da497961a8,2026-10-07,31
1242 - One Bedroom Apartment Sea View,0a750175-d43d-4c20-9290-5bcbdf976003,4e68626e-7774-4bcc-8f75-15da497961a8,2026-10-08,31
1242 - One Bedroom Apartment Sea View,0a750175-d43d-4c20-9290-5bcbdf976003,4e68626e-7774-4bcc-8f75-15da497961a8,2026-10-09,31
1242 - One Bedroom Apartment Sea View,0a750175-d43d-4c20-9290-5bcbdf976003,4e68626e-7774-4bcc-8f75-15da497961a8,2026-10-10,31
1242 - One Bedroom Apartment Sea View,0a750175-d43d-4c20-9290-5bcbdf976003,4e68626e-7774-4bcc-8f75-15da497961a8,2026-10-11,31
1242 - One Bedroom Apartment Sea View,0a750175-d43d-4c20-9290-5bcbdf976003,4e68626e-7774-4bcc-8f75-15da497961a8,2026-10-12,31
1242 - One Bedroom Apartment Sea View,0a750175-d43d-4c20-9290-5bcbdf976003,4e68626e-7774-4bcc-8f75-15da497961a8,2026-10-13,31
1242 - One Bedroom Apartment Sea View,0a750175-d43d-4c20-9290-5bcbdf976003,4e68626e-7774-4bcc-8f75-15da497961a8,2026-10-14,31
1242 - One Bedroom Apartment Sea View,0a750175-d43d-4c20-9290-5bcbdf976003,4e68626e-7774-4bcc-8f75-15da497961a8,2026-10-15,31
1242 - One Bedroom Apartment Sea View,0a750175-d43d-4c20-9290-5bcbdf976003,4e68626e-7774-4bcc-8f75-15da497961a8,2026-10-16,31
1242 - One Bedroom Apartment Sea View,0a750175-d43d-4c20-9290-5bcbdf976003,4e68626e-7774-4bcc-8f75-15da497961a8,2026-10-17,31
1242 - One Bedroom Apartment Sea View,0a750175-d43d-4c20-9290-5bcbdf976003,4e68626e-7774-4bcc-8f75-15da497961a8,2026-10-18,31
1242 - One Bedroom Apartment Sea View,0a750175-d43d-4c20-9290-5bcbdf976003,4e68626e-7774-4bcc-8f75-15da497961a8,2026-10-19,31
1242 - One Bedroom Apartment Sea View,0a750175-d43d-4c20-9290-5bcbdf976003,4e68626e-7774-4bcc-8f75-15da497961a8,2026-10-20,31
1242 - One Bedroom Apartment Sea View,0a750175-d43d-4c20-9290-5bcbdf976003,4e68626e-7774-4bcc-8f75-15da497961a8,2026-10-21,31
1242 - One Bedroom Apartment Sea View,0a750175-d43d-4c20-9290-5bcbdf976003,4e68626e-7774-4bcc-8f75-15da497961a8,2026-10-22,31
1242 - One Bedroom Apartment Sea View,0a750175-d43d-4c20-9290-5bcbdf976003,4e68626e-7774-4bcc-8f75-15da497961a8,2026-10-23,31
1242 - One Bedroom Apartment Sea View,0a750175-d43d-4c20-9290-5bcbdf976003,4e68626e-7774-4bcc-8f75-15da497961a8,2026-10-24,31
1242 - One Bedroom Apartment Sea View,0a750175-d43d-4c20-9290-5bcbdf976003,4e68626e-7774-4bcc-8f75-15da497961a8,2026-10-25,31
1242 - One Bedroom Apartment Sea View,0a750175-d43d-4c20-9290-5bcbdf976003,4e68626e-7774-4bcc-8f75-15da497961a8,2026-10-26,31
1242 - One Bedroom Apartment Sea View,0a750175-d43d-4c20-9290-5bcbdf976003,4e68626e-7774-4bcc-8f75-15da497961a8,2026-10-27,31
1242 - One Bedroom Apartment Sea View,0a750175-d43d-4c20-9290-5bcbdf976003,4e68626e-7774-4bcc-8f75-15da497961a8,2026-10-28,31
1242 - One Bedroom Apartment Sea View,0a750175-d43d-4c20-9290-5bcbdf976003,4e68626e-7774-4bcc-8f75-15da497961a8,2026-10-29,31
1242 - One Bedroom Apartment Sea View,0a750175-d43d-4c20-9290-5bcbdf976003,4e68626e-7774-4bcc-8f75-15da497961a8,2026-10-30,31
1242 - One Bedroom Apartment Sea View,0a750175-d43d-4c20-9290-5bcbdf976003,4e68626e-7774-4bcc-8f75-15da497961a8,2026-10-31,31
1242 - One Bedroom Apartment Sea View,0a750175-d43d-4c20-9290-5bcbdf976003,4e68626e-7774-4bcc-8f75-15da497961a8,2026-11-01,31
1242 - One Bedroom Apartment Sea View,0a750175-d43d-4c20-9290-5bcbdf976003,4e68626e-7774-4bcc-8f75-15da497961a8,2026-11-02,31
1242 - One Bedroom Apartment Sea View,0a750175-d43d-4c20-9290-5bcbdf976003,4e68626e-7774-4bcc-8f75-15da497961a8,2026-11-03,31
1242 - One Bedroom Apartment Sea View,0a750175-d43d-4c20-9290-5bcbdf976003,4e68626e-7774-4bcc-8f75-15da497961a8,2026-11-04,31
1242 - One Bedroom Apartment Sea View,0a750175-d43d-4c20-9290-5bcbdf976003,4e68626e-7774-4bcc-8f75-15da497961a8,2026-11-05,31
1242 - One Bedroom Apartment Sea View,0a750175-d43d-4c20-9290-5bcbdf976003,4e68626e-7774-4bcc-8f75-15da497961a8,2026-11-06,31
1242 - One Bedroom Apartment Sea View,0a750175-d43d-4c20-9290-5bcbdf976003,4e68626e-7774-4bcc-8f75-15da497961a8,2026-11-07,31
1242 - One Bedroom Apartment Sea View,0a750175-d43d-4c20-9290-5bcbdf976003,4e68626e-7774-4bcc-8f75-15da497961a8,2026-11-08,31
1242 - One Bedroom Apartment Sea View,0a750175-d43d-4c20-9290-5bcbdf976003,4e68626e-7774-4bcc-8f75-15da497961a8,2026-11-09,31
1242 - One Bedroom Apartment Sea View,0a750175-d43d-4c20-9290-5bcbdf976003,4e68626e-7774-4bcc-8f75-15da497961a8,2026-11-10,31
1242 - One Bedroom Apartment Sea View,0a750175-d43d-4c20-9290-5bcbdf976003,4e68626e-7774-4bcc-8f75-15da497961a8,2026-11-11,31
1242 - One Bedroom Apartment Sea View,0a750175-d43d-4c20-9290-5bcbdf976003,4e68626e-7774-4bcc-8f75-15da497961a8,2026-11-12,31
1242 - One Bedroom Apartment Sea View,0a750175-d43d-4c20-9290-5bcbdf976003,4e68626e-7774-4bcc-8f75-15da497961a8,2026-11-13,31
1242 - One Bedroom Apartment Sea View,0a750175-d43d-4c20-9290-5bcbdf976003,4e68626e-7774-4bcc-8f75-15da497961a8,2026-11-14,31
1242 - One Bedroom Apartment Sea View,0a750175-d43d-4c20-9290-5bcbdf976003,4e68626e-7774-4bcc-8f75-15da497961a8,2026-11-15,31
1242 - One Bedroom Apartment Sea View,0a750175-d43d-4c20-9290-5bcbdf976003,4e68626e-7774-4bcc-8f75-15da497961a8,2026-11-16,31
1242 - One Bedroom Apartment Sea View,0a750175-d43d-4c20-9290-5bcbdf976003,4e68626e-7774-4bcc-8f75-15da497961a8,2026-11-17,31
1242 - One Bedroom Apartment Sea View,0a750175-d43d-4c20-9290-5bcbdf976003,4e68626e-7774-4bcc-8f75-15da497961a8,2026-11-18,31
1242 - One Bedroom Apartment Sea View,0a750175-d43d-4c20-9290-5bcbdf976003,4e68626e-7774-4bcc-8f75-15da497961a8,2026-11-19,31
1242 - One Bedroom Apartment Sea View,0a750175-d43d-4c20-9290-5bcbdf976003,4e68626e-7774-4bcc-8f75-15da497961a8,2026-11-20,31
1242 - One Bedroom Apartment Sea View,0a750175-d43d-4c20-9290-5bcbdf976003,4e68626e-7774-4bcc-8f75-15da497961a8,2026-11-21,31
1242 - One Bedroom Apartment Sea View,0a750175-d43d-4c20-9290-5bcbdf976003,4e68626e-7774-4bcc-8f75-15da497961a8,2026-11-22,31
1242 - One Bedroom Apartment Sea View,0a750175-d43d-4c20-9290-5bcbdf976003,4e68626e-7774-4bcc-8f75-15da497961a8,2026-11-23,31
1242 - One Bedroom Apartment Sea View,0a750175-d43d-4c20-9290-5bcbdf976003,4e68626e-7774-4bcc-8f75-15da497961a8,2026-11-24,31
1242 - One Bedroom Apartment Sea View,0a750175-d43d-4c20-9290-5bcbdf976003,4e68626e-7774-4bcc-8f75-15da497961a8,2026-11-25,31
1242 - One Bedroom Apartment Sea View,0a750175-d43d-4c20-9290-5bcbdf976003,4e68626e-7774-4bcc-8f75-15da497961a8,2026-11-26,31
1242 - One Bedroom Apartment Sea View,0a750175-d43d-4c20-9290-5bcbdf976003,4e68626e-7774-4bcc-8f75-15da497961a8,2026-11-27,31
1242 - One Bedroom Apartment Sea View,0a750175-d43d-4c20-9290-5bcbdf976003,4e68626e-7774-4bcc-8f75-15da497961a8,2026-11-28,31
1242 - One Bedroom Apartment Sea View,0a750175-d43d-4c20-9290-5bcbdf976003,4e68626e-7774-4bcc-8f75-15da497961a8,2026-11-29,31
1242 - One Bedroom Apartment Sea View,0a750175-d43d-4c20-9290-5bcbdf976003,4e68626e-7774-4bcc-8f75-15da497961a8,2026-11-30,31
1242 - One Bedroom Apartment Sea View,0a750175-d43d-4c20-9290-5bcbdf976003,4e68626e-7774-4bcc-8f75-15da497961a8,2026-12-01,31
1242 - One Bedroom Apartment Sea View,0a750175-d43d-4c20-9290-5bcbdf976003,4e68626e-7774-4bcc-8f75-15da497961a8,2026-12-02,31
1242 - One Bedroom Apartment Sea View,0a750175-d43d-4c20-9290-5bcbdf976003,4e68626e-7774-4bcc-8f75-15da497961a8,2026-12-03,31
1242 - One Bedroom Apartment Sea View,0a750175-d43d-4c20-9290-5bcbdf976003,4e68626e-7774-4bcc-8f75-15da497961a8,2026-12-04,31
1242 - One Bedroom Apartment Sea View,0a750175-d43d-4c20-9290-5bcbdf976003,4e68626e-7774-4bcc-8f75-15da497961a8,2026-12-05,31
1242 - One Bedroom Apartment Sea View,0a750175-d43d-4c20-9290-5bcbdf976003,4e68626e-7774-4bcc-8f75-15da497961a8,2026-12-06,31
1242 - One Bedroom Apartment Sea View,0a750175-d43d-4c20-9290-5bcbdf976003,4e68626e-7774-4bcc-8f75-15da497961a8,2026-12-07,31
1242 - One Bedroom Apartment Sea View,0a750175-d43d-4c20-9290-5bcbdf976003,4e68626e-7774-4bcc-8f75-15da497961a8,2026-12-08,31
1242 - One Bedroom Apartment Sea View,0a750175-d43d-4c20-9290-5bcbdf976003,4e68626e-7774-4bcc-8f75-15da497961a8,2026-12-09,31
1242 - One Bedroom Apartment Sea View,0a750175-d43d-4c20-9290-5bcbdf976003,4e68626e-7774-4bcc-8f75-15da497961a8,2026-12-10,31
1242 - One Bedroom Apartment Sea View,0a750175-d43d-4c20-9290-5bcbdf976003,4e68626e-7774-4bcc-8f75-15da497961a8,2026-12-11,31
1242 - One Bedroom Apartment Sea View,0a750175-d43d-4c20-9290-5bcbdf976003,4e68626e-7774-4bcc-8f75-15da497961a8,2026-12-12,31
1242 - One Bedroom Apartment Sea View,0a750175-d43d-4c20-9290-5bcbdf976003,4e68626e-7774-4bcc-8f75-15da497961a8,2026-12-13,31
1242 - One Bedroom Apartment Sea View,0a750175-d43d-4c20-9290-5bcbdf976003,4e68626e-7774-4bcc-8f75-15da497961a8,2026-12-14,31
1242 - One Bedroom Apartment Sea View,0a750175-d43d-4c20-9290-5bcbdf976003,4e68626e-7774-4bcc-8f75-15da497961a8,2026-12-15,31
1242 - One Bedroom Apartment Sea View,0a750175-d43d-4c20-9290-5bcbdf976003,4e68626e-7774-4bcc-8f75-15da497961a8,2026-12-16,31
1242 - One Bedroom Apartment Sea View,0a750175-d43d-4c20-9290-5bcbdf976003,4e68626e-7774-4bcc-8f75-15da497961a8,2026-12-17,31
1242 - One Bedroom Apartment Sea View,0a750175-d43d-4c20-9290-5bcbdf976003,4e68626e-7774-4bcc-8f75-15da497961a8,2026-12-18,31
1242 - One Bedroom Apartment Sea View,0a750175-d43d-4c20-9290-5bcbdf976003,4e68626e-7774-4bcc-8f75-15da497961a8,2026-12-19,31
1242 - One Bedroom Apartment Sea View,0a750175-d43d-4c20-9290-5bcbdf976003,4e68626e-7774-4bcc-8f75-15da497961a8,2026-12-20,31
1242 - One Bedroom Apartment Sea View,0a750175-d43d-4c20-9290-5bcbdf976003,4e68626e-7774-4bcc-8f75-15da497961a8,2026-12-21,31
1242 - One Bedroom Apartment Sea View,0a750175-d43d-4c20-9290-5bcbdf976003,4e68626e-7774-4bcc-8f75-15da497961a8,2026-12-22,31
1242 - One Bedroom Apartment Sea View,0a750175-d43d-4c20-9290-5bcbdf976003,4e68626e-7774-4bcc-8f75-15da497961a8,2026-12-23,31
1242 - One Bedroom Apartment Sea View,0a750175-d43d-4c20-9290-5bcbdf976003,4e68626e-7774-4bcc-8f75-15da497961a8,2026-12-24,31
1242 - One Bedroom Apartment Sea View,0a750175-d43d-4c20-9290-5bcbdf976003,4e68626e-7774-4bcc-8f75-15da497961a8,2026-12-25,31
1242 - One Bedroom Apartment Sea View,0a750175-d43d-4c20-9290-5bcbdf976003,4e68626e-7774-4bcc-8f75-15da497961a8,2026-12-26,31
1242 - One Bedroom Apartment Sea View,0a750175-d43d-4c20-9290-5bcbdf976003,4e68626e-7774-4bcc-8f75-15da497961a8,2026-12-27,31
1242 - One Bedroom Apartment Sea View,0a750175-d43d-4c20-9290-5bcbdf976003,4e68626e-7774-4bcc-8f75-15da497961a8,2026-12-28,31
1242 - One Bedroom Apartment Sea View,0a750175-d43d-4c20-9290-5bcbdf976003,4e68626e-7774-4bcc-8f75-15da497961a8,2026-12-29,31
1242 - One Bedroom Apartment Sea View,0a750175-d43d-4c20-9290-5bcbdf976003,4e68626e-7774-4bcc-8f75-15da497961a8,2026-12-30,31
1242 - One Bedroom Apartment Sea View,0a750175-d43d-4c20-9290-5bcbdf976003,4e68626e-7774-4bcc-8f75-15da497961a8,2026-12-31,31
1242 - One Bedroom Apartment Sea View,0a750175-d43d-4c20-9290-5bcbdf976003,4e68626e-7774-4bcc-8f75-15da497961a8,2027-01-01,31
1242 - One Bedroom Apartment Sea View,0a750175-d43d-4c20-9290-5bcbdf976003,4e68626e-7774-4bcc-8f75-15da497961a8,2027-01-02,31
1242 - One Bedroom Apartment Sea View,0a750175-d43d-4c20-9290-5bcbdf976003,4e68626e-7774-4bcc-8f75-15da497961a8,2027-01-03,31
1242 - One Bedroom Apartment Sea View,0a750175-d43d-4c20-9290-5bcbdf976003,4e68626e-7774-4bcc-8f75-15da497961a8,2027-01-04,31
1242 - One Bedroom Apartment Sea View,0a750175-d43d-4c20-9290-5bcbdf976003,4e68626e-7774-4bcc-8f75-15da497961a8,2027-01-05,31
1242 - One Bedroom Apartment Sea View,0a750175-d43d-4c20-9290-5bcbdf976003,4e68626e-7774-4bcc-8f75-15da497961a8,2027-01-06,31
1242 - One Bedroom Apartment Sea View,0a750175-d43d-4c20-9290-5bcbdf976003,4e68626e-7774-4bcc-8f75-15da497961a8,2027-01-07,31
1242 - One Bedroom Apartment Sea View,0a750175-d43d-4c20-9290-5bcbdf976003,4e68626e-7774-4bcc-8f75-15da497961a8,2027-01-08,31
1242 - One Bedroom Apartment Sea View,0a750175-d43d-4c20-9290-5bcbdf976003,4e68626e-7774-4bcc-8f75-15da497961a8,2027-01-09,31
1242 - One Bedroom Apartment Sea View,0a750175-d43d-4c20-9290-5bcbdf976003,4e68626e-7774-4bcc-8f75-15da497961a8,2027-01-10,31
1242 - One Bedroom Apartment Sea View,0a750175-d43d-4c20-9290-5bcbdf976003,4e68626e-7774-4bcc-8f75-15da497961a8,2027-01-11,31
1242 - One Bedroom Apartment Sea View,0a750175-d43d-4c20-9290-5bcbdf976003,4e68626e-7774-4bcc-8f75-15da497961a8,2027-01-12,31
1242 - One Bedroom Apartment Sea View,0a750175-d43d-4c20-9290-5bcbdf976003,4e68626e-7774-4bcc-8f75-15da497961a8,2027-01-13,31
1242 - One Bedroom Apartment Sea View,0a750175-d43d-4c20-9290-5bcbdf976003,4e68626e-7774-4bcc-8f75-15da497961a8,2027-01-14,31
1242 - One Bedroom Apartment Sea View,0a750175-d43d-4c20-9290-5bcbdf976003,4e68626e-7774-4bcc-8f75-15da497961a8,2027-01-15,31
1242 - One Bedroom Apartment Sea View,0a750175-d43d-4c20-9290-5bcbdf976003,4e68626e-7774-4bcc-8f75-15da497961a8,2027-01-16,31
1242 - One Bedroom Apartment Sea View,0a750175-d43d-4c20-9290-5bcbdf976003,4e68626e-7774-4bcc-8f75-15da497961a8,2027-01-17,31
1242 - One Bedroom Apartment Sea View,0a750175-d43d-4c20-9290-5bcbdf976003,4e68626e-7774-4bcc-8f75-15da497961a8,2027-01-18,31
1242 - One Bedroom Apartment Sea View,0a750175-d43d-4c20-9290-5bcbdf976003,4e68626e-7774-4bcc-8f75-15da497961a8,2027-01-19,31
1242 - One Bedroom Apartment Sea View,0a750175-d43d-4c20-9290-5bcbdf976003,4e68626e-7774-4bcc-8f75-15da497961a8,2027-01-20,31
1242 - One Bedroom Apartment Sea View,0a750175-d43d-4c20-9290-5bcbdf976003,4e68626e-7774-4bcc-8f75-15da497961a8,2027-01-21,31
1242 - One Bedroom Apartment Sea View,0a750175-d43d-4c20-9290-5bcbdf976003,4e68626e-7774-4bcc-8f75-15da497961a8,2027-01-22,31
1242 - One Bedroom Apartment Sea View,0a750175-d43d-4c20-9290-5bcbdf976003,4e68626e-7774-4bcc-8f75-15da497961a8,2027-01-23,31
1242 - One Bedroom Apartment Sea View,0a750175-d43d-4c20-9290-5bcbdf976003,4e68626e-7774-4bcc-8f75-15da497961a8,2027-01-24,31
1242 - One Bedroom Apartment Sea View,0a750175-d43d-4c20-9290-5bcbdf976003,4e68626e-7774-4bcc-8f75-15da497961a8,2027-01-25,31
1242 - One Bedroom Apartment Sea View,0a750175-d43d-4c20-9290-5bcbdf976003,4e68626e-7774-4bcc-8f75-15da497961a8,2027-01-26,31
1242 - One Bedroom Apartment Sea View,0a750175-d43d-4c20-9290-5bcbdf976003,4e68626e-7774-4bcc-8f75-15da497961a8,2027-01-27,31
1242 - One Bedroom Apartment Sea View,0a750175-d43d-4c20-9290-5bcbdf976003,4e68626e-7774-4bcc-8f75-15da497961a8,2027-01-28,31
1242 - One Bedroom Apartment Sea View,0a750175-d43d-4c20-9290-5bcbdf976003,4e68626e-7774-4bcc-8f75-15da497961a8,2027-01-29,31
1242 - One Bedroom Apartment Sea View,0a750175-d43d-4c20-9290-5bcbdf976003,4e68626e-7774-4bcc-8f75-15da497961a8,2027-01-30,31
1242 - One Bedroom Apartment Sea View,0a750175-d43d-4c20-9290-5bcbdf976003,4e68626e-7774-4bcc-8f75-15da497961a8,2027-01-31,31
1242 - One Bedroom Apartment Sea View,0a750175-d43d-4c20-9290-5bcbdf976003,4e68626e-7774-4bcc-8f75-15da497961a8,2027-02-01,31
1242 - One Bedroom Apartment Sea View,0a750175-d43d-4c20-9290-5bcbdf976003,4e68626e-7774-4bcc-8f75-15da497961a8,2027-02-02,31
1242 - One Bedroom Apartment Sea View,0a750175-d43d-4c20-9290-5bcbdf976003,4e68626e-7774-4bcc-8f75-15da497961a8,2027-02-03,31
1242 - One Bedroom Apartment Sea View,0a750175-d43d-4c20-9290-5bcbdf976003,4e68626e-7774-4bcc-8f75-15da497961a8,2027-02-04,31
1242 - One Bedroom Apartment Sea View,0a750175-d43d-4c20-9290-5bcbdf976003,4e68626e-7774-4bcc-8f75-15da497961a8,2027-02-05,31
1242 - One Bedroom Apartment Sea View,0a750175-d43d-4c20-9290-5bcbdf976003,4e68626e-7774-4bcc-8f75-15da497961a8,2027-02-06,31
1242 - One Bedroom Apartment Sea View,0a750175-d43d-4c20-9290-5bcbdf976003,4e68626e-7774-4bcc-8f75-15da497961a8,2027-02-07,31
1242 - One Bedroom Apartment Sea View,0a750175-d43d-4c20-9290-5bcbdf976003,4e68626e-7774-4bcc-8f75-15da497961a8,2027-02-08,31
1242 - One Bedroom Apartment Sea View,0a750175-d43d-4c20-9290-5bcbdf976003,4e68626e-7774-4bcc-8f75-15da497961a8,2027-02-09,31
1242 - One Bedroom Apartment Sea View,0a750175-d43d-4c20-9290-5bcbdf976003,4e68626e-7774-4bcc-8f75-15da497961a8,2027-02-10,31
1242 - One Bedroom Apartment Sea View,0a750175-d43d-4c20-9290-5bcbdf976003,4e68626e-7774-4bcc-8f75-15da497961a8,2027-02-11,31
1242 - One Bedroom Apartment Sea View,0a750175-d43d-4c20-9290-5bcbdf976003,4e68626e-7774-4bcc-8f75-15da497961a8,2027-02-12,31
1242 - One Bedroom Apartment Sea View,0a750175-d43d-4c20-9290-5bcbdf976003,4e68626e-7774-4bcc-8f75-15da497961a8,2027-02-13,31
1242 - One Bedroom Apartment Sea View,0a750175-d43d-4c20-9290-5bcbdf976003,4e68626e-7774-4bcc-8f75-15da497961a8,2027-02-14,31
1242 - One Bedroom Apartment Sea View,0a750175-d43d-4c20-9290-5bcbdf976003,4e68626e-7774-4bcc-8f75-15da497961a8,2027-02-15,31
1242 - One Bedroom Apartment Sea View,0a750175-d43d-4c20-9290-5bcbdf976003,4e68626e-7774-4bcc-8f75-15da497961a8,2027-02-16,31
1242 - One Bedroom Apartment Sea View,0a750175-d43d-4c20-9290-5bcbdf976003,4e68626e-7774-4bcc-8f75-15da497961a8,2027-02-17,31
1242 - One Bedroom Apartment Sea View,0a750175-d43d-4c20-9290-5bcbdf976003,4e68626e-7774-4bcc-8f75-15da497961a8,2027-02-18,31
1242 - One Bedroom Apartment Sea View,0a750175-d43d-4c20-9290-5bcbdf976003,4e68626e-7774-4bcc-8f75-15da497961a8,2027-02-19,31
1242 - One Bedroom Apartment Sea View,0a750175-d43d-4c20-9290-5bcbdf976003,4e68626e-7774-4bcc-8f75-15da497961a8,2027-02-20,31
1242 - One Bedroom Apartment Sea View,0a750175-d43d-4c20-9290-5bcbdf976003,4e68626e-7774-4bcc-8f75-15da497961a8,2027-02-21,31
1242 - One Bedroom Apartment Sea View,0a750175-d43d-4c20-9290-5bcbdf976003,4e68626e-7774-4bcc-8f75-15da497961a8,2027-02-22,31
1242 - One Bedroom Apartment Sea View,0a750175-d43d-4c20-9290-5bcbdf976003,4e68626e-7774-4bcc-8f75-15da497961a8,2027-02-23,31
1242 - One Bedroom Apartment Sea View,0a750175-d43d-4c20-9290-5bcbdf976003,4e68626e-7774-4bcc-8f75-15da497961a8,2027-02-24,31
1242 - One Bedroom Apartment Sea View,0a750175-d43d-4c20-9290-5bcbdf976003,4e68626e-7774-4bcc-8f75-15da497961a8,2027-02-25,31
1242 - One Bedroom Apartment Sea View,0a750175-d43d-4c20-9290-5bcbdf976003,4e68626e-7774-4bcc-8f75-15da497961a8,2027-02-26,31
1242 - One Bedroom Apartment Sea View,0a750175-d43d-4c20-9290-5bcbdf976003,4e68626e-7774-4bcc-8f75-15da497961a8,2027-02-27,31
1242 - One Bedroom Apartment Sea View,0a750175-d43d-4c20-9290-5bcbdf976003,4e68626e-7774-4bcc-8f75-15da497961a8,2027-02-28,31
1242 - One Bedroom Apartment Sea View,0a750175-d43d-4c20-9290-5bcbdf976003,4e68626e-7774-4bcc-8f75-15da497961a8,2027-03-01,31
1242 - One Bedroom Apartment Sea View,0a750175-d43d-4c20-9290-5bcbdf976003,4e68626e-7774-4bcc-8f75-15da497961a8,2027-03-02,31
1242 - One Bedroom Apartment Sea View,0a750175-d43d-4c20-9290-5bcbdf976003,4e68626e-7774-4bcc-8f75-15da497961a8,2027-03-03,31
1242 - One Bedroom Apartment Sea View,0a750175-d43d-4c20-9290-5bcbdf976003,4e68626e-7774-4bcc-8f75-15da497961a8,2027-03-04,31
1242 - One Bedroom Apartment Sea View,0a750175-d43d-4c20-9290-5bcbdf976003,4e68626e-7774-4bcc-8f75-15da497961a8,2027-03-05,31
1242 - One Bedroom Apartment Sea View,0a750175-d43d-4c20-9290-5bcbdf976003,4e68626e-7774-4bcc-8f75-15da497961a8,2027-03-06,31
1242 - One Bedroom Apartment Sea View,0a750175-d43d-4c20-9290-5bcbdf976003,4e68626e-7774-4bcc-8f75-15da497961a8,2027-03-07,31
1242 - One Bedroom Apartment Sea View,0a750175-d43d-4c20-9290-5bcbdf976003,4e68626e-7774-4bcc-8f75-15da497961a8,2027-03-08,31
1242 - One Bedroom Apartment Sea View,0a750175-d43d-4c20-9290-5bcbdf976003,4e68626e-7774-4bcc-8f75-15da497961a8,2027-03-09,31
1242 - One Bedroom Apartment Sea View,0a750175-d43d-4c20-9290-5bcbdf976003,4e68626e-7774-4bcc-8f75-15da497961a8,2027-03-10,31
1242 - One Bedroom Apartment Sea View,0a750175-d43d-4c20-9290-5bcbdf976003,4e68626e-7774-4bcc-8f75-15da497961a8,2027-03-11,31
1242 - One Bedroom Apartment Sea View,0a750175-d43d-4c20-9290-5bcbdf976003,4e68626e-7774-4bcc-8f75-15da497961a8,2027-03-12,31
1242 - One Bedroom Apartment Sea View,0a750175-d43d-4c20-9290-5bcbdf976003,4e68626e-7774-4bcc-8f75-15da497961a8,2027-03-13,31
1242 - One Bedroom Apartment Sea View,0a750175-d43d-4c20-9290-5bcbdf976003,4e68626e-7774-4bcc-8f75-15da497961a8,2027-03-14,31
1242 - One Bedroom Apartment Sea View,0a750175-d43d-4c20-9290-5bcbdf976003,4e68626e-7774-4bcc-8f75-15da497961a8,2027-03-15,31
1242 - One Bedroom Apartment Sea View,0a750175-d43d-4c20-9290-5bcbdf976003,4e68626e-7774-4bcc-8f75-15da497961a8,2027-03-16,31
1242 - One Bedroom Apartment Sea View,0a750175-d43d-4c20-9290-5bcbdf976003,4e68626e-7774-4bcc-8f75-15da497961a8,2027-03-17,31
1242 - One Bedroom Apartment Sea View,0a750175-d43d-4c20-9290-5bcbdf976003,4e68626e-7774-4bcc-8f75-15da497961a8,2027-03-18,31
1242 - One Bedroom Apartment Sea View,0a750175-d43d-4c20-9290-5bcbdf976003,4e68626e-7774-4bcc-8f75-15da497961a8,2027-03-19,31
1242 - One Bedroom Apartment Sea View,0a750175-d43d-4c20-9290-5bcbdf976003,4e68626e-7774-4bcc-8f75-15da497961a8,2027-03-20,31
1242 - One Bedroom Apartment Sea View,0a750175-d43d-4c20-9290-5bcbdf976003,4e68626e-7774-4bcc-8f75-15da497961a8,2027-03-21,31
1242 - One Bedroom Apartment Sea View,0a750175-d43d-4c20-9290-5bcbdf976003,4e68626e-7774-4bcc-8f75-15da497961a8,2027-03-22,31
1242 - One Bedroom Apartment Sea View,0a750175-d43d-4c20-9290-5bcbdf976003,4e68626e-7774-4bcc-8f75-15da497961a8,2027-03-23,31
1242 - One Bedroom Apartment Sea View,0a750175-d43d-4c20-9290-5bcbdf976003,4e68626e-7774-4bcc-8f75-15da497961a8,2027-03-24,31
1242 - One Bedroom Apartment Sea View,0a750175-d43d-4c20-9290-5bcbdf976003,4e68626e-7774-4bcc-8f75-15da497961a8,2027-03-25,31
1242 - One Bedroom Apartment Sea View,0a750175-d43d-4c20-9290-5bcbdf976003,4e68626e-7774-4bcc-8f75-15da497961a8,2027-03-26,31
1242 - One Bedroom Apartment Sea View,0a750175-d43d-4c20-9290-5bcbdf976003,4e68626e-7774-4bcc-8f75-15da497961a8,2027-03-27,31
1242 - One Bedroom Apartment Sea View,0a750175-d43d-4c20-9290-5bcbdf976003,4e68626e-7774-4bcc-8f75-15da497961a8,2027-03-28,31
1242 - One Bedroom Apartment Sea View,0a750175-d43d-4c20-9290-5bcbdf976003,4e68626e-7774-4bcc-8f75-15da497961a8,2027-03-29,31
1242 - One Bedroom Apartment Sea View,0a750175-d43d-4c20-9290-5bcbdf976003,4e68626e-7774-4bcc-8f75-15da497961a8,2027-03-30,31
1242 - One Bedroom Apartment Sea View,0a750175-d43d-4c20-9290-5bcbdf976003,4e68626e-7774-4bcc-8f75-15da497961a8,2027-03-31,31
1242 - One Bedroom Apartment Sea View,0a750175-d43d-4c20-9290-5bcbdf976003,4e68626e-7774-4bcc-8f75-15da497961a8,2027-04-01,31
1242 - One Bedroom Apartment Sea View,0a750175-d43d-4c20-9290-5bcbdf976003,4e68626e-7774-4bcc-8f75-15da497961a8,2027-04-02,31
1242 - One Bedroom Apartment Sea View,0a750175-d43d-4c20-9290-5bcbdf976003,4e68626e-7774-4bcc-8f75-15da497961a8,2027-04-03,31
1242 - One Bedroom Apartment Sea View,0a750175-d43d-4c20-9290-5bcbdf976003,4e68626e-7774-4bcc-8f75-15da497961a8,2027-04-04,31
1242 - One Bedroom Apartment Sea View,0a750175-d43d-4c20-9290-5bcbdf976003,4e68626e-7774-4bcc-8f75-15da497961a8,2027-04-05,31
1242 - One Bedroom Apartment Sea View,0a750175-d43d-4c20-9290-5bcbdf976003,4e68626e-7774-4bcc-8f75-15da497961a8,2027-04-06,31
1242 - One Bedroom Apartment Sea View,0a750175-d43d-4c20-9290-5bcbdf976003,4e68626e-7774-4bcc-8f75-15da497961a8,2027-04-07,31
1242 - One Bedroom Apartment Sea View,0a750175-d43d-4c20-9290-5bcbdf976003,4e68626e-7774-4bcc-8f75-15da497961a8,2027-04-08,31
1242 - One Bedroom Apartment Sea View,0a750175-d43d-4c20-9290-5bcbdf976003,4e68626e-7774-4bcc-8f75-15da497961a8,2027-04-09,31
1242 - One Bedroom Apartment Sea View,0a750175-d43d-4c20-9290-5bcbdf976003,4e68626e-7774-4bcc-8f75-15da497961a8,2027-04-10,31
1242 - One Bedroom Apartment Sea View,0a750175-d43d-4c20-9290-5bcbdf976003,4e68626e-7774-4bcc-8f75-15da497961a8,2027-04-11,31
1242 - One Bedroom Apartment Sea View,0a750175-d43d-4c20-9290-5bcbdf976003,4e68626e-7774-4bcc-8f75-15da497961a8,2027-04-12,31
1242 - One Bedroom Apartment Sea View,0a750175-d43d-4c20-9290-5bcbdf976003,4e68626e-7774-4bcc-8f75-15da497961a8,2027-04-13,31
1242 - One Bedroom Apartment Sea View,0a750175-d43d-4c20-9290-5bcbdf976003,4e68626e-7774-4bcc-8f75-15da497961a8,2027-04-14,31
1242 - One Bedroom Apartment Sea View,0a750175-d43d-4c20-9290-5bcbdf976003,4e68626e-7774-4bcc-8f75-15da497961a8,2027-04-15,31
1242 - One Bedroom Apartment Sea View,0a750175-d43d-4c20-9290-5bcbdf976003,4e68626e-7774-4bcc-8f75-15da497961a8,2027-04-16,31
1242 - One Bedroom Apartment Sea View,0a750175-d43d-4c20-9290-5bcbdf976003,4e68626e-7774-4bcc-8f75-15da497961a8,2027-04-17,31
1242 - One Bedroom Apartment Sea View,0a750175-d43d-4c20-9290-5bcbdf976003,4e68626e-7774-4bcc-8f75-15da497961a8,2027-04-18,31
1242 - One Bedroom Apartment Sea View,0a750175-d43d-4c20-9290-5bcbdf976003,4e68626e-7774-4bcc-8f75-15da497961a8,2027-04-19,31
1242 - One Bedroom Apartment Sea View,0a750175-d43d-4c20-9290-5bcbdf976003,4e68626e-7774-4bcc-8f75-15da497961a8,2027-04-20,31
1242 - One Bedroom Apartment Sea View,0a750175-d43d-4c20-9290-5bcbdf976003,4e68626e-7774-4bcc-8f75-15da497961a8,2027-04-21,31
1242 - One Bedroom Apartment Sea View,0a750175-d43d-4c20-9290-5bcbdf976003,4e68626e-7774-4bcc-8f75-15da497961a8,2027-04-22,31
1242 - One Bedroom Apartment Sea View,0a750175-d43d-4c20-9290-5bcbdf976003,4e68626e-7774-4bcc-8f75-15da497961a8,2027-04-23,31
1242 - One Bedroom Apartment Sea View,0a750175-d43d-4c20-9290-5bcbdf976003,4e68626e-7774-4bcc-8f75-15da497961a8,2027-04-24,31
1242 - One Bedroom Apartment Sea View,0a750175-d43d-4c20-9290-5bcbdf976003,4e68626e-7774-4bcc-8f75-15da497961a8,2027-04-25,31
1242 - One Bedroom Apartment Sea View,0a750175-d43d-4c20-9290-5bcbdf976003,4e68626e-7774-4bcc-8f75-15da497961a8,2027-04-26,31
1242 - One Bedroom Apartment Sea View,0a750175-d43d-4c20-9290-5bcbdf976003,4e68626e-7774-4bcc-8f75-15da497961a8,2027-04-27,31
1242 - One Bedroom Apartment Sea View,0a750175-d43d-4c20-9290-5bcbdf976003,4e68626e-7774-4bcc-8f75-15da497961a8,2027-04-28,31
1242 - One Bedroom Apartment Sea View,0a750175-d43d-4c20-9290-5bcbdf976003,4e68626e-7774-4bcc-8f75-15da497961a8,2027-04-29,31
1242 - One Bedroom Apartment Sea View,0a750175-d43d-4c20-9290-5bcbdf976003,4e68626e-7774-4bcc-8f75-15da497961a8,2027-04-30,31
1242 - One Bedroom Apartment Sea View,0a750175-d43d-4c20-9290-5bcbdf976003,4e68626e-7774-4bcc-8f75-15da497961a8,2027-05-01,31
1242 - One Bedroom Apartment Sea View,0a750175-d43d-4c20-9290-5bcbdf976003,4e68626e-7774-4bcc-8f75-15da497961a8,2027-05-02,31
1242 - One Bedroom Apartment Sea View,0a750175-d43d-4c20-9290-5bcbdf976003,4e68626e-7774-4bcc-8f75-15da497961a8,2027-05-03,31
1242 - One Bedroom Apartment Sea View,0a750175-d43d-4c20-9290-5bcbdf976003,4e68626e-7774-4bcc-8f75-15da497961a8,2027-05-04,31
1242 - One Bedroom Apartment Sea View,0a750175-d43d-4c20-9290-5bcbdf976003,4e68626e-7774-4bcc-8f75-15da497961a8,2027-05-05,31
1242 - One Bedroom Apartment Sea View,0a750175-d43d-4c20-9290-5bcbdf976003,4e68626e-7774-4bcc-8f75-15da497961a8,2027-05-06,31
1242 - One Bedroom Apartment Sea View,0a750175-d43d-4c20-9290-5bcbdf976003,4e68626e-7774-4bcc-8f75-15da497961a8,2027-05-07,31
1242 - One Bedroom Apartment Sea View,0a750175-d43d-4c20-9290-5bcbdf976003,4e68626e-7774-4bcc-8f75-15da497961a8,2027-05-08,31
1242 - One Bedroom Apartment Sea View,0a750175-d43d-4c20-9290-5bcbdf976003,4e68626e-7774-4bcc-8f75-15da497961a8,2027-05-09,31
1242 - One Bedroom Apartment Sea View,0a750175-d43d-4c20-9290-5bcbdf976003,4e68626e-7774-4bcc-8f75-15da497961a8,2027-05-10,31
1242 - One Bedroom Apartment Sea View,0a750175-d43d-4c20-9290-5bcbdf976003,4e68626e-7774-4bcc-8f75-15da497961a8,2027-05-11,31
1242 - One Bedroom Apartment Sea View,0a750175-d43d-4c20-9290-5bcbdf976003,4e68626e-7774-4bcc-8f75-15da497961a8,2027-05-12,31
1242 - One Bedroom Apartment Sea View,0a750175-d43d-4c20-9290-5bcbdf976003,4e68626e-7774-4bcc-8f75-15da497961a8,2027-05-13,31
1242 - One Bedroom Apartment Sea View,0a750175-d43d-4c20-9290-5bcbdf976003,4e68626e-7774-4bcc-8f75-15da497961a8,2027-05-14,31
1242 - One Bedroom Apartment Sea View,0a750175-d43d-4c20-9290-5bcbdf976003,4e68626e-7774-4bcc-8f75-15da497961a8,2027-05-15,31
1242 - One Bedroom Apartment Sea View,0a750175-d43d-4c20-9290-5bcbdf976003,4e68626e-7774-4bcc-8f75-15da497961a8,2027-05-16,31
1242 - One Bedroom Apartment Sea View,0a750175-d43d-4c20-9290-5bcbdf976003,4e68626e-7774-4bcc-8f75-15da497961a8,2027-05-17,31
1242 - One Bedroom Apartment Sea View,0a750175-d43d-4c20-9290-5bcbdf976003,4e68626e-7774-4bcc-8f75-15da497961a8,2027-05-18,31
1242 - One Bedroom Apartment Sea View,0a750175-d43d-4c20-9290-5bcbdf976003,4e68626e-7774-4bcc-8f75-15da497961a8,2027-05-19,31
1242 - One Bedroom Apartment Sea View,0a750175-d43d-4c20-9290-5bcbdf976003,4e68626e-7774-4bcc-8f75-15da497961a8,2027-05-20,31
1242 - One Bedroom Apartment Sea View,0a750175-d43d-4c20-9290-5bcbdf976003,4e68626e-7774-4bcc-8f75-15da497961a8,2027-05-21,31
1242 - One Bedroom Apartment Sea View,0a750175-d43d-4c20-9290-5bcbdf976003,4e68626e-7774-4bcc-8f75-15da497961a8,2027-05-22,31
1242 - One Bedroom Apartment Sea View,0a750175-d43d-4c20-9290-5bcbdf976003,4e68626e-7774-4bcc-8f75-15da497961a8,2027-05-23,31
1242 - One Bedroom Apartment Sea View,0a750175-d43d-4c20-9290-5bcbdf976003,4e68626e-7774-4bcc-8f75-15da497961a8,2027-05-24,31
1242 - One Bedroom Apartment Sea View,0a750175-d43d-4c20-9290-5bcbdf976003,4e68626e-7774-4bcc-8f75-15da497961a8,2027-05-25,31
1242 - One Bedroom Apartment Sea View,0a750175-d43d-4c20-9290-5bcbdf976003,4e68626e-7774-4bcc-8f75-15da497961a8,2027-05-26,31
1242 - One Bedroom Apartment Sea View,0a750175-d43d-4c20-9290-5bcbdf976003,4e68626e-7774-4bcc-8f75-15da497961a8,2027-05-27,31
1242 - One Bedroom Apartment Sea View,0a750175-d43d-4c20-9290-5bcbdf976003,4e68626e-7774-4bcc-8f75-15da497961a8,2027-05-28,31
1242 - One Bedroom Apartment Sea View,0a750175-d43d-4c20-9290-5bcbdf976003,4e68626e-7774-4bcc-8f75-15da497961a8,2027-05-29,31
1242 - One Bedroom Apartment Sea View,0a750175-d43d-4c20-9290-5bcbdf976003,4e68626e-7774-4bcc-8f75-15da497961a8,2027-05-30,31
1242 - One Bedroom Apartment Sea View,0a750175-d43d-4c20-9290-5bcbdf976003,4e68626e-7774-4bcc-8f75-15da497961a8,2027-05-31,31
1242 - One Bedroom Apartment Sea View,0a750175-d43d-4c20-9290-5bcbdf976003,4e68626e-7774-4bcc-8f75-15da497961a8,2027-06-01,31
1242 - One Bedroom Apartment Sea View,0a750175-d43d-4c20-9290-5bcbdf976003,4e68626e-7774-4bcc-8f75-15da497961a8,2027-06-02,31
1242 - One Bedroom Apartment Sea View,0a750175-d43d-4c20-9290-5bcbdf976003,4e68626e-7774-4bcc-8f75-15da497961a8,2027-06-03,31
1242 - One Bedroom Apartment Sea View,0a750175-d43d-4c20-9290-5bcbdf976003,4e68626e-7774-4bcc-8f75-15da497961a8,2027-06-04,31
1242 - One Bedroom Apartment Sea View,0a750175-d43d-4c20-9290-5bcbdf976003,4e68626e-7774-4bcc-8f75-15da497961a8,2027-06-05,31
1242 - One Bedroom Apartment Sea View,0a750175-d43d-4c20-9290-5bcbdf976003,4e68626e-7774-4bcc-8f75-15da497961a8,2027-06-06,31
1242 - One Bedroom Apartment Sea View,0a750175-d43d-4c20-9290-5bcbdf976003,4e68626e-7774-4bcc-8f75-15da497961a8,2027-06-07,31
1242 - One Bedroom Apartment Sea View,0a750175-d43d-4c20-9290-5bcbdf976003,4e68626e-7774-4bcc-8f75-15da497961a8,2027-06-08,31
1242 - One Bedroom Apartment Sea View,0a750175-d43d-4c20-9290-5bcbdf976003,4e68626e-7774-4bcc-8f75-15da497961a8,2027-06-09,31
1242 - One Bedroom Apartment Sea View,0a750175-d43d-4c20-9290-5bcbdf976003,4e68626e-7774-4bcc-8f75-15da497961a8,2027-06-10,31
1242 - One Bedroom Apartment Sea View,0a750175-d43d-4c20-9290-5bcbdf976003,4e68626e-7774-4bcc-8f75-15da497961a8,2027-06-11,31
1242 - One Bedroom Apartment Sea View,0a750175-d43d-4c20-9290-5bcbdf976003,4e68626e-7774-4bcc-8f75-15da497961a8,2027-06-12,31
1242 - One Bedroom Apartment Sea View,0a750175-d43d-4c20-9290-5bcbdf976003,4e68626e-7774-4bcc-8f75-15da497961a8,2027-06-13,31
1242 - One Bedroom Apartment Sea View,0a750175-d43d-4c20-9290-5bcbdf976003,4e68626e-7774-4bcc-8f75-15da497961a8,2027-06-14,31
1242 - One Bedroom Apartment Sea View,0a750175-d43d-4c20-9290-5bcbdf976003,4e68626e-7774-4bcc-8f75-15da497961a8,2027-06-15,31
1242 - One Bedroom Apartment Sea View,0a750175-d43d-4c20-9290-5bcbdf976003,4e68626e-7774-4bcc-8f75-15da497961a8,2027-06-16,31
1242 - One Bedroom Apartment Sea View,0a750175-d43d-4c20-9290-5bcbdf976003,4e68626e-7774-4bcc-8f75-15da497961a8,2027-06-17,31
1242 - One Bedroom Apartment Sea View,0a750175-d43d-4c20-9290-5bcbdf976003,4e68626e-7774-4bcc-8f75-15da497961a8,2027-06-18,31
1242 - One Bedroom Apartment Sea View,0a750175-d43d-4c20-9290-5bcbdf976003,4e68626e-7774-4bcc-8f75-15da497961a8,2027-06-19,31
1242 - One Bedroom Apartment Sea View,0a750175-d43d-4c20-9290-5bcbdf976003,4e68626e-7774-4bcc-8f75-15da497961a8,2027-06-20,31
1242 - One Bedroom Apartment Sea View,0a750175-d43d-4c20-9290-5bcbdf976003,4e68626e-7774-4bcc-8f75-15da497961a8,2027-06-21,31
1242 - One Bedroom Apartment Sea View,0a750175-d43d-4c20-9290-5bcbdf976003,4e68626e-7774-4bcc-8f75-15da497961a8,2027-06-22,31
1242 - One Bedroom Apartment Sea View,0a750175-d43d-4c20-9290-5bcbdf976003,4e68626e-7774-4bcc-8f75-15da497961a8,2027-06-23,31
1242 - One Bedroom Apartment Sea View,0a750175-d43d-4c20-9290-5bcbdf976003,4e68626e-7774-4bcc-8f75-15da497961a8,2027-06-24,31
1242 - One Bedroom Apartment Sea View,0a750175-d43d-4c20-9290-5bcbdf976003,4e68626e-7774-4bcc-8f75-15da497961a8,2027-06-25,31
1242 - One Bedroom Apartment Sea View,0a750175-d43d-4c20-9290-5bcbdf976003,4e68626e-7774-4bcc-8f75-15da497961a8,2027-06-26,31
1242 - One Bedroom Apartment Sea View,0a750175-d43d-4c20-9290-5bcbdf976003,4e68626e-7774-4bcc-8f75-15da497961a8,2027-06-27,31
1242 - One Bedroom Apartment Sea View,0a750175-d43d-4c20-9290-5bcbdf976003,4e68626e-7774-4bcc-8f75-15da497961a8,2027-06-28,31
1242 - One Bedroom Apartment Sea View,0a750175-d43d-4c20-9290-5bcbdf976003,4e68626e-7774-4bcc-8f75-15da497961a8,2027-06-29,31
1242 - One Bedroom Apartment Sea View,0a750175-d43d-4c20-9290-5bcbdf976003,4e68626e-7774-4bcc-8f75-15da497961a8,2027-06-30,31
1242 - One Bedroom Apartment Sea View,0a750175-d43d-4c20-9290-5bcbdf976003,4e68626e-7774-4bcc-8f75-15da497961a8,2027-07-01,31
1242 - One Bedroom Apartment Sea View,0a750175-d43d-4c20-9290-5bcbdf976003,4e68626e-7774-4bcc-8f75-15da497961a8,2027-07-02,31
1242 - One Bedroom Apartment Sea View,0a750175-d43d-4c20-9290-5bcbdf976003,4e68626e-7774-4bcc-8f75-15da497961a8,2027-07-03,31
1242 - One Bedroom Apartment Sea View,0a750175-d43d-4c20-9290-5bcbdf976003,4e68626e-7774-4bcc-8f75-15da497961a8,2027-07-04,31
1242 - One Bedroom Apartment Sea View,0a750175-d43d-4c20-9290-5bcbdf976003,4e68626e-7774-4bcc-8f75-15da497961a8,2027-07-05,31
1242 - One Bedroom Apartment Sea View,0a750175-d43d-4c20-9290-5bcbdf976003,4e68626e-7774-4bcc-8f75-15da497961a8,2027-07-06,31
1242 - One Bedroom Apartment Sea View,0a750175-d43d-4c20-9290-5bcbdf976003,4e68626e-7774-4bcc-8f75-15da497961a8,2027-07-07,31
1242 - One Bedroom Apartment Sea View,0a750175-d43d-4c20-9290-5bcbdf976003,4e68626e-7774-4bcc-8f75-15da497961a8,2027-07-08,31
1242 - One Bedroom Apartment Sea View,0a750175-d43d-4c20-9290-5bcbdf976003,4e68626e-7774-4bcc-8f75-15da497961a8,2027-07-09,31
1242 - One Bedroom Apartment Sea View,0a750175-d43d-4c20-9290-5bcbdf976003,4e68626e-7774-4bcc-8f75-15da497961a8,2027-07-10,31
1242 - One Bedroom Apartment Sea View,0a750175-d43d-4c20-9290-5bcbdf976003,4e68626e-7774-4bcc-8f75-15da497961a8,2027-07-11,31
1242 - One Bedroom Apartment Sea View,0a750175-d43d-4c20-9290-5bcbdf976003,4e68626e-7774-4bcc-8f75-15da497961a8,2027-07-12,31
1242 - One Bedroom Apartment Sea View,0a750175-d43d-4c20-9290-5bcbdf976003,4e68626e-7774-4bcc-8f75-15da497961a8,2027-07-13,31
1242 - One Bedroom Apartment Sea View,0a750175-d43d-4c20-9290-5bcbdf976003,4e68626e-7774-4bcc-8f75-15da497961a8,2027-07-14,31
1242 - One Bedroom Apartment Sea View,0a750175-d43d-4c20-9290-5bcbdf976003,4e68626e-7774-4bcc-8f75-15da497961a8,2027-07-15,31
1242 - One Bedroom Apartment Sea View,0a750175-d43d-4c20-9290-5bcbdf976003,4e68626e-7774-4bcc-8f75-15da497961a8,2027-07-16,31
1242 - One Bedroom Apartment Sea View,0a750175-d43d-4c20-9290-5bcbdf976003,4e68626e-7774-4bcc-8f75-15da497961a8,2027-07-17,31
1242 - One Bedroom Apartment Sea View,0a750175-d43d-4c20-9290-5bcbdf976003,4e68626e-7774-4bcc-8f75-15da497961a8,2027-07-18,31
1242 - One Bedroom Apartment Sea View,0a750175-d43d-4c20-9290-5bcbdf976003,4e68626e-7774-4bcc-8f75-15da497961a8,2027-07-19,31
1242 - One Bedroom Apartment Sea View,0a750175-d43d-4c20-9290-5bcbdf976003,4e68626e-7774-4bcc-8f75-15da497961a8,2027-07-20,31
1242 - One Bedroom Apartment Sea View,0a750175-d43d-4c20-9290-5bcbdf976003,4e68626e-7774-4bcc-8f75-15da497961a8,2027-07-21,31
1242 - One Bedroom Apartment Sea View,0a750175-d43d-4c20-9290-5bcbdf976003,4e68626e-7774-4bcc-8f75-15da497961a8,2027-07-22,31
1242 - One Bedroom Apartment Sea View,0a750175-d43d-4c20-9290-5bcbdf976003,4e68626e-7774-4bcc-8f75-15da497961a8,2027-07-23,31
1242 - One Bedroom Apartment Sea View,0a750175-d43d-4c20-9290-5bcbdf976003,4e68626e-7774-4bcc-8f75-15da497961a8,2027-07-24,31
1242 - One Bedroom Apartment Sea View,0a750175-d43d-4c20-9290-5bcbdf976003,4e68626e-7774-4bcc-8f75-15da497961a8,2027-07-25,31
1242 - One Bedroom Apartment Sea View,0a750175-d43d-4c20-9290-5bcbdf976003,4e68626e-7774-4bcc-8f75-15da497961a8,2027-07-26,31
1242 - One Bedroom Apartment Sea View,0a750175-d43d-4c20-9290-5bcbdf976003,4e68626e-7774-4bcc-8f75-15da497961a8,2027-07-27,31
1242 - One Bedroom Apartment Sea View,0a750175-d43d-4c20-9290-5bcbdf976003,4e68626e-7774-4bcc-8f75-15da497961a8,2027-07-28,31
1242 - One Bedroom Apartment Sea View,0a750175-d43d-4c20-9290-5bcbdf976003,4e68626e-7774-4bcc-8f75-15da497961a8,2027-07-29,31
1242 - One Bedroom Apartment Sea View,0a750175-d43d-4c20-9290-5bcbdf976003,4e68626e-7774-4bcc-8f75-15da497961a8,2027-07-30,31
1242 - One Bedroom Apartment Sea View,0a750175-d43d-4c20-9290-5bcbdf976003,4e68626e-7774-4bcc-8f75-15da497961a8,2027-07-31,31
1242 - One Bedroom Apartment Sea View,0a750175-d43d-4c20-9290-5bcbdf976003,4e68626e-7774-4bcc-8f75-15da497961a8,2027-08-01,31
1242 - One Bedroom Apartment Sea View,0a750175-d43d-4c20-9290-5bcbdf976003,4e68626e-7774-4bcc-8f75-15da497961a8,2027-08-02,31
1242 - One Bedroom Apartment Sea View,0a750175-d43d-4c20-9290-5bcbdf976003,4e68626e-7774-4bcc-8f75-15da497961a8,2027-08-03,31
1245 - One Bedroom Apartment Sea View,d7c5ecf0-74e4-4fd4-8db1-46385924deae,9f13945b-cf18-453b-9eda-2cd30ef32664,2026-07-25,31
1245 - One Bedroom Apartment Sea View,d7c5ecf0-74e4-4fd4-8db1-46385924deae,9f13945b-cf18-453b-9eda-2cd30ef32664,2026-07-26,31
1245 - One Bedroom Apartment Sea View,d7c5ecf0-74e4-4fd4-8db1-46385924deae,9f13945b-cf18-453b-9eda-2cd30ef32664,2026-07-27,31
1245 - One Bedroom Apartment Sea View,d7c5ecf0-74e4-4fd4-8db1-46385924deae,9f13945b-cf18-453b-9eda-2cd30ef32664,2026-07-28,31
1245 - One Bedroom Apartment Sea View,d7c5ecf0-74e4-4fd4-8db1-46385924deae,9f13945b-cf18-453b-9eda-2cd30ef32664,2026-07-29,31
1245 - One Bedroom Apartment Sea View,d7c5ecf0-74e4-4fd4-8db1-46385924deae,9f13945b-cf18-453b-9eda-2cd30ef32664,2026-07-30,31
1245 - One Bedroom Apartment Sea View,d7c5ecf0-74e4-4fd4-8db1-46385924deae,9f13945b-cf18-453b-9eda-2cd30ef32664,2026-07-31,31
1245 - One Bedroom Apartment Sea View,d7c5ecf0-74e4-4fd4-8db1-46385924deae,9f13945b-cf18-453b-9eda-2cd30ef32664,2026-08-01,31
1245 - One Bedroom Apartment Sea View,d7c5ecf0-74e4-4fd4-8db1-46385924deae,9f13945b-cf18-453b-9eda-2cd30ef32664,2026-08-02,31
1245 - One Bedroom Apartment Sea View,d7c5ecf0-74e4-4fd4-8db1-46385924deae,9f13945b-cf18-453b-9eda-2cd30ef32664,2026-08-03,31
1245 - One Bedroom Apartment Sea View,d7c5ecf0-74e4-4fd4-8db1-46385924deae,9f13945b-cf18-453b-9eda-2cd30ef32664,2026-08-04,31
1245 - One Bedroom Apartment Sea View,d7c5ecf0-74e4-4fd4-8db1-46385924deae,9f13945b-cf18-453b-9eda-2cd30ef32664,2026-08-05,31
1245 - One Bedroom Apartment Sea View,d7c5ecf0-74e4-4fd4-8db1-46385924deae,9f13945b-cf18-453b-9eda-2cd30ef32664,2026-08-06,31
1245 - One Bedroom Apartment Sea View,d7c5ecf0-74e4-4fd4-8db1-46385924deae,9f13945b-cf18-453b-9eda-2cd30ef32664,2026-08-07,31
1245 - One Bedroom Apartment Sea View,d7c5ecf0-74e4-4fd4-8db1-46385924deae,9f13945b-cf18-453b-9eda-2cd30ef32664,2026-08-08,31
1245 - One Bedroom Apartment Sea View,d7c5ecf0-74e4-4fd4-8db1-46385924deae,9f13945b-cf18-453b-9eda-2cd30ef32664,2026-08-09,31
1245 - One Bedroom Apartment Sea View,d7c5ecf0-74e4-4fd4-8db1-46385924deae,9f13945b-cf18-453b-9eda-2cd30ef32664,2026-08-10,31
1245 - One Bedroom Apartment Sea View,d7c5ecf0-74e4-4fd4-8db1-46385924deae,9f13945b-cf18-453b-9eda-2cd30ef32664,2026-08-11,31
1245 - One Bedroom Apartment Sea View,d7c5ecf0-74e4-4fd4-8db1-46385924deae,9f13945b-cf18-453b-9eda-2cd30ef32664,2026-08-12,31
1245 - One Bedroom Apartment Sea View,d7c5ecf0-74e4-4fd4-8db1-46385924deae,9f13945b-cf18-453b-9eda-2cd30ef32664,2026-08-13,31
1245 - One Bedroom Apartment Sea View,d7c5ecf0-74e4-4fd4-8db1-46385924deae,9f13945b-cf18-453b-9eda-2cd30ef32664,2026-08-14,31
1245 - One Bedroom Apartment Sea View,d7c5ecf0-74e4-4fd4-8db1-46385924deae,9f13945b-cf18-453b-9eda-2cd30ef32664,2026-08-15,31
1245 - One Bedroom Apartment Sea View,d7c5ecf0-74e4-4fd4-8db1-46385924deae,9f13945b-cf18-453b-9eda-2cd30ef32664,2026-08-16,31
1245 - One Bedroom Apartment Sea View,d7c5ecf0-74e4-4fd4-8db1-46385924deae,9f13945b-cf18-453b-9eda-2cd30ef32664,2026-08-17,31
1245 - One Bedroom Apartment Sea View,d7c5ecf0-74e4-4fd4-8db1-46385924deae,9f13945b-cf18-453b-9eda-2cd30ef32664,2026-08-18,31
1245 - One Bedroom Apartment Sea View,d7c5ecf0-74e4-4fd4-8db1-46385924deae,9f13945b-cf18-453b-9eda-2cd30ef32664,2026-08-19,31
1245 - One Bedroom Apartment Sea View,d7c5ecf0-74e4-4fd4-8db1-46385924deae,9f13945b-cf18-453b-9eda-2cd30ef32664,2026-08-20,31
1245 - One Bedroom Apartment Sea View,d7c5ecf0-74e4-4fd4-8db1-46385924deae,9f13945b-cf18-453b-9eda-2cd30ef32664,2026-08-21,31
1245 - One Bedroom Apartment Sea View,d7c5ecf0-74e4-4fd4-8db1-46385924deae,9f13945b-cf18-453b-9eda-2cd30ef32664,2026-08-22,31
1245 - One Bedroom Apartment Sea View,d7c5ecf0-74e4-4fd4-8db1-46385924deae,9f13945b-cf18-453b-9eda-2cd30ef32664,2026-08-23,31
1245 - One Bedroom Apartment Sea View,d7c5ecf0-74e4-4fd4-8db1-46385924deae,9f13945b-cf18-453b-9eda-2cd30ef32664,2026-08-24,31
1245 - One Bedroom Apartment Sea View,d7c5ecf0-74e4-4fd4-8db1-46385924deae,9f13945b-cf18-453b-9eda-2cd30ef32664,2026-08-25,31
1245 - One Bedroom Apartment Sea View,d7c5ecf0-74e4-4fd4-8db1-46385924deae,9f13945b-cf18-453b-9eda-2cd30ef32664,2026-08-26,31
1245 - One Bedroom Apartment Sea View,d7c5ecf0-74e4-4fd4-8db1-46385924deae,9f13945b-cf18-453b-9eda-2cd30ef32664,2026-08-27,31
1245 - One Bedroom Apartment Sea View,d7c5ecf0-74e4-4fd4-8db1-46385924deae,9f13945b-cf18-453b-9eda-2cd30ef32664,2026-08-28,31
1245 - One Bedroom Apartment Sea View,d7c5ecf0-74e4-4fd4-8db1-46385924deae,9f13945b-cf18-453b-9eda-2cd30ef32664,2026-08-29,31
1245 - One Bedroom Apartment Sea View,d7c5ecf0-74e4-4fd4-8db1-46385924deae,9f13945b-cf18-453b-9eda-2cd30ef32664,2026-08-30,31
1245 - One Bedroom Apartment Sea View,d7c5ecf0-74e4-4fd4-8db1-46385924deae,9f13945b-cf18-453b-9eda-2cd30ef32664,2026-08-31,31
1245 - One Bedroom Apartment Sea View,d7c5ecf0-74e4-4fd4-8db1-46385924deae,9f13945b-cf18-453b-9eda-2cd30ef32664,2026-09-01,31
1245 - One Bedroom Apartment Sea View,d7c5ecf0-74e4-4fd4-8db1-46385924deae,9f13945b-cf18-453b-9eda-2cd30ef32664,2026-09-02,31
1245 - One Bedroom Apartment Sea View,d7c5ecf0-74e4-4fd4-8db1-46385924deae,9f13945b-cf18-453b-9eda-2cd30ef32664,2026-09-03,31
1245 - One Bedroom Apartment Sea View,d7c5ecf0-74e4-4fd4-8db1-46385924deae,9f13945b-cf18-453b-9eda-2cd30ef32664,2026-09-04,31
1245 - One Bedroom Apartment Sea View,d7c5ecf0-74e4-4fd4-8db1-46385924deae,9f13945b-cf18-453b-9eda-2cd30ef32664,2026-09-05,31
1245 - One Bedroom Apartment Sea View,d7c5ecf0-74e4-4fd4-8db1-46385924deae,9f13945b-cf18-453b-9eda-2cd30ef32664,2026-09-06,31
1245 - One Bedroom Apartment Sea View,d7c5ecf0-74e4-4fd4-8db1-46385924deae,9f13945b-cf18-453b-9eda-2cd30ef32664,2026-09-07,31
1245 - One Bedroom Apartment Sea View,d7c5ecf0-74e4-4fd4-8db1-46385924deae,9f13945b-cf18-453b-9eda-2cd30ef32664,2026-09-08,31
1245 - One Bedroom Apartment Sea View,d7c5ecf0-74e4-4fd4-8db1-46385924deae,9f13945b-cf18-453b-9eda-2cd30ef32664,2026-09-09,31
1245 - One Bedroom Apartment Sea View,d7c5ecf0-74e4-4fd4-8db1-46385924deae,9f13945b-cf18-453b-9eda-2cd30ef32664,2026-09-10,31
1245 - One Bedroom Apartment Sea View,d7c5ecf0-74e4-4fd4-8db1-46385924deae,9f13945b-cf18-453b-9eda-2cd30ef32664,2026-09-11,31
1245 - One Bedroom Apartment Sea View,d7c5ecf0-74e4-4fd4-8db1-46385924deae,9f13945b-cf18-453b-9eda-2cd30ef32664,2026-09-12,31
1245 - One Bedroom Apartment Sea View,d7c5ecf0-74e4-4fd4-8db1-46385924deae,9f13945b-cf18-453b-9eda-2cd30ef32664,2026-09-13,31
1245 - One Bedroom Apartment Sea View,d7c5ecf0-74e4-4fd4-8db1-46385924deae,9f13945b-cf18-453b-9eda-2cd30ef32664,2026-09-14,31
1245 - One Bedroom Apartment Sea View,d7c5ecf0-74e4-4fd4-8db1-46385924deae,9f13945b-cf18-453b-9eda-2cd30ef32664,2026-09-15,31
1245 - One Bedroom Apartment Sea View,d7c5ecf0-74e4-4fd4-8db1-46385924deae,9f13945b-cf18-453b-9eda-2cd30ef32664,2026-09-16,31
1245 - One Bedroom Apartment Sea View,d7c5ecf0-74e4-4fd4-8db1-46385924deae,9f13945b-cf18-453b-9eda-2cd30ef32664,2026-09-17,31
1245 - One Bedroom Apartment Sea View,d7c5ecf0-74e4-4fd4-8db1-46385924deae,9f13945b-cf18-453b-9eda-2cd30ef32664,2026-09-18,31
1245 - One Bedroom Apartment Sea View,d7c5ecf0-74e4-4fd4-8db1-46385924deae,9f13945b-cf18-453b-9eda-2cd30ef32664,2026-09-19,31
1245 - One Bedroom Apartment Sea View,d7c5ecf0-74e4-4fd4-8db1-46385924deae,9f13945b-cf18-453b-9eda-2cd30ef32664,2026-09-20,31
1245 - One Bedroom Apartment Sea View,d7c5ecf0-74e4-4fd4-8db1-46385924deae,9f13945b-cf18-453b-9eda-2cd30ef32664,2026-09-21,31
1245 - One Bedroom Apartment Sea View,d7c5ecf0-74e4-4fd4-8db1-46385924deae,9f13945b-cf18-453b-9eda-2cd30ef32664,2026-09-22,31
1245 - One Bedroom Apartment Sea View,d7c5ecf0-74e4-4fd4-8db1-46385924deae,9f13945b-cf18-453b-9eda-2cd30ef32664,2026-09-23,31
1245 - One Bedroom Apartment Sea View,d7c5ecf0-74e4-4fd4-8db1-46385924deae,9f13945b-cf18-453b-9eda-2cd30ef32664,2026-09-24,31
1245 - One Bedroom Apartment Sea View,d7c5ecf0-74e4-4fd4-8db1-46385924deae,9f13945b-cf18-453b-9eda-2cd30ef32664,2026-09-25,31
1245 - One Bedroom Apartment Sea View,d7c5ecf0-74e4-4fd4-8db1-46385924deae,9f13945b-cf18-453b-9eda-2cd30ef32664,2026-09-26,31
1245 - One Bedroom Apartment Sea View,d7c5ecf0-74e4-4fd4-8db1-46385924deae,9f13945b-cf18-453b-9eda-2cd30ef32664,2026-09-27,31
1245 - One Bedroom Apartment Sea View,d7c5ecf0-74e4-4fd4-8db1-46385924deae,9f13945b-cf18-453b-9eda-2cd30ef32664,2026-09-28,31
1245 - One Bedroom Apartment Sea View,d7c5ecf0-74e4-4fd4-8db1-46385924deae,9f13945b-cf18-453b-9eda-2cd30ef32664,2026-09-29,31
1245 - One Bedroom Apartment Sea View,d7c5ecf0-74e4-4fd4-8db1-46385924deae,9f13945b-cf18-453b-9eda-2cd30ef32664,2026-09-30,31
1245 - One Bedroom Apartment Sea View,d7c5ecf0-74e4-4fd4-8db1-46385924deae,9f13945b-cf18-453b-9eda-2cd30ef32664,2026-10-01,31
1245 - One Bedroom Apartment Sea View,d7c5ecf0-74e4-4fd4-8db1-46385924deae,9f13945b-cf18-453b-9eda-2cd30ef32664,2026-10-02,31
1245 - One Bedroom Apartment Sea View,d7c5ecf0-74e4-4fd4-8db1-46385924deae,9f13945b-cf18-453b-9eda-2cd30ef32664,2026-10-03,31
1245 - One Bedroom Apartment Sea View,d7c5ecf0-74e4-4fd4-8db1-46385924deae,9f13945b-cf18-453b-9eda-2cd30ef32664,2026-10-04,31
1245 - One Bedroom Apartment Sea View,d7c5ecf0-74e4-4fd4-8db1-46385924deae,9f13945b-cf18-453b-9eda-2cd30ef32664,2026-10-05,31
1245 - One Bedroom Apartment Sea View,d7c5ecf0-74e4-4fd4-8db1-46385924deae,9f13945b-cf18-453b-9eda-2cd30ef32664,2026-10-06,31
1245 - One Bedroom Apartment Sea View,d7c5ecf0-74e4-4fd4-8db1-46385924deae,9f13945b-cf18-453b-9eda-2cd30ef32664,2026-10-07,31
1245 - One Bedroom Apartment Sea View,d7c5ecf0-74e4-4fd4-8db1-46385924deae,9f13945b-cf18-453b-9eda-2cd30ef32664,2026-10-08,31
1245 - One Bedroom Apartment Sea View,d7c5ecf0-74e4-4fd4-8db1-46385924deae,9f13945b-cf18-453b-9eda-2cd30ef32664,2026-10-09,31
1245 - One Bedroom Apartment Sea View,d7c5ecf0-74e4-4fd4-8db1-46385924deae,9f13945b-cf18-453b-9eda-2cd30ef32664,2026-10-10,31
1245 - One Bedroom Apartment Sea View,d7c5ecf0-74e4-4fd4-8db1-46385924deae,9f13945b-cf18-453b-9eda-2cd30ef32664,2026-10-11,31
1245 - One Bedroom Apartment Sea View,d7c5ecf0-74e4-4fd4-8db1-46385924deae,9f13945b-cf18-453b-9eda-2cd30ef32664,2026-10-12,31
1245 - One Bedroom Apartment Sea View,d7c5ecf0-74e4-4fd4-8db1-46385924deae,9f13945b-cf18-453b-9eda-2cd30ef32664,2026-10-13,31
1245 - One Bedroom Apartment Sea View,d7c5ecf0-74e4-4fd4-8db1-46385924deae,9f13945b-cf18-453b-9eda-2cd30ef32664,2026-10-14,31
1245 - One Bedroom Apartment Sea View,d7c5ecf0-74e4-4fd4-8db1-46385924deae,9f13945b-cf18-453b-9eda-2cd30ef32664,2026-10-15,31
1245 - One Bedroom Apartment Sea View,d7c5ecf0-74e4-4fd4-8db1-46385924deae,9f13945b-cf18-453b-9eda-2cd30ef32664,2026-10-16,31
1245 - One Bedroom Apartment Sea View,d7c5ecf0-74e4-4fd4-8db1-46385924deae,9f13945b-cf18-453b-9eda-2cd30ef32664,2026-10-17,31
1245 - One Bedroom Apartment Sea View,d7c5ecf0-74e4-4fd4-8db1-46385924deae,9f13945b-cf18-453b-9eda-2cd30ef32664,2026-10-18,31
1245 - One Bedroom Apartment Sea View,d7c5ecf0-74e4-4fd4-8db1-46385924deae,9f13945b-cf18-453b-9eda-2cd30ef32664,2026-10-19,31
1245 - One Bedroom Apartment Sea View,d7c5ecf0-74e4-4fd4-8db1-46385924deae,9f13945b-cf18-453b-9eda-2cd30ef32664,2026-10-20,31
1245 - One Bedroom Apartment Sea View,d7c5ecf0-74e4-4fd4-8db1-46385924deae,9f13945b-cf18-453b-9eda-2cd30ef32664,2026-10-21,31
1245 - One Bedroom Apartment Sea View,d7c5ecf0-74e4-4fd4-8db1-46385924deae,9f13945b-cf18-453b-9eda-2cd30ef32664,2026-10-22,31
1245 - One Bedroom Apartment Sea View,d7c5ecf0-74e4-4fd4-8db1-46385924deae,9f13945b-cf18-453b-9eda-2cd30ef32664,2026-10-23,31
1245 - One Bedroom Apartment Sea View,d7c5ecf0-74e4-4fd4-8db1-46385924deae,9f13945b-cf18-453b-9eda-2cd30ef32664,2026-10-24,31
1245 - One Bedroom Apartment Sea View,d7c5ecf0-74e4-4fd4-8db1-46385924deae,9f13945b-cf18-453b-9eda-2cd30ef32664,2026-10-25,31
1245 - One Bedroom Apartment Sea View,d7c5ecf0-74e4-4fd4-8db1-46385924deae,9f13945b-cf18-453b-9eda-2cd30ef32664,2026-10-26,31
1245 - One Bedroom Apartment Sea View,d7c5ecf0-74e4-4fd4-8db1-46385924deae,9f13945b-cf18-453b-9eda-2cd30ef32664,2026-10-27,31
1245 - One Bedroom Apartment Sea View,d7c5ecf0-74e4-4fd4-8db1-46385924deae,9f13945b-cf18-453b-9eda-2cd30ef32664,2026-10-28,31
1245 - One Bedroom Apartment Sea View,d7c5ecf0-74e4-4fd4-8db1-46385924deae,9f13945b-cf18-453b-9eda-2cd30ef32664,2026-10-29,31
1245 - One Bedroom Apartment Sea View,d7c5ecf0-74e4-4fd4-8db1-46385924deae,9f13945b-cf18-453b-9eda-2cd30ef32664,2026-10-30,31
1245 - One Bedroom Apartment Sea View,d7c5ecf0-74e4-4fd4-8db1-46385924deae,9f13945b-cf18-453b-9eda-2cd30ef32664,2026-10-31,31
1245 - One Bedroom Apartment Sea View,d7c5ecf0-74e4-4fd4-8db1-46385924deae,9f13945b-cf18-453b-9eda-2cd30ef32664,2026-11-01,31
1245 - One Bedroom Apartment Sea View,d7c5ecf0-74e4-4fd4-8db1-46385924deae,9f13945b-cf18-453b-9eda-2cd30ef32664,2026-11-02,31
1245 - One Bedroom Apartment Sea View,d7c5ecf0-74e4-4fd4-8db1-46385924deae,9f13945b-cf18-453b-9eda-2cd30ef32664,2026-11-03,31
1245 - One Bedroom Apartment Sea View,d7c5ecf0-74e4-4fd4-8db1-46385924deae,9f13945b-cf18-453b-9eda-2cd30ef32664,2026-11-04,31
1245 - One Bedroom Apartment Sea View,d7c5ecf0-74e4-4fd4-8db1-46385924deae,9f13945b-cf18-453b-9eda-2cd30ef32664,2026-11-05,31
1245 - One Bedroom Apartment Sea View,d7c5ecf0-74e4-4fd4-8db1-46385924deae,9f13945b-cf18-453b-9eda-2cd30ef32664,2026-11-06,31
1245 - One Bedroom Apartment Sea View,d7c5ecf0-74e4-4fd4-8db1-46385924deae,9f13945b-cf18-453b-9eda-2cd30ef32664,2026-11-07,31
1245 - One Bedroom Apartment Sea View,d7c5ecf0-74e4-4fd4-8db1-46385924deae,9f13945b-cf18-453b-9eda-2cd30ef32664,2026-11-08,31
1245 - One Bedroom Apartment Sea View,d7c5ecf0-74e4-4fd4-8db1-46385924deae,9f13945b-cf18-453b-9eda-2cd30ef32664,2026-11-09,31
1245 - One Bedroom Apartment Sea View,d7c5ecf0-74e4-4fd4-8db1-46385924deae,9f13945b-cf18-453b-9eda-2cd30ef32664,2026-11-10,31
1245 - One Bedroom Apartment Sea View,d7c5ecf0-74e4-4fd4-8db1-46385924deae,9f13945b-cf18-453b-9eda-2cd30ef32664,2026-11-11,31
1245 - One Bedroom Apartment Sea View,d7c5ecf0-74e4-4fd4-8db1-46385924deae,9f13945b-cf18-453b-9eda-2cd30ef32664,2026-11-12,31
1245 - One Bedroom Apartment Sea View,d7c5ecf0-74e4-4fd4-8db1-46385924deae,9f13945b-cf18-453b-9eda-2cd30ef32664,2026-11-13,31
1245 - One Bedroom Apartment Sea View,d7c5ecf0-74e4-4fd4-8db1-46385924deae,9f13945b-cf18-453b-9eda-2cd30ef32664,2026-11-14,31
1245 - One Bedroom Apartment Sea View,d7c5ecf0-74e4-4fd4-8db1-46385924deae,9f13945b-cf18-453b-9eda-2cd30ef32664,2026-11-15,31
1245 - One Bedroom Apartment Sea View,d7c5ecf0-74e4-4fd4-8db1-46385924deae,9f13945b-cf18-453b-9eda-2cd30ef32664,2026-11-16,31
1245 - One Bedroom Apartment Sea View,d7c5ecf0-74e4-4fd4-8db1-46385924deae,9f13945b-cf18-453b-9eda-2cd30ef32664,2026-11-17,31
1245 - One Bedroom Apartment Sea View,d7c5ecf0-74e4-4fd4-8db1-46385924deae,9f13945b-cf18-453b-9eda-2cd30ef32664,2026-11-18,31
1245 - One Bedroom Apartment Sea View,d7c5ecf0-74e4-4fd4-8db1-46385924deae,9f13945b-cf18-453b-9eda-2cd30ef32664,2026-11-19,31
1245 - One Bedroom Apartment Sea View,d7c5ecf0-74e4-4fd4-8db1-46385924deae,9f13945b-cf18-453b-9eda-2cd30ef32664,2026-11-20,31
1245 - One Bedroom Apartment Sea View,d7c5ecf0-74e4-4fd4-8db1-46385924deae,9f13945b-cf18-453b-9eda-2cd30ef32664,2026-11-21,31
1245 - One Bedroom Apartment Sea View,d7c5ecf0-74e4-4fd4-8db1-46385924deae,9f13945b-cf18-453b-9eda-2cd30ef32664,2026-11-22,31
1245 - One Bedroom Apartment Sea View,d7c5ecf0-74e4-4fd4-8db1-46385924deae,9f13945b-cf18-453b-9eda-2cd30ef32664,2026-11-23,31
1245 - One Bedroom Apartment Sea View,d7c5ecf0-74e4-4fd4-8db1-46385924deae,9f13945b-cf18-453b-9eda-2cd30ef32664,2026-11-24,31
1245 - One Bedroom Apartment Sea View,d7c5ecf0-74e4-4fd4-8db1-46385924deae,9f13945b-cf18-453b-9eda-2cd30ef32664,2026-11-25,31
1245 - One Bedroom Apartment Sea View,d7c5ecf0-74e4-4fd4-8db1-46385924deae,9f13945b-cf18-453b-9eda-2cd30ef32664,2026-11-26,31
1245 - One Bedroom Apartment Sea View,d7c5ecf0-74e4-4fd4-8db1-46385924deae,9f13945b-cf18-453b-9eda-2cd30ef32664,2026-11-27,31
1245 - One Bedroom Apartment Sea View,d7c5ecf0-74e4-4fd4-8db1-46385924deae,9f13945b-cf18-453b-9eda-2cd30ef32664,2026-11-28,31
1245 - One Bedroom Apartment Sea View,d7c5ecf0-74e4-4fd4-8db1-46385924deae,9f13945b-cf18-453b-9eda-2cd30ef32664,2026-11-29,31
1245 - One Bedroom Apartment Sea View,d7c5ecf0-74e4-4fd4-8db1-46385924deae,9f13945b-cf18-453b-9eda-2cd30ef32664,2026-11-30,31
1245 - One Bedroom Apartment Sea View,d7c5ecf0-74e4-4fd4-8db1-46385924deae,9f13945b-cf18-453b-9eda-2cd30ef32664,2026-12-01,31
1245 - One Bedroom Apartment Sea View,d7c5ecf0-74e4-4fd4-8db1-46385924deae,9f13945b-cf18-453b-9eda-2cd30ef32664,2026-12-02,31
1245 - One Bedroom Apartment Sea View,d7c5ecf0-74e4-4fd4-8db1-46385924deae,9f13945b-cf18-453b-9eda-2cd30ef32664,2026-12-03,31
1245 - One Bedroom Apartment Sea View,d7c5ecf0-74e4-4fd4-8db1-46385924deae,9f13945b-cf18-453b-9eda-2cd30ef32664,2026-12-04,31
1245 - One Bedroom Apartment Sea View,d7c5ecf0-74e4-4fd4-8db1-46385924deae,9f13945b-cf18-453b-9eda-2cd30ef32664,2026-12-05,31
1245 - One Bedroom Apartment Sea View,d7c5ecf0-74e4-4fd4-8db1-46385924deae,9f13945b-cf18-453b-9eda-2cd30ef32664,2026-12-06,31
1245 - One Bedroom Apartment Sea View,d7c5ecf0-74e4-4fd4-8db1-46385924deae,9f13945b-cf18-453b-9eda-2cd30ef32664,2026-12-07,31
1245 - One Bedroom Apartment Sea View,d7c5ecf0-74e4-4fd4-8db1-46385924deae,9f13945b-cf18-453b-9eda-2cd30ef32664,2026-12-08,31
1245 - One Bedroom Apartment Sea View,d7c5ecf0-74e4-4fd4-8db1-46385924deae,9f13945b-cf18-453b-9eda-2cd30ef32664,2026-12-09,31
1245 - One Bedroom Apartment Sea View,d7c5ecf0-74e4-4fd4-8db1-46385924deae,9f13945b-cf18-453b-9eda-2cd30ef32664,2026-12-10,31
1245 - One Bedroom Apartment Sea View,d7c5ecf0-74e4-4fd4-8db1-46385924deae,9f13945b-cf18-453b-9eda-2cd30ef32664,2026-12-11,31
1245 - One Bedroom Apartment Sea View,d7c5ecf0-74e4-4fd4-8db1-46385924deae,9f13945b-cf18-453b-9eda-2cd30ef32664,2026-12-12,31
1245 - One Bedroom Apartment Sea View,d7c5ecf0-74e4-4fd4-8db1-46385924deae,9f13945b-cf18-453b-9eda-2cd30ef32664,2026-12-13,31
1245 - One Bedroom Apartment Sea View,d7c5ecf0-74e4-4fd4-8db1-46385924deae,9f13945b-cf18-453b-9eda-2cd30ef32664,2026-12-14,31
1245 - One Bedroom Apartment Sea View,d7c5ecf0-74e4-4fd4-8db1-46385924deae,9f13945b-cf18-453b-9eda-2cd30ef32664,2026-12-15,31
1245 - One Bedroom Apartment Sea View,d7c5ecf0-74e4-4fd4-8db1-46385924deae,9f13945b-cf18-453b-9eda-2cd30ef32664,2026-12-16,31
1245 - One Bedroom Apartment Sea View,d7c5ecf0-74e4-4fd4-8db1-46385924deae,9f13945b-cf18-453b-9eda-2cd30ef32664,2026-12-17,31
1245 - One Bedroom Apartment Sea View,d7c5ecf0-74e4-4fd4-8db1-46385924deae,9f13945b-cf18-453b-9eda-2cd30ef32664,2026-12-18,31
1245 - One Bedroom Apartment Sea View,d7c5ecf0-74e4-4fd4-8db1-46385924deae,9f13945b-cf18-453b-9eda-2cd30ef32664,2026-12-19,31
1245 - One Bedroom Apartment Sea View,d7c5ecf0-74e4-4fd4-8db1-46385924deae,9f13945b-cf18-453b-9eda-2cd30ef32664,2026-12-20,31
1245 - One Bedroom Apartment Sea View,d7c5ecf0-74e4-4fd4-8db1-46385924deae,9f13945b-cf18-453b-9eda-2cd30ef32664,2026-12-21,31
1245 - One Bedroom Apartment Sea View,d7c5ecf0-74e4-4fd4-8db1-46385924deae,9f13945b-cf18-453b-9eda-2cd30ef32664,2026-12-22,31
1245 - One Bedroom Apartment Sea View,d7c5ecf0-74e4-4fd4-8db1-46385924deae,9f13945b-cf18-453b-9eda-2cd30ef32664,2026-12-23,31
1245 - One Bedroom Apartment Sea View,d7c5ecf0-74e4-4fd4-8db1-46385924deae,9f13945b-cf18-453b-9eda-2cd30ef32664,2026-12-24,31
1245 - One Bedroom Apartment Sea View,d7c5ecf0-74e4-4fd4-8db1-46385924deae,9f13945b-cf18-453b-9eda-2cd30ef32664,2026-12-25,31
1245 - One Bedroom Apartment Sea View,d7c5ecf0-74e4-4fd4-8db1-46385924deae,9f13945b-cf18-453b-9eda-2cd30ef32664,2026-12-26,31
1245 - One Bedroom Apartment Sea View,d7c5ecf0-74e4-4fd4-8db1-46385924deae,9f13945b-cf18-453b-9eda-2cd30ef32664,2026-12-27,31
1245 - One Bedroom Apartment Sea View,d7c5ecf0-74e4-4fd4-8db1-46385924deae,9f13945b-cf18-453b-9eda-2cd30ef32664,2026-12-28,31
1245 - One Bedroom Apartment Sea View,d7c5ecf0-74e4-4fd4-8db1-46385924deae,9f13945b-cf18-453b-9eda-2cd30ef32664,2026-12-29,31
1245 - One Bedroom Apartment Sea View,d7c5ecf0-74e4-4fd4-8db1-46385924deae,9f13945b-cf18-453b-9eda-2cd30ef32664,2026-12-30,31
1245 - One Bedroom Apartment Sea View,d7c5ecf0-74e4-4fd4-8db1-46385924deae,9f13945b-cf18-453b-9eda-2cd30ef32664,2026-12-31,31
1245 - One Bedroom Apartment Sea View,d7c5ecf0-74e4-4fd4-8db1-46385924deae,9f13945b-cf18-453b-9eda-2cd30ef32664,2027-01-01,31
1245 - One Bedroom Apartment Sea View,d7c5ecf0-74e4-4fd4-8db1-46385924deae,9f13945b-cf18-453b-9eda-2cd30ef32664,2027-01-02,31
1245 - One Bedroom Apartment Sea View,d7c5ecf0-74e4-4fd4-8db1-46385924deae,9f13945b-cf18-453b-9eda-2cd30ef32664,2027-01-03,31
1245 - One Bedroom Apartment Sea View,d7c5ecf0-74e4-4fd4-8db1-46385924deae,9f13945b-cf18-453b-9eda-2cd30ef32664,2027-01-04,31
1245 - One Bedroom Apartment Sea View,d7c5ecf0-74e4-4fd4-8db1-46385924deae,9f13945b-cf18-453b-9eda-2cd30ef32664,2027-01-05,31
1245 - One Bedroom Apartment Sea View,d7c5ecf0-74e4-4fd4-8db1-46385924deae,9f13945b-cf18-453b-9eda-2cd30ef32664,2027-01-06,31
1245 - One Bedroom Apartment Sea View,d7c5ecf0-74e4-4fd4-8db1-46385924deae,9f13945b-cf18-453b-9eda-2cd30ef32664,2027-01-07,31
1245 - One Bedroom Apartment Sea View,d7c5ecf0-74e4-4fd4-8db1-46385924deae,9f13945b-cf18-453b-9eda-2cd30ef32664,2027-01-08,31
1245 - One Bedroom Apartment Sea View,d7c5ecf0-74e4-4fd4-8db1-46385924deae,9f13945b-cf18-453b-9eda-2cd30ef32664,2027-01-09,31
1245 - One Bedroom Apartment Sea View,d7c5ecf0-74e4-4fd4-8db1-46385924deae,9f13945b-cf18-453b-9eda-2cd30ef32664,2027-01-10,31
1245 - One Bedroom Apartment Sea View,d7c5ecf0-74e4-4fd4-8db1-46385924deae,9f13945b-cf18-453b-9eda-2cd30ef32664,2027-01-11,31
1245 - One Bedroom Apartment Sea View,d7c5ecf0-74e4-4fd4-8db1-46385924deae,9f13945b-cf18-453b-9eda-2cd30ef32664,2027-01-12,31
1245 - One Bedroom Apartment Sea View,d7c5ecf0-74e4-4fd4-8db1-46385924deae,9f13945b-cf18-453b-9eda-2cd30ef32664,2027-01-13,31
1245 - One Bedroom Apartment Sea View,d7c5ecf0-74e4-4fd4-8db1-46385924deae,9f13945b-cf18-453b-9eda-2cd30ef32664,2027-01-14,31
1245 - One Bedroom Apartment Sea View,d7c5ecf0-74e4-4fd4-8db1-46385924deae,9f13945b-cf18-453b-9eda-2cd30ef32664,2027-01-15,31
1245 - One Bedroom Apartment Sea View,d7c5ecf0-74e4-4fd4-8db1-46385924deae,9f13945b-cf18-453b-9eda-2cd30ef32664,2027-01-16,31
1245 - One Bedroom Apartment Sea View,d7c5ecf0-74e4-4fd4-8db1-46385924deae,9f13945b-cf18-453b-9eda-2cd30ef32664,2027-01-17,31
1245 - One Bedroom Apartment Sea View,d7c5ecf0-74e4-4fd4-8db1-46385924deae,9f13945b-cf18-453b-9eda-2cd30ef32664,2027-01-18,31
1245 - One Bedroom Apartment Sea View,d7c5ecf0-74e4-4fd4-8db1-46385924deae,9f13945b-cf18-453b-9eda-2cd30ef32664,2027-01-19,31
1245 - One Bedroom Apartment Sea View,d7c5ecf0-74e4-4fd4-8db1-46385924deae,9f13945b-cf18-453b-9eda-2cd30ef32664,2027-01-20,31
1245 - One Bedroom Apartment Sea View,d7c5ecf0-74e4-4fd4-8db1-46385924deae,9f13945b-cf18-453b-9eda-2cd30ef32664,2027-01-21,31
1245 - One Bedroom Apartment Sea View,d7c5ecf0-74e4-4fd4-8db1-46385924deae,9f13945b-cf18-453b-9eda-2cd30ef32664,2027-01-22,31
1245 - One Bedroom Apartment Sea View,d7c5ecf0-74e4-4fd4-8db1-46385924deae,9f13945b-cf18-453b-9eda-2cd30ef32664,2027-01-23,31
1245 - One Bedroom Apartment Sea View,d7c5ecf0-74e4-4fd4-8db1-46385924deae,9f13945b-cf18-453b-9eda-2cd30ef32664,2027-01-24,31
1245 - One Bedroom Apartment Sea View,d7c5ecf0-74e4-4fd4-8db1-46385924deae,9f13945b-cf18-453b-9eda-2cd30ef32664,2027-01-25,31
1245 - One Bedroom Apartment Sea View,d7c5ecf0-74e4-4fd4-8db1-46385924deae,9f13945b-cf18-453b-9eda-2cd30ef32664,2027-01-26,31
1245 - One Bedroom Apartment Sea View,d7c5ecf0-74e4-4fd4-8db1-46385924deae,9f13945b-cf18-453b-9eda-2cd30ef32664,2027-01-27,31
1245 - One Bedroom Apartment Sea View,d7c5ecf0-74e4-4fd4-8db1-46385924deae,9f13945b-cf18-453b-9eda-2cd30ef32664,2027-01-28,31
1245 - One Bedroom Apartment Sea View,d7c5ecf0-74e4-4fd4-8db1-46385924deae,9f13945b-cf18-453b-9eda-2cd30ef32664,2027-01-29,31
1245 - One Bedroom Apartment Sea View,d7c5ecf0-74e4-4fd4-8db1-46385924deae,9f13945b-cf18-453b-9eda-2cd30ef32664,2027-01-30,31
1245 - One Bedroom Apartment Sea View,d7c5ecf0-74e4-4fd4-8db1-46385924deae,9f13945b-cf18-453b-9eda-2cd30ef32664,2027-01-31,31
1245 - One Bedroom Apartment Sea View,d7c5ecf0-74e4-4fd4-8db1-46385924deae,9f13945b-cf18-453b-9eda-2cd30ef32664,2027-02-01,31
1245 - One Bedroom Apartment Sea View,d7c5ecf0-74e4-4fd4-8db1-46385924deae,9f13945b-cf18-453b-9eda-2cd30ef32664,2027-02-02,31
1245 - One Bedroom Apartment Sea View,d7c5ecf0-74e4-4fd4-8db1-46385924deae,9f13945b-cf18-453b-9eda-2cd30ef32664,2027-02-03,31
1245 - One Bedroom Apartment Sea View,d7c5ecf0-74e4-4fd4-8db1-46385924deae,9f13945b-cf18-453b-9eda-2cd30ef32664,2027-02-04,31
1245 - One Bedroom Apartment Sea View,d7c5ecf0-74e4-4fd4-8db1-46385924deae,9f13945b-cf18-453b-9eda-2cd30ef32664,2027-02-05,31
1245 - One Bedroom Apartment Sea View,d7c5ecf0-74e4-4fd4-8db1-46385924deae,9f13945b-cf18-453b-9eda-2cd30ef32664,2027-02-06,31
1245 - One Bedroom Apartment Sea View,d7c5ecf0-74e4-4fd4-8db1-46385924deae,9f13945b-cf18-453b-9eda-2cd30ef32664,2027-02-07,31
1245 - One Bedroom Apartment Sea View,d7c5ecf0-74e4-4fd4-8db1-46385924deae,9f13945b-cf18-453b-9eda-2cd30ef32664,2027-02-08,31
1245 - One Bedroom Apartment Sea View,d7c5ecf0-74e4-4fd4-8db1-46385924deae,9f13945b-cf18-453b-9eda-2cd30ef32664,2027-02-09,31
1245 - One Bedroom Apartment Sea View,d7c5ecf0-74e4-4fd4-8db1-46385924deae,9f13945b-cf18-453b-9eda-2cd30ef32664,2027-02-10,31
1245 - One Bedroom Apartment Sea View,d7c5ecf0-74e4-4fd4-8db1-46385924deae,9f13945b-cf18-453b-9eda-2cd30ef32664,2027-02-11,31
1245 - One Bedroom Apartment Sea View,d7c5ecf0-74e4-4fd4-8db1-46385924deae,9f13945b-cf18-453b-9eda-2cd30ef32664,2027-02-12,31
1245 - One Bedroom Apartment Sea View,d7c5ecf0-74e4-4fd4-8db1-46385924deae,9f13945b-cf18-453b-9eda-2cd30ef32664,2027-02-13,31
1245 - One Bedroom Apartment Sea View,d7c5ecf0-74e4-4fd4-8db1-46385924deae,9f13945b-cf18-453b-9eda-2cd30ef32664,2027-02-14,31
1245 - One Bedroom Apartment Sea View,d7c5ecf0-74e4-4fd4-8db1-46385924deae,9f13945b-cf18-453b-9eda-2cd30ef32664,2027-02-15,31
1245 - One Bedroom Apartment Sea View,d7c5ecf0-74e4-4fd4-8db1-46385924deae,9f13945b-cf18-453b-9eda-2cd30ef32664,2027-02-16,31
1245 - One Bedroom Apartment Sea View,d7c5ecf0-74e4-4fd4-8db1-46385924deae,9f13945b-cf18-453b-9eda-2cd30ef32664,2027-02-17,31
1245 - One Bedroom Apartment Sea View,d7c5ecf0-74e4-4fd4-8db1-46385924deae,9f13945b-cf18-453b-9eda-2cd30ef32664,2027-02-18,31
1245 - One Bedroom Apartment Sea View,d7c5ecf0-74e4-4fd4-8db1-46385924deae,9f13945b-cf18-453b-9eda-2cd30ef32664,2027-02-19,31
1245 - One Bedroom Apartment Sea View,d7c5ecf0-74e4-4fd4-8db1-46385924deae,9f13945b-cf18-453b-9eda-2cd30ef32664,2027-02-20,31
1245 - One Bedroom Apartment Sea View,d7c5ecf0-74e4-4fd4-8db1-46385924deae,9f13945b-cf18-453b-9eda-2cd30ef32664,2027-02-21,31
1245 - One Bedroom Apartment Sea View,d7c5ecf0-74e4-4fd4-8db1-46385924deae,9f13945b-cf18-453b-9eda-2cd30ef32664,2027-02-22,31
1245 - One Bedroom Apartment Sea View,d7c5ecf0-74e4-4fd4-8db1-46385924deae,9f13945b-cf18-453b-9eda-2cd30ef32664,2027-02-23,31
1245 - One Bedroom Apartment Sea View,d7c5ecf0-74e4-4fd4-8db1-46385924deae,9f13945b-cf18-453b-9eda-2cd30ef32664,2027-02-24,31
1245 - One Bedroom Apartment Sea View,d7c5ecf0-74e4-4fd4-8db1-46385924deae,9f13945b-cf18-453b-9eda-2cd30ef32664,2027-02-25,31
1245 - One Bedroom Apartment Sea View,d7c5ecf0-74e4-4fd4-8db1-46385924deae,9f13945b-cf18-453b-9eda-2cd30ef32664,2027-02-26,31
1245 - One Bedroom Apartment Sea View,d7c5ecf0-74e4-4fd4-8db1-46385924deae,9f13945b-cf18-453b-9eda-2cd30ef32664,2027-02-27,31
1245 - One Bedroom Apartment Sea View,d7c5ecf0-74e4-4fd4-8db1-46385924deae,9f13945b-cf18-453b-9eda-2cd30ef32664,2027-02-28,31
1245 - One Bedroom Apartment Sea View,d7c5ecf0-74e4-4fd4-8db1-46385924deae,9f13945b-cf18-453b-9eda-2cd30ef32664,2027-03-01,31
1245 - One Bedroom Apartment Sea View,d7c5ecf0-74e4-4fd4-8db1-46385924deae,9f13945b-cf18-453b-9eda-2cd30ef32664,2027-03-02,31
1245 - One Bedroom Apartment Sea View,d7c5ecf0-74e4-4fd4-8db1-46385924deae,9f13945b-cf18-453b-9eda-2cd30ef32664,2027-03-03,31
1245 - One Bedroom Apartment Sea View,d7c5ecf0-74e4-4fd4-8db1-46385924deae,9f13945b-cf18-453b-9eda-2cd30ef32664,2027-03-04,31
1245 - One Bedroom Apartment Sea View,d7c5ecf0-74e4-4fd4-8db1-46385924deae,9f13945b-cf18-453b-9eda-2cd30ef32664,2027-03-05,31
1245 - One Bedroom Apartment Sea View,d7c5ecf0-74e4-4fd4-8db1-46385924deae,9f13945b-cf18-453b-9eda-2cd30ef32664,2027-03-06,31
1245 - One Bedroom Apartment Sea View,d7c5ecf0-74e4-4fd4-8db1-46385924deae,9f13945b-cf18-453b-9eda-2cd30ef32664,2027-03-07,31
1245 - One Bedroom Apartment Sea View,d7c5ecf0-74e4-4fd4-8db1-46385924deae,9f13945b-cf18-453b-9eda-2cd30ef32664,2027-03-08,31
1245 - One Bedroom Apartment Sea View,d7c5ecf0-74e4-4fd4-8db1-46385924deae,9f13945b-cf18-453b-9eda-2cd30ef32664,2027-03-09,31
1245 - One Bedroom Apartment Sea View,d7c5ecf0-74e4-4fd4-8db1-46385924deae,9f13945b-cf18-453b-9eda-2cd30ef32664,2027-03-10,31
1245 - One Bedroom Apartment Sea View,d7c5ecf0-74e4-4fd4-8db1-46385924deae,9f13945b-cf18-453b-9eda-2cd30ef32664,2027-03-11,31
1245 - One Bedroom Apartment Sea View,d7c5ecf0-74e4-4fd4-8db1-46385924deae,9f13945b-cf18-453b-9eda-2cd30ef32664,2027-03-12,31
1245 - One Bedroom Apartment Sea View,d7c5ecf0-74e4-4fd4-8db1-46385924deae,9f13945b-cf18-453b-9eda-2cd30ef32664,2027-03-13,31
1245 - One Bedroom Apartment Sea View,d7c5ecf0-74e4-4fd4-8db1-46385924deae,9f13945b-cf18-453b-9eda-2cd30ef32664,2027-03-14,31
1245 - One Bedroom Apartment Sea View,d7c5ecf0-74e4-4fd4-8db1-46385924deae,9f13945b-cf18-453b-9eda-2cd30ef32664,2027-03-15,31
1245 - One Bedroom Apartment Sea View,d7c5ecf0-74e4-4fd4-8db1-46385924deae,9f13945b-cf18-453b-9eda-2cd30ef32664,2027-03-16,31
1245 - One Bedroom Apartment Sea View,d7c5ecf0-74e4-4fd4-8db1-46385924deae,9f13945b-cf18-453b-9eda-2cd30ef32664,2027-03-17,31
1245 - One Bedroom Apartment Sea View,d7c5ecf0-74e4-4fd4-8db1-46385924deae,9f13945b-cf18-453b-9eda-2cd30ef32664,2027-03-18,31
1245 - One Bedroom Apartment Sea View,d7c5ecf0-74e4-4fd4-8db1-46385924deae,9f13945b-cf18-453b-9eda-2cd30ef32664,2027-03-19,31
1245 - One Bedroom Apartment Sea View,d7c5ecf0-74e4-4fd4-8db1-46385924deae,9f13945b-cf18-453b-9eda-2cd30ef32664,2027-03-20,31
1245 - One Bedroom Apartment Sea View,d7c5ecf0-74e4-4fd4-8db1-46385924deae,9f13945b-cf18-453b-9eda-2cd30ef32664,2027-03-21,31
1245 - One Bedroom Apartment Sea View,d7c5ecf0-74e4-4fd4-8db1-46385924deae,9f13945b-cf18-453b-9eda-2cd30ef32664,2027-03-22,31
1245 - One Bedroom Apartment Sea View,d7c5ecf0-74e4-4fd4-8db1-46385924deae,9f13945b-cf18-453b-9eda-2cd30ef32664,2027-03-23,31
1245 - One Bedroom Apartment Sea View,d7c5ecf0-74e4-4fd4-8db1-46385924deae,9f13945b-cf18-453b-9eda-2cd30ef32664,2027-03-24,31
1245 - One Bedroom Apartment Sea View,d7c5ecf0-74e4-4fd4-8db1-46385924deae,9f13945b-cf18-453b-9eda-2cd30ef32664,2027-03-25,31
1245 - One Bedroom Apartment Sea View,d7c5ecf0-74e4-4fd4-8db1-46385924deae,9f13945b-cf18-453b-9eda-2cd30ef32664,2027-03-26,31
1245 - One Bedroom Apartment Sea View,d7c5ecf0-74e4-4fd4-8db1-46385924deae,9f13945b-cf18-453b-9eda-2cd30ef32664,2027-03-27,31
1245 - One Bedroom Apartment Sea View,d7c5ecf0-74e4-4fd4-8db1-46385924deae,9f13945b-cf18-453b-9eda-2cd30ef32664,2027-03-28,31
1245 - One Bedroom Apartment Sea View,d7c5ecf0-74e4-4fd4-8db1-46385924deae,9f13945b-cf18-453b-9eda-2cd30ef32664,2027-03-29,31
1245 - One Bedroom Apartment Sea View,d7c5ecf0-74e4-4fd4-8db1-46385924deae,9f13945b-cf18-453b-9eda-2cd30ef32664,2027-03-30,31
1245 - One Bedroom Apartment Sea View,d7c5ecf0-74e4-4fd4-8db1-46385924deae,9f13945b-cf18-453b-9eda-2cd30ef32664,2027-03-31,31
1245 - One Bedroom Apartment Sea View,d7c5ecf0-74e4-4fd4-8db1-46385924deae,9f13945b-cf18-453b-9eda-2cd30ef32664,2027-04-01,31
1245 - One Bedroom Apartment Sea View,d7c5ecf0-74e4-4fd4-8db1-46385924deae,9f13945b-cf18-453b-9eda-2cd30ef32664,2027-04-02,31
1245 - One Bedroom Apartment Sea View,d7c5ecf0-74e4-4fd4-8db1-46385924deae,9f13945b-cf18-453b-9eda-2cd30ef32664,2027-04-03,31
1245 - One Bedroom Apartment Sea View,d7c5ecf0-74e4-4fd4-8db1-46385924deae,9f13945b-cf18-453b-9eda-2cd30ef32664,2027-04-04,31
1245 - One Bedroom Apartment Sea View,d7c5ecf0-74e4-4fd4-8db1-46385924deae,9f13945b-cf18-453b-9eda-2cd30ef32664,2027-04-05,31
1245 - One Bedroom Apartment Sea View,d7c5ecf0-74e4-4fd4-8db1-46385924deae,9f13945b-cf18-453b-9eda-2cd30ef32664,2027-04-06,31
1245 - One Bedroom Apartment Sea View,d7c5ecf0-74e4-4fd4-8db1-46385924deae,9f13945b-cf18-453b-9eda-2cd30ef32664,2027-04-07,31
1245 - One Bedroom Apartment Sea View,d7c5ecf0-74e4-4fd4-8db1-46385924deae,9f13945b-cf18-453b-9eda-2cd30ef32664,2027-04-08,31
1245 - One Bedroom Apartment Sea View,d7c5ecf0-74e4-4fd4-8db1-46385924deae,9f13945b-cf18-453b-9eda-2cd30ef32664,2027-04-09,31
1245 - One Bedroom Apartment Sea View,d7c5ecf0-74e4-4fd4-8db1-46385924deae,9f13945b-cf18-453b-9eda-2cd30ef32664,2027-04-10,31
1245 - One Bedroom Apartment Sea View,d7c5ecf0-74e4-4fd4-8db1-46385924deae,9f13945b-cf18-453b-9eda-2cd30ef32664,2027-04-11,31
1245 - One Bedroom Apartment Sea View,d7c5ecf0-74e4-4fd4-8db1-46385924deae,9f13945b-cf18-453b-9eda-2cd30ef32664,2027-04-12,31
1245 - One Bedroom Apartment Sea View,d7c5ecf0-74e4-4fd4-8db1-46385924deae,9f13945b-cf18-453b-9eda-2cd30ef32664,2027-04-13,31
1245 - One Bedroom Apartment Sea View,d7c5ecf0-74e4-4fd4-8db1-46385924deae,9f13945b-cf18-453b-9eda-2cd30ef32664,2027-04-14,31
1245 - One Bedroom Apartment Sea View,d7c5ecf0-74e4-4fd4-8db1-46385924deae,9f13945b-cf18-453b-9eda-2cd30ef32664,2027-04-15,31
1245 - One Bedroom Apartment Sea View,d7c5ecf0-74e4-4fd4-8db1-46385924deae,9f13945b-cf18-453b-9eda-2cd30ef32664,2027-04-16,31
1245 - One Bedroom Apartment Sea View,d7c5ecf0-74e4-4fd4-8db1-46385924deae,9f13945b-cf18-453b-9eda-2cd30ef32664,2027-04-17,31
1245 - One Bedroom Apartment Sea View,d7c5ecf0-74e4-4fd4-8db1-46385924deae,9f13945b-cf18-453b-9eda-2cd30ef32664,2027-04-18,31
1245 - One Bedroom Apartment Sea View,d7c5ecf0-74e4-4fd4-8db1-46385924deae,9f13945b-cf18-453b-9eda-2cd30ef32664,2027-04-19,31
1245 - One Bedroom Apartment Sea View,d7c5ecf0-74e4-4fd4-8db1-46385924deae,9f13945b-cf18-453b-9eda-2cd30ef32664,2027-04-20,31
1245 - One Bedroom Apartment Sea View,d7c5ecf0-74e4-4fd4-8db1-46385924deae,9f13945b-cf18-453b-9eda-2cd30ef32664,2027-04-21,31
1245 - One Bedroom Apartment Sea View,d7c5ecf0-74e4-4fd4-8db1-46385924deae,9f13945b-cf18-453b-9eda-2cd30ef32664,2027-04-22,31
1245 - One Bedroom Apartment Sea View,d7c5ecf0-74e4-4fd4-8db1-46385924deae,9f13945b-cf18-453b-9eda-2cd30ef32664,2027-04-23,31
1245 - One Bedroom Apartment Sea View,d7c5ecf0-74e4-4fd4-8db1-46385924deae,9f13945b-cf18-453b-9eda-2cd30ef32664,2027-04-24,31
1245 - One Bedroom Apartment Sea View,d7c5ecf0-74e4-4fd4-8db1-46385924deae,9f13945b-cf18-453b-9eda-2cd30ef32664,2027-04-25,31
1245 - One Bedroom Apartment Sea View,d7c5ecf0-74e4-4fd4-8db1-46385924deae,9f13945b-cf18-453b-9eda-2cd30ef32664,2027-04-26,31
1245 - One Bedroom Apartment Sea View,d7c5ecf0-74e4-4fd4-8db1-46385924deae,9f13945b-cf18-453b-9eda-2cd30ef32664,2027-04-27,31
1245 - One Bedroom Apartment Sea View,d7c5ecf0-74e4-4fd4-8db1-46385924deae,9f13945b-cf18-453b-9eda-2cd30ef32664,2027-04-28,31
1245 - One Bedroom Apartment Sea View,d7c5ecf0-74e4-4fd4-8db1-46385924deae,9f13945b-cf18-453b-9eda-2cd30ef32664,2027-04-29,31
1245 - One Bedroom Apartment Sea View,d7c5ecf0-74e4-4fd4-8db1-46385924deae,9f13945b-cf18-453b-9eda-2cd30ef32664,2027-04-30,31
1245 - One Bedroom Apartment Sea View,d7c5ecf0-74e4-4fd4-8db1-46385924deae,9f13945b-cf18-453b-9eda-2cd30ef32664,2027-05-01,31
1245 - One Bedroom Apartment Sea View,d7c5ecf0-74e4-4fd4-8db1-46385924deae,9f13945b-cf18-453b-9eda-2cd30ef32664,2027-05-02,31
1245 - One Bedroom Apartment Sea View,d7c5ecf0-74e4-4fd4-8db1-46385924deae,9f13945b-cf18-453b-9eda-2cd30ef32664,2027-05-03,31
1245 - One Bedroom Apartment Sea View,d7c5ecf0-74e4-4fd4-8db1-46385924deae,9f13945b-cf18-453b-9eda-2cd30ef32664,2027-05-04,31
1245 - One Bedroom Apartment Sea View,d7c5ecf0-74e4-4fd4-8db1-46385924deae,9f13945b-cf18-453b-9eda-2cd30ef32664,2027-05-05,31
1245 - One Bedroom Apartment Sea View,d7c5ecf0-74e4-4fd4-8db1-46385924deae,9f13945b-cf18-453b-9eda-2cd30ef32664,2027-05-06,31
1245 - One Bedroom Apartment Sea View,d7c5ecf0-74e4-4fd4-8db1-46385924deae,9f13945b-cf18-453b-9eda-2cd30ef32664,2027-05-07,31
1245 - One Bedroom Apartment Sea View,d7c5ecf0-74e4-4fd4-8db1-46385924deae,9f13945b-cf18-453b-9eda-2cd30ef32664,2027-05-08,31
1245 - One Bedroom Apartment Sea View,d7c5ecf0-74e4-4fd4-8db1-46385924deae,9f13945b-cf18-453b-9eda-2cd30ef32664,2027-05-09,31
1245 - One Bedroom Apartment Sea View,d7c5ecf0-74e4-4fd4-8db1-46385924deae,9f13945b-cf18-453b-9eda-2cd30ef32664,2027-05-10,31
1245 - One Bedroom Apartment Sea View,d7c5ecf0-74e4-4fd4-8db1-46385924deae,9f13945b-cf18-453b-9eda-2cd30ef32664,2027-05-11,31
1245 - One Bedroom Apartment Sea View,d7c5ecf0-74e4-4fd4-8db1-46385924deae,9f13945b-cf18-453b-9eda-2cd30ef32664,2027-05-12,31
1245 - One Bedroom Apartment Sea View,d7c5ecf0-74e4-4fd4-8db1-46385924deae,9f13945b-cf18-453b-9eda-2cd30ef32664,2027-05-13,31
1245 - One Bedroom Apartment Sea View,d7c5ecf0-74e4-4fd4-8db1-46385924deae,9f13945b-cf18-453b-9eda-2cd30ef32664,2027-05-14,31
1245 - One Bedroom Apartment Sea View,d7c5ecf0-74e4-4fd4-8db1-46385924deae,9f13945b-cf18-453b-9eda-2cd30ef32664,2027-05-15,31
1245 - One Bedroom Apartment Sea View,d7c5ecf0-74e4-4fd4-8db1-46385924deae,9f13945b-cf18-453b-9eda-2cd30ef32664,2027-05-16,31
1245 - One Bedroom Apartment Sea View,d7c5ecf0-74e4-4fd4-8db1-46385924deae,9f13945b-cf18-453b-9eda-2cd30ef32664,2027-05-17,31
1245 - One Bedroom Apartment Sea View,d7c5ecf0-74e4-4fd4-8db1-46385924deae,9f13945b-cf18-453b-9eda-2cd30ef32664,2027-05-18,31
1245 - One Bedroom Apartment Sea View,d7c5ecf0-74e4-4fd4-8db1-46385924deae,9f13945b-cf18-453b-9eda-2cd30ef32664,2027-05-19,31
1245 - One Bedroom Apartment Sea View,d7c5ecf0-74e4-4fd4-8db1-46385924deae,9f13945b-cf18-453b-9eda-2cd30ef32664,2027-05-20,31
1245 - One Bedroom Apartment Sea View,d7c5ecf0-74e4-4fd4-8db1-46385924deae,9f13945b-cf18-453b-9eda-2cd30ef32664,2027-05-21,31
1245 - One Bedroom Apartment Sea View,d7c5ecf0-74e4-4fd4-8db1-46385924deae,9f13945b-cf18-453b-9eda-2cd30ef32664,2027-05-22,31
1245 - One Bedroom Apartment Sea View,d7c5ecf0-74e4-4fd4-8db1-46385924deae,9f13945b-cf18-453b-9eda-2cd30ef32664,2027-05-23,31
1245 - One Bedroom Apartment Sea View,d7c5ecf0-74e4-4fd4-8db1-46385924deae,9f13945b-cf18-453b-9eda-2cd30ef32664,2027-05-24,31
1245 - One Bedroom Apartment Sea View,d7c5ecf0-74e4-4fd4-8db1-46385924deae,9f13945b-cf18-453b-9eda-2cd30ef32664,2027-05-25,31
1245 - One Bedroom Apartment Sea View,d7c5ecf0-74e4-4fd4-8db1-46385924deae,9f13945b-cf18-453b-9eda-2cd30ef32664,2027-05-26,31
1245 - One Bedroom Apartment Sea View,d7c5ecf0-74e4-4fd4-8db1-46385924deae,9f13945b-cf18-453b-9eda-2cd30ef32664,2027-05-27,31
1245 - One Bedroom Apartment Sea View,d7c5ecf0-74e4-4fd4-8db1-46385924deae,9f13945b-cf18-453b-9eda-2cd30ef32664,2027-05-28,31
1245 - One Bedroom Apartment Sea View,d7c5ecf0-74e4-4fd4-8db1-46385924deae,9f13945b-cf18-453b-9eda-2cd30ef32664,2027-05-29,31
1245 - One Bedroom Apartment Sea View,d7c5ecf0-74e4-4fd4-8db1-46385924deae,9f13945b-cf18-453b-9eda-2cd30ef32664,2027-05-30,31
1245 - One Bedroom Apartment Sea View,d7c5ecf0-74e4-4fd4-8db1-46385924deae,9f13945b-cf18-453b-9eda-2cd30ef32664,2027-05-31,31
1245 - One Bedroom Apartment Sea View,d7c5ecf0-74e4-4fd4-8db1-46385924deae,9f13945b-cf18-453b-9eda-2cd30ef32664,2027-06-01,31
1245 - One Bedroom Apartment Sea View,d7c5ecf0-74e4-4fd4-8db1-46385924deae,9f13945b-cf18-453b-9eda-2cd30ef32664,2027-06-02,31
1245 - One Bedroom Apartment Sea View,d7c5ecf0-74e4-4fd4-8db1-46385924deae,9f13945b-cf18-453b-9eda-2cd30ef32664,2027-06-03,31
1245 - One Bedroom Apartment Sea View,d7c5ecf0-74e4-4fd4-8db1-46385924deae,9f13945b-cf18-453b-9eda-2cd30ef32664,2027-06-04,31
1245 - One Bedroom Apartment Sea View,d7c5ecf0-74e4-4fd4-8db1-46385924deae,9f13945b-cf18-453b-9eda-2cd30ef32664,2027-06-05,31
1245 - One Bedroom Apartment Sea View,d7c5ecf0-74e4-4fd4-8db1-46385924deae,9f13945b-cf18-453b-9eda-2cd30ef32664,2027-06-06,31
1245 - One Bedroom Apartment Sea View,d7c5ecf0-74e4-4fd4-8db1-46385924deae,9f13945b-cf18-453b-9eda-2cd30ef32664,2027-06-07,31
1245 - One Bedroom Apartment Sea View,d7c5ecf0-74e4-4fd4-8db1-46385924deae,9f13945b-cf18-453b-9eda-2cd30ef32664,2027-06-08,31
1245 - One Bedroom Apartment Sea View,d7c5ecf0-74e4-4fd4-8db1-46385924deae,9f13945b-cf18-453b-9eda-2cd30ef32664,2027-06-09,31
1245 - One Bedroom Apartment Sea View,d7c5ecf0-74e4-4fd4-8db1-46385924deae,9f13945b-cf18-453b-9eda-2cd30ef32664,2027-06-10,31
1245 - One Bedroom Apartment Sea View,d7c5ecf0-74e4-4fd4-8db1-46385924deae,9f13945b-cf18-453b-9eda-2cd30ef32664,2027-06-11,31
1245 - One Bedroom Apartment Sea View,d7c5ecf0-74e4-4fd4-8db1-46385924deae,9f13945b-cf18-453b-9eda-2cd30ef32664,2027-06-12,31
1245 - One Bedroom Apartment Sea View,d7c5ecf0-74e4-4fd4-8db1-46385924deae,9f13945b-cf18-453b-9eda-2cd30ef32664,2027-06-13,31
1245 - One Bedroom Apartment Sea View,d7c5ecf0-74e4-4fd4-8db1-46385924deae,9f13945b-cf18-453b-9eda-2cd30ef32664,2027-06-14,31
1245 - One Bedroom Apartment Sea View,d7c5ecf0-74e4-4fd4-8db1-46385924deae,9f13945b-cf18-453b-9eda-2cd30ef32664,2027-06-15,31
1245 - One Bedroom Apartment Sea View,d7c5ecf0-74e4-4fd4-8db1-46385924deae,9f13945b-cf18-453b-9eda-2cd30ef32664,2027-06-16,31
1245 - One Bedroom Apartment Sea View,d7c5ecf0-74e4-4fd4-8db1-46385924deae,9f13945b-cf18-453b-9eda-2cd30ef32664,2027-06-17,31
1245 - One Bedroom Apartment Sea View,d7c5ecf0-74e4-4fd4-8db1-46385924deae,9f13945b-cf18-453b-9eda-2cd30ef32664,2027-06-18,31
1245 - One Bedroom Apartment Sea View,d7c5ecf0-74e4-4fd4-8db1-46385924deae,9f13945b-cf18-453b-9eda-2cd30ef32664,2027-06-19,31
1245 - One Bedroom Apartment Sea View,d7c5ecf0-74e4-4fd4-8db1-46385924deae,9f13945b-cf18-453b-9eda-2cd30ef32664,2027-06-20,31
1245 - One Bedroom Apartment Sea View,d7c5ecf0-74e4-4fd4-8db1-46385924deae,9f13945b-cf18-453b-9eda-2cd30ef32664,2027-06-21,31
1245 - One Bedroom Apartment Sea View,d7c5ecf0-74e4-4fd4-8db1-46385924deae,9f13945b-cf18-453b-9eda-2cd30ef32664,2027-06-22,31
1245 - One Bedroom Apartment Sea View,d7c5ecf0-74e4-4fd4-8db1-46385924deae,9f13945b-cf18-453b-9eda-2cd30ef32664,2027-06-23,31
1245 - One Bedroom Apartment Sea View,d7c5ecf0-74e4-4fd4-8db1-46385924deae,9f13945b-cf18-453b-9eda-2cd30ef32664,2027-06-24,31
1245 - One Bedroom Apartment Sea View,d7c5ecf0-74e4-4fd4-8db1-46385924deae,9f13945b-cf18-453b-9eda-2cd30ef32664,2027-06-25,31
1245 - One Bedroom Apartment Sea View,d7c5ecf0-74e4-4fd4-8db1-46385924deae,9f13945b-cf18-453b-9eda-2cd30ef32664,2027-06-26,31
1245 - One Bedroom Apartment Sea View,d7c5ecf0-74e4-4fd4-8db1-46385924deae,9f13945b-cf18-453b-9eda-2cd30ef32664,2027-06-27,31
1245 - One Bedroom Apartment Sea View,d7c5ecf0-74e4-4fd4-8db1-46385924deae,9f13945b-cf18-453b-9eda-2cd30ef32664,2027-06-28,31
1245 - One Bedroom Apartment Sea View,d7c5ecf0-74e4-4fd4-8db1-46385924deae,9f13945b-cf18-453b-9eda-2cd30ef32664,2027-06-29,31
1245 - One Bedroom Apartment Sea View,d7c5ecf0-74e4-4fd4-8db1-46385924deae,9f13945b-cf18-453b-9eda-2cd30ef32664,2027-06-30,31
1245 - One Bedroom Apartment Sea View,d7c5ecf0-74e4-4fd4-8db1-46385924deae,9f13945b-cf18-453b-9eda-2cd30ef32664,2027-07-01,31
1245 - One Bedroom Apartment Sea View,d7c5ecf0-74e4-4fd4-8db1-46385924deae,9f13945b-cf18-453b-9eda-2cd30ef32664,2027-07-02,31
1245 - One Bedroom Apartment Sea View,d7c5ecf0-74e4-4fd4-8db1-46385924deae,9f13945b-cf18-453b-9eda-2cd30ef32664,2027-07-03,31
1245 - One Bedroom Apartment Sea View,d7c5ecf0-74e4-4fd4-8db1-46385924deae,9f13945b-cf18-453b-9eda-2cd30ef32664,2027-07-04,31
1245 - One Bedroom Apartment Sea View,d7c5ecf0-74e4-4fd4-8db1-46385924deae,9f13945b-cf18-453b-9eda-2cd30ef32664,2027-07-05,31
1245 - One Bedroom Apartment Sea View,d7c5ecf0-74e4-4fd4-8db1-46385924deae,9f13945b-cf18-453b-9eda-2cd30ef32664,2027-07-06,31
1245 - One Bedroom Apartment Sea View,d7c5ecf0-74e4-4fd4-8db1-46385924deae,9f13945b-cf18-453b-9eda-2cd30ef32664,2027-07-07,31
1245 - One Bedroom Apartment Sea View,d7c5ecf0-74e4-4fd4-8db1-46385924deae,9f13945b-cf18-453b-9eda-2cd30ef32664,2027-07-08,31
1245 - One Bedroom Apartment Sea View,d7c5ecf0-74e4-4fd4-8db1-46385924deae,9f13945b-cf18-453b-9eda-2cd30ef32664,2027-07-09,31
1245 - One Bedroom Apartment Sea View,d7c5ecf0-74e4-4fd4-8db1-46385924deae,9f13945b-cf18-453b-9eda-2cd30ef32664,2027-07-10,31
1245 - One Bedroom Apartment Sea View,d7c5ecf0-74e4-4fd4-8db1-46385924deae,9f13945b-cf18-453b-9eda-2cd30ef32664,2027-07-11,31
1245 - One Bedroom Apartment Sea View,d7c5ecf0-74e4-4fd4-8db1-46385924deae,9f13945b-cf18-453b-9eda-2cd30ef32664,2027-07-12,31
1245 - One Bedroom Apartment Sea View,d7c5ecf0-74e4-4fd4-8db1-46385924deae,9f13945b-cf18-453b-9eda-2cd30ef32664,2027-07-13,31
1245 - One Bedroom Apartment Sea View,d7c5ecf0-74e4-4fd4-8db1-46385924deae,9f13945b-cf18-453b-9eda-2cd30ef32664,2027-07-14,31
1245 - One Bedroom Apartment Sea View,d7c5ecf0-74e4-4fd4-8db1-46385924deae,9f13945b-cf18-453b-9eda-2cd30ef32664,2027-07-15,31
1245 - One Bedroom Apartment Sea View,d7c5ecf0-74e4-4fd4-8db1-46385924deae,9f13945b-cf18-453b-9eda-2cd30ef32664,2027-07-16,31
1245 - One Bedroom Apartment Sea View,d7c5ecf0-74e4-4fd4-8db1-46385924deae,9f13945b-cf18-453b-9eda-2cd30ef32664,2027-07-17,31
1245 - One Bedroom Apartment Sea View,d7c5ecf0-74e4-4fd4-8db1-46385924deae,9f13945b-cf18-453b-9eda-2cd30ef32664,2027-07-18,31
1245 - One Bedroom Apartment Sea View,d7c5ecf0-74e4-4fd4-8db1-46385924deae,9f13945b-cf18-453b-9eda-2cd30ef32664,2027-07-19,31
1245 - One Bedroom Apartment Sea View,d7c5ecf0-74e4-4fd4-8db1-46385924deae,9f13945b-cf18-453b-9eda-2cd30ef32664,2027-07-20,31
1245 - One Bedroom Apartment Sea View,d7c5ecf0-74e4-4fd4-8db1-46385924deae,9f13945b-cf18-453b-9eda-2cd30ef32664,2027-07-21,31
1245 - One Bedroom Apartment Sea View,d7c5ecf0-74e4-4fd4-8db1-46385924deae,9f13945b-cf18-453b-9eda-2cd30ef32664,2027-07-22,31
1245 - One Bedroom Apartment Sea View,d7c5ecf0-74e4-4fd4-8db1-46385924deae,9f13945b-cf18-453b-9eda-2cd30ef32664,2027-07-23,31
1245 - One Bedroom Apartment Sea View,d7c5ecf0-74e4-4fd4-8db1-46385924deae,9f13945b-cf18-453b-9eda-2cd30ef32664,2027-07-24,31
1245 - One Bedroom Apartment Sea View,d7c5ecf0-74e4-4fd4-8db1-46385924deae,9f13945b-cf18-453b-9eda-2cd30ef32664,2027-07-25,31
1245 - One Bedroom Apartment Sea View,d7c5ecf0-74e4-4fd4-8db1-46385924deae,9f13945b-cf18-453b-9eda-2cd30ef32664,2027-07-26,31
1245 - One Bedroom Apartment Sea View,d7c5ecf0-74e4-4fd4-8db1-46385924deae,9f13945b-cf18-453b-9eda-2cd30ef32664,2027-07-27,31
1245 - One Bedroom Apartment Sea View,d7c5ecf0-74e4-4fd4-8db1-46385924deae,9f13945b-cf18-453b-9eda-2cd30ef32664,2027-07-28,31
1245 - One Bedroom Apartment Sea View,d7c5ecf0-74e4-4fd4-8db1-46385924deae,9f13945b-cf18-453b-9eda-2cd30ef32664,2027-07-29,31
1245 - One Bedroom Apartment Sea View,d7c5ecf0-74e4-4fd4-8db1-46385924deae,9f13945b-cf18-453b-9eda-2cd30ef32664,2027-07-30,31
1245 - One Bedroom Apartment Sea View,d7c5ecf0-74e4-4fd4-8db1-46385924deae,9f13945b-cf18-453b-9eda-2cd30ef32664,2027-07-31,31
1245 - One Bedroom Apartment Sea View,d7c5ecf0-74e4-4fd4-8db1-46385924deae,9f13945b-cf18-453b-9eda-2cd30ef32664,2027-08-01,31
1245 - One Bedroom Apartment Sea View,d7c5ecf0-74e4-4fd4-8db1-46385924deae,9f13945b-cf18-453b-9eda-2cd30ef32664,2027-08-02,31
1245 - One Bedroom Apartment Sea View,d7c5ecf0-74e4-4fd4-8db1-46385924deae,9f13945b-cf18-453b-9eda-2cd30ef32664,2027-08-03,31
Large Studio with Sea View - 926,d93b3e5c-3539-443c-872d-285cd935b730,abaefd79-046d-4562-8b08-663308d2684b,2026-07-25,31
Large Studio with Sea View - 926,d93b3e5c-3539-443c-872d-285cd935b730,abaefd79-046d-4562-8b08-663308d2684b,2026-07-26,31
Large Studio with Sea View - 926,d93b3e5c-3539-443c-872d-285cd935b730,abaefd79-046d-4562-8b08-663308d2684b,2026-07-27,31
Large Studio with Sea View - 926,d93b3e5c-3539-443c-872d-285cd935b730,abaefd79-046d-4562-8b08-663308d2684b,2026-07-28,31
Large Studio with Sea View - 926,d93b3e5c-3539-443c-872d-285cd935b730,abaefd79-046d-4562-8b08-663308d2684b,2026-07-29,31
Large Studio with Sea View - 926,d93b3e5c-3539-443c-872d-285cd935b730,abaefd79-046d-4562-8b08-663308d2684b,2026-07-30,31
Large Studio with Sea View - 926,d93b3e5c-3539-443c-872d-285cd935b730,abaefd79-046d-4562-8b08-663308d2684b,2026-07-31,31
Large Studio with Sea View - 926,d93b3e5c-3539-443c-872d-285cd935b730,abaefd79-046d-4562-8b08-663308d2684b,2026-08-01,31
Large Studio with Sea View - 926,d93b3e5c-3539-443c-872d-285cd935b730,abaefd79-046d-4562-8b08-663308d2684b,2026-08-02,31
Large Studio with Sea View - 926,d93b3e5c-3539-443c-872d-285cd935b730,abaefd79-046d-4562-8b08-663308d2684b,2026-08-03,31
Large Studio with Sea View - 926,d93b3e5c-3539-443c-872d-285cd935b730,abaefd79-046d-4562-8b08-663308d2684b,2026-08-04,31
Large Studio with Sea View - 926,d93b3e5c-3539-443c-872d-285cd935b730,abaefd79-046d-4562-8b08-663308d2684b,2026-08-05,31
Large Studio with Sea View - 926,d93b3e5c-3539-443c-872d-285cd935b730,abaefd79-046d-4562-8b08-663308d2684b,2026-08-06,31
Large Studio with Sea View - 926,d93b3e5c-3539-443c-872d-285cd935b730,abaefd79-046d-4562-8b08-663308d2684b,2026-08-07,31
Large Studio with Sea View - 926,d93b3e5c-3539-443c-872d-285cd935b730,abaefd79-046d-4562-8b08-663308d2684b,2026-08-08,31
Large Studio with Sea View - 926,d93b3e5c-3539-443c-872d-285cd935b730,abaefd79-046d-4562-8b08-663308d2684b,2026-08-09,31
Large Studio with Sea View - 926,d93b3e5c-3539-443c-872d-285cd935b730,abaefd79-046d-4562-8b08-663308d2684b,2026-08-10,31
Large Studio with Sea View - 926,d93b3e5c-3539-443c-872d-285cd935b730,abaefd79-046d-4562-8b08-663308d2684b,2026-08-11,31
Large Studio with Sea View - 926,d93b3e5c-3539-443c-872d-285cd935b730,abaefd79-046d-4562-8b08-663308d2684b,2026-08-12,31
Large Studio with Sea View - 926,d93b3e5c-3539-443c-872d-285cd935b730,abaefd79-046d-4562-8b08-663308d2684b,2026-08-13,31
Large Studio with Sea View - 926,d93b3e5c-3539-443c-872d-285cd935b730,abaefd79-046d-4562-8b08-663308d2684b,2026-08-14,31
Large Studio with Sea View - 926,d93b3e5c-3539-443c-872d-285cd935b730,abaefd79-046d-4562-8b08-663308d2684b,2026-08-15,31
Large Studio with Sea View - 926,d93b3e5c-3539-443c-872d-285cd935b730,abaefd79-046d-4562-8b08-663308d2684b,2026-08-16,31
Large Studio with Sea View - 926,d93b3e5c-3539-443c-872d-285cd935b730,abaefd79-046d-4562-8b08-663308d2684b,2026-08-17,31
Large Studio with Sea View - 926,d93b3e5c-3539-443c-872d-285cd935b730,abaefd79-046d-4562-8b08-663308d2684b,2026-08-18,31
Large Studio with Sea View - 926,d93b3e5c-3539-443c-872d-285cd935b730,abaefd79-046d-4562-8b08-663308d2684b,2026-08-19,31
Large Studio with Sea View - 926,d93b3e5c-3539-443c-872d-285cd935b730,abaefd79-046d-4562-8b08-663308d2684b,2026-08-20,31
Large Studio with Sea View - 926,d93b3e5c-3539-443c-872d-285cd935b730,abaefd79-046d-4562-8b08-663308d2684b,2026-08-21,31
Large Studio with Sea View - 926,d93b3e5c-3539-443c-872d-285cd935b730,abaefd79-046d-4562-8b08-663308d2684b,2026-08-22,31
Large Studio with Sea View - 926,d93b3e5c-3539-443c-872d-285cd935b730,abaefd79-046d-4562-8b08-663308d2684b,2026-08-23,31
Large Studio with Sea View - 926,d93b3e5c-3539-443c-872d-285cd935b730,abaefd79-046d-4562-8b08-663308d2684b,2026-08-24,31
Large Studio with Sea View - 926,d93b3e5c-3539-443c-872d-285cd935b730,abaefd79-046d-4562-8b08-663308d2684b,2026-08-25,31
Large Studio with Sea View - 926,d93b3e5c-3539-443c-872d-285cd935b730,abaefd79-046d-4562-8b08-663308d2684b,2026-08-26,31
Large Studio with Sea View - 926,d93b3e5c-3539-443c-872d-285cd935b730,abaefd79-046d-4562-8b08-663308d2684b,2026-08-27,31
Large Studio with Sea View - 926,d93b3e5c-3539-443c-872d-285cd935b730,abaefd79-046d-4562-8b08-663308d2684b,2026-08-28,31
Large Studio with Sea View - 926,d93b3e5c-3539-443c-872d-285cd935b730,abaefd79-046d-4562-8b08-663308d2684b,2026-08-29,31
Large Studio with Sea View - 926,d93b3e5c-3539-443c-872d-285cd935b730,abaefd79-046d-4562-8b08-663308d2684b,2026-08-30,31
Large Studio with Sea View - 926,d93b3e5c-3539-443c-872d-285cd935b730,abaefd79-046d-4562-8b08-663308d2684b,2026-08-31,31
Large Studio with Sea View - 926,d93b3e5c-3539-443c-872d-285cd935b730,abaefd79-046d-4562-8b08-663308d2684b,2026-09-01,31
Large Studio with Sea View - 926,d93b3e5c-3539-443c-872d-285cd935b730,abaefd79-046d-4562-8b08-663308d2684b,2026-09-02,31
Large Studio with Sea View - 926,d93b3e5c-3539-443c-872d-285cd935b730,abaefd79-046d-4562-8b08-663308d2684b,2026-09-03,31
Large Studio with Sea View - 926,d93b3e5c-3539-443c-872d-285cd935b730,abaefd79-046d-4562-8b08-663308d2684b,2026-09-04,31
Large Studio with Sea View - 926,d93b3e5c-3539-443c-872d-285cd935b730,abaefd79-046d-4562-8b08-663308d2684b,2026-09-05,31
Large Studio with Sea View - 926,d93b3e5c-3539-443c-872d-285cd935b730,abaefd79-046d-4562-8b08-663308d2684b,2026-09-06,31
Large Studio with Sea View - 926,d93b3e5c-3539-443c-872d-285cd935b730,abaefd79-046d-4562-8b08-663308d2684b,2026-09-07,31
Large Studio with Sea View - 926,d93b3e5c-3539-443c-872d-285cd935b730,abaefd79-046d-4562-8b08-663308d2684b,2026-09-08,31
Large Studio with Sea View - 926,d93b3e5c-3539-443c-872d-285cd935b730,abaefd79-046d-4562-8b08-663308d2684b,2026-09-09,31
Large Studio with Sea View - 926,d93b3e5c-3539-443c-872d-285cd935b730,abaefd79-046d-4562-8b08-663308d2684b,2026-09-10,31
Large Studio with Sea View - 926,d93b3e5c-3539-443c-872d-285cd935b730,abaefd79-046d-4562-8b08-663308d2684b,2026-09-11,31
Large Studio with Sea View - 926,d93b3e5c-3539-443c-872d-285cd935b730,abaefd79-046d-4562-8b08-663308d2684b,2026-09-12,31
Large Studio with Sea View - 926,d93b3e5c-3539-443c-872d-285cd935b730,abaefd79-046d-4562-8b08-663308d2684b,2026-09-13,31
Large Studio with Sea View - 926,d93b3e5c-3539-443c-872d-285cd935b730,abaefd79-046d-4562-8b08-663308d2684b,2026-09-14,31
Large Studio with Sea View - 926,d93b3e5c-3539-443c-872d-285cd935b730,abaefd79-046d-4562-8b08-663308d2684b,2026-09-15,31
Large Studio with Sea View - 926,d93b3e5c-3539-443c-872d-285cd935b730,abaefd79-046d-4562-8b08-663308d2684b,2026-09-16,31
Large Studio with Sea View - 926,d93b3e5c-3539-443c-872d-285cd935b730,abaefd79-046d-4562-8b08-663308d2684b,2026-09-17,31
Large Studio with Sea View - 926,d93b3e5c-3539-443c-872d-285cd935b730,abaefd79-046d-4562-8b08-663308d2684b,2026-09-18,31
Large Studio with Sea View - 926,d93b3e5c-3539-443c-872d-285cd935b730,abaefd79-046d-4562-8b08-663308d2684b,2026-09-19,31
Large Studio with Sea View - 926,d93b3e5c-3539-443c-872d-285cd935b730,abaefd79-046d-4562-8b08-663308d2684b,2026-09-20,31
Large Studio with Sea View - 926,d93b3e5c-3539-443c-872d-285cd935b730,abaefd79-046d-4562-8b08-663308d2684b,2026-09-21,31
Large Studio with Sea View - 926,d93b3e5c-3539-443c-872d-285cd935b730,abaefd79-046d-4562-8b08-663308d2684b,2026-09-22,31
Large Studio with Sea View - 926,d93b3e5c-3539-443c-872d-285cd935b730,abaefd79-046d-4562-8b08-663308d2684b,2026-09-23,31
Large Studio with Sea View - 926,d93b3e5c-3539-443c-872d-285cd935b730,abaefd79-046d-4562-8b08-663308d2684b,2026-09-24,31
Large Studio with Sea View - 926,d93b3e5c-3539-443c-872d-285cd935b730,abaefd79-046d-4562-8b08-663308d2684b,2026-09-25,31
Large Studio with Sea View - 926,d93b3e5c-3539-443c-872d-285cd935b730,abaefd79-046d-4562-8b08-663308d2684b,2026-09-26,31
Large Studio with Sea View - 926,d93b3e5c-3539-443c-872d-285cd935b730,abaefd79-046d-4562-8b08-663308d2684b,2026-09-27,31
Large Studio with Sea View - 926,d93b3e5c-3539-443c-872d-285cd935b730,abaefd79-046d-4562-8b08-663308d2684b,2026-09-28,31
Large Studio with Sea View - 926,d93b3e5c-3539-443c-872d-285cd935b730,abaefd79-046d-4562-8b08-663308d2684b,2026-09-29,31
Large Studio with Sea View - 926,d93b3e5c-3539-443c-872d-285cd935b730,abaefd79-046d-4562-8b08-663308d2684b,2026-09-30,31
Large Studio with Sea View - 926,d93b3e5c-3539-443c-872d-285cd935b730,abaefd79-046d-4562-8b08-663308d2684b,2026-10-01,31
Large Studio with Sea View - 926,d93b3e5c-3539-443c-872d-285cd935b730,abaefd79-046d-4562-8b08-663308d2684b,2026-10-02,31
Large Studio with Sea View - 926,d93b3e5c-3539-443c-872d-285cd935b730,abaefd79-046d-4562-8b08-663308d2684b,2026-10-03,31
Large Studio with Sea View - 926,d93b3e5c-3539-443c-872d-285cd935b730,abaefd79-046d-4562-8b08-663308d2684b,2026-10-04,31
Large Studio with Sea View - 926,d93b3e5c-3539-443c-872d-285cd935b730,abaefd79-046d-4562-8b08-663308d2684b,2026-10-05,31
Large Studio with Sea View - 926,d93b3e5c-3539-443c-872d-285cd935b730,abaefd79-046d-4562-8b08-663308d2684b,2026-10-06,31
Large Studio with Sea View - 926,d93b3e5c-3539-443c-872d-285cd935b730,abaefd79-046d-4562-8b08-663308d2684b,2026-10-07,31
Large Studio with Sea View - 926,d93b3e5c-3539-443c-872d-285cd935b730,abaefd79-046d-4562-8b08-663308d2684b,2026-10-08,31
Large Studio with Sea View - 926,d93b3e5c-3539-443c-872d-285cd935b730,abaefd79-046d-4562-8b08-663308d2684b,2026-10-09,31
Large Studio with Sea View - 926,d93b3e5c-3539-443c-872d-285cd935b730,abaefd79-046d-4562-8b08-663308d2684b,2026-10-10,31
Large Studio with Sea View - 926,d93b3e5c-3539-443c-872d-285cd935b730,abaefd79-046d-4562-8b08-663308d2684b,2026-10-11,31
Large Studio with Sea View - 926,d93b3e5c-3539-443c-872d-285cd935b730,abaefd79-046d-4562-8b08-663308d2684b,2026-10-12,31
Large Studio with Sea View - 926,d93b3e5c-3539-443c-872d-285cd935b730,abaefd79-046d-4562-8b08-663308d2684b,2026-10-13,31
Large Studio with Sea View - 926,d93b3e5c-3539-443c-872d-285cd935b730,abaefd79-046d-4562-8b08-663308d2684b,2026-10-14,31
Large Studio with Sea View - 926,d93b3e5c-3539-443c-872d-285cd935b730,abaefd79-046d-4562-8b08-663308d2684b,2026-10-15,31
Large Studio with Sea View - 926,d93b3e5c-3539-443c-872d-285cd935b730,abaefd79-046d-4562-8b08-663308d2684b,2026-10-16,31
Large Studio with Sea View - 926,d93b3e5c-3539-443c-872d-285cd935b730,abaefd79-046d-4562-8b08-663308d2684b,2026-10-17,31
Large Studio with Sea View - 926,d93b3e5c-3539-443c-872d-285cd935b730,abaefd79-046d-4562-8b08-663308d2684b,2026-10-18,31
Large Studio with Sea View - 926,d93b3e5c-3539-443c-872d-285cd935b730,abaefd79-046d-4562-8b08-663308d2684b,2026-10-19,31
Large Studio with Sea View - 926,d93b3e5c-3539-443c-872d-285cd935b730,abaefd79-046d-4562-8b08-663308d2684b,2026-10-20,31
Large Studio with Sea View - 926,d93b3e5c-3539-443c-872d-285cd935b730,abaefd79-046d-4562-8b08-663308d2684b,2026-10-21,31
Large Studio with Sea View - 926,d93b3e5c-3539-443c-872d-285cd935b730,abaefd79-046d-4562-8b08-663308d2684b,2026-10-22,31
Large Studio with Sea View - 926,d93b3e5c-3539-443c-872d-285cd935b730,abaefd79-046d-4562-8b08-663308d2684b,2026-10-23,31
Large Studio with Sea View - 926,d93b3e5c-3539-443c-872d-285cd935b730,abaefd79-046d-4562-8b08-663308d2684b,2026-10-24,31
Large Studio with Sea View - 926,d93b3e5c-3539-443c-872d-285cd935b730,abaefd79-046d-4562-8b08-663308d2684b,2026-10-25,31
Large Studio with Sea View - 926,d93b3e5c-3539-443c-872d-285cd935b730,abaefd79-046d-4562-8b08-663308d2684b,2026-10-26,31
Large Studio with Sea View - 926,d93b3e5c-3539-443c-872d-285cd935b730,abaefd79-046d-4562-8b08-663308d2684b,2026-10-27,31
Large Studio with Sea View - 926,d93b3e5c-3539-443c-872d-285cd935b730,abaefd79-046d-4562-8b08-663308d2684b,2026-10-28,31
Large Studio with Sea View - 926,d93b3e5c-3539-443c-872d-285cd935b730,abaefd79-046d-4562-8b08-663308d2684b,2026-10-29,31
Large Studio with Sea View - 926,d93b3e5c-3539-443c-872d-285cd935b730,abaefd79-046d-4562-8b08-663308d2684b,2026-10-30,31
Large Studio with Sea View - 926,d93b3e5c-3539-443c-872d-285cd935b730,abaefd79-046d-4562-8b08-663308d2684b,2026-10-31,31
Large Studio with Sea View - 926,d93b3e5c-3539-443c-872d-285cd935b730,abaefd79-046d-4562-8b08-663308d2684b,2026-11-01,31
Large Studio with Sea View - 926,d93b3e5c-3539-443c-872d-285cd935b730,abaefd79-046d-4562-8b08-663308d2684b,2026-11-02,31
Large Studio with Sea View - 926,d93b3e5c-3539-443c-872d-285cd935b730,abaefd79-046d-4562-8b08-663308d2684b,2026-11-03,31
Large Studio with Sea View - 926,d93b3e5c-3539-443c-872d-285cd935b730,abaefd79-046d-4562-8b08-663308d2684b,2026-11-04,31
Large Studio with Sea View - 926,d93b3e5c-3539-443c-872d-285cd935b730,abaefd79-046d-4562-8b08-663308d2684b,2026-11-05,31
Large Studio with Sea View - 926,d93b3e5c-3539-443c-872d-285cd935b730,abaefd79-046d-4562-8b08-663308d2684b,2026-11-06,31
Large Studio with Sea View - 926,d93b3e5c-3539-443c-872d-285cd935b730,abaefd79-046d-4562-8b08-663308d2684b,2026-11-07,31
Large Studio with Sea View - 926,d93b3e5c-3539-443c-872d-285cd935b730,abaefd79-046d-4562-8b08-663308d2684b,2026-11-08,31
Large Studio with Sea View - 926,d93b3e5c-3539-443c-872d-285cd935b730,abaefd79-046d-4562-8b08-663308d2684b,2026-11-09,31
Large Studio with Sea View - 926,d93b3e5c-3539-443c-872d-285cd935b730,abaefd79-046d-4562-8b08-663308d2684b,2026-11-10,31
Large Studio with Sea View - 926,d93b3e5c-3539-443c-872d-285cd935b730,abaefd79-046d-4562-8b08-663308d2684b,2026-11-11,31
Large Studio with Sea View - 926,d93b3e5c-3539-443c-872d-285cd935b730,abaefd79-046d-4562-8b08-663308d2684b,2026-11-12,31
Large Studio with Sea View - 926,d93b3e5c-3539-443c-872d-285cd935b730,abaefd79-046d-4562-8b08-663308d2684b,2026-11-13,31
Large Studio with Sea View - 926,d93b3e5c-3539-443c-872d-285cd935b730,abaefd79-046d-4562-8b08-663308d2684b,2026-11-14,31
Large Studio with Sea View - 926,d93b3e5c-3539-443c-872d-285cd935b730,abaefd79-046d-4562-8b08-663308d2684b,2026-11-15,31
Large Studio with Sea View - 926,d93b3e5c-3539-443c-872d-285cd935b730,abaefd79-046d-4562-8b08-663308d2684b,2026-11-16,31
Large Studio with Sea View - 926,d93b3e5c-3539-443c-872d-285cd935b730,abaefd79-046d-4562-8b08-663308d2684b,2026-11-17,31
Large Studio with Sea View - 926,d93b3e5c-3539-443c-872d-285cd935b730,abaefd79-046d-4562-8b08-663308d2684b,2026-11-18,31
Large Studio with Sea View - 926,d93b3e5c-3539-443c-872d-285cd935b730,abaefd79-046d-4562-8b08-663308d2684b,2026-11-19,31
Large Studio with Sea View - 926,d93b3e5c-3539-443c-872d-285cd935b730,abaefd79-046d-4562-8b08-663308d2684b,2026-11-20,31
Large Studio with Sea View - 926,d93b3e5c-3539-443c-872d-285cd935b730,abaefd79-046d-4562-8b08-663308d2684b,2026-11-21,31
Large Studio with Sea View - 926,d93b3e5c-3539-443c-872d-285cd935b730,abaefd79-046d-4562-8b08-663308d2684b,2026-11-22,31
Large Studio with Sea View - 926,d93b3e5c-3539-443c-872d-285cd935b730,abaefd79-046d-4562-8b08-663308d2684b,2026-11-23,31
Large Studio with Sea View - 926,d93b3e5c-3539-443c-872d-285cd935b730,abaefd79-046d-4562-8b08-663308d2684b,2026-11-24,31
Large Studio with Sea View - 926,d93b3e5c-3539-443c-872d-285cd935b730,abaefd79-046d-4562-8b08-663308d2684b,2026-11-25,31
Large Studio with Sea View - 926,d93b3e5c-3539-443c-872d-285cd935b730,abaefd79-046d-4562-8b08-663308d2684b,2026-11-26,31
Large Studio with Sea View - 926,d93b3e5c-3539-443c-872d-285cd935b730,abaefd79-046d-4562-8b08-663308d2684b,2026-11-27,31
Large Studio with Sea View - 926,d93b3e5c-3539-443c-872d-285cd935b730,abaefd79-046d-4562-8b08-663308d2684b,2026-11-28,31
Large Studio with Sea View - 926,d93b3e5c-3539-443c-872d-285cd935b730,abaefd79-046d-4562-8b08-663308d2684b,2026-11-29,31
Large Studio with Sea View - 926,d93b3e5c-3539-443c-872d-285cd935b730,abaefd79-046d-4562-8b08-663308d2684b,2026-11-30,31
Large Studio with Sea View - 926,d93b3e5c-3539-443c-872d-285cd935b730,abaefd79-046d-4562-8b08-663308d2684b,2026-12-01,31
Large Studio with Sea View - 926,d93b3e5c-3539-443c-872d-285cd935b730,abaefd79-046d-4562-8b08-663308d2684b,2026-12-02,31
Large Studio with Sea View - 926,d93b3e5c-3539-443c-872d-285cd935b730,abaefd79-046d-4562-8b08-663308d2684b,2026-12-03,31
Large Studio with Sea View - 926,d93b3e5c-3539-443c-872d-285cd935b730,abaefd79-046d-4562-8b08-663308d2684b,2026-12-04,31
Large Studio with Sea View - 926,d93b3e5c-3539-443c-872d-285cd935b730,abaefd79-046d-4562-8b08-663308d2684b,2026-12-05,31
Large Studio with Sea View - 926,d93b3e5c-3539-443c-872d-285cd935b730,abaefd79-046d-4562-8b08-663308d2684b,2026-12-06,31
Large Studio with Sea View - 926,d93b3e5c-3539-443c-872d-285cd935b730,abaefd79-046d-4562-8b08-663308d2684b,2026-12-07,31
Large Studio with Sea View - 926,d93b3e5c-3539-443c-872d-285cd935b730,abaefd79-046d-4562-8b08-663308d2684b,2026-12-08,31
Large Studio with Sea View - 926,d93b3e5c-3539-443c-872d-285cd935b730,abaefd79-046d-4562-8b08-663308d2684b,2026-12-09,31
Large Studio with Sea View - 926,d93b3e5c-3539-443c-872d-285cd935b730,abaefd79-046d-4562-8b08-663308d2684b,2026-12-10,31
Large Studio with Sea View - 926,d93b3e5c-3539-443c-872d-285cd935b730,abaefd79-046d-4562-8b08-663308d2684b,2026-12-11,31
Large Studio with Sea View - 926,d93b3e5c-3539-443c-872d-285cd935b730,abaefd79-046d-4562-8b08-663308d2684b,2026-12-12,31
Large Studio with Sea View - 926,d93b3e5c-3539-443c-872d-285cd935b730,abaefd79-046d-4562-8b08-663308d2684b,2026-12-13,31
Large Studio with Sea View - 926,d93b3e5c-3539-443c-872d-285cd935b730,abaefd79-046d-4562-8b08-663308d2684b,2026-12-14,31
Large Studio with Sea View - 926,d93b3e5c-3539-443c-872d-285cd935b730,abaefd79-046d-4562-8b08-663308d2684b,2026-12-15,31
Large Studio with Sea View - 926,d93b3e5c-3539-443c-872d-285cd935b730,abaefd79-046d-4562-8b08-663308d2684b,2026-12-16,31
Large Studio with Sea View - 926,d93b3e5c-3539-443c-872d-285cd935b730,abaefd79-046d-4562-8b08-663308d2684b,2026-12-17,31
Large Studio with Sea View - 926,d93b3e5c-3539-443c-872d-285cd935b730,abaefd79-046d-4562-8b08-663308d2684b,2026-12-18,31
Large Studio with Sea View - 926,d93b3e5c-3539-443c-872d-285cd935b730,abaefd79-046d-4562-8b08-663308d2684b,2026-12-19,31
Large Studio with Sea View - 926,d93b3e5c-3539-443c-872d-285cd935b730,abaefd79-046d-4562-8b08-663308d2684b,2026-12-20,31
Large Studio with Sea View - 926,d93b3e5c-3539-443c-872d-285cd935b730,abaefd79-046d-4562-8b08-663308d2684b,2026-12-21,31
Large Studio with Sea View - 926,d93b3e5c-3539-443c-872d-285cd935b730,abaefd79-046d-4562-8b08-663308d2684b,2026-12-22,31
Large Studio with Sea View - 926,d93b3e5c-3539-443c-872d-285cd935b730,abaefd79-046d-4562-8b08-663308d2684b,2026-12-23,31
Large Studio with Sea View - 926,d93b3e5c-3539-443c-872d-285cd935b730,abaefd79-046d-4562-8b08-663308d2684b,2026-12-24,31
Large Studio with Sea View - 926,d93b3e5c-3539-443c-872d-285cd935b730,abaefd79-046d-4562-8b08-663308d2684b,2026-12-25,31
Large Studio with Sea View - 926,d93b3e5c-3539-443c-872d-285cd935b730,abaefd79-046d-4562-8b08-663308d2684b,2026-12-26,31
Large Studio with Sea View - 926,d93b3e5c-3539-443c-872d-285cd935b730,abaefd79-046d-4562-8b08-663308d2684b,2026-12-27,31
Large Studio with Sea View - 926,d93b3e5c-3539-443c-872d-285cd935b730,abaefd79-046d-4562-8b08-663308d2684b,2026-12-28,31
Large Studio with Sea View - 926,d93b3e5c-3539-443c-872d-285cd935b730,abaefd79-046d-4562-8b08-663308d2684b,2026-12-29,31
Large Studio with Sea View - 926,d93b3e5c-3539-443c-872d-285cd935b730,abaefd79-046d-4562-8b08-663308d2684b,2026-12-30,31
Large Studio with Sea View - 926,d93b3e5c-3539-443c-872d-285cd935b730,abaefd79-046d-4562-8b08-663308d2684b,2026-12-31,31
Large Studio with Sea View - 926,d93b3e5c-3539-443c-872d-285cd935b730,abaefd79-046d-4562-8b08-663308d2684b,2027-01-01,31
Large Studio with Sea View - 926,d93b3e5c-3539-443c-872d-285cd935b730,abaefd79-046d-4562-8b08-663308d2684b,2027-01-02,31
Large Studio with Sea View - 926,d93b3e5c-3539-443c-872d-285cd935b730,abaefd79-046d-4562-8b08-663308d2684b,2027-01-03,31
Large Studio with Sea View - 926,d93b3e5c-3539-443c-872d-285cd935b730,abaefd79-046d-4562-8b08-663308d2684b,2027-01-04,31
Large Studio with Sea View - 926,d93b3e5c-3539-443c-872d-285cd935b730,abaefd79-046d-4562-8b08-663308d2684b,2027-01-05,31
Large Studio with Sea View - 926,d93b3e5c-3539-443c-872d-285cd935b730,abaefd79-046d-4562-8b08-663308d2684b,2027-01-06,31
Large Studio with Sea View - 926,d93b3e5c-3539-443c-872d-285cd935b730,abaefd79-046d-4562-8b08-663308d2684b,2027-01-07,31
Large Studio with Sea View - 926,d93b3e5c-3539-443c-872d-285cd935b730,abaefd79-046d-4562-8b08-663308d2684b,2027-01-08,31
Large Studio with Sea View - 926,d93b3e5c-3539-443c-872d-285cd935b730,abaefd79-046d-4562-8b08-663308d2684b,2027-01-09,31
Large Studio with Sea View - 926,d93b3e5c-3539-443c-872d-285cd935b730,abaefd79-046d-4562-8b08-663308d2684b,2027-01-10,31
Large Studio with Sea View - 926,d93b3e5c-3539-443c-872d-285cd935b730,abaefd79-046d-4562-8b08-663308d2684b,2027-01-11,31
Large Studio with Sea View - 926,d93b3e5c-3539-443c-872d-285cd935b730,abaefd79-046d-4562-8b08-663308d2684b,2027-01-12,31
Large Studio with Sea View - 926,d93b3e5c-3539-443c-872d-285cd935b730,abaefd79-046d-4562-8b08-663308d2684b,2027-01-13,31
Large Studio with Sea View - 926,d93b3e5c-3539-443c-872d-285cd935b730,abaefd79-046d-4562-8b08-663308d2684b,2027-01-14,31
Large Studio with Sea View - 926,d93b3e5c-3539-443c-872d-285cd935b730,abaefd79-046d-4562-8b08-663308d2684b,2027-01-15,31
Large Studio with Sea View - 926,d93b3e5c-3539-443c-872d-285cd935b730,abaefd79-046d-4562-8b08-663308d2684b,2027-01-16,31
Large Studio with Sea View - 926,d93b3e5c-3539-443c-872d-285cd935b730,abaefd79-046d-4562-8b08-663308d2684b,2027-01-17,31
Large Studio with Sea View - 926,d93b3e5c-3539-443c-872d-285cd935b730,abaefd79-046d-4562-8b08-663308d2684b,2027-01-18,31
Large Studio with Sea View - 926,d93b3e5c-3539-443c-872d-285cd935b730,abaefd79-046d-4562-8b08-663308d2684b,2027-01-19,31
Large Studio with Sea View - 926,d93b3e5c-3539-443c-872d-285cd935b730,abaefd79-046d-4562-8b08-663308d2684b,2027-01-20,31
Large Studio with Sea View - 926,d93b3e5c-3539-443c-872d-285cd935b730,abaefd79-046d-4562-8b08-663308d2684b,2027-01-21,31
Large Studio with Sea View - 926,d93b3e5c-3539-443c-872d-285cd935b730,abaefd79-046d-4562-8b08-663308d2684b,2027-01-22,31
Large Studio with Sea View - 926,d93b3e5c-3539-443c-872d-285cd935b730,abaefd79-046d-4562-8b08-663308d2684b,2027-01-23,31
Large Studio with Sea View - 926,d93b3e5c-3539-443c-872d-285cd935b730,abaefd79-046d-4562-8b08-663308d2684b,2027-01-24,31
Large Studio with Sea View - 926,d93b3e5c-3539-443c-872d-285cd935b730,abaefd79-046d-4562-8b08-663308d2684b,2027-01-25,31
Large Studio with Sea View - 926,d93b3e5c-3539-443c-872d-285cd935b730,abaefd79-046d-4562-8b08-663308d2684b,2027-01-26,31
Large Studio with Sea View - 926,d93b3e5c-3539-443c-872d-285cd935b730,abaefd79-046d-4562-8b08-663308d2684b,2027-01-27,31
Large Studio with Sea View - 926,d93b3e5c-3539-443c-872d-285cd935b730,abaefd79-046d-4562-8b08-663308d2684b,2027-01-28,31
Large Studio with Sea View - 926,d93b3e5c-3539-443c-872d-285cd935b730,abaefd79-046d-4562-8b08-663308d2684b,2027-01-29,31
Large Studio with Sea View - 926,d93b3e5c-3539-443c-872d-285cd935b730,abaefd79-046d-4562-8b08-663308d2684b,2027-01-30,31
Large Studio with Sea View - 926,d93b3e5c-3539-443c-872d-285cd935b730,abaefd79-046d-4562-8b08-663308d2684b,2027-01-31,31
Large Studio with Sea View - 926,d93b3e5c-3539-443c-872d-285cd935b730,abaefd79-046d-4562-8b08-663308d2684b,2027-02-01,31
Large Studio with Sea View - 926,d93b3e5c-3539-443c-872d-285cd935b730,abaefd79-046d-4562-8b08-663308d2684b,2027-02-02,31
Large Studio with Sea View - 926,d93b3e5c-3539-443c-872d-285cd935b730,abaefd79-046d-4562-8b08-663308d2684b,2027-02-03,31
Large Studio with Sea View - 926,d93b3e5c-3539-443c-872d-285cd935b730,abaefd79-046d-4562-8b08-663308d2684b,2027-02-04,31
Large Studio with Sea View - 926,d93b3e5c-3539-443c-872d-285cd935b730,abaefd79-046d-4562-8b08-663308d2684b,2027-02-05,31
Large Studio with Sea View - 926,d93b3e5c-3539-443c-872d-285cd935b730,abaefd79-046d-4562-8b08-663308d2684b,2027-02-06,31
Large Studio with Sea View - 926,d93b3e5c-3539-443c-872d-285cd935b730,abaefd79-046d-4562-8b08-663308d2684b,2027-02-07,31
Large Studio with Sea View - 926,d93b3e5c-3539-443c-872d-285cd935b730,abaefd79-046d-4562-8b08-663308d2684b,2027-02-08,31
Large Studio with Sea View - 926,d93b3e5c-3539-443c-872d-285cd935b730,abaefd79-046d-4562-8b08-663308d2684b,2027-02-09,31
Large Studio with Sea View - 926,d93b3e5c-3539-443c-872d-285cd935b730,abaefd79-046d-4562-8b08-663308d2684b,2027-02-10,31
Large Studio with Sea View - 926,d93b3e5c-3539-443c-872d-285cd935b730,abaefd79-046d-4562-8b08-663308d2684b,2027-02-11,31
Large Studio with Sea View - 926,d93b3e5c-3539-443c-872d-285cd935b730,abaefd79-046d-4562-8b08-663308d2684b,2027-02-12,31
Large Studio with Sea View - 926,d93b3e5c-3539-443c-872d-285cd935b730,abaefd79-046d-4562-8b08-663308d2684b,2027-02-13,31
Large Studio with Sea View - 926,d93b3e5c-3539-443c-872d-285cd935b730,abaefd79-046d-4562-8b08-663308d2684b,2027-02-14,31
Large Studio with Sea View - 926,d93b3e5c-3539-443c-872d-285cd935b730,abaefd79-046d-4562-8b08-663308d2684b,2027-02-15,31
Large Studio with Sea View - 926,d93b3e5c-3539-443c-872d-285cd935b730,abaefd79-046d-4562-8b08-663308d2684b,2027-02-16,31
Large Studio with Sea View - 926,d93b3e5c-3539-443c-872d-285cd935b730,abaefd79-046d-4562-8b08-663308d2684b,2027-02-17,31
Large Studio with Sea View - 926,d93b3e5c-3539-443c-872d-285cd935b730,abaefd79-046d-4562-8b08-663308d2684b,2027-02-18,31
Large Studio with Sea View - 926,d93b3e5c-3539-443c-872d-285cd935b730,abaefd79-046d-4562-8b08-663308d2684b,2027-02-19,31
Large Studio with Sea View - 926,d93b3e5c-3539-443c-872d-285cd935b730,abaefd79-046d-4562-8b08-663308d2684b,2027-02-20,31
Large Studio with Sea View - 926,d93b3e5c-3539-443c-872d-285cd935b730,abaefd79-046d-4562-8b08-663308d2684b,2027-02-21,31
Large Studio with Sea View - 926,d93b3e5c-3539-443c-872d-285cd935b730,abaefd79-046d-4562-8b08-663308d2684b,2027-02-22,31
Large Studio with Sea View - 926,d93b3e5c-3539-443c-872d-285cd935b730,abaefd79-046d-4562-8b08-663308d2684b,2027-02-23,31
Large Studio with Sea View - 926,d93b3e5c-3539-443c-872d-285cd935b730,abaefd79-046d-4562-8b08-663308d2684b,2027-02-24,31
Large Studio with Sea View - 926,d93b3e5c-3539-443c-872d-285cd935b730,abaefd79-046d-4562-8b08-663308d2684b,2027-02-25,31
Large Studio with Sea View - 926,d93b3e5c-3539-443c-872d-285cd935b730,abaefd79-046d-4562-8b08-663308d2684b,2027-02-26,31
Large Studio with Sea View - 926,d93b3e5c-3539-443c-872d-285cd935b730,abaefd79-046d-4562-8b08-663308d2684b,2027-02-27,31
Large Studio with Sea View - 926,d93b3e5c-3539-443c-872d-285cd935b730,abaefd79-046d-4562-8b08-663308d2684b,2027-02-28,31
Large Studio with Sea View - 926,d93b3e5c-3539-443c-872d-285cd935b730,abaefd79-046d-4562-8b08-663308d2684b,2027-03-01,31
Large Studio with Sea View - 926,d93b3e5c-3539-443c-872d-285cd935b730,abaefd79-046d-4562-8b08-663308d2684b,2027-03-02,31
Large Studio with Sea View - 926,d93b3e5c-3539-443c-872d-285cd935b730,abaefd79-046d-4562-8b08-663308d2684b,2027-03-03,31
Large Studio with Sea View - 926,d93b3e5c-3539-443c-872d-285cd935b730,abaefd79-046d-4562-8b08-663308d2684b,2027-03-04,31
Large Studio with Sea View - 926,d93b3e5c-3539-443c-872d-285cd935b730,abaefd79-046d-4562-8b08-663308d2684b,2027-03-05,31
Large Studio with Sea View - 926,d93b3e5c-3539-443c-872d-285cd935b730,abaefd79-046d-4562-8b08-663308d2684b,2027-03-06,31
Large Studio with Sea View - 926,d93b3e5c-3539-443c-872d-285cd935b730,abaefd79-046d-4562-8b08-663308d2684b,2027-03-07,31
Large Studio with Sea View - 926,d93b3e5c-3539-443c-872d-285cd935b730,abaefd79-046d-4562-8b08-663308d2684b,2027-03-08,31
Large Studio with Sea View - 926,d93b3e5c-3539-443c-872d-285cd935b730,abaefd79-046d-4562-8b08-663308d2684b,2027-03-09,31
Large Studio with Sea View - 926,d93b3e5c-3539-443c-872d-285cd935b730,abaefd79-046d-4562-8b08-663308d2684b,2027-03-10,31
Large Studio with Sea View - 926,d93b3e5c-3539-443c-872d-285cd935b730,abaefd79-046d-4562-8b08-663308d2684b,2027-03-11,31
Large Studio with Sea View - 926,d93b3e5c-3539-443c-872d-285cd935b730,abaefd79-046d-4562-8b08-663308d2684b,2027-03-12,31
Large Studio with Sea View - 926,d93b3e5c-3539-443c-872d-285cd935b730,abaefd79-046d-4562-8b08-663308d2684b,2027-03-13,31
Large Studio with Sea View - 926,d93b3e5c-3539-443c-872d-285cd935b730,abaefd79-046d-4562-8b08-663308d2684b,2027-03-14,31
Large Studio with Sea View - 926,d93b3e5c-3539-443c-872d-285cd935b730,abaefd79-046d-4562-8b08-663308d2684b,2027-03-15,31
Large Studio with Sea View - 926,d93b3e5c-3539-443c-872d-285cd935b730,abaefd79-046d-4562-8b08-663308d2684b,2027-03-16,31
Large Studio with Sea View - 926,d93b3e5c-3539-443c-872d-285cd935b730,abaefd79-046d-4562-8b08-663308d2684b,2027-03-17,31
Large Studio with Sea View - 926,d93b3e5c-3539-443c-872d-285cd935b730,abaefd79-046d-4562-8b08-663308d2684b,2027-03-18,31
Large Studio with Sea View - 926,d93b3e5c-3539-443c-872d-285cd935b730,abaefd79-046d-4562-8b08-663308d2684b,2027-03-19,31
Large Studio with Sea View - 926,d93b3e5c-3539-443c-872d-285cd935b730,abaefd79-046d-4562-8b08-663308d2684b,2027-03-20,31
Large Studio with Sea View - 926,d93b3e5c-3539-443c-872d-285cd935b730,abaefd79-046d-4562-8b08-663308d2684b,2027-03-21,31
Large Studio with Sea View - 926,d93b3e5c-3539-443c-872d-285cd935b730,abaefd79-046d-4562-8b08-663308d2684b,2027-03-22,31
Large Studio with Sea View - 926,d93b3e5c-3539-443c-872d-285cd935b730,abaefd79-046d-4562-8b08-663308d2684b,2027-03-23,31
Large Studio with Sea View - 926,d93b3e5c-3539-443c-872d-285cd935b730,abaefd79-046d-4562-8b08-663308d2684b,2027-03-24,31
Large Studio with Sea View - 926,d93b3e5c-3539-443c-872d-285cd935b730,abaefd79-046d-4562-8b08-663308d2684b,2027-03-25,31
Large Studio with Sea View - 926,d93b3e5c-3539-443c-872d-285cd935b730,abaefd79-046d-4562-8b08-663308d2684b,2027-03-26,31
Large Studio with Sea View - 926,d93b3e5c-3539-443c-872d-285cd935b730,abaefd79-046d-4562-8b08-663308d2684b,2027-03-27,31
Large Studio with Sea View - 926,d93b3e5c-3539-443c-872d-285cd935b730,abaefd79-046d-4562-8b08-663308d2684b,2027-03-28,31
Large Studio with Sea View - 926,d93b3e5c-3539-443c-872d-285cd935b730,abaefd79-046d-4562-8b08-663308d2684b,2027-03-29,31
Large Studio with Sea View - 926,d93b3e5c-3539-443c-872d-285cd935b730,abaefd79-046d-4562-8b08-663308d2684b,2027-03-30,31
Large Studio with Sea View - 926,d93b3e5c-3539-443c-872d-285cd935b730,abaefd79-046d-4562-8b08-663308d2684b,2027-03-31,31
Large Studio with Sea View - 926,d93b3e5c-3539-443c-872d-285cd935b730,abaefd79-046d-4562-8b08-663308d2684b,2027-04-01,31
Large Studio with Sea View - 926,d93b3e5c-3539-443c-872d-285cd935b730,abaefd79-046d-4562-8b08-663308d2684b,2027-04-02,31
Large Studio with Sea View - 926,d93b3e5c-3539-443c-872d-285cd935b730,abaefd79-046d-4562-8b08-663308d2684b,2027-04-03,31
Large Studio with Sea View - 926,d93b3e5c-3539-443c-872d-285cd935b730,abaefd79-046d-4562-8b08-663308d2684b,2027-04-04,31
Large Studio with Sea View - 926,d93b3e5c-3539-443c-872d-285cd935b730,abaefd79-046d-4562-8b08-663308d2684b,2027-04-05,31
Large Studio with Sea View - 926,d93b3e5c-3539-443c-872d-285cd935b730,abaefd79-046d-4562-8b08-663308d2684b,2027-04-06,31
Large Studio with Sea View - 926,d93b3e5c-3539-443c-872d-285cd935b730,abaefd79-046d-4562-8b08-663308d2684b,2027-04-07,31
Large Studio with Sea View - 926,d93b3e5c-3539-443c-872d-285cd935b730,abaefd79-046d-4562-8b08-663308d2684b,2027-04-08,31
Large Studio with Sea View - 926,d93b3e5c-3539-443c-872d-285cd935b730,abaefd79-046d-4562-8b08-663308d2684b,2027-04-09,31
Large Studio with Sea View - 926,d93b3e5c-3539-443c-872d-285cd935b730,abaefd79-046d-4562-8b08-663308d2684b,2027-04-10,31
Large Studio with Sea View - 926,d93b3e5c-3539-443c-872d-285cd935b730,abaefd79-046d-4562-8b08-663308d2684b,2027-04-11,31
Large Studio with Sea View - 926,d93b3e5c-3539-443c-872d-285cd935b730,abaefd79-046d-4562-8b08-663308d2684b,2027-04-12,31
Large Studio with Sea View - 926,d93b3e5c-3539-443c-872d-285cd935b730,abaefd79-046d-4562-8b08-663308d2684b,2027-04-13,31
Large Studio with Sea View - 926,d93b3e5c-3539-443c-872d-285cd935b730,abaefd79-046d-4562-8b08-663308d2684b,2027-04-14,31
Large Studio with Sea View - 926,d93b3e5c-3539-443c-872d-285cd935b730,abaefd79-046d-4562-8b08-663308d2684b,2027-04-15,31
Large Studio with Sea View - 926,d93b3e5c-3539-443c-872d-285cd935b730,abaefd79-046d-4562-8b08-663308d2684b,2027-04-16,31
Large Studio with Sea View - 926,d93b3e5c-3539-443c-872d-285cd935b730,abaefd79-046d-4562-8b08-663308d2684b,2027-04-17,31
Large Studio with Sea View - 926,d93b3e5c-3539-443c-872d-285cd935b730,abaefd79-046d-4562-8b08-663308d2684b,2027-04-18,31
Large Studio with Sea View - 926,d93b3e5c-3539-443c-872d-285cd935b730,abaefd79-046d-4562-8b08-663308d2684b,2027-04-19,31
Large Studio with Sea View - 926,d93b3e5c-3539-443c-872d-285cd935b730,abaefd79-046d-4562-8b08-663308d2684b,2027-04-20,31
Large Studio with Sea View - 926,d93b3e5c-3539-443c-872d-285cd935b730,abaefd79-046d-4562-8b08-663308d2684b,2027-04-21,31
Large Studio with Sea View - 926,d93b3e5c-3539-443c-872d-285cd935b730,abaefd79-046d-4562-8b08-663308d2684b,2027-04-22,31
Large Studio with Sea View - 926,d93b3e5c-3539-443c-872d-285cd935b730,abaefd79-046d-4562-8b08-663308d2684b,2027-04-23,31
Large Studio with Sea View - 926,d93b3e5c-3539-443c-872d-285cd935b730,abaefd79-046d-4562-8b08-663308d2684b,2027-04-24,31
Large Studio with Sea View - 926,d93b3e5c-3539-443c-872d-285cd935b730,abaefd79-046d-4562-8b08-663308d2684b,2027-04-25,31
Large Studio with Sea View - 926,d93b3e5c-3539-443c-872d-285cd935b730,abaefd79-046d-4562-8b08-663308d2684b,2027-04-26,31
Large Studio with Sea View - 926,d93b3e5c-3539-443c-872d-285cd935b730,abaefd79-046d-4562-8b08-663308d2684b,2027-04-27,31
Large Studio with Sea View - 926,d93b3e5c-3539-443c-872d-285cd935b730,abaefd79-046d-4562-8b08-663308d2684b,2027-04-28,31
Large Studio with Sea View - 926,d93b3e5c-3539-443c-872d-285cd935b730,abaefd79-046d-4562-8b08-663308d2684b,2027-04-29,31
Large Studio with Sea View - 926,d93b3e5c-3539-443c-872d-285cd935b730,abaefd79-046d-4562-8b08-663308d2684b,2027-04-30,31
Large Studio with Sea View - 926,d93b3e5c-3539-443c-872d-285cd935b730,abaefd79-046d-4562-8b08-663308d2684b,2027-05-01,31
Large Studio with Sea View - 926,d93b3e5c-3539-443c-872d-285cd935b730,abaefd79-046d-4562-8b08-663308d2684b,2027-05-02,31
Large Studio with Sea View - 926,d93b3e5c-3539-443c-872d-285cd935b730,abaefd79-046d-4562-8b08-663308d2684b,2027-05-03,31
Large Studio with Sea View - 926,d93b3e5c-3539-443c-872d-285cd935b730,abaefd79-046d-4562-8b08-663308d2684b,2027-05-04,31
Large Studio with Sea View - 926,d93b3e5c-3539-443c-872d-285cd935b730,abaefd79-046d-4562-8b08-663308d2684b,2027-05-05,31
Large Studio with Sea View - 926,d93b3e5c-3539-443c-872d-285cd935b730,abaefd79-046d-4562-8b08-663308d2684b,2027-05-06,31
Large Studio with Sea View - 926,d93b3e5c-3539-443c-872d-285cd935b730,abaefd79-046d-4562-8b08-663308d2684b,2027-05-07,31
Large Studio with Sea View - 926,d93b3e5c-3539-443c-872d-285cd935b730,abaefd79-046d-4562-8b08-663308d2684b,2027-05-08,31
Large Studio with Sea View - 926,d93b3e5c-3539-443c-872d-285cd935b730,abaefd79-046d-4562-8b08-663308d2684b,2027-05-09,31
Large Studio with Sea View - 926,d93b3e5c-3539-443c-872d-285cd935b730,abaefd79-046d-4562-8b08-663308d2684b,2027-05-10,31
Large Studio with Sea View - 926,d93b3e5c-3539-443c-872d-285cd935b730,abaefd79-046d-4562-8b08-663308d2684b,2027-05-11,31
Large Studio with Sea View - 926,d93b3e5c-3539-443c-872d-285cd935b730,abaefd79-046d-4562-8b08-663308d2684b,2027-05-12,31
Large Studio with Sea View - 926,d93b3e5c-3539-443c-872d-285cd935b730,abaefd79-046d-4562-8b08-663308d2684b,2027-05-13,31
Large Studio with Sea View - 926,d93b3e5c-3539-443c-872d-285cd935b730,abaefd79-046d-4562-8b08-663308d2684b,2027-05-14,31
Large Studio with Sea View - 926,d93b3e5c-3539-443c-872d-285cd935b730,abaefd79-046d-4562-8b08-663308d2684b,2027-05-15,31
Large Studio with Sea View - 926,d93b3e5c-3539-443c-872d-285cd935b730,abaefd79-046d-4562-8b08-663308d2684b,2027-05-16,31
Large Studio with Sea View - 926,d93b3e5c-3539-443c-872d-285cd935b730,abaefd79-046d-4562-8b08-663308d2684b,2027-05-17,31
Large Studio with Sea View - 926,d93b3e5c-3539-443c-872d-285cd935b730,abaefd79-046d-4562-8b08-663308d2684b,2027-05-18,31
Large Studio with Sea View - 926,d93b3e5c-3539-443c-872d-285cd935b730,abaefd79-046d-4562-8b08-663308d2684b,2027-05-19,31
Large Studio with Sea View - 926,d93b3e5c-3539-443c-872d-285cd935b730,abaefd79-046d-4562-8b08-663308d2684b,2027-05-20,31
Large Studio with Sea View - 926,d93b3e5c-3539-443c-872d-285cd935b730,abaefd79-046d-4562-8b08-663308d2684b,2027-05-21,31
Large Studio with Sea View - 926,d93b3e5c-3539-443c-872d-285cd935b730,abaefd79-046d-4562-8b08-663308d2684b,2027-05-22,31
Large Studio with Sea View - 926,d93b3e5c-3539-443c-872d-285cd935b730,abaefd79-046d-4562-8b08-663308d2684b,2027-05-23,31
Large Studio with Sea View - 926,d93b3e5c-3539-443c-872d-285cd935b730,abaefd79-046d-4562-8b08-663308d2684b,2027-05-24,31
Large Studio with Sea View - 926,d93b3e5c-3539-443c-872d-285cd935b730,abaefd79-046d-4562-8b08-663308d2684b,2027-05-25,31
Large Studio with Sea View - 926,d93b3e5c-3539-443c-872d-285cd935b730,abaefd79-046d-4562-8b08-663308d2684b,2027-05-26,31
Large Studio with Sea View - 926,d93b3e5c-3539-443c-872d-285cd935b730,abaefd79-046d-4562-8b08-663308d2684b,2027-05-27,31
Large Studio with Sea View - 926,d93b3e5c-3539-443c-872d-285cd935b730,abaefd79-046d-4562-8b08-663308d2684b,2027-05-28,31
Large Studio with Sea View - 926,d93b3e5c-3539-443c-872d-285cd935b730,abaefd79-046d-4562-8b08-663308d2684b,2027-05-29,31
Large Studio with Sea View - 926,d93b3e5c-3539-443c-872d-285cd935b730,abaefd79-046d-4562-8b08-663308d2684b,2027-05-30,31
Large Studio with Sea View - 926,d93b3e5c-3539-443c-872d-285cd935b730,abaefd79-046d-4562-8b08-663308d2684b,2027-05-31,31
Large Studio with Sea View - 926,d93b3e5c-3539-443c-872d-285cd935b730,abaefd79-046d-4562-8b08-663308d2684b,2027-06-01,31
Large Studio with Sea View - 926,d93b3e5c-3539-443c-872d-285cd935b730,abaefd79-046d-4562-8b08-663308d2684b,2027-06-02,31
Large Studio with Sea View - 926,d93b3e5c-3539-443c-872d-285cd935b730,abaefd79-046d-4562-8b08-663308d2684b,2027-06-03,31
Large Studio with Sea View - 926,d93b3e5c-3539-443c-872d-285cd935b730,abaefd79-046d-4562-8b08-663308d2684b,2027-06-04,31
Large Studio with Sea View - 926,d93b3e5c-3539-443c-872d-285cd935b730,abaefd79-046d-4562-8b08-663308d2684b,2027-06-05,31
Large Studio with Sea View - 926,d93b3e5c-3539-443c-872d-285cd935b730,abaefd79-046d-4562-8b08-663308d2684b,2027-06-06,31
Large Studio with Sea View - 926,d93b3e5c-3539-443c-872d-285cd935b730,abaefd79-046d-4562-8b08-663308d2684b,2027-06-07,31
Large Studio with Sea View - 926,d93b3e5c-3539-443c-872d-285cd935b730,abaefd79-046d-4562-8b08-663308d2684b,2027-06-08,31
Large Studio with Sea View - 926,d93b3e5c-3539-443c-872d-285cd935b730,abaefd79-046d-4562-8b08-663308d2684b,2027-06-09,31
Large Studio with Sea View - 926,d93b3e5c-3539-443c-872d-285cd935b730,abaefd79-046d-4562-8b08-663308d2684b,2027-06-10,31
Large Studio with Sea View - 926,d93b3e5c-3539-443c-872d-285cd935b730,abaefd79-046d-4562-8b08-663308d2684b,2027-06-11,31
Large Studio with Sea View - 926,d93b3e5c-3539-443c-872d-285cd935b730,abaefd79-046d-4562-8b08-663308d2684b,2027-06-12,31
Large Studio with Sea View - 926,d93b3e5c-3539-443c-872d-285cd935b730,abaefd79-046d-4562-8b08-663308d2684b,2027-06-13,31
Large Studio with Sea View - 926,d93b3e5c-3539-443c-872d-285cd935b730,abaefd79-046d-4562-8b08-663308d2684b,2027-06-14,31
Large Studio with Sea View - 926,d93b3e5c-3539-443c-872d-285cd935b730,abaefd79-046d-4562-8b08-663308d2684b,2027-06-15,31
Large Studio with Sea View - 926,d93b3e5c-3539-443c-872d-285cd935b730,abaefd79-046d-4562-8b08-663308d2684b,2027-06-16,31
Large Studio with Sea View - 926,d93b3e5c-3539-443c-872d-285cd935b730,abaefd79-046d-4562-8b08-663308d2684b,2027-06-17,31
Large Studio with Sea View - 926,d93b3e5c-3539-443c-872d-285cd935b730,abaefd79-046d-4562-8b08-663308d2684b,2027-06-18,31
Large Studio with Sea View - 926,d93b3e5c-3539-443c-872d-285cd935b730,abaefd79-046d-4562-8b08-663308d2684b,2027-06-19,31
Large Studio with Sea View - 926,d93b3e5c-3539-443c-872d-285cd935b730,abaefd79-046d-4562-8b08-663308d2684b,2027-06-20,31
Large Studio with Sea View - 926,d93b3e5c-3539-443c-872d-285cd935b730,abaefd79-046d-4562-8b08-663308d2684b,2027-06-21,31
Large Studio with Sea View - 926,d93b3e5c-3539-443c-872d-285cd935b730,abaefd79-046d-4562-8b08-663308d2684b,2027-06-22,31
Large Studio with Sea View - 926,d93b3e5c-3539-443c-872d-285cd935b730,abaefd79-046d-4562-8b08-663308d2684b,2027-06-23,31
Large Studio with Sea View - 926,d93b3e5c-3539-443c-872d-285cd935b730,abaefd79-046d-4562-8b08-663308d2684b,2027-06-24,31
Large Studio with Sea View - 926,d93b3e5c-3539-443c-872d-285cd935b730,abaefd79-046d-4562-8b08-663308d2684b,2027-06-25,31
Large Studio with Sea View - 926,d93b3e5c-3539-443c-872d-285cd935b730,abaefd79-046d-4562-8b08-663308d2684b,2027-06-26,31
Large Studio with Sea View - 926,d93b3e5c-3539-443c-872d-285cd935b730,abaefd79-046d-4562-8b08-663308d2684b,2027-06-27,31
Large Studio with Sea View - 926,d93b3e5c-3539-443c-872d-285cd935b730,abaefd79-046d-4562-8b08-663308d2684b,2027-06-28,31
Large Studio with Sea View - 926,d93b3e5c-3539-443c-872d-285cd935b730,abaefd79-046d-4562-8b08-663308d2684b,2027-06-29,31
Large Studio with Sea View - 926,d93b3e5c-3539-443c-872d-285cd935b730,abaefd79-046d-4562-8b08-663308d2684b,2027-06-30,31
Large Studio with Sea View - 926,d93b3e5c-3539-443c-872d-285cd935b730,abaefd79-046d-4562-8b08-663308d2684b,2027-07-01,31
Large Studio with Sea View - 926,d93b3e5c-3539-443c-872d-285cd935b730,abaefd79-046d-4562-8b08-663308d2684b,2027-07-02,31
Large Studio with Sea View - 926,d93b3e5c-3539-443c-872d-285cd935b730,abaefd79-046d-4562-8b08-663308d2684b,2027-07-03,31
Large Studio with Sea View - 926,d93b3e5c-3539-443c-872d-285cd935b730,abaefd79-046d-4562-8b08-663308d2684b,2027-07-04,31
Large Studio with Sea View - 926,d93b3e5c-3539-443c-872d-285cd935b730,abaefd79-046d-4562-8b08-663308d2684b,2027-07-05,31
Large Studio with Sea View - 926,d93b3e5c-3539-443c-872d-285cd935b730,abaefd79-046d-4562-8b08-663308d2684b,2027-07-06,31
Large Studio with Sea View - 926,d93b3e5c-3539-443c-872d-285cd935b730,abaefd79-046d-4562-8b08-663308d2684b,2027-07-07,31
Large Studio with Sea View - 926,d93b3e5c-3539-443c-872d-285cd935b730,abaefd79-046d-4562-8b08-663308d2684b,2027-07-08,31
Large Studio with Sea View - 926,d93b3e5c-3539-443c-872d-285cd935b730,abaefd79-046d-4562-8b08-663308d2684b,2027-07-09,31
Large Studio with Sea View - 926,d93b3e5c-3539-443c-872d-285cd935b730,abaefd79-046d-4562-8b08-663308d2684b,2027-07-10,31
Large Studio with Sea View - 926,d93b3e5c-3539-443c-872d-285cd935b730,abaefd79-046d-4562-8b08-663308d2684b,2027-07-11,31
Large Studio with Sea View - 926,d93b3e5c-3539-443c-872d-285cd935b730,abaefd79-046d-4562-8b08-663308d2684b,2027-07-12,31
Large Studio with Sea View - 926,d93b3e5c-3539-443c-872d-285cd935b730,abaefd79-046d-4562-8b08-663308d2684b,2027-07-13,31
Large Studio with Sea View - 926,d93b3e5c-3539-443c-872d-285cd935b730,abaefd79-046d-4562-8b08-663308d2684b,2027-07-14,31
Large Studio with Sea View - 926,d93b3e5c-3539-443c-872d-285cd935b730,abaefd79-046d-4562-8b08-663308d2684b,2027-07-15,31
Large Studio with Sea View - 926,d93b3e5c-3539-443c-872d-285cd935b730,abaefd79-046d-4562-8b08-663308d2684b,2027-07-16,31
Large Studio with Sea View - 926,d93b3e5c-3539-443c-872d-285cd935b730,abaefd79-046d-4562-8b08-663308d2684b,2027-07-17,31
Large Studio with Sea View - 926,d93b3e5c-3539-443c-872d-285cd935b730,abaefd79-046d-4562-8b08-663308d2684b,2027-07-18,31
Large Studio with Sea View - 926,d93b3e5c-3539-443c-872d-285cd935b730,abaefd79-046d-4562-8b08-663308d2684b,2027-07-19,31
Large Studio with Sea View - 926,d93b3e5c-3539-443c-872d-285cd935b730,abaefd79-046d-4562-8b08-663308d2684b,2027-07-20,31
Large Studio with Sea View - 926,d93b3e5c-3539-443c-872d-285cd935b730,abaefd79-046d-4562-8b08-663308d2684b,2027-07-21,31
Large Studio with Sea View - 926,d93b3e5c-3539-443c-872d-285cd935b730,abaefd79-046d-4562-8b08-663308d2684b,2027-07-22,31
Large Studio with Sea View - 926,d93b3e5c-3539-443c-872d-285cd935b730,abaefd79-046d-4562-8b08-663308d2684b,2027-07-23,31
Large Studio with Sea View - 926,d93b3e5c-3539-443c-872d-285cd935b730,abaefd79-046d-4562-8b08-663308d2684b,2027-07-24,31
Large Studio with Sea View - 926,d93b3e5c-3539-443c-872d-285cd935b730,abaefd79-046d-4562-8b08-663308d2684b,2027-07-25,31
Large Studio with Sea View - 926,d93b3e5c-3539-443c-872d-285cd935b730,abaefd79-046d-4562-8b08-663308d2684b,2027-07-26,31
Large Studio with Sea View - 926,d93b3e5c-3539-443c-872d-285cd935b730,abaefd79-046d-4562-8b08-663308d2684b,2027-07-27,31
Large Studio with Sea View - 926,d93b3e5c-3539-443c-872d-285cd935b730,abaefd79-046d-4562-8b08-663308d2684b,2027-07-28,31
Large Studio with Sea View - 926,d93b3e5c-3539-443c-872d-285cd935b730,abaefd79-046d-4562-8b08-663308d2684b,2027-07-29,31
Large Studio with Sea View - 926,d93b3e5c-3539-443c-872d-285cd935b730,abaefd79-046d-4562-8b08-663308d2684b,2027-07-30,31
Large Studio with Sea View - 926,d93b3e5c-3539-443c-872d-285cd935b730,abaefd79-046d-4562-8b08-663308d2684b,2027-07-31,31
Large Studio with Sea View - 926,d93b3e5c-3539-443c-872d-285cd935b730,abaefd79-046d-4562-8b08-663308d2684b,2027-08-01,31
Large Studio with Sea View - 926,d93b3e5c-3539-443c-872d-285cd935b730,abaefd79-046d-4562-8b08-663308d2684b,2027-08-02,31
Large Studio with Sea View - 926,d93b3e5c-3539-443c-872d-285cd935b730,abaefd79-046d-4562-8b08-663308d2684b,2027-08-03,31
Premium One Bedroom Suite with Sea View - 1424,ced36334-20e0-4136-80de-494e95854084,af067bab-0951-4fca-9b45-4b7f182a2bcb,2026-07-25,31
Premium One Bedroom Suite with Sea View - 1424,ced36334-20e0-4136-80de-494e95854084,af067bab-0951-4fca-9b45-4b7f182a2bcb,2026-07-26,31
Premium One Bedroom Suite with Sea View - 1424,ced36334-20e0-4136-80de-494e95854084,af067bab-0951-4fca-9b45-4b7f182a2bcb,2026-07-27,31
Premium One Bedroom Suite with Sea View - 1424,ced36334-20e0-4136-80de-494e95854084,af067bab-0951-4fca-9b45-4b7f182a2bcb,2026-07-28,31
Premium One Bedroom Suite with Sea View - 1424,ced36334-20e0-4136-80de-494e95854084,af067bab-0951-4fca-9b45-4b7f182a2bcb,2026-07-29,31
Premium One Bedroom Suite with Sea View - 1424,ced36334-20e0-4136-80de-494e95854084,af067bab-0951-4fca-9b45-4b7f182a2bcb,2026-07-30,31
Premium One Bedroom Suite with Sea View - 1424,ced36334-20e0-4136-80de-494e95854084,af067bab-0951-4fca-9b45-4b7f182a2bcb,2026-07-31,31
Premium One Bedroom Suite with Sea View - 1424,ced36334-20e0-4136-80de-494e95854084,af067bab-0951-4fca-9b45-4b7f182a2bcb,2026-08-01,31
Premium One Bedroom Suite with Sea View - 1424,ced36334-20e0-4136-80de-494e95854084,af067bab-0951-4fca-9b45-4b7f182a2bcb,2026-08-02,31
Premium One Bedroom Suite with Sea View - 1424,ced36334-20e0-4136-80de-494e95854084,af067bab-0951-4fca-9b45-4b7f182a2bcb,2026-08-03,31
Premium One Bedroom Suite with Sea View - 1424,ced36334-20e0-4136-80de-494e95854084,af067bab-0951-4fca-9b45-4b7f182a2bcb,2026-08-04,31
Premium One Bedroom Suite with Sea View - 1424,ced36334-20e0-4136-80de-494e95854084,af067bab-0951-4fca-9b45-4b7f182a2bcb,2026-08-05,31
Premium One Bedroom Suite with Sea View - 1424,ced36334-20e0-4136-80de-494e95854084,af067bab-0951-4fca-9b45-4b7f182a2bcb,2026-08-06,31
Premium One Bedroom Suite with Sea View - 1424,ced36334-20e0-4136-80de-494e95854084,af067bab-0951-4fca-9b45-4b7f182a2bcb,2026-08-07,31
Premium One Bedroom Suite with Sea View - 1424,ced36334-20e0-4136-80de-494e95854084,af067bab-0951-4fca-9b45-4b7f182a2bcb,2026-08-08,31
Premium One Bedroom Suite with Sea View - 1424,ced36334-20e0-4136-80de-494e95854084,af067bab-0951-4fca-9b45-4b7f182a2bcb,2026-08-09,31
Premium One Bedroom Suite with Sea View - 1424,ced36334-20e0-4136-80de-494e95854084,af067bab-0951-4fca-9b45-4b7f182a2bcb,2026-08-10,31
Premium One Bedroom Suite with Sea View - 1424,ced36334-20e0-4136-80de-494e95854084,af067bab-0951-4fca-9b45-4b7f182a2bcb,2026-08-11,31
Premium One Bedroom Suite with Sea View - 1424,ced36334-20e0-4136-80de-494e95854084,af067bab-0951-4fca-9b45-4b7f182a2bcb,2026-08-12,31
Premium One Bedroom Suite with Sea View - 1424,ced36334-20e0-4136-80de-494e95854084,af067bab-0951-4fca-9b45-4b7f182a2bcb,2026-08-13,31
Premium One Bedroom Suite with Sea View - 1424,ced36334-20e0-4136-80de-494e95854084,af067bab-0951-4fca-9b45-4b7f182a2bcb,2026-08-14,31
Premium One Bedroom Suite with Sea View - 1424,ced36334-20e0-4136-80de-494e95854084,af067bab-0951-4fca-9b45-4b7f182a2bcb,2026-08-15,31
Premium One Bedroom Suite with Sea View - 1424,ced36334-20e0-4136-80de-494e95854084,af067bab-0951-4fca-9b45-4b7f182a2bcb,2026-08-16,31
Premium One Bedroom Suite with Sea View - 1424,ced36334-20e0-4136-80de-494e95854084,af067bab-0951-4fca-9b45-4b7f182a2bcb,2026-08-17,31
Studio 1131,5476e266-ba3c-4d65-9f62-440e783ab64b,beb90029-0a9f-4a5c-9b59-42aad489c34d,2026-07-25,31
Studio 1131,5476e266-ba3c-4d65-9f62-440e783ab64b,beb90029-0a9f-4a5c-9b59-42aad489c34d,2026-07-26,31
Studio 1131,5476e266-ba3c-4d65-9f62-440e783ab64b,beb90029-0a9f-4a5c-9b59-42aad489c34d,2026-07-27,31
Studio 1131,5476e266-ba3c-4d65-9f62-440e783ab64b,beb90029-0a9f-4a5c-9b59-42aad489c34d,2026-07-28,31
Studio 1131,5476e266-ba3c-4d65-9f62-440e783ab64b,beb90029-0a9f-4a5c-9b59-42aad489c34d,2026-07-29,31
Studio 1131,5476e266-ba3c-4d65-9f62-440e783ab64b,beb90029-0a9f-4a5c-9b59-42aad489c34d,2026-07-30,31
Studio 1131,5476e266-ba3c-4d65-9f62-440e783ab64b,beb90029-0a9f-4a5c-9b59-42aad489c34d,2026-07-31,31
Studio 1131,5476e266-ba3c-4d65-9f62-440e783ab64b,beb90029-0a9f-4a5c-9b59-42aad489c34d,2026-08-01,31
Studio 1131,5476e266-ba3c-4d65-9f62-440e783ab64b,beb90029-0a9f-4a5c-9b59-42aad489c34d,2026-08-02,31
Studio 1131,5476e266-ba3c-4d65-9f62-440e783ab64b,beb90029-0a9f-4a5c-9b59-42aad489c34d,2026-08-03,31
Studio 1131,5476e266-ba3c-4d65-9f62-440e783ab64b,beb90029-0a9f-4a5c-9b59-42aad489c34d,2026-08-04,31
Studio 1131,5476e266-ba3c-4d65-9f62-440e783ab64b,beb90029-0a9f-4a5c-9b59-42aad489c34d,2026-08-05,31
Studio 1131,5476e266-ba3c-4d65-9f62-440e783ab64b,beb90029-0a9f-4a5c-9b59-42aad489c34d,2026-08-06,31
Studio 1131,5476e266-ba3c-4d65-9f62-440e783ab64b,beb90029-0a9f-4a5c-9b59-42aad489c34d,2026-08-07,31
Studio 1131,5476e266-ba3c-4d65-9f62-440e783ab64b,beb90029-0a9f-4a5c-9b59-42aad489c34d,2026-08-08,31
Studio 1131,5476e266-ba3c-4d65-9f62-440e783ab64b,beb90029-0a9f-4a5c-9b59-42aad489c34d,2026-08-09,31
Studio 1131,5476e266-ba3c-4d65-9f62-440e783ab64b,beb90029-0a9f-4a5c-9b59-42aad489c34d,2026-08-10,31
Studio 1131,5476e266-ba3c-4d65-9f62-440e783ab64b,beb90029-0a9f-4a5c-9b59-42aad489c34d,2026-08-11,31
Studio 1131,5476e266-ba3c-4d65-9f62-440e783ab64b,beb90029-0a9f-4a5c-9b59-42aad489c34d,2026-08-12,31
Studio 1131,5476e266-ba3c-4d65-9f62-440e783ab64b,beb90029-0a9f-4a5c-9b59-42aad489c34d,2026-08-13,31
Studio 1131,5476e266-ba3c-4d65-9f62-440e783ab64b,beb90029-0a9f-4a5c-9b59-42aad489c34d,2026-08-14,31
Studio 1131,5476e266-ba3c-4d65-9f62-440e783ab64b,beb90029-0a9f-4a5c-9b59-42aad489c34d,2026-08-15,31
Studio 1131,5476e266-ba3c-4d65-9f62-440e783ab64b,beb90029-0a9f-4a5c-9b59-42aad489c34d,2026-08-16,31
Studio 1131,5476e266-ba3c-4d65-9f62-440e783ab64b,beb90029-0a9f-4a5c-9b59-42aad489c34d,2026-08-17,31
Studio 1131,5476e266-ba3c-4d65-9f62-440e783ab64b,beb90029-0a9f-4a5c-9b59-42aad489c34d,2026-08-18,31
Studio 1131,5476e266-ba3c-4d65-9f62-440e783ab64b,beb90029-0a9f-4a5c-9b59-42aad489c34d,2026-08-19,31
Studio 1131,5476e266-ba3c-4d65-9f62-440e783ab64b,beb90029-0a9f-4a5c-9b59-42aad489c34d,2026-08-20,31
Studio 1131,5476e266-ba3c-4d65-9f62-440e783ab64b,beb90029-0a9f-4a5c-9b59-42aad489c34d,2026-08-21,31
Studio 1131,5476e266-ba3c-4d65-9f62-440e783ab64b,beb90029-0a9f-4a5c-9b59-42aad489c34d,2026-08-22,31
Studio 1131,5476e266-ba3c-4d65-9f62-440e783ab64b,beb90029-0a9f-4a5c-9b59-42aad489c34d,2026-08-23,31
Studio 1131,5476e266-ba3c-4d65-9f62-440e783ab64b,beb90029-0a9f-4a5c-9b59-42aad489c34d,2026-08-24,31
Studio 1131,5476e266-ba3c-4d65-9f62-440e783ab64b,beb90029-0a9f-4a5c-9b59-42aad489c34d,2026-08-25,31
Studio 1131,5476e266-ba3c-4d65-9f62-440e783ab64b,beb90029-0a9f-4a5c-9b59-42aad489c34d,2026-08-26,31
Studio 1131,5476e266-ba3c-4d65-9f62-440e783ab64b,beb90029-0a9f-4a5c-9b59-42aad489c34d,2026-08-27,31
Studio 1131,5476e266-ba3c-4d65-9f62-440e783ab64b,beb90029-0a9f-4a5c-9b59-42aad489c34d,2026-08-28,31
Studio 1131,5476e266-ba3c-4d65-9f62-440e783ab64b,beb90029-0a9f-4a5c-9b59-42aad489c34d,2026-08-29,31
Studio 1131,5476e266-ba3c-4d65-9f62-440e783ab64b,beb90029-0a9f-4a5c-9b59-42aad489c34d,2026-08-30,31
Studio 1131,5476e266-ba3c-4d65-9f62-440e783ab64b,beb90029-0a9f-4a5c-9b59-42aad489c34d,2026-08-31,31
Studio 1131,5476e266-ba3c-4d65-9f62-440e783ab64b,beb90029-0a9f-4a5c-9b59-42aad489c34d,2026-09-01,31
Studio 1131,5476e266-ba3c-4d65-9f62-440e783ab64b,beb90029-0a9f-4a5c-9b59-42aad489c34d,2026-09-02,31
Studio 1131,5476e266-ba3c-4d65-9f62-440e783ab64b,beb90029-0a9f-4a5c-9b59-42aad489c34d,2026-09-03,31
Studio 1131,5476e266-ba3c-4d65-9f62-440e783ab64b,beb90029-0a9f-4a5c-9b59-42aad489c34d,2026-09-04,31
Studio 1131,5476e266-ba3c-4d65-9f62-440e783ab64b,beb90029-0a9f-4a5c-9b59-42aad489c34d,2026-09-05,31
Studio 1131,5476e266-ba3c-4d65-9f62-440e783ab64b,beb90029-0a9f-4a5c-9b59-42aad489c34d,2026-09-06,31
Studio 1131,5476e266-ba3c-4d65-9f62-440e783ab64b,beb90029-0a9f-4a5c-9b59-42aad489c34d,2026-09-07,31
Studio 1131,5476e266-ba3c-4d65-9f62-440e783ab64b,beb90029-0a9f-4a5c-9b59-42aad489c34d,2026-09-08,31
Studio 1131,5476e266-ba3c-4d65-9f62-440e783ab64b,beb90029-0a9f-4a5c-9b59-42aad489c34d,2026-09-09,31
Studio 1131,5476e266-ba3c-4d65-9f62-440e783ab64b,beb90029-0a9f-4a5c-9b59-42aad489c34d,2026-09-10,31
Studio 1131,5476e266-ba3c-4d65-9f62-440e783ab64b,beb90029-0a9f-4a5c-9b59-42aad489c34d,2026-09-11,31
Studio 1131,5476e266-ba3c-4d65-9f62-440e783ab64b,beb90029-0a9f-4a5c-9b59-42aad489c34d,2026-09-12,31
Studio 1131,5476e266-ba3c-4d65-9f62-440e783ab64b,beb90029-0a9f-4a5c-9b59-42aad489c34d,2026-09-13,31
Studio 1131,5476e266-ba3c-4d65-9f62-440e783ab64b,beb90029-0a9f-4a5c-9b59-42aad489c34d,2026-09-14,31
Studio 1131,5476e266-ba3c-4d65-9f62-440e783ab64b,beb90029-0a9f-4a5c-9b59-42aad489c34d,2026-09-15,31
Studio 1131,5476e266-ba3c-4d65-9f62-440e783ab64b,beb90029-0a9f-4a5c-9b59-42aad489c34d,2026-09-16,31
Studio 1131,5476e266-ba3c-4d65-9f62-440e783ab64b,beb90029-0a9f-4a5c-9b59-42aad489c34d,2026-09-17,31
Studio 1131,5476e266-ba3c-4d65-9f62-440e783ab64b,beb90029-0a9f-4a5c-9b59-42aad489c34d,2026-09-18,31
Studio 1131,5476e266-ba3c-4d65-9f62-440e783ab64b,beb90029-0a9f-4a5c-9b59-42aad489c34d,2026-09-19,31
Studio 1131,5476e266-ba3c-4d65-9f62-440e783ab64b,beb90029-0a9f-4a5c-9b59-42aad489c34d,2026-09-20,31
Studio 1131,5476e266-ba3c-4d65-9f62-440e783ab64b,beb90029-0a9f-4a5c-9b59-42aad489c34d,2026-09-21,31
Studio 1131,5476e266-ba3c-4d65-9f62-440e783ab64b,beb90029-0a9f-4a5c-9b59-42aad489c34d,2026-09-22,31
Studio 1131,5476e266-ba3c-4d65-9f62-440e783ab64b,beb90029-0a9f-4a5c-9b59-42aad489c34d,2026-09-23,31
Studio 1131,5476e266-ba3c-4d65-9f62-440e783ab64b,beb90029-0a9f-4a5c-9b59-42aad489c34d,2026-09-24,31
Studio 1131,5476e266-ba3c-4d65-9f62-440e783ab64b,beb90029-0a9f-4a5c-9b59-42aad489c34d,2026-09-25,31
Studio 1131,5476e266-ba3c-4d65-9f62-440e783ab64b,beb90029-0a9f-4a5c-9b59-42aad489c34d,2026-09-26,31
Studio 1131,5476e266-ba3c-4d65-9f62-440e783ab64b,beb90029-0a9f-4a5c-9b59-42aad489c34d,2026-09-27,31
Studio 1131,5476e266-ba3c-4d65-9f62-440e783ab64b,beb90029-0a9f-4a5c-9b59-42aad489c34d,2026-09-28,31
Studio 1131,5476e266-ba3c-4d65-9f62-440e783ab64b,beb90029-0a9f-4a5c-9b59-42aad489c34d,2026-09-29,31
Studio 1131,5476e266-ba3c-4d65-9f62-440e783ab64b,beb90029-0a9f-4a5c-9b59-42aad489c34d,2026-09-30,31
Studio 1131,5476e266-ba3c-4d65-9f62-440e783ab64b,beb90029-0a9f-4a5c-9b59-42aad489c34d,2026-10-01,31
Studio 1131,5476e266-ba3c-4d65-9f62-440e783ab64b,beb90029-0a9f-4a5c-9b59-42aad489c34d,2026-10-02,31
Studio 1131,5476e266-ba3c-4d65-9f62-440e783ab64b,beb90029-0a9f-4a5c-9b59-42aad489c34d,2026-10-03,31
Studio 1131,5476e266-ba3c-4d65-9f62-440e783ab64b,beb90029-0a9f-4a5c-9b59-42aad489c34d,2026-10-04,31
Studio 1131,5476e266-ba3c-4d65-9f62-440e783ab64b,beb90029-0a9f-4a5c-9b59-42aad489c34d,2026-10-05,31
Studio 1131,5476e266-ba3c-4d65-9f62-440e783ab64b,beb90029-0a9f-4a5c-9b59-42aad489c34d,2026-10-06,31
Studio 1131,5476e266-ba3c-4d65-9f62-440e783ab64b,beb90029-0a9f-4a5c-9b59-42aad489c34d,2026-10-07,31
Studio 1131,5476e266-ba3c-4d65-9f62-440e783ab64b,beb90029-0a9f-4a5c-9b59-42aad489c34d,2026-10-08,31
Studio 1131,5476e266-ba3c-4d65-9f62-440e783ab64b,beb90029-0a9f-4a5c-9b59-42aad489c34d,2026-10-09,31
Studio 1131,5476e266-ba3c-4d65-9f62-440e783ab64b,beb90029-0a9f-4a5c-9b59-42aad489c34d,2026-10-10,31
Studio 1131,5476e266-ba3c-4d65-9f62-440e783ab64b,beb90029-0a9f-4a5c-9b59-42aad489c34d,2026-10-11,31
Studio 1131,5476e266-ba3c-4d65-9f62-440e783ab64b,beb90029-0a9f-4a5c-9b59-42aad489c34d,2026-10-12,31
Studio 1131,5476e266-ba3c-4d65-9f62-440e783ab64b,beb90029-0a9f-4a5c-9b59-42aad489c34d,2026-10-13,31
Studio 1131,5476e266-ba3c-4d65-9f62-440e783ab64b,beb90029-0a9f-4a5c-9b59-42aad489c34d,2026-10-14,31
Studio 1131,5476e266-ba3c-4d65-9f62-440e783ab64b,beb90029-0a9f-4a5c-9b59-42aad489c34d,2026-10-15,31
Studio 1131,5476e266-ba3c-4d65-9f62-440e783ab64b,beb90029-0a9f-4a5c-9b59-42aad489c34d,2026-10-16,31
Studio 1131,5476e266-ba3c-4d65-9f62-440e783ab64b,beb90029-0a9f-4a5c-9b59-42aad489c34d,2026-10-17,31
Studio 1131,5476e266-ba3c-4d65-9f62-440e783ab64b,beb90029-0a9f-4a5c-9b59-42aad489c34d,2026-10-18,31
Studio 1131,5476e266-ba3c-4d65-9f62-440e783ab64b,beb90029-0a9f-4a5c-9b59-42aad489c34d,2026-10-19,31
Studio 1131,5476e266-ba3c-4d65-9f62-440e783ab64b,beb90029-0a9f-4a5c-9b59-42aad489c34d,2026-10-20,31
Studio 1131,5476e266-ba3c-4d65-9f62-440e783ab64b,beb90029-0a9f-4a5c-9b59-42aad489c34d,2026-10-21,31
Studio 1131,5476e266-ba3c-4d65-9f62-440e783ab64b,beb90029-0a9f-4a5c-9b59-42aad489c34d,2026-10-22,31
Studio 1131,5476e266-ba3c-4d65-9f62-440e783ab64b,beb90029-0a9f-4a5c-9b59-42aad489c34d,2026-10-23,31
Studio 1131,5476e266-ba3c-4d65-9f62-440e783ab64b,beb90029-0a9f-4a5c-9b59-42aad489c34d,2026-10-24,31
Studio 1131,5476e266-ba3c-4d65-9f62-440e783ab64b,beb90029-0a9f-4a5c-9b59-42aad489c34d,2026-10-25,31
Studio 1131,5476e266-ba3c-4d65-9f62-440e783ab64b,beb90029-0a9f-4a5c-9b59-42aad489c34d,2026-10-26,31
Studio 1131,5476e266-ba3c-4d65-9f62-440e783ab64b,beb90029-0a9f-4a5c-9b59-42aad489c34d,2026-10-27,31
Studio 1131,5476e266-ba3c-4d65-9f62-440e783ab64b,beb90029-0a9f-4a5c-9b59-42aad489c34d,2026-10-28,31
Studio 1131,5476e266-ba3c-4d65-9f62-440e783ab64b,beb90029-0a9f-4a5c-9b59-42aad489c34d,2026-10-29,31
Studio 1131,5476e266-ba3c-4d65-9f62-440e783ab64b,beb90029-0a9f-4a5c-9b59-42aad489c34d,2026-10-30,31
Studio 1131,5476e266-ba3c-4d65-9f62-440e783ab64b,beb90029-0a9f-4a5c-9b59-42aad489c34d,2026-10-31,31
Studio 1131,5476e266-ba3c-4d65-9f62-440e783ab64b,beb90029-0a9f-4a5c-9b59-42aad489c34d,2026-11-01,31
Studio 1131,5476e266-ba3c-4d65-9f62-440e783ab64b,beb90029-0a9f-4a5c-9b59-42aad489c34d,2026-11-02,31
Studio 1131,5476e266-ba3c-4d65-9f62-440e783ab64b,beb90029-0a9f-4a5c-9b59-42aad489c34d,2026-11-03,31
Studio 1131,5476e266-ba3c-4d65-9f62-440e783ab64b,beb90029-0a9f-4a5c-9b59-42aad489c34d,2026-11-04,31
Studio 1131,5476e266-ba3c-4d65-9f62-440e783ab64b,beb90029-0a9f-4a5c-9b59-42aad489c34d,2026-11-05,31
Studio 1131,5476e266-ba3c-4d65-9f62-440e783ab64b,beb90029-0a9f-4a5c-9b59-42aad489c34d,2026-11-06,31
Studio 1131,5476e266-ba3c-4d65-9f62-440e783ab64b,beb90029-0a9f-4a5c-9b59-42aad489c34d,2026-11-07,31
Studio 1131,5476e266-ba3c-4d65-9f62-440e783ab64b,beb90029-0a9f-4a5c-9b59-42aad489c34d,2026-11-08,31
Studio 1131,5476e266-ba3c-4d65-9f62-440e783ab64b,beb90029-0a9f-4a5c-9b59-42aad489c34d,2026-11-09,31
Studio 1131,5476e266-ba3c-4d65-9f62-440e783ab64b,beb90029-0a9f-4a5c-9b59-42aad489c34d,2026-11-10,31
Studio 1131,5476e266-ba3c-4d65-9f62-440e783ab64b,beb90029-0a9f-4a5c-9b59-42aad489c34d,2026-11-11,31
Studio 1131,5476e266-ba3c-4d65-9f62-440e783ab64b,beb90029-0a9f-4a5c-9b59-42aad489c34d,2026-11-12,31
Studio 1131,5476e266-ba3c-4d65-9f62-440e783ab64b,beb90029-0a9f-4a5c-9b59-42aad489c34d,2026-11-13,31
Studio 1131,5476e266-ba3c-4d65-9f62-440e783ab64b,beb90029-0a9f-4a5c-9b59-42aad489c34d,2026-11-14,31
Studio 1131,5476e266-ba3c-4d65-9f62-440e783ab64b,beb90029-0a9f-4a5c-9b59-42aad489c34d,2026-11-15,31
Studio 1131,5476e266-ba3c-4d65-9f62-440e783ab64b,beb90029-0a9f-4a5c-9b59-42aad489c34d,2026-11-16,31
Studio 1131,5476e266-ba3c-4d65-9f62-440e783ab64b,beb90029-0a9f-4a5c-9b59-42aad489c34d,2026-11-17,31
Studio 1131,5476e266-ba3c-4d65-9f62-440e783ab64b,beb90029-0a9f-4a5c-9b59-42aad489c34d,2026-11-18,31
Studio 1131,5476e266-ba3c-4d65-9f62-440e783ab64b,beb90029-0a9f-4a5c-9b59-42aad489c34d,2026-11-19,31
Studio 1131,5476e266-ba3c-4d65-9f62-440e783ab64b,beb90029-0a9f-4a5c-9b59-42aad489c34d,2026-11-20,31
Studio 1131,5476e266-ba3c-4d65-9f62-440e783ab64b,beb90029-0a9f-4a5c-9b59-42aad489c34d,2026-11-21,31
Studio 1131,5476e266-ba3c-4d65-9f62-440e783ab64b,beb90029-0a9f-4a5c-9b59-42aad489c34d,2026-11-22,31
Studio 1131,5476e266-ba3c-4d65-9f62-440e783ab64b,beb90029-0a9f-4a5c-9b59-42aad489c34d,2026-11-23,31
Studio 1131,5476e266-ba3c-4d65-9f62-440e783ab64b,beb90029-0a9f-4a5c-9b59-42aad489c34d,2026-11-24,31
Studio 1131,5476e266-ba3c-4d65-9f62-440e783ab64b,beb90029-0a9f-4a5c-9b59-42aad489c34d,2026-11-25,31
Studio 1131,5476e266-ba3c-4d65-9f62-440e783ab64b,beb90029-0a9f-4a5c-9b59-42aad489c34d,2026-11-26,31
Studio 1131,5476e266-ba3c-4d65-9f62-440e783ab64b,beb90029-0a9f-4a5c-9b59-42aad489c34d,2026-11-27,31
Studio 1131,5476e266-ba3c-4d65-9f62-440e783ab64b,beb90029-0a9f-4a5c-9b59-42aad489c34d,2026-11-28,31
Studio 1131,5476e266-ba3c-4d65-9f62-440e783ab64b,beb90029-0a9f-4a5c-9b59-42aad489c34d,2026-11-29,31
Studio 1131,5476e266-ba3c-4d65-9f62-440e783ab64b,beb90029-0a9f-4a5c-9b59-42aad489c34d,2026-11-30,31
Studio 1131,5476e266-ba3c-4d65-9f62-440e783ab64b,beb90029-0a9f-4a5c-9b59-42aad489c34d,2026-12-01,31
Studio 1131,5476e266-ba3c-4d65-9f62-440e783ab64b,beb90029-0a9f-4a5c-9b59-42aad489c34d,2026-12-02,31
Studio 1131,5476e266-ba3c-4d65-9f62-440e783ab64b,beb90029-0a9f-4a5c-9b59-42aad489c34d,2026-12-03,31
Studio 1131,5476e266-ba3c-4d65-9f62-440e783ab64b,beb90029-0a9f-4a5c-9b59-42aad489c34d,2026-12-04,31
Studio 1131,5476e266-ba3c-4d65-9f62-440e783ab64b,beb90029-0a9f-4a5c-9b59-42aad489c34d,2026-12-05,31
Studio 1131,5476e266-ba3c-4d65-9f62-440e783ab64b,beb90029-0a9f-4a5c-9b59-42aad489c34d,2026-12-06,31
Studio 1131,5476e266-ba3c-4d65-9f62-440e783ab64b,beb90029-0a9f-4a5c-9b59-42aad489c34d,2026-12-07,31
Studio 1131,5476e266-ba3c-4d65-9f62-440e783ab64b,beb90029-0a9f-4a5c-9b59-42aad489c34d,2026-12-08,31
Studio 1131,5476e266-ba3c-4d65-9f62-440e783ab64b,beb90029-0a9f-4a5c-9b59-42aad489c34d,2026-12-09,31
Studio 1131,5476e266-ba3c-4d65-9f62-440e783ab64b,beb90029-0a9f-4a5c-9b59-42aad489c34d,2026-12-10,31
Studio 1131,5476e266-ba3c-4d65-9f62-440e783ab64b,beb90029-0a9f-4a5c-9b59-42aad489c34d,2026-12-11,31
Studio 1131,5476e266-ba3c-4d65-9f62-440e783ab64b,beb90029-0a9f-4a5c-9b59-42aad489c34d,2026-12-12,31
Studio 1131,5476e266-ba3c-4d65-9f62-440e783ab64b,beb90029-0a9f-4a5c-9b59-42aad489c34d,2026-12-13,31
Studio 1131,5476e266-ba3c-4d65-9f62-440e783ab64b,beb90029-0a9f-4a5c-9b59-42aad489c34d,2026-12-14,31
Studio 1131,5476e266-ba3c-4d65-9f62-440e783ab64b,beb90029-0a9f-4a5c-9b59-42aad489c34d,2026-12-15,31
Studio 1131,5476e266-ba3c-4d65-9f62-440e783ab64b,beb90029-0a9f-4a5c-9b59-42aad489c34d,2026-12-16,31
Studio 1131,5476e266-ba3c-4d65-9f62-440e783ab64b,beb90029-0a9f-4a5c-9b59-42aad489c34d,2026-12-17,31
Studio 1131,5476e266-ba3c-4d65-9f62-440e783ab64b,beb90029-0a9f-4a5c-9b59-42aad489c34d,2026-12-18,31
Studio 1131,5476e266-ba3c-4d65-9f62-440e783ab64b,beb90029-0a9f-4a5c-9b59-42aad489c34d,2026-12-19,31
Studio 1131,5476e266-ba3c-4d65-9f62-440e783ab64b,beb90029-0a9f-4a5c-9b59-42aad489c34d,2026-12-20,31
Studio 1131,5476e266-ba3c-4d65-9f62-440e783ab64b,beb90029-0a9f-4a5c-9b59-42aad489c34d,2026-12-21,31
Studio 1131,5476e266-ba3c-4d65-9f62-440e783ab64b,beb90029-0a9f-4a5c-9b59-42aad489c34d,2026-12-22,31
Studio 1131,5476e266-ba3c-4d65-9f62-440e783ab64b,beb90029-0a9f-4a5c-9b59-42aad489c34d,2026-12-23,31
Studio 1131,5476e266-ba3c-4d65-9f62-440e783ab64b,beb90029-0a9f-4a5c-9b59-42aad489c34d,2026-12-24,31
Studio 1131,5476e266-ba3c-4d65-9f62-440e783ab64b,beb90029-0a9f-4a5c-9b59-42aad489c34d,2026-12-25,31
Studio 1131,5476e266-ba3c-4d65-9f62-440e783ab64b,beb90029-0a9f-4a5c-9b59-42aad489c34d,2026-12-26,31
Studio 1131,5476e266-ba3c-4d65-9f62-440e783ab64b,beb90029-0a9f-4a5c-9b59-42aad489c34d,2026-12-27,31
Studio 1131,5476e266-ba3c-4d65-9f62-440e783ab64b,beb90029-0a9f-4a5c-9b59-42aad489c34d,2026-12-28,31
Studio 1131,5476e266-ba3c-4d65-9f62-440e783ab64b,beb90029-0a9f-4a5c-9b59-42aad489c34d,2026-12-29,31
Studio 1131,5476e266-ba3c-4d65-9f62-440e783ab64b,beb90029-0a9f-4a5c-9b59-42aad489c34d,2026-12-30,31
Studio 1131,5476e266-ba3c-4d65-9f62-440e783ab64b,beb90029-0a9f-4a5c-9b59-42aad489c34d,2026-12-31,31
Studio 1131,5476e266-ba3c-4d65-9f62-440e783ab64b,beb90029-0a9f-4a5c-9b59-42aad489c34d,2027-01-01,31
Studio 1131,5476e266-ba3c-4d65-9f62-440e783ab64b,beb90029-0a9f-4a5c-9b59-42aad489c34d,2027-01-02,31
Studio 1131,5476e266-ba3c-4d65-9f62-440e783ab64b,beb90029-0a9f-4a5c-9b59-42aad489c34d,2027-01-03,31
Studio 1131,5476e266-ba3c-4d65-9f62-440e783ab64b,beb90029-0a9f-4a5c-9b59-42aad489c34d,2027-01-04,31
Studio 1131,5476e266-ba3c-4d65-9f62-440e783ab64b,beb90029-0a9f-4a5c-9b59-42aad489c34d,2027-01-05,31
Studio 1131,5476e266-ba3c-4d65-9f62-440e783ab64b,beb90029-0a9f-4a5c-9b59-42aad489c34d,2027-01-06,31
Studio 1131,5476e266-ba3c-4d65-9f62-440e783ab64b,beb90029-0a9f-4a5c-9b59-42aad489c34d,2027-01-07,31
Studio 1131,5476e266-ba3c-4d65-9f62-440e783ab64b,beb90029-0a9f-4a5c-9b59-42aad489c34d,2027-01-08,31
Studio 1131,5476e266-ba3c-4d65-9f62-440e783ab64b,beb90029-0a9f-4a5c-9b59-42aad489c34d,2027-01-09,31
Studio 1131,5476e266-ba3c-4d65-9f62-440e783ab64b,beb90029-0a9f-4a5c-9b59-42aad489c34d,2027-01-10,31
Studio 1131,5476e266-ba3c-4d65-9f62-440e783ab64b,beb90029-0a9f-4a5c-9b59-42aad489c34d,2027-01-11,31
Studio 1131,5476e266-ba3c-4d65-9f62-440e783ab64b,beb90029-0a9f-4a5c-9b59-42aad489c34d,2027-01-12,31
Studio 1131,5476e266-ba3c-4d65-9f62-440e783ab64b,beb90029-0a9f-4a5c-9b59-42aad489c34d,2027-01-13,31
Studio 1131,5476e266-ba3c-4d65-9f62-440e783ab64b,beb90029-0a9f-4a5c-9b59-42aad489c34d,2027-01-14,31
Studio 1131,5476e266-ba3c-4d65-9f62-440e783ab64b,beb90029-0a9f-4a5c-9b59-42aad489c34d,2027-01-15,31
Studio 1131,5476e266-ba3c-4d65-9f62-440e783ab64b,beb90029-0a9f-4a5c-9b59-42aad489c34d,2027-01-16,31
Studio 1131,5476e266-ba3c-4d65-9f62-440e783ab64b,beb90029-0a9f-4a5c-9b59-42aad489c34d,2027-01-17,31
Studio 1131,5476e266-ba3c-4d65-9f62-440e783ab64b,beb90029-0a9f-4a5c-9b59-42aad489c34d,2027-01-18,31
Studio 1131,5476e266-ba3c-4d65-9f62-440e783ab64b,beb90029-0a9f-4a5c-9b59-42aad489c34d,2027-01-19,31
Studio 1131,5476e266-ba3c-4d65-9f62-440e783ab64b,beb90029-0a9f-4a5c-9b59-42aad489c34d,2027-01-20,31
Studio 1131,5476e266-ba3c-4d65-9f62-440e783ab64b,beb90029-0a9f-4a5c-9b59-42aad489c34d,2027-01-21,31
Studio 1131,5476e266-ba3c-4d65-9f62-440e783ab64b,beb90029-0a9f-4a5c-9b59-42aad489c34d,2027-01-22,31
Studio 1131,5476e266-ba3c-4d65-9f62-440e783ab64b,beb90029-0a9f-4a5c-9b59-42aad489c34d,2027-01-23,31
Studio 1131,5476e266-ba3c-4d65-9f62-440e783ab64b,beb90029-0a9f-4a5c-9b59-42aad489c34d,2027-01-24,31
Studio 1131,5476e266-ba3c-4d65-9f62-440e783ab64b,beb90029-0a9f-4a5c-9b59-42aad489c34d,2027-01-25,31
Studio 1131,5476e266-ba3c-4d65-9f62-440e783ab64b,beb90029-0a9f-4a5c-9b59-42aad489c34d,2027-01-26,31
Studio 1131,5476e266-ba3c-4d65-9f62-440e783ab64b,beb90029-0a9f-4a5c-9b59-42aad489c34d,2027-01-27,31
Studio 1131,5476e266-ba3c-4d65-9f62-440e783ab64b,beb90029-0a9f-4a5c-9b59-42aad489c34d,2027-01-28,31
Studio 1131,5476e266-ba3c-4d65-9f62-440e783ab64b,beb90029-0a9f-4a5c-9b59-42aad489c34d,2027-01-29,31
Studio 1131,5476e266-ba3c-4d65-9f62-440e783ab64b,beb90029-0a9f-4a5c-9b59-42aad489c34d,2027-01-30,31
Studio 1131,5476e266-ba3c-4d65-9f62-440e783ab64b,beb90029-0a9f-4a5c-9b59-42aad489c34d,2027-01-31,31
Studio 1131,5476e266-ba3c-4d65-9f62-440e783ab64b,beb90029-0a9f-4a5c-9b59-42aad489c34d,2027-02-01,31
Studio 1131,5476e266-ba3c-4d65-9f62-440e783ab64b,beb90029-0a9f-4a5c-9b59-42aad489c34d,2027-02-02,31
Studio 1131,5476e266-ba3c-4d65-9f62-440e783ab64b,beb90029-0a9f-4a5c-9b59-42aad489c34d,2027-02-03,31
Studio 1131,5476e266-ba3c-4d65-9f62-440e783ab64b,beb90029-0a9f-4a5c-9b59-42aad489c34d,2027-02-04,31
Studio 1131,5476e266-ba3c-4d65-9f62-440e783ab64b,beb90029-0a9f-4a5c-9b59-42aad489c34d,2027-02-05,31
Studio 1131,5476e266-ba3c-4d65-9f62-440e783ab64b,beb90029-0a9f-4a5c-9b59-42aad489c34d,2027-02-06,31
Studio 1131,5476e266-ba3c-4d65-9f62-440e783ab64b,beb90029-0a9f-4a5c-9b59-42aad489c34d,2027-02-07,31
Studio 1131,5476e266-ba3c-4d65-9f62-440e783ab64b,beb90029-0a9f-4a5c-9b59-42aad489c34d,2027-02-08,31
Studio 1131,5476e266-ba3c-4d65-9f62-440e783ab64b,beb90029-0a9f-4a5c-9b59-42aad489c34d,2027-02-09,31
Studio 1131,5476e266-ba3c-4d65-9f62-440e783ab64b,beb90029-0a9f-4a5c-9b59-42aad489c34d,2027-02-10,31
Studio 1131,5476e266-ba3c-4d65-9f62-440e783ab64b,beb90029-0a9f-4a5c-9b59-42aad489c34d,2027-02-11,31
Studio 1131,5476e266-ba3c-4d65-9f62-440e783ab64b,beb90029-0a9f-4a5c-9b59-42aad489c34d,2027-02-12,31
Studio 1131,5476e266-ba3c-4d65-9f62-440e783ab64b,beb90029-0a9f-4a5c-9b59-42aad489c34d,2027-02-13,31
Studio 1131,5476e266-ba3c-4d65-9f62-440e783ab64b,beb90029-0a9f-4a5c-9b59-42aad489c34d,2027-02-14,31
Studio 1131,5476e266-ba3c-4d65-9f62-440e783ab64b,beb90029-0a9f-4a5c-9b59-42aad489c34d,2027-02-15,31
Studio 1131,5476e266-ba3c-4d65-9f62-440e783ab64b,beb90029-0a9f-4a5c-9b59-42aad489c34d,2027-02-16,31
Studio 1131,5476e266-ba3c-4d65-9f62-440e783ab64b,beb90029-0a9f-4a5c-9b59-42aad489c34d,2027-02-17,31
Studio 1131,5476e266-ba3c-4d65-9f62-440e783ab64b,beb90029-0a9f-4a5c-9b59-42aad489c34d,2027-02-18,31
Studio 1131,5476e266-ba3c-4d65-9f62-440e783ab64b,beb90029-0a9f-4a5c-9b59-42aad489c34d,2027-02-19,31
Studio 1131,5476e266-ba3c-4d65-9f62-440e783ab64b,beb90029-0a9f-4a5c-9b59-42aad489c34d,2027-02-20,31
Studio 1131,5476e266-ba3c-4d65-9f62-440e783ab64b,beb90029-0a9f-4a5c-9b59-42aad489c34d,2027-02-21,31
Studio 1131,5476e266-ba3c-4d65-9f62-440e783ab64b,beb90029-0a9f-4a5c-9b59-42aad489c34d,2027-02-22,31
Studio 1131,5476e266-ba3c-4d65-9f62-440e783ab64b,beb90029-0a9f-4a5c-9b59-42aad489c34d,2027-02-23,31
Studio 1131,5476e266-ba3c-4d65-9f62-440e783ab64b,beb90029-0a9f-4a5c-9b59-42aad489c34d,2027-02-24,31
Studio 1131,5476e266-ba3c-4d65-9f62-440e783ab64b,beb90029-0a9f-4a5c-9b59-42aad489c34d,2027-02-25,31
Studio 1131,5476e266-ba3c-4d65-9f62-440e783ab64b,beb90029-0a9f-4a5c-9b59-42aad489c34d,2027-02-26,31
Studio 1131,5476e266-ba3c-4d65-9f62-440e783ab64b,beb90029-0a9f-4a5c-9b59-42aad489c34d,2027-02-27,31
Studio 1131,5476e266-ba3c-4d65-9f62-440e783ab64b,beb90029-0a9f-4a5c-9b59-42aad489c34d,2027-02-28,31
Studio 1131,5476e266-ba3c-4d65-9f62-440e783ab64b,beb90029-0a9f-4a5c-9b59-42aad489c34d,2027-03-01,31
Studio 1131,5476e266-ba3c-4d65-9f62-440e783ab64b,beb90029-0a9f-4a5c-9b59-42aad489c34d,2027-03-02,31
Studio 1131,5476e266-ba3c-4d65-9f62-440e783ab64b,beb90029-0a9f-4a5c-9b59-42aad489c34d,2027-03-03,31
Studio 1131,5476e266-ba3c-4d65-9f62-440e783ab64b,beb90029-0a9f-4a5c-9b59-42aad489c34d,2027-03-04,31
Studio 1131,5476e266-ba3c-4d65-9f62-440e783ab64b,beb90029-0a9f-4a5c-9b59-42aad489c34d,2027-03-05,31
Studio 1131,5476e266-ba3c-4d65-9f62-440e783ab64b,beb90029-0a9f-4a5c-9b59-42aad489c34d,2027-03-06,31
Studio 1131,5476e266-ba3c-4d65-9f62-440e783ab64b,beb90029-0a9f-4a5c-9b59-42aad489c34d,2027-03-07,31
Studio 1131,5476e266-ba3c-4d65-9f62-440e783ab64b,beb90029-0a9f-4a5c-9b59-42aad489c34d,2027-03-08,31
Studio 1131,5476e266-ba3c-4d65-9f62-440e783ab64b,beb90029-0a9f-4a5c-9b59-42aad489c34d,2027-03-09,31
Studio 1131,5476e266-ba3c-4d65-9f62-440e783ab64b,beb90029-0a9f-4a5c-9b59-42aad489c34d,2027-03-10,31
Studio 1131,5476e266-ba3c-4d65-9f62-440e783ab64b,beb90029-0a9f-4a5c-9b59-42aad489c34d,2027-03-11,31
Studio 1131,5476e266-ba3c-4d65-9f62-440e783ab64b,beb90029-0a9f-4a5c-9b59-42aad489c34d,2027-03-12,31
Studio 1131,5476e266-ba3c-4d65-9f62-440e783ab64b,beb90029-0a9f-4a5c-9b59-42aad489c34d,2027-03-13,31
Studio 1131,5476e266-ba3c-4d65-9f62-440e783ab64b,beb90029-0a9f-4a5c-9b59-42aad489c34d,2027-03-14,31
Studio 1131,5476e266-ba3c-4d65-9f62-440e783ab64b,beb90029-0a9f-4a5c-9b59-42aad489c34d,2027-03-15,31
Studio 1131,5476e266-ba3c-4d65-9f62-440e783ab64b,beb90029-0a9f-4a5c-9b59-42aad489c34d,2027-03-16,31
Studio 1131,5476e266-ba3c-4d65-9f62-440e783ab64b,beb90029-0a9f-4a5c-9b59-42aad489c34d,2027-03-17,31
Studio 1131,5476e266-ba3c-4d65-9f62-440e783ab64b,beb90029-0a9f-4a5c-9b59-42aad489c34d,2027-03-18,31
Studio 1131,5476e266-ba3c-4d65-9f62-440e783ab64b,beb90029-0a9f-4a5c-9b59-42aad489c34d,2027-03-19,31
Studio 1131,5476e266-ba3c-4d65-9f62-440e783ab64b,beb90029-0a9f-4a5c-9b59-42aad489c34d,2027-03-20,31
Studio 1131,5476e266-ba3c-4d65-9f62-440e783ab64b,beb90029-0a9f-4a5c-9b59-42aad489c34d,2027-03-21,31
Studio 1131,5476e266-ba3c-4d65-9f62-440e783ab64b,beb90029-0a9f-4a5c-9b59-42aad489c34d,2027-03-22,31
Studio 1131,5476e266-ba3c-4d65-9f62-440e783ab64b,beb90029-0a9f-4a5c-9b59-42aad489c34d,2027-03-23,31
Studio 1131,5476e266-ba3c-4d65-9f62-440e783ab64b,beb90029-0a9f-4a5c-9b59-42aad489c34d,2027-03-24,31
Studio 1131,5476e266-ba3c-4d65-9f62-440e783ab64b,beb90029-0a9f-4a5c-9b59-42aad489c34d,2027-03-25,31
Studio 1131,5476e266-ba3c-4d65-9f62-440e783ab64b,beb90029-0a9f-4a5c-9b59-42aad489c34d,2027-03-26,31
Studio 1131,5476e266-ba3c-4d65-9f62-440e783ab64b,beb90029-0a9f-4a5c-9b59-42aad489c34d,2027-03-27,31
Studio 1131,5476e266-ba3c-4d65-9f62-440e783ab64b,beb90029-0a9f-4a5c-9b59-42aad489c34d,2027-03-28,31
Studio 1131,5476e266-ba3c-4d65-9f62-440e783ab64b,beb90029-0a9f-4a5c-9b59-42aad489c34d,2027-03-29,31
Studio 1131,5476e266-ba3c-4d65-9f62-440e783ab64b,beb90029-0a9f-4a5c-9b59-42aad489c34d,2027-03-30,31
Studio 1131,5476e266-ba3c-4d65-9f62-440e783ab64b,beb90029-0a9f-4a5c-9b59-42aad489c34d,2027-03-31,31
Studio 1131,5476e266-ba3c-4d65-9f62-440e783ab64b,beb90029-0a9f-4a5c-9b59-42aad489c34d,2027-04-01,31
Studio 1131,5476e266-ba3c-4d65-9f62-440e783ab64b,beb90029-0a9f-4a5c-9b59-42aad489c34d,2027-04-02,31
Studio 1131,5476e266-ba3c-4d65-9f62-440e783ab64b,beb90029-0a9f-4a5c-9b59-42aad489c34d,2027-04-03,31
Studio 1131,5476e266-ba3c-4d65-9f62-440e783ab64b,beb90029-0a9f-4a5c-9b59-42aad489c34d,2027-04-04,31
Studio 1131,5476e266-ba3c-4d65-9f62-440e783ab64b,beb90029-0a9f-4a5c-9b59-42aad489c34d,2027-04-05,31
Studio 1131,5476e266-ba3c-4d65-9f62-440e783ab64b,beb90029-0a9f-4a5c-9b59-42aad489c34d,2027-04-06,31
Studio 1131,5476e266-ba3c-4d65-9f62-440e783ab64b,beb90029-0a9f-4a5c-9b59-42aad489c34d,2027-04-07,31
Studio 1131,5476e266-ba3c-4d65-9f62-440e783ab64b,beb90029-0a9f-4a5c-9b59-42aad489c34d,2027-04-08,31
Studio 1131,5476e266-ba3c-4d65-9f62-440e783ab64b,beb90029-0a9f-4a5c-9b59-42aad489c34d,2027-04-09,31
Studio 1131,5476e266-ba3c-4d65-9f62-440e783ab64b,beb90029-0a9f-4a5c-9b59-42aad489c34d,2027-04-10,31
Studio 1131,5476e266-ba3c-4d65-9f62-440e783ab64b,beb90029-0a9f-4a5c-9b59-42aad489c34d,2027-04-11,31
Studio 1131,5476e266-ba3c-4d65-9f62-440e783ab64b,beb90029-0a9f-4a5c-9b59-42aad489c34d,2027-04-12,31
Studio 1131,5476e266-ba3c-4d65-9f62-440e783ab64b,beb90029-0a9f-4a5c-9b59-42aad489c34d,2027-04-13,31
Studio 1131,5476e266-ba3c-4d65-9f62-440e783ab64b,beb90029-0a9f-4a5c-9b59-42aad489c34d,2027-04-14,31
Studio 1131,5476e266-ba3c-4d65-9f62-440e783ab64b,beb90029-0a9f-4a5c-9b59-42aad489c34d,2027-04-15,31
Studio 1131,5476e266-ba3c-4d65-9f62-440e783ab64b,beb90029-0a9f-4a5c-9b59-42aad489c34d,2027-04-16,31
Studio 1131,5476e266-ba3c-4d65-9f62-440e783ab64b,beb90029-0a9f-4a5c-9b59-42aad489c34d,2027-04-17,31
Studio 1131,5476e266-ba3c-4d65-9f62-440e783ab64b,beb90029-0a9f-4a5c-9b59-42aad489c34d,2027-04-18,31
Studio 1131,5476e266-ba3c-4d65-9f62-440e783ab64b,beb90029-0a9f-4a5c-9b59-42aad489c34d,2027-04-19,31
Studio 1131,5476e266-ba3c-4d65-9f62-440e783ab64b,beb90029-0a9f-4a5c-9b59-42aad489c34d,2027-04-20,31
Studio 1131,5476e266-ba3c-4d65-9f62-440e783ab64b,beb90029-0a9f-4a5c-9b59-42aad489c34d,2027-04-21,31
Studio 1131,5476e266-ba3c-4d65-9f62-440e783ab64b,beb90029-0a9f-4a5c-9b59-42aad489c34d,2027-04-22,31
Studio 1131,5476e266-ba3c-4d65-9f62-440e783ab64b,beb90029-0a9f-4a5c-9b59-42aad489c34d,2027-04-23,31
Studio 1131,5476e266-ba3c-4d65-9f62-440e783ab64b,beb90029-0a9f-4a5c-9b59-42aad489c34d,2027-04-24,31
Studio 1131,5476e266-ba3c-4d65-9f62-440e783ab64b,beb90029-0a9f-4a5c-9b59-42aad489c34d,2027-04-25,31
Studio 1131,5476e266-ba3c-4d65-9f62-440e783ab64b,beb90029-0a9f-4a5c-9b59-42aad489c34d,2027-04-26,31
Studio 1131,5476e266-ba3c-4d65-9f62-440e783ab64b,beb90029-0a9f-4a5c-9b59-42aad489c34d,2027-04-27,31
Studio 1131,5476e266-ba3c-4d65-9f62-440e783ab64b,beb90029-0a9f-4a5c-9b59-42aad489c34d,2027-04-28,31
Studio 1131,5476e266-ba3c-4d65-9f62-440e783ab64b,beb90029-0a9f-4a5c-9b59-42aad489c34d,2027-04-29,31
Studio 1131,5476e266-ba3c-4d65-9f62-440e783ab64b,beb90029-0a9f-4a5c-9b59-42aad489c34d,2027-04-30,31
Studio 1131,5476e266-ba3c-4d65-9f62-440e783ab64b,beb90029-0a9f-4a5c-9b59-42aad489c34d,2027-05-01,31
Studio 1131,5476e266-ba3c-4d65-9f62-440e783ab64b,beb90029-0a9f-4a5c-9b59-42aad489c34d,2027-05-02,31
Studio 1131,5476e266-ba3c-4d65-9f62-440e783ab64b,beb90029-0a9f-4a5c-9b59-42aad489c34d,2027-05-03,31
Studio 1131,5476e266-ba3c-4d65-9f62-440e783ab64b,beb90029-0a9f-4a5c-9b59-42aad489c34d,2027-05-04,31
Studio 1131,5476e266-ba3c-4d65-9f62-440e783ab64b,beb90029-0a9f-4a5c-9b59-42aad489c34d,2027-05-05,31
Studio 1131,5476e266-ba3c-4d65-9f62-440e783ab64b,beb90029-0a9f-4a5c-9b59-42aad489c34d,2027-05-06,31
Studio 1131,5476e266-ba3c-4d65-9f62-440e783ab64b,beb90029-0a9f-4a5c-9b59-42aad489c34d,2027-05-07,31
Studio 1131,5476e266-ba3c-4d65-9f62-440e783ab64b,beb90029-0a9f-4a5c-9b59-42aad489c34d,2027-05-08,31
Studio 1131,5476e266-ba3c-4d65-9f62-440e783ab64b,beb90029-0a9f-4a5c-9b59-42aad489c34d,2027-05-09,31
Studio 1131,5476e266-ba3c-4d65-9f62-440e783ab64b,beb90029-0a9f-4a5c-9b59-42aad489c34d,2027-05-10,31
Studio 1131,5476e266-ba3c-4d65-9f62-440e783ab64b,beb90029-0a9f-4a5c-9b59-42aad489c34d,2027-05-11,31
Studio 1131,5476e266-ba3c-4d65-9f62-440e783ab64b,beb90029-0a9f-4a5c-9b59-42aad489c34d,2027-05-12,31
Studio 1131,5476e266-ba3c-4d65-9f62-440e783ab64b,beb90029-0a9f-4a5c-9b59-42aad489c34d,2027-05-13,31
Studio 1131,5476e266-ba3c-4d65-9f62-440e783ab64b,beb90029-0a9f-4a5c-9b59-42aad489c34d,2027-05-14,31
Studio 1131,5476e266-ba3c-4d65-9f62-440e783ab64b,beb90029-0a9f-4a5c-9b59-42aad489c34d,2027-05-15,31
Studio 1131,5476e266-ba3c-4d65-9f62-440e783ab64b,beb90029-0a9f-4a5c-9b59-42aad489c34d,2027-05-16,31
Studio 1131,5476e266-ba3c-4d65-9f62-440e783ab64b,beb90029-0a9f-4a5c-9b59-42aad489c34d,2027-05-17,31
Studio 1131,5476e266-ba3c-4d65-9f62-440e783ab64b,beb90029-0a9f-4a5c-9b59-42aad489c34d,2027-05-18,31
Studio 1131,5476e266-ba3c-4d65-9f62-440e783ab64b,beb90029-0a9f-4a5c-9b59-42aad489c34d,2027-05-19,31
Studio 1131,5476e266-ba3c-4d65-9f62-440e783ab64b,beb90029-0a9f-4a5c-9b59-42aad489c34d,2027-05-20,31
Studio 1131,5476e266-ba3c-4d65-9f62-440e783ab64b,beb90029-0a9f-4a5c-9b59-42aad489c34d,2027-05-21,31
Studio 1131,5476e266-ba3c-4d65-9f62-440e783ab64b,beb90029-0a9f-4a5c-9b59-42aad489c34d,2027-05-22,31
Studio 1131,5476e266-ba3c-4d65-9f62-440e783ab64b,beb90029-0a9f-4a5c-9b59-42aad489c34d,2027-05-23,31
Studio 1131,5476e266-ba3c-4d65-9f62-440e783ab64b,beb90029-0a9f-4a5c-9b59-42aad489c34d,2027-05-24,31
Studio 1131,5476e266-ba3c-4d65-9f62-440e783ab64b,beb90029-0a9f-4a5c-9b59-42aad489c34d,2027-05-25,31
Studio 1131,5476e266-ba3c-4d65-9f62-440e783ab64b,beb90029-0a9f-4a5c-9b59-42aad489c34d,2027-05-26,31
Studio 1131,5476e266-ba3c-4d65-9f62-440e783ab64b,beb90029-0a9f-4a5c-9b59-42aad489c34d,2027-05-27,31
Studio 1131,5476e266-ba3c-4d65-9f62-440e783ab64b,beb90029-0a9f-4a5c-9b59-42aad489c34d,2027-05-28,31
Studio 1131,5476e266-ba3c-4d65-9f62-440e783ab64b,beb90029-0a9f-4a5c-9b59-42aad489c34d,2027-05-29,31
Studio 1131,5476e266-ba3c-4d65-9f62-440e783ab64b,beb90029-0a9f-4a5c-9b59-42aad489c34d,2027-05-30,31
Studio 1131,5476e266-ba3c-4d65-9f62-440e783ab64b,beb90029-0a9f-4a5c-9b59-42aad489c34d,2027-05-31,31
Studio 1131,5476e266-ba3c-4d65-9f62-440e783ab64b,beb90029-0a9f-4a5c-9b59-42aad489c34d,2027-06-01,31
Studio 1131,5476e266-ba3c-4d65-9f62-440e783ab64b,beb90029-0a9f-4a5c-9b59-42aad489c34d,2027-06-02,31
Studio 1131,5476e266-ba3c-4d65-9f62-440e783ab64b,beb90029-0a9f-4a5c-9b59-42aad489c34d,2027-06-03,31
Studio 1131,5476e266-ba3c-4d65-9f62-440e783ab64b,beb90029-0a9f-4a5c-9b59-42aad489c34d,2027-06-04,31
Studio 1131,5476e266-ba3c-4d65-9f62-440e783ab64b,beb90029-0a9f-4a5c-9b59-42aad489c34d,2027-06-05,31
Studio 1131,5476e266-ba3c-4d65-9f62-440e783ab64b,beb90029-0a9f-4a5c-9b59-42aad489c34d,2027-06-06,31
Studio 1131,5476e266-ba3c-4d65-9f62-440e783ab64b,beb90029-0a9f-4a5c-9b59-42aad489c34d,2027-06-07,31
Studio 1131,5476e266-ba3c-4d65-9f62-440e783ab64b,beb90029-0a9f-4a5c-9b59-42aad489c34d,2027-06-08,31
Studio 1131,5476e266-ba3c-4d65-9f62-440e783ab64b,beb90029-0a9f-4a5c-9b59-42aad489c34d,2027-06-09,31
Studio 1131,5476e266-ba3c-4d65-9f62-440e783ab64b,beb90029-0a9f-4a5c-9b59-42aad489c34d,2027-06-10,31
Studio 1131,5476e266-ba3c-4d65-9f62-440e783ab64b,beb90029-0a9f-4a5c-9b59-42aad489c34d,2027-06-11,31
Studio 1131,5476e266-ba3c-4d65-9f62-440e783ab64b,beb90029-0a9f-4a5c-9b59-42aad489c34d,2027-06-12,31
Studio 1131,5476e266-ba3c-4d65-9f62-440e783ab64b,beb90029-0a9f-4a5c-9b59-42aad489c34d,2027-06-13,31
Studio 1131,5476e266-ba3c-4d65-9f62-440e783ab64b,beb90029-0a9f-4a5c-9b59-42aad489c34d,2027-06-14,31
Studio 1131,5476e266-ba3c-4d65-9f62-440e783ab64b,beb90029-0a9f-4a5c-9b59-42aad489c34d,2027-06-15,31
Studio 1131,5476e266-ba3c-4d65-9f62-440e783ab64b,beb90029-0a9f-4a5c-9b59-42aad489c34d,2027-06-16,31
Studio 1131,5476e266-ba3c-4d65-9f62-440e783ab64b,beb90029-0a9f-4a5c-9b59-42aad489c34d,2027-06-17,31
Studio 1131,5476e266-ba3c-4d65-9f62-440e783ab64b,beb90029-0a9f-4a5c-9b59-42aad489c34d,2027-06-18,31
Studio 1131,5476e266-ba3c-4d65-9f62-440e783ab64b,beb90029-0a9f-4a5c-9b59-42aad489c34d,2027-06-19,31
Studio 1131,5476e266-ba3c-4d65-9f62-440e783ab64b,beb90029-0a9f-4a5c-9b59-42aad489c34d,2027-06-20,31
Studio 1131,5476e266-ba3c-4d65-9f62-440e783ab64b,beb90029-0a9f-4a5c-9b59-42aad489c34d,2027-06-21,31
Studio 1131,5476e266-ba3c-4d65-9f62-440e783ab64b,beb90029-0a9f-4a5c-9b59-42aad489c34d,2027-06-22,31
Studio 1131,5476e266-ba3c-4d65-9f62-440e783ab64b,beb90029-0a9f-4a5c-9b59-42aad489c34d,2027-06-23,31
Studio 1131,5476e266-ba3c-4d65-9f62-440e783ab64b,beb90029-0a9f-4a5c-9b59-42aad489c34d,2027-06-24,31
Studio 1131,5476e266-ba3c-4d65-9f62-440e783ab64b,beb90029-0a9f-4a5c-9b59-42aad489c34d,2027-06-25,31
Studio 1131,5476e266-ba3c-4d65-9f62-440e783ab64b,beb90029-0a9f-4a5c-9b59-42aad489c34d,2027-06-26,31
Studio 1131,5476e266-ba3c-4d65-9f62-440e783ab64b,beb90029-0a9f-4a5c-9b59-42aad489c34d,2027-06-27,31
Studio 1131,5476e266-ba3c-4d65-9f62-440e783ab64b,beb90029-0a9f-4a5c-9b59-42aad489c34d,2027-06-28,31
Studio 1131,5476e266-ba3c-4d65-9f62-440e783ab64b,beb90029-0a9f-4a5c-9b59-42aad489c34d,2027-06-29,31
Studio 1131,5476e266-ba3c-4d65-9f62-440e783ab64b,beb90029-0a9f-4a5c-9b59-42aad489c34d,2027-06-30,31
Studio 1131,5476e266-ba3c-4d65-9f62-440e783ab64b,beb90029-0a9f-4a5c-9b59-42aad489c34d,2027-07-01,31
Studio 1131,5476e266-ba3c-4d65-9f62-440e783ab64b,beb90029-0a9f-4a5c-9b59-42aad489c34d,2027-07-02,31
Studio 1131,5476e266-ba3c-4d65-9f62-440e783ab64b,beb90029-0a9f-4a5c-9b59-42aad489c34d,2027-07-03,31
Studio 1131,5476e266-ba3c-4d65-9f62-440e783ab64b,beb90029-0a9f-4a5c-9b59-42aad489c34d,2027-07-04,31
Studio 1131,5476e266-ba3c-4d65-9f62-440e783ab64b,beb90029-0a9f-4a5c-9b59-42aad489c34d,2027-07-05,31
Studio 1131,5476e266-ba3c-4d65-9f62-440e783ab64b,beb90029-0a9f-4a5c-9b59-42aad489c34d,2027-07-06,31
Studio 1131,5476e266-ba3c-4d65-9f62-440e783ab64b,beb90029-0a9f-4a5c-9b59-42aad489c34d,2027-07-07,31
Studio 1131,5476e266-ba3c-4d65-9f62-440e783ab64b,beb90029-0a9f-4a5c-9b59-42aad489c34d,2027-07-08,31
Studio 1131,5476e266-ba3c-4d65-9f62-440e783ab64b,beb90029-0a9f-4a5c-9b59-42aad489c34d,2027-07-09,31
Studio 1131,5476e266-ba3c-4d65-9f62-440e783ab64b,beb90029-0a9f-4a5c-9b59-42aad489c34d,2027-07-10,31
Studio 1131,5476e266-ba3c-4d65-9f62-440e783ab64b,beb90029-0a9f-4a5c-9b59-42aad489c34d,2027-07-11,31
Studio 1131,5476e266-ba3c-4d65-9f62-440e783ab64b,beb90029-0a9f-4a5c-9b59-42aad489c34d,2027-07-12,31
Studio 1131,5476e266-ba3c-4d65-9f62-440e783ab64b,beb90029-0a9f-4a5c-9b59-42aad489c34d,2027-07-13,31
Studio 1131,5476e266-ba3c-4d65-9f62-440e783ab64b,beb90029-0a9f-4a5c-9b59-42aad489c34d,2027-07-14,31
Studio 1131,5476e266-ba3c-4d65-9f62-440e783ab64b,beb90029-0a9f-4a5c-9b59-42aad489c34d,2027-07-15,31
Studio 1131,5476e266-ba3c-4d65-9f62-440e783ab64b,beb90029-0a9f-4a5c-9b59-42aad489c34d,2027-07-16,31
Studio 1131,5476e266-ba3c-4d65-9f62-440e783ab64b,beb90029-0a9f-4a5c-9b59-42aad489c34d,2027-07-17,31
Studio 1131,5476e266-ba3c-4d65-9f62-440e783ab64b,beb90029-0a9f-4a5c-9b59-42aad489c34d,2027-07-18,31
Studio 1131,5476e266-ba3c-4d65-9f62-440e783ab64b,beb90029-0a9f-4a5c-9b59-42aad489c34d,2027-07-19,31
Studio 1131,5476e266-ba3c-4d65-9f62-440e783ab64b,beb90029-0a9f-4a5c-9b59-42aad489c34d,2027-07-20,31
Studio 1131,5476e266-ba3c-4d65-9f62-440e783ab64b,beb90029-0a9f-4a5c-9b59-42aad489c34d,2027-07-21,31
Studio 1131,5476e266-ba3c-4d65-9f62-440e783ab64b,beb90029-0a9f-4a5c-9b59-42aad489c34d,2027-07-22,31
Studio 1131,5476e266-ba3c-4d65-9f62-440e783ab64b,beb90029-0a9f-4a5c-9b59-42aad489c34d,2027-07-23,31
Studio 1131,5476e266-ba3c-4d65-9f62-440e783ab64b,beb90029-0a9f-4a5c-9b59-42aad489c34d,2027-07-24,31
Studio 1131,5476e266-ba3c-4d65-9f62-440e783ab64b,beb90029-0a9f-4a5c-9b59-42aad489c34d,2027-07-25,31
Studio 1131,5476e266-ba3c-4d65-9f62-440e783ab64b,beb90029-0a9f-4a5c-9b59-42aad489c34d,2027-07-26,31
Studio 1131,5476e266-ba3c-4d65-9f62-440e783ab64b,beb90029-0a9f-4a5c-9b59-42aad489c34d,2027-07-27,31
Studio 1131,5476e266-ba3c-4d65-9f62-440e783ab64b,beb90029-0a9f-4a5c-9b59-42aad489c34d,2027-07-28,31
Studio 1131,5476e266-ba3c-4d65-9f62-440e783ab64b,beb90029-0a9f-4a5c-9b59-42aad489c34d,2027-07-29,31
Studio 1131,5476e266-ba3c-4d65-9f62-440e783ab64b,beb90029-0a9f-4a5c-9b59-42aad489c34d,2027-07-30,31
Studio 1131,5476e266-ba3c-4d65-9f62-440e783ab64b,beb90029-0a9f-4a5c-9b59-42aad489c34d,2027-07-31,31
Studio 1131,5476e266-ba3c-4d65-9f62-440e783ab64b,beb90029-0a9f-4a5c-9b59-42aad489c34d,2027-08-01,31
Studio 1131,5476e266-ba3c-4d65-9f62-440e783ab64b,beb90029-0a9f-4a5c-9b59-42aad489c34d,2027-08-02,31
Studio 1131,5476e266-ba3c-4d65-9f62-440e783ab64b,beb90029-0a9f-4a5c-9b59-42aad489c34d,2027-08-03,31
Studio Delux with Sea View - 1130,81472ca4-6a22-409d-9185-f748b4dc3b28,eb9fb6bd-6217-4618-a83c-a3b544c7c907,2026-07-25,31
Studio Delux with Sea View - 1130,81472ca4-6a22-409d-9185-f748b4dc3b28,eb9fb6bd-6217-4618-a83c-a3b544c7c907,2026-07-26,31
Studio Delux with Sea View - 1130,81472ca4-6a22-409d-9185-f748b4dc3b28,eb9fb6bd-6217-4618-a83c-a3b544c7c907,2026-07-27,31
Studio Delux with Sea View - 1130,81472ca4-6a22-409d-9185-f748b4dc3b28,eb9fb6bd-6217-4618-a83c-a3b544c7c907,2026-07-28,31
Studio Delux with Sea View - 1130,81472ca4-6a22-409d-9185-f748b4dc3b28,eb9fb6bd-6217-4618-a83c-a3b544c7c907,2026-07-29,31
Studio Delux with Sea View - 1130,81472ca4-6a22-409d-9185-f748b4dc3b28,eb9fb6bd-6217-4618-a83c-a3b544c7c907,2026-07-30,31
Studio Delux with Sea View - 1130,81472ca4-6a22-409d-9185-f748b4dc3b28,eb9fb6bd-6217-4618-a83c-a3b544c7c907,2026-07-31,31
Studio Delux with Sea View - 1130,81472ca4-6a22-409d-9185-f748b4dc3b28,eb9fb6bd-6217-4618-a83c-a3b544c7c907,2026-08-01,31
Studio Delux with Sea View - 1130,81472ca4-6a22-409d-9185-f748b4dc3b28,eb9fb6bd-6217-4618-a83c-a3b544c7c907,2026-08-02,31
Studio Delux with Sea View - 1130,81472ca4-6a22-409d-9185-f748b4dc3b28,eb9fb6bd-6217-4618-a83c-a3b544c7c907,2026-08-03,31
Studio Delux with Sea View - 1130,81472ca4-6a22-409d-9185-f748b4dc3b28,eb9fb6bd-6217-4618-a83c-a3b544c7c907,2026-08-04,31
Studio Delux with Sea View - 1130,81472ca4-6a22-409d-9185-f748b4dc3b28,eb9fb6bd-6217-4618-a83c-a3b544c7c907,2026-08-05,31
Studio Delux with Sea View - 1130,81472ca4-6a22-409d-9185-f748b4dc3b28,eb9fb6bd-6217-4618-a83c-a3b544c7c907,2026-08-06,31
Studio Delux with Sea View - 1130,81472ca4-6a22-409d-9185-f748b4dc3b28,eb9fb6bd-6217-4618-a83c-a3b544c7c907,2026-08-07,31
Studio Delux with Sea View - 1130,81472ca4-6a22-409d-9185-f748b4dc3b28,eb9fb6bd-6217-4618-a83c-a3b544c7c907,2026-08-08,31
Studio Delux with Sea View - 1130,81472ca4-6a22-409d-9185-f748b4dc3b28,eb9fb6bd-6217-4618-a83c-a3b544c7c907,2026-08-09,31
Studio Delux with Sea View - 1130,81472ca4-6a22-409d-9185-f748b4dc3b28,eb9fb6bd-6217-4618-a83c-a3b544c7c907,2026-08-10,31
Studio Delux with Sea View - 1130,81472ca4-6a22-409d-9185-f748b4dc3b28,eb9fb6bd-6217-4618-a83c-a3b544c7c907,2026-08-11,31
Studio Delux with Sea View - 1130,81472ca4-6a22-409d-9185-f748b4dc3b28,eb9fb6bd-6217-4618-a83c-a3b544c7c907,2026-08-12,31
Studio Delux with Sea View - 1130,81472ca4-6a22-409d-9185-f748b4dc3b28,eb9fb6bd-6217-4618-a83c-a3b544c7c907,2026-08-13,31
Studio Delux with Sea View - 1130,81472ca4-6a22-409d-9185-f748b4dc3b28,eb9fb6bd-6217-4618-a83c-a3b544c7c907,2026-08-14,31
Studio Delux with Sea View - 1130,81472ca4-6a22-409d-9185-f748b4dc3b28,eb9fb6bd-6217-4618-a83c-a3b544c7c907,2026-08-15,31
Studio Delux with Sea View - 1130,81472ca4-6a22-409d-9185-f748b4dc3b28,eb9fb6bd-6217-4618-a83c-a3b544c7c907,2026-08-16,31
Studio Delux with Sea View - 1130,81472ca4-6a22-409d-9185-f748b4dc3b28,eb9fb6bd-6217-4618-a83c-a3b544c7c907,2026-08-17,31
Studio Delux with Sea View - 1130,81472ca4-6a22-409d-9185-f748b4dc3b28,eb9fb6bd-6217-4618-a83c-a3b544c7c907,2026-08-18,31
Studio Delux with Sea View - 1130,81472ca4-6a22-409d-9185-f748b4dc3b28,eb9fb6bd-6217-4618-a83c-a3b544c7c907,2026-08-19,31
Studio Delux with Sea View - 1130,81472ca4-6a22-409d-9185-f748b4dc3b28,eb9fb6bd-6217-4618-a83c-a3b544c7c907,2026-08-20,31
Studio Delux with Sea View - 1130,81472ca4-6a22-409d-9185-f748b4dc3b28,eb9fb6bd-6217-4618-a83c-a3b544c7c907,2026-08-21,31
Studio Delux with Sea View - 1130,81472ca4-6a22-409d-9185-f748b4dc3b28,eb9fb6bd-6217-4618-a83c-a3b544c7c907,2026-08-22,31
Studio Delux with Sea View - 1130,81472ca4-6a22-409d-9185-f748b4dc3b28,eb9fb6bd-6217-4618-a83c-a3b544c7c907,2026-08-23,31
Studio Delux with Sea View - 1130,81472ca4-6a22-409d-9185-f748b4dc3b28,eb9fb6bd-6217-4618-a83c-a3b544c7c907,2026-08-24,31
Studio Delux with Sea View - 1130,81472ca4-6a22-409d-9185-f748b4dc3b28,eb9fb6bd-6217-4618-a83c-a3b544c7c907,2026-08-25,31
Studio Delux with Sea View - 1130,81472ca4-6a22-409d-9185-f748b4dc3b28,eb9fb6bd-6217-4618-a83c-a3b544c7c907,2026-08-26,31
Studio Delux with Sea View - 1130,81472ca4-6a22-409d-9185-f748b4dc3b28,eb9fb6bd-6217-4618-a83c-a3b544c7c907,2026-08-27,31
Studio Delux with Sea View - 1130,81472ca4-6a22-409d-9185-f748b4dc3b28,eb9fb6bd-6217-4618-a83c-a3b544c7c907,2026-08-28,31
Studio Delux with Sea View - 1130,81472ca4-6a22-409d-9185-f748b4dc3b28,eb9fb6bd-6217-4618-a83c-a3b544c7c907,2026-08-29,31
Studio Delux with Sea View - 1130,81472ca4-6a22-409d-9185-f748b4dc3b28,eb9fb6bd-6217-4618-a83c-a3b544c7c907,2026-08-30,31
Studio Delux with Sea View - 1130,81472ca4-6a22-409d-9185-f748b4dc3b28,eb9fb6bd-6217-4618-a83c-a3b544c7c907,2026-08-31,31
Studio Delux with Sea View - 1130,81472ca4-6a22-409d-9185-f748b4dc3b28,eb9fb6bd-6217-4618-a83c-a3b544c7c907,2026-09-01,31
Studio Delux with Sea View - 1130,81472ca4-6a22-409d-9185-f748b4dc3b28,eb9fb6bd-6217-4618-a83c-a3b544c7c907,2026-09-02,31
Studio Delux with Sea View - 1130,81472ca4-6a22-409d-9185-f748b4dc3b28,eb9fb6bd-6217-4618-a83c-a3b544c7c907,2026-09-03,31
Studio Delux with Sea View - 1130,81472ca4-6a22-409d-9185-f748b4dc3b28,eb9fb6bd-6217-4618-a83c-a3b544c7c907,2026-09-04,31
Studio Delux with Sea View - 1130,81472ca4-6a22-409d-9185-f748b4dc3b28,eb9fb6bd-6217-4618-a83c-a3b544c7c907,2026-09-05,31
Studio Delux with Sea View - 1130,81472ca4-6a22-409d-9185-f748b4dc3b28,eb9fb6bd-6217-4618-a83c-a3b544c7c907,2026-09-06,31
Studio Delux with Sea View - 1130,81472ca4-6a22-409d-9185-f748b4dc3b28,eb9fb6bd-6217-4618-a83c-a3b544c7c907,2026-09-07,31
Studio Delux with Sea View - 1130,81472ca4-6a22-409d-9185-f748b4dc3b28,eb9fb6bd-6217-4618-a83c-a3b544c7c907,2026-09-08,31
Studio Delux with Sea View - 1130,81472ca4-6a22-409d-9185-f748b4dc3b28,eb9fb6bd-6217-4618-a83c-a3b544c7c907,2026-09-09,31
Studio Delux with Sea View - 1130,81472ca4-6a22-409d-9185-f748b4dc3b28,eb9fb6bd-6217-4618-a83c-a3b544c7c907,2026-09-10,31
Studio Delux with Sea View - 1130,81472ca4-6a22-409d-9185-f748b4dc3b28,eb9fb6bd-6217-4618-a83c-a3b544c7c907,2026-09-11,31
Studio Delux with Sea View - 1130,81472ca4-6a22-409d-9185-f748b4dc3b28,eb9fb6bd-6217-4618-a83c-a3b544c7c907,2026-09-12,31
Studio Delux with Sea View - 1130,81472ca4-6a22-409d-9185-f748b4dc3b28,eb9fb6bd-6217-4618-a83c-a3b544c7c907,2026-09-13,31
Studio Delux with Sea View - 1130,81472ca4-6a22-409d-9185-f748b4dc3b28,eb9fb6bd-6217-4618-a83c-a3b544c7c907,2026-09-14,31
Studio Delux with Sea View - 1130,81472ca4-6a22-409d-9185-f748b4dc3b28,eb9fb6bd-6217-4618-a83c-a3b544c7c907,2026-09-15,31
Studio Delux with Sea View - 1130,81472ca4-6a22-409d-9185-f748b4dc3b28,eb9fb6bd-6217-4618-a83c-a3b544c7c907,2026-09-16,31
Studio Delux with Sea View - 1130,81472ca4-6a22-409d-9185-f748b4dc3b28,eb9fb6bd-6217-4618-a83c-a3b544c7c907,2026-09-17,31
Studio Delux with Sea View - 1130,81472ca4-6a22-409d-9185-f748b4dc3b28,eb9fb6bd-6217-4618-a83c-a3b544c7c907,2026-09-18,31
Studio Delux with Sea View - 1130,81472ca4-6a22-409d-9185-f748b4dc3b28,eb9fb6bd-6217-4618-a83c-a3b544c7c907,2026-09-19,31
Studio Delux with Sea View - 1130,81472ca4-6a22-409d-9185-f748b4dc3b28,eb9fb6bd-6217-4618-a83c-a3b544c7c907,2026-09-20,31
Studio Delux with Sea View - 1130,81472ca4-6a22-409d-9185-f748b4dc3b28,eb9fb6bd-6217-4618-a83c-a3b544c7c907,2026-09-21,31
Studio Delux with Sea View - 1130,81472ca4-6a22-409d-9185-f748b4dc3b28,eb9fb6bd-6217-4618-a83c-a3b544c7c907,2026-09-22,31
Studio Delux with Sea View - 1130,81472ca4-6a22-409d-9185-f748b4dc3b28,eb9fb6bd-6217-4618-a83c-a3b544c7c907,2026-09-23,31
Studio Delux with Sea View - 1130,81472ca4-6a22-409d-9185-f748b4dc3b28,eb9fb6bd-6217-4618-a83c-a3b544c7c907,2026-09-24,31
Studio Delux with Sea View - 1130,81472ca4-6a22-409d-9185-f748b4dc3b28,eb9fb6bd-6217-4618-a83c-a3b544c7c907,2026-09-25,31
Studio Delux with Sea View - 1130,81472ca4-6a22-409d-9185-f748b4dc3b28,eb9fb6bd-6217-4618-a83c-a3b544c7c907,2026-09-26,31
Studio Delux with Sea View - 1130,81472ca4-6a22-409d-9185-f748b4dc3b28,eb9fb6bd-6217-4618-a83c-a3b544c7c907,2026-09-27,31
Studio Delux with Sea View - 1130,81472ca4-6a22-409d-9185-f748b4dc3b28,eb9fb6bd-6217-4618-a83c-a3b544c7c907,2026-09-28,31
Studio Delux with Sea View - 1130,81472ca4-6a22-409d-9185-f748b4dc3b28,eb9fb6bd-6217-4618-a83c-a3b544c7c907,2026-09-29,31
Studio Delux with Sea View - 1130,81472ca4-6a22-409d-9185-f748b4dc3b28,eb9fb6bd-6217-4618-a83c-a3b544c7c907,2026-09-30,31
Studio Delux with Sea View - 1130,81472ca4-6a22-409d-9185-f748b4dc3b28,eb9fb6bd-6217-4618-a83c-a3b544c7c907,2026-10-01,31
Studio Delux with Sea View - 1130,81472ca4-6a22-409d-9185-f748b4dc3b28,eb9fb6bd-6217-4618-a83c-a3b544c7c907,2026-10-02,31
Studio Delux with Sea View - 1130,81472ca4-6a22-409d-9185-f748b4dc3b28,eb9fb6bd-6217-4618-a83c-a3b544c7c907,2026-10-03,31
Studio Delux with Sea View - 1130,81472ca4-6a22-409d-9185-f748b4dc3b28,eb9fb6bd-6217-4618-a83c-a3b544c7c907,2026-10-04,31
Studio Delux with Sea View - 1130,81472ca4-6a22-409d-9185-f748b4dc3b28,eb9fb6bd-6217-4618-a83c-a3b544c7c907,2026-10-05,31
Studio Delux with Sea View - 1130,81472ca4-6a22-409d-9185-f748b4dc3b28,eb9fb6bd-6217-4618-a83c-a3b544c7c907,2026-10-06,31
Studio Delux with Sea View - 1130,81472ca4-6a22-409d-9185-f748b4dc3b28,eb9fb6bd-6217-4618-a83c-a3b544c7c907,2026-10-07,31
Studio Delux with Sea View - 1130,81472ca4-6a22-409d-9185-f748b4dc3b28,eb9fb6bd-6217-4618-a83c-a3b544c7c907,2026-10-08,31
Studio Delux with Sea View - 1130,81472ca4-6a22-409d-9185-f748b4dc3b28,eb9fb6bd-6217-4618-a83c-a3b544c7c907,2026-10-09,31
Studio Delux with Sea View - 1130,81472ca4-6a22-409d-9185-f748b4dc3b28,eb9fb6bd-6217-4618-a83c-a3b544c7c907,2026-10-10,31
Studio Delux with Sea View - 1130,81472ca4-6a22-409d-9185-f748b4dc3b28,eb9fb6bd-6217-4618-a83c-a3b544c7c907,2026-10-11,31
Studio Delux with Sea View - 1130,81472ca4-6a22-409d-9185-f748b4dc3b28,eb9fb6bd-6217-4618-a83c-a3b544c7c907,2026-10-12,31
Studio Delux with Sea View - 1130,81472ca4-6a22-409d-9185-f748b4dc3b28,eb9fb6bd-6217-4618-a83c-a3b544c7c907,2026-10-13,31
Studio Delux with Sea View - 1130,81472ca4-6a22-409d-9185-f748b4dc3b28,eb9fb6bd-6217-4618-a83c-a3b544c7c907,2026-10-14,31
Studio Delux with Sea View - 1130,81472ca4-6a22-409d-9185-f748b4dc3b28,eb9fb6bd-6217-4618-a83c-a3b544c7c907,2026-10-15,31
Studio Delux with Sea View - 1130,81472ca4-6a22-409d-9185-f748b4dc3b28,eb9fb6bd-6217-4618-a83c-a3b544c7c907,2026-10-16,31
Studio Delux with Sea View - 1130,81472ca4-6a22-409d-9185-f748b4dc3b28,eb9fb6bd-6217-4618-a83c-a3b544c7c907,2026-10-17,31
Studio Delux with Sea View - 1130,81472ca4-6a22-409d-9185-f748b4dc3b28,eb9fb6bd-6217-4618-a83c-a3b544c7c907,2026-10-18,31
Studio Delux with Sea View - 1130,81472ca4-6a22-409d-9185-f748b4dc3b28,eb9fb6bd-6217-4618-a83c-a3b544c7c907,2026-10-19,31
Studio Delux with Sea View - 1130,81472ca4-6a22-409d-9185-f748b4dc3b28,eb9fb6bd-6217-4618-a83c-a3b544c7c907,2026-10-20,31
Studio Delux with Sea View - 1130,81472ca4-6a22-409d-9185-f748b4dc3b28,eb9fb6bd-6217-4618-a83c-a3b544c7c907,2026-10-21,31
Studio Delux with Sea View - 1130,81472ca4-6a22-409d-9185-f748b4dc3b28,eb9fb6bd-6217-4618-a83c-a3b544c7c907,2026-10-22,31
Studio Delux with Sea View - 1130,81472ca4-6a22-409d-9185-f748b4dc3b28,eb9fb6bd-6217-4618-a83c-a3b544c7c907,2026-10-23,31
Studio Delux with Sea View - 1130,81472ca4-6a22-409d-9185-f748b4dc3b28,eb9fb6bd-6217-4618-a83c-a3b544c7c907,2026-10-24,31
Studio Delux with Sea View - 1130,81472ca4-6a22-409d-9185-f748b4dc3b28,eb9fb6bd-6217-4618-a83c-a3b544c7c907,2026-10-25,31
Studio Delux with Sea View - 1130,81472ca4-6a22-409d-9185-f748b4dc3b28,eb9fb6bd-6217-4618-a83c-a3b544c7c907,2026-10-26,31
Studio Delux with Sea View - 1130,81472ca4-6a22-409d-9185-f748b4dc3b28,eb9fb6bd-6217-4618-a83c-a3b544c7c907,2026-10-27,31
Studio Delux with Sea View - 1130,81472ca4-6a22-409d-9185-f748b4dc3b28,eb9fb6bd-6217-4618-a83c-a3b544c7c907,2026-10-28,31
Studio Delux with Sea View - 1130,81472ca4-6a22-409d-9185-f748b4dc3b28,eb9fb6bd-6217-4618-a83c-a3b544c7c907,2026-10-29,31
Studio Delux with Sea View - 1130,81472ca4-6a22-409d-9185-f748b4dc3b28,eb9fb6bd-6217-4618-a83c-a3b544c7c907,2026-10-30,31
Studio Delux with Sea View - 1130,81472ca4-6a22-409d-9185-f748b4dc3b28,eb9fb6bd-6217-4618-a83c-a3b544c7c907,2026-10-31,31
Studio Delux with Sea View - 1130,81472ca4-6a22-409d-9185-f748b4dc3b28,eb9fb6bd-6217-4618-a83c-a3b544c7c907,2026-11-01,31
Studio Delux with Sea View - 1130,81472ca4-6a22-409d-9185-f748b4dc3b28,eb9fb6bd-6217-4618-a83c-a3b544c7c907,2026-11-02,31
Studio Delux with Sea View - 1130,81472ca4-6a22-409d-9185-f748b4dc3b28,eb9fb6bd-6217-4618-a83c-a3b544c7c907,2026-11-03,31
Studio Delux with Sea View - 1130,81472ca4-6a22-409d-9185-f748b4dc3b28,eb9fb6bd-6217-4618-a83c-a3b544c7c907,2026-11-04,31
Studio Delux with Sea View - 1130,81472ca4-6a22-409d-9185-f748b4dc3b28,eb9fb6bd-6217-4618-a83c-a3b544c7c907,2026-11-05,31
Studio Delux with Sea View - 1130,81472ca4-6a22-409d-9185-f748b4dc3b28,eb9fb6bd-6217-4618-a83c-a3b544c7c907,2026-11-06,31
Studio Delux with Sea View - 1130,81472ca4-6a22-409d-9185-f748b4dc3b28,eb9fb6bd-6217-4618-a83c-a3b544c7c907,2026-11-07,31
Studio Delux with Sea View - 1130,81472ca4-6a22-409d-9185-f748b4dc3b28,eb9fb6bd-6217-4618-a83c-a3b544c7c907,2026-11-08,31
Studio Delux with Sea View - 1130,81472ca4-6a22-409d-9185-f748b4dc3b28,eb9fb6bd-6217-4618-a83c-a3b544c7c907,2026-11-09,31
Studio Delux with Sea View - 1130,81472ca4-6a22-409d-9185-f748b4dc3b28,eb9fb6bd-6217-4618-a83c-a3b544c7c907,2026-11-10,31
Studio Delux with Sea View - 1130,81472ca4-6a22-409d-9185-f748b4dc3b28,eb9fb6bd-6217-4618-a83c-a3b544c7c907,2026-11-11,31
Studio Delux with Sea View - 1130,81472ca4-6a22-409d-9185-f748b4dc3b28,eb9fb6bd-6217-4618-a83c-a3b544c7c907,2026-11-12,31
Studio Delux with Sea View - 1130,81472ca4-6a22-409d-9185-f748b4dc3b28,eb9fb6bd-6217-4618-a83c-a3b544c7c907,2026-11-13,31
Studio Delux with Sea View - 1130,81472ca4-6a22-409d-9185-f748b4dc3b28,eb9fb6bd-6217-4618-a83c-a3b544c7c907,2026-11-14,31
Studio Delux with Sea View - 1130,81472ca4-6a22-409d-9185-f748b4dc3b28,eb9fb6bd-6217-4618-a83c-a3b544c7c907,2026-11-15,31
Studio Delux with Sea View - 1130,81472ca4-6a22-409d-9185-f748b4dc3b28,eb9fb6bd-6217-4618-a83c-a3b544c7c907,2026-11-16,31
Studio Delux with Sea View - 1130,81472ca4-6a22-409d-9185-f748b4dc3b28,eb9fb6bd-6217-4618-a83c-a3b544c7c907,2026-11-17,31
Studio Delux with Sea View - 1130,81472ca4-6a22-409d-9185-f748b4dc3b28,eb9fb6bd-6217-4618-a83c-a3b544c7c907,2026-11-18,31
Studio Delux with Sea View - 1130,81472ca4-6a22-409d-9185-f748b4dc3b28,eb9fb6bd-6217-4618-a83c-a3b544c7c907,2026-11-19,31
Studio Delux with Sea View - 1130,81472ca4-6a22-409d-9185-f748b4dc3b28,eb9fb6bd-6217-4618-a83c-a3b544c7c907,2026-11-20,31
Studio Delux with Sea View - 1130,81472ca4-6a22-409d-9185-f748b4dc3b28,eb9fb6bd-6217-4618-a83c-a3b544c7c907,2026-11-21,31
Studio Delux with Sea View - 1130,81472ca4-6a22-409d-9185-f748b4dc3b28,eb9fb6bd-6217-4618-a83c-a3b544c7c907,2026-11-22,31
Studio Delux with Sea View - 1130,81472ca4-6a22-409d-9185-f748b4dc3b28,eb9fb6bd-6217-4618-a83c-a3b544c7c907,2026-11-23,31
Studio Delux with Sea View - 1130,81472ca4-6a22-409d-9185-f748b4dc3b28,eb9fb6bd-6217-4618-a83c-a3b544c7c907,2026-11-24,31
Studio Delux with Sea View - 1130,81472ca4-6a22-409d-9185-f748b4dc3b28,eb9fb6bd-6217-4618-a83c-a3b544c7c907,2026-11-25,31
Studio Delux with Sea View - 1130,81472ca4-6a22-409d-9185-f748b4dc3b28,eb9fb6bd-6217-4618-a83c-a3b544c7c907,2026-11-26,31
Studio Delux with Sea View - 1130,81472ca4-6a22-409d-9185-f748b4dc3b28,eb9fb6bd-6217-4618-a83c-a3b544c7c907,2026-11-27,31
Studio Delux with Sea View - 1130,81472ca4-6a22-409d-9185-f748b4dc3b28,eb9fb6bd-6217-4618-a83c-a3b544c7c907,2026-11-28,31
Studio Delux with Sea View - 1130,81472ca4-6a22-409d-9185-f748b4dc3b28,eb9fb6bd-6217-4618-a83c-a3b544c7c907,2026-11-29,31
Studio Delux with Sea View - 1130,81472ca4-6a22-409d-9185-f748b4dc3b28,eb9fb6bd-6217-4618-a83c-a3b544c7c907,2026-11-30,31
Studio Delux with Sea View - 1130,81472ca4-6a22-409d-9185-f748b4dc3b28,eb9fb6bd-6217-4618-a83c-a3b544c7c907,2026-12-01,31
Studio Delux with Sea View - 1130,81472ca4-6a22-409d-9185-f748b4dc3b28,eb9fb6bd-6217-4618-a83c-a3b544c7c907,2026-12-02,31
Studio Delux with Sea View - 1130,81472ca4-6a22-409d-9185-f748b4dc3b28,eb9fb6bd-6217-4618-a83c-a3b544c7c907,2026-12-03,31
Studio Delux with Sea View - 1130,81472ca4-6a22-409d-9185-f748b4dc3b28,eb9fb6bd-6217-4618-a83c-a3b544c7c907,2026-12-04,31
Studio Delux with Sea View - 1130,81472ca4-6a22-409d-9185-f748b4dc3b28,eb9fb6bd-6217-4618-a83c-a3b544c7c907,2026-12-05,31
Studio Delux with Sea View - 1130,81472ca4-6a22-409d-9185-f748b4dc3b28,eb9fb6bd-6217-4618-a83c-a3b544c7c907,2026-12-06,31
Studio Delux with Sea View - 1130,81472ca4-6a22-409d-9185-f748b4dc3b28,eb9fb6bd-6217-4618-a83c-a3b544c7c907,2026-12-07,31
Studio Delux with Sea View - 1130,81472ca4-6a22-409d-9185-f748b4dc3b28,eb9fb6bd-6217-4618-a83c-a3b544c7c907,2026-12-08,31
Studio Delux with Sea View - 1130,81472ca4-6a22-409d-9185-f748b4dc3b28,eb9fb6bd-6217-4618-a83c-a3b544c7c907,2026-12-09,31
Studio Delux with Sea View - 1130,81472ca4-6a22-409d-9185-f748b4dc3b28,eb9fb6bd-6217-4618-a83c-a3b544c7c907,2026-12-10,31
Studio Delux with Sea View - 1130,81472ca4-6a22-409d-9185-f748b4dc3b28,eb9fb6bd-6217-4618-a83c-a3b544c7c907,2026-12-11,31
Studio Delux with Sea View - 1130,81472ca4-6a22-409d-9185-f748b4dc3b28,eb9fb6bd-6217-4618-a83c-a3b544c7c907,2026-12-12,31
Studio Delux with Sea View - 1130,81472ca4-6a22-409d-9185-f748b4dc3b28,eb9fb6bd-6217-4618-a83c-a3b544c7c907,2026-12-13,31
Studio Delux with Sea View - 1130,81472ca4-6a22-409d-9185-f748b4dc3b28,eb9fb6bd-6217-4618-a83c-a3b544c7c907,2026-12-14,31
Studio Delux with Sea View - 1130,81472ca4-6a22-409d-9185-f748b4dc3b28,eb9fb6bd-6217-4618-a83c-a3b544c7c907,2026-12-15,31
Studio Delux with Sea View - 1130,81472ca4-6a22-409d-9185-f748b4dc3b28,eb9fb6bd-6217-4618-a83c-a3b544c7c907,2026-12-16,31
Studio Delux with Sea View - 1130,81472ca4-6a22-409d-9185-f748b4dc3b28,eb9fb6bd-6217-4618-a83c-a3b544c7c907,2026-12-17,31
Studio Delux with Sea View - 1130,81472ca4-6a22-409d-9185-f748b4dc3b28,eb9fb6bd-6217-4618-a83c-a3b544c7c907,2026-12-18,31
Studio Delux with Sea View - 1130,81472ca4-6a22-409d-9185-f748b4dc3b28,eb9fb6bd-6217-4618-a83c-a3b544c7c907,2026-12-19,31
Studio Delux with Sea View - 1130,81472ca4-6a22-409d-9185-f748b4dc3b28,eb9fb6bd-6217-4618-a83c-a3b544c7c907,2026-12-20,31
Studio Delux with Sea View - 1130,81472ca4-6a22-409d-9185-f748b4dc3b28,eb9fb6bd-6217-4618-a83c-a3b544c7c907,2026-12-21,31
Studio Delux with Sea View - 1130,81472ca4-6a22-409d-9185-f748b4dc3b28,eb9fb6bd-6217-4618-a83c-a3b544c7c907,2026-12-22,31
Studio Delux with Sea View - 1130,81472ca4-6a22-409d-9185-f748b4dc3b28,eb9fb6bd-6217-4618-a83c-a3b544c7c907,2026-12-23,31
Studio Delux with Sea View - 1130,81472ca4-6a22-409d-9185-f748b4dc3b28,eb9fb6bd-6217-4618-a83c-a3b544c7c907,2026-12-24,31
Studio Delux with Sea View - 1130,81472ca4-6a22-409d-9185-f748b4dc3b28,eb9fb6bd-6217-4618-a83c-a3b544c7c907,2026-12-25,31
Studio Delux with Sea View - 1130,81472ca4-6a22-409d-9185-f748b4dc3b28,eb9fb6bd-6217-4618-a83c-a3b544c7c907,2026-12-26,31
Studio Delux with Sea View - 1130,81472ca4-6a22-409d-9185-f748b4dc3b28,eb9fb6bd-6217-4618-a83c-a3b544c7c907,2026-12-27,31
Studio Delux with Sea View - 1130,81472ca4-6a22-409d-9185-f748b4dc3b28,eb9fb6bd-6217-4618-a83c-a3b544c7c907,2026-12-28,31
Studio Delux with Sea View - 1130,81472ca4-6a22-409d-9185-f748b4dc3b28,eb9fb6bd-6217-4618-a83c-a3b544c7c907,2026-12-29,31
Studio Delux with Sea View - 1130,81472ca4-6a22-409d-9185-f748b4dc3b28,eb9fb6bd-6217-4618-a83c-a3b544c7c907,2026-12-30,31
Studio Delux with Sea View - 1130,81472ca4-6a22-409d-9185-f748b4dc3b28,eb9fb6bd-6217-4618-a83c-a3b544c7c907,2026-12-31,31
Studio Delux with Sea View - 1130,81472ca4-6a22-409d-9185-f748b4dc3b28,eb9fb6bd-6217-4618-a83c-a3b544c7c907,2027-01-01,31
Studio Delux with Sea View - 1130,81472ca4-6a22-409d-9185-f748b4dc3b28,eb9fb6bd-6217-4618-a83c-a3b544c7c907,2027-01-02,31
Studio Delux with Sea View - 1130,81472ca4-6a22-409d-9185-f748b4dc3b28,eb9fb6bd-6217-4618-a83c-a3b544c7c907,2027-01-03,31
Studio Delux with Sea View - 1130,81472ca4-6a22-409d-9185-f748b4dc3b28,eb9fb6bd-6217-4618-a83c-a3b544c7c907,2027-01-04,31
Studio Delux with Sea View - 1130,81472ca4-6a22-409d-9185-f748b4dc3b28,eb9fb6bd-6217-4618-a83c-a3b544c7c907,2027-01-05,31
Studio Delux with Sea View - 1130,81472ca4-6a22-409d-9185-f748b4dc3b28,eb9fb6bd-6217-4618-a83c-a3b544c7c907,2027-01-06,31
Studio Delux with Sea View - 1130,81472ca4-6a22-409d-9185-f748b4dc3b28,eb9fb6bd-6217-4618-a83c-a3b544c7c907,2027-01-07,31
Studio Delux with Sea View - 1130,81472ca4-6a22-409d-9185-f748b4dc3b28,eb9fb6bd-6217-4618-a83c-a3b544c7c907,2027-01-08,31
Studio Delux with Sea View - 1130,81472ca4-6a22-409d-9185-f748b4dc3b28,eb9fb6bd-6217-4618-a83c-a3b544c7c907,2027-01-09,31
Studio Delux with Sea View - 1130,81472ca4-6a22-409d-9185-f748b4dc3b28,eb9fb6bd-6217-4618-a83c-a3b544c7c907,2027-01-10,31
Studio Delux with Sea View - 1130,81472ca4-6a22-409d-9185-f748b4dc3b28,eb9fb6bd-6217-4618-a83c-a3b544c7c907,2027-01-11,31
Studio Delux with Sea View - 1130,81472ca4-6a22-409d-9185-f748b4dc3b28,eb9fb6bd-6217-4618-a83c-a3b544c7c907,2027-01-12,31
Studio Delux with Sea View - 1130,81472ca4-6a22-409d-9185-f748b4dc3b28,eb9fb6bd-6217-4618-a83c-a3b544c7c907,2027-01-13,31
Studio Delux with Sea View - 1130,81472ca4-6a22-409d-9185-f748b4dc3b28,eb9fb6bd-6217-4618-a83c-a3b544c7c907,2027-01-14,31
Studio Delux with Sea View - 1130,81472ca4-6a22-409d-9185-f748b4dc3b28,eb9fb6bd-6217-4618-a83c-a3b544c7c907,2027-01-15,31
Studio Delux with Sea View - 1130,81472ca4-6a22-409d-9185-f748b4dc3b28,eb9fb6bd-6217-4618-a83c-a3b544c7c907,2027-01-16,31
Studio Delux with Sea View - 1130,81472ca4-6a22-409d-9185-f748b4dc3b28,eb9fb6bd-6217-4618-a83c-a3b544c7c907,2027-01-17,31
Studio Delux with Sea View - 1130,81472ca4-6a22-409d-9185-f748b4dc3b28,eb9fb6bd-6217-4618-a83c-a3b544c7c907,2027-01-18,31
Studio Delux with Sea View - 1130,81472ca4-6a22-409d-9185-f748b4dc3b28,eb9fb6bd-6217-4618-a83c-a3b544c7c907,2027-01-19,31
Studio Delux with Sea View - 1130,81472ca4-6a22-409d-9185-f748b4dc3b28,eb9fb6bd-6217-4618-a83c-a3b544c7c907,2027-01-20,31
Studio Delux with Sea View - 1130,81472ca4-6a22-409d-9185-f748b4dc3b28,eb9fb6bd-6217-4618-a83c-a3b544c7c907,2027-01-21,31
Studio Delux with Sea View - 1130,81472ca4-6a22-409d-9185-f748b4dc3b28,eb9fb6bd-6217-4618-a83c-a3b544c7c907,2027-01-22,31
Studio Delux with Sea View - 1130,81472ca4-6a22-409d-9185-f748b4dc3b28,eb9fb6bd-6217-4618-a83c-a3b544c7c907,2027-01-23,31
Studio Delux with Sea View - 1130,81472ca4-6a22-409d-9185-f748b4dc3b28,eb9fb6bd-6217-4618-a83c-a3b544c7c907,2027-01-24,31
Studio Delux with Sea View - 1130,81472ca4-6a22-409d-9185-f748b4dc3b28,eb9fb6bd-6217-4618-a83c-a3b544c7c907,2027-01-25,31
Studio Delux with Sea View - 1130,81472ca4-6a22-409d-9185-f748b4dc3b28,eb9fb6bd-6217-4618-a83c-a3b544c7c907,2027-01-26,31
Studio Delux with Sea View - 1130,81472ca4-6a22-409d-9185-f748b4dc3b28,eb9fb6bd-6217-4618-a83c-a3b544c7c907,2027-01-27,31
Studio Delux with Sea View - 1130,81472ca4-6a22-409d-9185-f748b4dc3b28,eb9fb6bd-6217-4618-a83c-a3b544c7c907,2027-01-28,31
Studio Delux with Sea View - 1130,81472ca4-6a22-409d-9185-f748b4dc3b28,eb9fb6bd-6217-4618-a83c-a3b544c7c907,2027-01-29,31
Studio Delux with Sea View - 1130,81472ca4-6a22-409d-9185-f748b4dc3b28,eb9fb6bd-6217-4618-a83c-a3b544c7c907,2027-01-30,31
Studio Delux with Sea View - 1130,81472ca4-6a22-409d-9185-f748b4dc3b28,eb9fb6bd-6217-4618-a83c-a3b544c7c907,2027-01-31,31
Studio Delux with Sea View - 1130,81472ca4-6a22-409d-9185-f748b4dc3b28,eb9fb6bd-6217-4618-a83c-a3b544c7c907,2027-02-01,31
Studio Delux with Sea View - 1130,81472ca4-6a22-409d-9185-f748b4dc3b28,eb9fb6bd-6217-4618-a83c-a3b544c7c907,2027-02-02,31
Studio Delux with Sea View - 1130,81472ca4-6a22-409d-9185-f748b4dc3b28,eb9fb6bd-6217-4618-a83c-a3b544c7c907,2027-02-03,31
Studio Delux with Sea View - 1130,81472ca4-6a22-409d-9185-f748b4dc3b28,eb9fb6bd-6217-4618-a83c-a3b544c7c907,2027-02-04,31
Studio Delux with Sea View - 1130,81472ca4-6a22-409d-9185-f748b4dc3b28,eb9fb6bd-6217-4618-a83c-a3b544c7c907,2027-02-05,31
Studio Delux with Sea View - 1130,81472ca4-6a22-409d-9185-f748b4dc3b28,eb9fb6bd-6217-4618-a83c-a3b544c7c907,2027-02-06,31
Studio Delux with Sea View - 1130,81472ca4-6a22-409d-9185-f748b4dc3b28,eb9fb6bd-6217-4618-a83c-a3b544c7c907,2027-02-07,31
Studio Delux with Sea View - 1130,81472ca4-6a22-409d-9185-f748b4dc3b28,eb9fb6bd-6217-4618-a83c-a3b544c7c907,2027-02-08,31
Studio Delux with Sea View - 1130,81472ca4-6a22-409d-9185-f748b4dc3b28,eb9fb6bd-6217-4618-a83c-a3b544c7c907,2027-02-09,31
Studio Delux with Sea View - 1130,81472ca4-6a22-409d-9185-f748b4dc3b28,eb9fb6bd-6217-4618-a83c-a3b544c7c907,2027-02-10,31
Studio Delux with Sea View - 1130,81472ca4-6a22-409d-9185-f748b4dc3b28,eb9fb6bd-6217-4618-a83c-a3b544c7c907,2027-02-11,31
Studio Delux with Sea View - 1130,81472ca4-6a22-409d-9185-f748b4dc3b28,eb9fb6bd-6217-4618-a83c-a3b544c7c907,2027-02-12,31
Studio Delux with Sea View - 1130,81472ca4-6a22-409d-9185-f748b4dc3b28,eb9fb6bd-6217-4618-a83c-a3b544c7c907,2027-02-13,31
Studio Delux with Sea View - 1130,81472ca4-6a22-409d-9185-f748b4dc3b28,eb9fb6bd-6217-4618-a83c-a3b544c7c907,2027-02-14,31
Studio Delux with Sea View - 1130,81472ca4-6a22-409d-9185-f748b4dc3b28,eb9fb6bd-6217-4618-a83c-a3b544c7c907,2027-02-15,31
Studio Delux with Sea View - 1130,81472ca4-6a22-409d-9185-f748b4dc3b28,eb9fb6bd-6217-4618-a83c-a3b544c7c907,2027-02-16,31
Studio Delux with Sea View - 1130,81472ca4-6a22-409d-9185-f748b4dc3b28,eb9fb6bd-6217-4618-a83c-a3b544c7c907,2027-02-17,31
Studio Delux with Sea View - 1130,81472ca4-6a22-409d-9185-f748b4dc3b28,eb9fb6bd-6217-4618-a83c-a3b544c7c907,2027-02-18,31
Studio Delux with Sea View - 1130,81472ca4-6a22-409d-9185-f748b4dc3b28,eb9fb6bd-6217-4618-a83c-a3b544c7c907,2027-02-19,31
Studio Delux with Sea View - 1130,81472ca4-6a22-409d-9185-f748b4dc3b28,eb9fb6bd-6217-4618-a83c-a3b544c7c907,2027-02-20,31
Studio Delux with Sea View - 1130,81472ca4-6a22-409d-9185-f748b4dc3b28,eb9fb6bd-6217-4618-a83c-a3b544c7c907,2027-02-21,31
Studio Delux with Sea View - 1130,81472ca4-6a22-409d-9185-f748b4dc3b28,eb9fb6bd-6217-4618-a83c-a3b544c7c907,2027-02-22,31
Studio Delux with Sea View - 1130,81472ca4-6a22-409d-9185-f748b4dc3b28,eb9fb6bd-6217-4618-a83c-a3b544c7c907,2027-02-23,31
Studio Delux with Sea View - 1130,81472ca4-6a22-409d-9185-f748b4dc3b28,eb9fb6bd-6217-4618-a83c-a3b544c7c907,2027-02-24,31
Studio Delux with Sea View - 1130,81472ca4-6a22-409d-9185-f748b4dc3b28,eb9fb6bd-6217-4618-a83c-a3b544c7c907,2027-02-25,31
Studio Delux with Sea View - 1130,81472ca4-6a22-409d-9185-f748b4dc3b28,eb9fb6bd-6217-4618-a83c-a3b544c7c907,2027-02-26,31
Studio Delux with Sea View - 1130,81472ca4-6a22-409d-9185-f748b4dc3b28,eb9fb6bd-6217-4618-a83c-a3b544c7c907,2027-02-27,31
Studio Delux with Sea View - 1130,81472ca4-6a22-409d-9185-f748b4dc3b28,eb9fb6bd-6217-4618-a83c-a3b544c7c907,2027-02-28,31
Studio Delux with Sea View - 1130,81472ca4-6a22-409d-9185-f748b4dc3b28,eb9fb6bd-6217-4618-a83c-a3b544c7c907,2027-03-01,31
Studio Delux with Sea View - 1130,81472ca4-6a22-409d-9185-f748b4dc3b28,eb9fb6bd-6217-4618-a83c-a3b544c7c907,2027-03-02,31
Studio Delux with Sea View - 1130,81472ca4-6a22-409d-9185-f748b4dc3b28,eb9fb6bd-6217-4618-a83c-a3b544c7c907,2027-03-03,31
Studio Delux with Sea View - 1130,81472ca4-6a22-409d-9185-f748b4dc3b28,eb9fb6bd-6217-4618-a83c-a3b544c7c907,2027-03-04,31
Studio Delux with Sea View - 1130,81472ca4-6a22-409d-9185-f748b4dc3b28,eb9fb6bd-6217-4618-a83c-a3b544c7c907,2027-03-05,31
Studio Delux with Sea View - 1130,81472ca4-6a22-409d-9185-f748b4dc3b28,eb9fb6bd-6217-4618-a83c-a3b544c7c907,2027-03-06,31
Studio Delux with Sea View - 1130,81472ca4-6a22-409d-9185-f748b4dc3b28,eb9fb6bd-6217-4618-a83c-a3b544c7c907,2027-03-07,31
Studio Delux with Sea View - 1130,81472ca4-6a22-409d-9185-f748b4dc3b28,eb9fb6bd-6217-4618-a83c-a3b544c7c907,2027-03-08,31
Studio Delux with Sea View - 1130,81472ca4-6a22-409d-9185-f748b4dc3b28,eb9fb6bd-6217-4618-a83c-a3b544c7c907,2027-03-09,31
Studio Delux with Sea View - 1130,81472ca4-6a22-409d-9185-f748b4dc3b28,eb9fb6bd-6217-4618-a83c-a3b544c7c907,2027-03-10,31
Studio Delux with Sea View - 1130,81472ca4-6a22-409d-9185-f748b4dc3b28,eb9fb6bd-6217-4618-a83c-a3b544c7c907,2027-03-11,31
Studio Delux with Sea View - 1130,81472ca4-6a22-409d-9185-f748b4dc3b28,eb9fb6bd-6217-4618-a83c-a3b544c7c907,2027-03-12,31
Studio Delux with Sea View - 1130,81472ca4-6a22-409d-9185-f748b4dc3b28,eb9fb6bd-6217-4618-a83c-a3b544c7c907,2027-03-13,31
Studio Delux with Sea View - 1130,81472ca4-6a22-409d-9185-f748b4dc3b28,eb9fb6bd-6217-4618-a83c-a3b544c7c907,2027-03-14,31
Studio Delux with Sea View - 1130,81472ca4-6a22-409d-9185-f748b4dc3b28,eb9fb6bd-6217-4618-a83c-a3b544c7c907,2027-03-15,31
Studio Delux with Sea View - 1130,81472ca4-6a22-409d-9185-f748b4dc3b28,eb9fb6bd-6217-4618-a83c-a3b544c7c907,2027-03-16,31
Studio Delux with Sea View - 1130,81472ca4-6a22-409d-9185-f748b4dc3b28,eb9fb6bd-6217-4618-a83c-a3b544c7c907,2027-03-17,31
Studio Delux with Sea View - 1130,81472ca4-6a22-409d-9185-f748b4dc3b28,eb9fb6bd-6217-4618-a83c-a3b544c7c907,2027-03-18,31
Studio Delux with Sea View - 1130,81472ca4-6a22-409d-9185-f748b4dc3b28,eb9fb6bd-6217-4618-a83c-a3b544c7c907,2027-03-19,31
Studio Delux with Sea View - 1130,81472ca4-6a22-409d-9185-f748b4dc3b28,eb9fb6bd-6217-4618-a83c-a3b544c7c907,2027-03-20,31
Studio Delux with Sea View - 1130,81472ca4-6a22-409d-9185-f748b4dc3b28,eb9fb6bd-6217-4618-a83c-a3b544c7c907,2027-03-21,31
Studio Delux with Sea View - 1130,81472ca4-6a22-409d-9185-f748b4dc3b28,eb9fb6bd-6217-4618-a83c-a3b544c7c907,2027-03-22,31
Studio Delux with Sea View - 1130,81472ca4-6a22-409d-9185-f748b4dc3b28,eb9fb6bd-6217-4618-a83c-a3b544c7c907,2027-03-23,31
Studio Delux with Sea View - 1130,81472ca4-6a22-409d-9185-f748b4dc3b28,eb9fb6bd-6217-4618-a83c-a3b544c7c907,2027-03-24,31
Studio Delux with Sea View - 1130,81472ca4-6a22-409d-9185-f748b4dc3b28,eb9fb6bd-6217-4618-a83c-a3b544c7c907,2027-03-25,31
Studio Delux with Sea View - 1130,81472ca4-6a22-409d-9185-f748b4dc3b28,eb9fb6bd-6217-4618-a83c-a3b544c7c907,2027-03-26,31
Studio Delux with Sea View - 1130,81472ca4-6a22-409d-9185-f748b4dc3b28,eb9fb6bd-6217-4618-a83c-a3b544c7c907,2027-03-27,31
Studio Delux with Sea View - 1130,81472ca4-6a22-409d-9185-f748b4dc3b28,eb9fb6bd-6217-4618-a83c-a3b544c7c907,2027-03-28,31
Studio Delux with Sea View - 1130,81472ca4-6a22-409d-9185-f748b4dc3b28,eb9fb6bd-6217-4618-a83c-a3b544c7c907,2027-03-29,31
Studio Delux with Sea View - 1130,81472ca4-6a22-409d-9185-f748b4dc3b28,eb9fb6bd-6217-4618-a83c-a3b544c7c907,2027-03-30,31
Studio Delux with Sea View - 1130,81472ca4-6a22-409d-9185-f748b4dc3b28,eb9fb6bd-6217-4618-a83c-a3b544c7c907,2027-03-31,31
Studio Delux with Sea View - 1130,81472ca4-6a22-409d-9185-f748b4dc3b28,eb9fb6bd-6217-4618-a83c-a3b544c7c907,2027-04-01,31
Studio Delux with Sea View - 1130,81472ca4-6a22-409d-9185-f748b4dc3b28,eb9fb6bd-6217-4618-a83c-a3b544c7c907,2027-04-02,31
Studio Delux with Sea View - 1130,81472ca4-6a22-409d-9185-f748b4dc3b28,eb9fb6bd-6217-4618-a83c-a3b544c7c907,2027-04-03,31
Studio Delux with Sea View - 1130,81472ca4-6a22-409d-9185-f748b4dc3b28,eb9fb6bd-6217-4618-a83c-a3b544c7c907,2027-04-04,31
Studio Delux with Sea View - 1130,81472ca4-6a22-409d-9185-f748b4dc3b28,eb9fb6bd-6217-4618-a83c-a3b544c7c907,2027-04-05,31
Studio Delux with Sea View - 1130,81472ca4-6a22-409d-9185-f748b4dc3b28,eb9fb6bd-6217-4618-a83c-a3b544c7c907,2027-04-06,31
Studio Delux with Sea View - 1130,81472ca4-6a22-409d-9185-f748b4dc3b28,eb9fb6bd-6217-4618-a83c-a3b544c7c907,2027-04-07,31
Studio Delux with Sea View - 1130,81472ca4-6a22-409d-9185-f748b4dc3b28,eb9fb6bd-6217-4618-a83c-a3b544c7c907,2027-04-08,31
Studio Delux with Sea View - 1130,81472ca4-6a22-409d-9185-f748b4dc3b28,eb9fb6bd-6217-4618-a83c-a3b544c7c907,2027-04-09,31
Studio Delux with Sea View - 1130,81472ca4-6a22-409d-9185-f748b4dc3b28,eb9fb6bd-6217-4618-a83c-a3b544c7c907,2027-04-10,31
Studio Delux with Sea View - 1130,81472ca4-6a22-409d-9185-f748b4dc3b28,eb9fb6bd-6217-4618-a83c-a3b544c7c907,2027-04-11,31
Studio Delux with Sea View - 1130,81472ca4-6a22-409d-9185-f748b4dc3b28,eb9fb6bd-6217-4618-a83c-a3b544c7c907,2027-04-12,31
Studio Delux with Sea View - 1130,81472ca4-6a22-409d-9185-f748b4dc3b28,eb9fb6bd-6217-4618-a83c-a3b544c7c907,2027-04-13,31
Studio Delux with Sea View - 1130,81472ca4-6a22-409d-9185-f748b4dc3b28,eb9fb6bd-6217-4618-a83c-a3b544c7c907,2027-04-14,31
Studio Delux with Sea View - 1130,81472ca4-6a22-409d-9185-f748b4dc3b28,eb9fb6bd-6217-4618-a83c-a3b544c7c907,2027-04-15,31
Studio Delux with Sea View - 1130,81472ca4-6a22-409d-9185-f748b4dc3b28,eb9fb6bd-6217-4618-a83c-a3b544c7c907,2027-04-16,31
Studio Delux with Sea View - 1130,81472ca4-6a22-409d-9185-f748b4dc3b28,eb9fb6bd-6217-4618-a83c-a3b544c7c907,2027-04-17,31
Studio Delux with Sea View - 1130,81472ca4-6a22-409d-9185-f748b4dc3b28,eb9fb6bd-6217-4618-a83c-a3b544c7c907,2027-04-18,31
Studio Delux with Sea View - 1130,81472ca4-6a22-409d-9185-f748b4dc3b28,eb9fb6bd-6217-4618-a83c-a3b544c7c907,2027-04-19,31
Studio Delux with Sea View - 1130,81472ca4-6a22-409d-9185-f748b4dc3b28,eb9fb6bd-6217-4618-a83c-a3b544c7c907,2027-04-20,31
Studio Delux with Sea View - 1130,81472ca4-6a22-409d-9185-f748b4dc3b28,eb9fb6bd-6217-4618-a83c-a3b544c7c907,2027-04-21,31
Studio Delux with Sea View - 1130,81472ca4-6a22-409d-9185-f748b4dc3b28,eb9fb6bd-6217-4618-a83c-a3b544c7c907,2027-04-22,31
Studio Delux with Sea View - 1130,81472ca4-6a22-409d-9185-f748b4dc3b28,eb9fb6bd-6217-4618-a83c-a3b544c7c907,2027-04-23,31
Studio Delux with Sea View - 1130,81472ca4-6a22-409d-9185-f748b4dc3b28,eb9fb6bd-6217-4618-a83c-a3b544c7c907,2027-04-24,31
Studio Delux with Sea View - 1130,81472ca4-6a22-409d-9185-f748b4dc3b28,eb9fb6bd-6217-4618-a83c-a3b544c7c907,2027-04-25,31
Studio Delux with Sea View - 1130,81472ca4-6a22-409d-9185-f748b4dc3b28,eb9fb6bd-6217-4618-a83c-a3b544c7c907,2027-04-26,31
Studio Delux with Sea View - 1130,81472ca4-6a22-409d-9185-f748b4dc3b28,eb9fb6bd-6217-4618-a83c-a3b544c7c907,2027-04-27,31
Studio Delux with Sea View - 1130,81472ca4-6a22-409d-9185-f748b4dc3b28,eb9fb6bd-6217-4618-a83c-a3b544c7c907,2027-04-28,31
Studio Delux with Sea View - 1130,81472ca4-6a22-409d-9185-f748b4dc3b28,eb9fb6bd-6217-4618-a83c-a3b544c7c907,2027-04-29,31
Studio Delux with Sea View - 1130,81472ca4-6a22-409d-9185-f748b4dc3b28,eb9fb6bd-6217-4618-a83c-a3b544c7c907,2027-04-30,31
Studio Delux with Sea View - 1130,81472ca4-6a22-409d-9185-f748b4dc3b28,eb9fb6bd-6217-4618-a83c-a3b544c7c907,2027-05-01,31
Studio Delux with Sea View - 1130,81472ca4-6a22-409d-9185-f748b4dc3b28,eb9fb6bd-6217-4618-a83c-a3b544c7c907,2027-05-02,31
Studio Delux with Sea View - 1130,81472ca4-6a22-409d-9185-f748b4dc3b28,eb9fb6bd-6217-4618-a83c-a3b544c7c907,2027-05-03,31
Studio Delux with Sea View - 1130,81472ca4-6a22-409d-9185-f748b4dc3b28,eb9fb6bd-6217-4618-a83c-a3b544c7c907,2027-05-04,31
Studio Delux with Sea View - 1130,81472ca4-6a22-409d-9185-f748b4dc3b28,eb9fb6bd-6217-4618-a83c-a3b544c7c907,2027-05-05,31
Studio Delux with Sea View - 1130,81472ca4-6a22-409d-9185-f748b4dc3b28,eb9fb6bd-6217-4618-a83c-a3b544c7c907,2027-05-06,31
Studio Delux with Sea View - 1130,81472ca4-6a22-409d-9185-f748b4dc3b28,eb9fb6bd-6217-4618-a83c-a3b544c7c907,2027-05-07,31
Studio Delux with Sea View - 1130,81472ca4-6a22-409d-9185-f748b4dc3b28,eb9fb6bd-6217-4618-a83c-a3b544c7c907,2027-05-08,31
Studio Delux with Sea View - 1130,81472ca4-6a22-409d-9185-f748b4dc3b28,eb9fb6bd-6217-4618-a83c-a3b544c7c907,2027-05-09,31
Studio Delux with Sea View - 1130,81472ca4-6a22-409d-9185-f748b4dc3b28,eb9fb6bd-6217-4618-a83c-a3b544c7c907,2027-05-10,31
Studio Delux with Sea View - 1130,81472ca4-6a22-409d-9185-f748b4dc3b28,eb9fb6bd-6217-4618-a83c-a3b544c7c907,2027-05-11,31
Studio Delux with Sea View - 1130,81472ca4-6a22-409d-9185-f748b4dc3b28,eb9fb6bd-6217-4618-a83c-a3b544c7c907,2027-05-12,31
Studio Delux with Sea View - 1130,81472ca4-6a22-409d-9185-f748b4dc3b28,eb9fb6bd-6217-4618-a83c-a3b544c7c907,2027-05-13,31
Studio Delux with Sea View - 1130,81472ca4-6a22-409d-9185-f748b4dc3b28,eb9fb6bd-6217-4618-a83c-a3b544c7c907,2027-05-14,31
Studio Delux with Sea View - 1130,81472ca4-6a22-409d-9185-f748b4dc3b28,eb9fb6bd-6217-4618-a83c-a3b544c7c907,2027-05-15,31
Studio Delux with Sea View - 1130,81472ca4-6a22-409d-9185-f748b4dc3b28,eb9fb6bd-6217-4618-a83c-a3b544c7c907,2027-05-16,31
Studio Delux with Sea View - 1130,81472ca4-6a22-409d-9185-f748b4dc3b28,eb9fb6bd-6217-4618-a83c-a3b544c7c907,2027-05-17,31
Studio Delux with Sea View - 1130,81472ca4-6a22-409d-9185-f748b4dc3b28,eb9fb6bd-6217-4618-a83c-a3b544c7c907,2027-05-18,31
Studio Delux with Sea View - 1130,81472ca4-6a22-409d-9185-f748b4dc3b28,eb9fb6bd-6217-4618-a83c-a3b544c7c907,2027-05-19,31
Studio Delux with Sea View - 1130,81472ca4-6a22-409d-9185-f748b4dc3b28,eb9fb6bd-6217-4618-a83c-a3b544c7c907,2027-05-20,31
Studio Delux with Sea View - 1130,81472ca4-6a22-409d-9185-f748b4dc3b28,eb9fb6bd-6217-4618-a83c-a3b544c7c907,2027-05-21,31
Studio Delux with Sea View - 1130,81472ca4-6a22-409d-9185-f748b4dc3b28,eb9fb6bd-6217-4618-a83c-a3b544c7c907,2027-05-22,31
Studio Delux with Sea View - 1130,81472ca4-6a22-409d-9185-f748b4dc3b28,eb9fb6bd-6217-4618-a83c-a3b544c7c907,2027-05-23,31
Studio Delux with Sea View - 1130,81472ca4-6a22-409d-9185-f748b4dc3b28,eb9fb6bd-6217-4618-a83c-a3b544c7c907,2027-05-24,31
Studio Delux with Sea View - 1130,81472ca4-6a22-409d-9185-f748b4dc3b28,eb9fb6bd-6217-4618-a83c-a3b544c7c907,2027-05-25,31
Studio Delux with Sea View - 1130,81472ca4-6a22-409d-9185-f748b4dc3b28,eb9fb6bd-6217-4618-a83c-a3b544c7c907,2027-05-26,31
Studio Delux with Sea View - 1130,81472ca4-6a22-409d-9185-f748b4dc3b28,eb9fb6bd-6217-4618-a83c-a3b544c7c907,2027-05-27,31
Studio Delux with Sea View - 1130,81472ca4-6a22-409d-9185-f748b4dc3b28,eb9fb6bd-6217-4618-a83c-a3b544c7c907,2027-05-28,31
Studio Delux with Sea View - 1130,81472ca4-6a22-409d-9185-f748b4dc3b28,eb9fb6bd-6217-4618-a83c-a3b544c7c907,2027-05-29,31
Studio Delux with Sea View - 1130,81472ca4-6a22-409d-9185-f748b4dc3b28,eb9fb6bd-6217-4618-a83c-a3b544c7c907,2027-05-30,31
Studio Delux with Sea View - 1130,81472ca4-6a22-409d-9185-f748b4dc3b28,eb9fb6bd-6217-4618-a83c-a3b544c7c907,2027-05-31,31
Studio Delux with Sea View - 1130,81472ca4-6a22-409d-9185-f748b4dc3b28,eb9fb6bd-6217-4618-a83c-a3b544c7c907,2027-06-01,31
Studio Delux with Sea View - 1130,81472ca4-6a22-409d-9185-f748b4dc3b28,eb9fb6bd-6217-4618-a83c-a3b544c7c907,2027-06-02,31
Studio Delux with Sea View - 1130,81472ca4-6a22-409d-9185-f748b4dc3b28,eb9fb6bd-6217-4618-a83c-a3b544c7c907,2027-06-03,31
Studio Delux with Sea View - 1130,81472ca4-6a22-409d-9185-f748b4dc3b28,eb9fb6bd-6217-4618-a83c-a3b544c7c907,2027-06-04,31
Studio Delux with Sea View - 1130,81472ca4-6a22-409d-9185-f748b4dc3b28,eb9fb6bd-6217-4618-a83c-a3b544c7c907,2027-06-05,31
Studio Delux with Sea View - 1130,81472ca4-6a22-409d-9185-f748b4dc3b28,eb9fb6bd-6217-4618-a83c-a3b544c7c907,2027-06-06,31
Studio Delux with Sea View - 1130,81472ca4-6a22-409d-9185-f748b4dc3b28,eb9fb6bd-6217-4618-a83c-a3b544c7c907,2027-06-07,31
Studio Delux with Sea View - 1130,81472ca4-6a22-409d-9185-f748b4dc3b28,eb9fb6bd-6217-4618-a83c-a3b544c7c907,2027-06-08,31
Studio Delux with Sea View - 1130,81472ca4-6a22-409d-9185-f748b4dc3b28,eb9fb6bd-6217-4618-a83c-a3b544c7c907,2027-06-09,31
Studio Delux with Sea View - 1130,81472ca4-6a22-409d-9185-f748b4dc3b28,eb9fb6bd-6217-4618-a83c-a3b544c7c907,2027-06-10,31
Studio Delux with Sea View - 1130,81472ca4-6a22-409d-9185-f748b4dc3b28,eb9fb6bd-6217-4618-a83c-a3b544c7c907,2027-06-11,31
Studio Delux with Sea View - 1130,81472ca4-6a22-409d-9185-f748b4dc3b28,eb9fb6bd-6217-4618-a83c-a3b544c7c907,2027-06-12,31
Studio Delux with Sea View - 1130,81472ca4-6a22-409d-9185-f748b4dc3b28,eb9fb6bd-6217-4618-a83c-a3b544c7c907,2027-06-13,31
Studio Delux with Sea View - 1130,81472ca4-6a22-409d-9185-f748b4dc3b28,eb9fb6bd-6217-4618-a83c-a3b544c7c907,2027-06-14,31
Studio Delux with Sea View - 1130,81472ca4-6a22-409d-9185-f748b4dc3b28,eb9fb6bd-6217-4618-a83c-a3b544c7c907,2027-06-15,31
Studio Delux with Sea View - 1130,81472ca4-6a22-409d-9185-f748b4dc3b28,eb9fb6bd-6217-4618-a83c-a3b544c7c907,2027-06-16,31
Studio Delux with Sea View - 1130,81472ca4-6a22-409d-9185-f748b4dc3b28,eb9fb6bd-6217-4618-a83c-a3b544c7c907,2027-06-17,31
Studio Delux with Sea View - 1130,81472ca4-6a22-409d-9185-f748b4dc3b28,eb9fb6bd-6217-4618-a83c-a3b544c7c907,2027-06-18,31
Studio Delux with Sea View - 1130,81472ca4-6a22-409d-9185-f748b4dc3b28,eb9fb6bd-6217-4618-a83c-a3b544c7c907,2027-06-19,31
Studio Delux with Sea View - 1130,81472ca4-6a22-409d-9185-f748b4dc3b28,eb9fb6bd-6217-4618-a83c-a3b544c7c907,2027-06-20,31
Studio Delux with Sea View - 1130,81472ca4-6a22-409d-9185-f748b4dc3b28,eb9fb6bd-6217-4618-a83c-a3b544c7c907,2027-06-21,31
Studio Delux with Sea View - 1130,81472ca4-6a22-409d-9185-f748b4dc3b28,eb9fb6bd-6217-4618-a83c-a3b544c7c907,2027-06-22,31
Studio Delux with Sea View - 1130,81472ca4-6a22-409d-9185-f748b4dc3b28,eb9fb6bd-6217-4618-a83c-a3b544c7c907,2027-06-23,31
Studio Delux with Sea View - 1130,81472ca4-6a22-409d-9185-f748b4dc3b28,eb9fb6bd-6217-4618-a83c-a3b544c7c907,2027-06-24,31
Studio Delux with Sea View - 1130,81472ca4-6a22-409d-9185-f748b4dc3b28,eb9fb6bd-6217-4618-a83c-a3b544c7c907,2027-06-25,31
Studio Delux with Sea View - 1130,81472ca4-6a22-409d-9185-f748b4dc3b28,eb9fb6bd-6217-4618-a83c-a3b544c7c907,2027-06-26,31
Studio Delux with Sea View - 1130,81472ca4-6a22-409d-9185-f748b4dc3b28,eb9fb6bd-6217-4618-a83c-a3b544c7c907,2027-06-27,31
Studio Delux with Sea View - 1130,81472ca4-6a22-409d-9185-f748b4dc3b28,eb9fb6bd-6217-4618-a83c-a3b544c7c907,2027-06-28,31
Studio Delux with Sea View - 1130,81472ca4-6a22-409d-9185-f748b4dc3b28,eb9fb6bd-6217-4618-a83c-a3b544c7c907,2027-06-29,31
Studio Delux with Sea View - 1130,81472ca4-6a22-409d-9185-f748b4dc3b28,eb9fb6bd-6217-4618-a83c-a3b544c7c907,2027-06-30,31
Studio Delux with Sea View - 1130,81472ca4-6a22-409d-9185-f748b4dc3b28,eb9fb6bd-6217-4618-a83c-a3b544c7c907,2027-07-01,31
Studio Delux with Sea View - 1130,81472ca4-6a22-409d-9185-f748b4dc3b28,eb9fb6bd-6217-4618-a83c-a3b544c7c907,2027-07-02,31
Studio Delux with Sea View - 1130,81472ca4-6a22-409d-9185-f748b4dc3b28,eb9fb6bd-6217-4618-a83c-a3b544c7c907,2027-07-03,31
Studio Delux with Sea View - 1130,81472ca4-6a22-409d-9185-f748b4dc3b28,eb9fb6bd-6217-4618-a83c-a3b544c7c907,2027-07-04,31
Studio Delux with Sea View - 1130,81472ca4-6a22-409d-9185-f748b4dc3b28,eb9fb6bd-6217-4618-a83c-a3b544c7c907,2027-07-05,31
Studio Delux with Sea View - 1130,81472ca4-6a22-409d-9185-f748b4dc3b28,eb9fb6bd-6217-4618-a83c-a3b544c7c907,2027-07-06,31
Studio Delux with Sea View - 1130,81472ca4-6a22-409d-9185-f748b4dc3b28,eb9fb6bd-6217-4618-a83c-a3b544c7c907,2027-07-07,31
Studio Delux with Sea View - 1130,81472ca4-6a22-409d-9185-f748b4dc3b28,eb9fb6bd-6217-4618-a83c-a3b544c7c907,2027-07-08,31
Studio Delux with Sea View - 1130,81472ca4-6a22-409d-9185-f748b4dc3b28,eb9fb6bd-6217-4618-a83c-a3b544c7c907,2027-07-09,31
Studio Delux with Sea View - 1130,81472ca4-6a22-409d-9185-f748b4dc3b28,eb9fb6bd-6217-4618-a83c-a3b544c7c907,2027-07-10,31
Studio Delux with Sea View - 1130,81472ca4-6a22-409d-9185-f748b4dc3b28,eb9fb6bd-6217-4618-a83c-a3b544c7c907,2027-07-11,31
Studio Delux with Sea View - 1130,81472ca4-6a22-409d-9185-f748b4dc3b28,eb9fb6bd-6217-4618-a83c-a3b544c7c907,2027-07-12,31
Studio Delux with Sea View - 1130,81472ca4-6a22-409d-9185-f748b4dc3b28,eb9fb6bd-6217-4618-a83c-a3b544c7c907,2027-07-13,31
Studio Delux with Sea View - 1130,81472ca4-6a22-409d-9185-f748b4dc3b28,eb9fb6bd-6217-4618-a83c-a3b544c7c907,2027-07-14,31
Studio Delux with Sea View - 1130,81472ca4-6a22-409d-9185-f748b4dc3b28,eb9fb6bd-6217-4618-a83c-a3b544c7c907,2027-07-15,31
Studio Delux with Sea View - 1130,81472ca4-6a22-409d-9185-f748b4dc3b28,eb9fb6bd-6217-4618-a83c-a3b544c7c907,2027-07-16,31
Studio Delux with Sea View - 1130,81472ca4-6a22-409d-9185-f748b4dc3b28,eb9fb6bd-6217-4618-a83c-a3b544c7c907,2027-07-17,31
Studio Delux with Sea View - 1130,81472ca4-6a22-409d-9185-f748b4dc3b28,eb9fb6bd-6217-4618-a83c-a3b544c7c907,2027-07-18,31
Studio Delux with Sea View - 1130,81472ca4-6a22-409d-9185-f748b4dc3b28,eb9fb6bd-6217-4618-a83c-a3b544c7c907,2027-07-19,31
Studio Delux with Sea View - 1130,81472ca4-6a22-409d-9185-f748b4dc3b28,eb9fb6bd-6217-4618-a83c-a3b544c7c907,2027-07-20,31
Studio Delux with Sea View - 1130,81472ca4-6a22-409d-9185-f748b4dc3b28,eb9fb6bd-6217-4618-a83c-a3b544c7c907,2027-07-21,31
Studio Delux with Sea View - 1130,81472ca4-6a22-409d-9185-f748b4dc3b28,eb9fb6bd-6217-4618-a83c-a3b544c7c907,2027-07-22,31
Studio Delux with Sea View - 1130,81472ca4-6a22-409d-9185-f748b4dc3b28,eb9fb6bd-6217-4618-a83c-a3b544c7c907,2027-07-23,31
Studio Delux with Sea View - 1130,81472ca4-6a22-409d-9185-f748b4dc3b28,eb9fb6bd-6217-4618-a83c-a3b544c7c907,2027-07-24,31
Studio Delux with Sea View - 1130,81472ca4-6a22-409d-9185-f748b4dc3b28,eb9fb6bd-6217-4618-a83c-a3b544c7c907,2027-07-25,31
Studio Delux with Sea View - 1130,81472ca4-6a22-409d-9185-f748b4dc3b28,eb9fb6bd-6217-4618-a83c-a3b544c7c907,2027-07-26,31
Studio Delux with Sea View - 1130,81472ca4-6a22-409d-9185-f748b4dc3b28,eb9fb6bd-6217-4618-a83c-a3b544c7c907,2027-07-27,31
Studio Delux with Sea View - 1130,81472ca4-6a22-409d-9185-f748b4dc3b28,eb9fb6bd-6217-4618-a83c-a3b544c7c907,2027-07-28,31
Studio Delux with Sea View - 1130,81472ca4-6a22-409d-9185-f748b4dc3b28,eb9fb6bd-6217-4618-a83c-a3b544c7c907,2027-07-29,31
Studio Delux with Sea View - 1130,81472ca4-6a22-409d-9185-f748b4dc3b28,eb9fb6bd-6217-4618-a83c-a3b544c7c907,2027-07-30,31
Studio Delux with Sea View - 1130,81472ca4-6a22-409d-9185-f748b4dc3b28,eb9fb6bd-6217-4618-a83c-a3b544c7c907,2027-07-31,31
Studio Delux with Sea View - 1130,81472ca4-6a22-409d-9185-f748b4dc3b28,eb9fb6bd-6217-4618-a83c-a3b544c7c907,2027-08-01,31
Studio Delux with Sea View - 1130,81472ca4-6a22-409d-9185-f748b4dc3b28,eb9fb6bd-6217-4618-a83c-a3b544c7c907,2027-08-02,31
Studio Delux with Sea View - 1130,81472ca4-6a22-409d-9185-f748b4dc3b28,eb9fb6bd-6217-4618-a83c-a3b544c7c907,2027-08-03,31
Two Bedroom Apartment Sea View - 1329,5c00a4c0-ae6d-4c75-ac18-49555f3203a6,78098606-3cfc-42a4-b738-1ca9f685ab65,2026-07-25,31
Two Bedroom Apartment Sea View - 1329,5c00a4c0-ae6d-4c75-ac18-49555f3203a6,78098606-3cfc-42a4-b738-1ca9f685ab65,2026-07-26,31
Two Bedroom Apartment Sea View - 1329,5c00a4c0-ae6d-4c75-ac18-49555f3203a6,78098606-3cfc-42a4-b738-1ca9f685ab65,2026-07-27,31
Two Bedroom Apartment Sea View - 1329,5c00a4c0-ae6d-4c75-ac18-49555f3203a6,78098606-3cfc-42a4-b738-1ca9f685ab65,2026-07-28,31
Two Bedroom Apartment Sea View - 1329,5c00a4c0-ae6d-4c75-ac18-49555f3203a6,78098606-3cfc-42a4-b738-1ca9f685ab65,2026-07-29,31
Two Bedroom Apartment Sea View - 1329,5c00a4c0-ae6d-4c75-ac18-49555f3203a6,78098606-3cfc-42a4-b738-1ca9f685ab65,2026-07-30,31
Two Bedroom Apartment Sea View - 1329,5c00a4c0-ae6d-4c75-ac18-49555f3203a6,78098606-3cfc-42a4-b738-1ca9f685ab65,2026-07-31,31
Two Bedroom Apartment Sea View - 1329,5c00a4c0-ae6d-4c75-ac18-49555f3203a6,78098606-3cfc-42a4-b738-1ca9f685ab65,2026-08-01,31
Two Bedroom Apartment Sea View - 1329,5c00a4c0-ae6d-4c75-ac18-49555f3203a6,78098606-3cfc-42a4-b738-1ca9f685ab65,2026-08-02,31
Two Bedroom Apartment Sea View - 1329,5c00a4c0-ae6d-4c75-ac18-49555f3203a6,78098606-3cfc-42a4-b738-1ca9f685ab65,2026-08-03,31
Two Bedroom Apartment Sea View - 1329,5c00a4c0-ae6d-4c75-ac18-49555f3203a6,78098606-3cfc-42a4-b738-1ca9f685ab65,2026-08-04,31
Two Bedroom Apartment Sea View - 1329,5c00a4c0-ae6d-4c75-ac18-49555f3203a6,78098606-3cfc-42a4-b738-1ca9f685ab65,2026-08-05,31
Two Bedroom Apartment Sea View - 1329,5c00a4c0-ae6d-4c75-ac18-49555f3203a6,78098606-3cfc-42a4-b738-1ca9f685ab65,2026-08-06,31
Two Bedroom Apartment Sea View - 1329,5c00a4c0-ae6d-4c75-ac18-49555f3203a6,78098606-3cfc-42a4-b738-1ca9f685ab65,2026-08-07,31
Two Bedroom Apartment Sea View - 1329,5c00a4c0-ae6d-4c75-ac18-49555f3203a6,78098606-3cfc-42a4-b738-1ca9f685ab65,2026-08-08,31
Two Bedroom Apartment Sea View - 1329,5c00a4c0-ae6d-4c75-ac18-49555f3203a6,78098606-3cfc-42a4-b738-1ca9f685ab65,2026-08-09,31
Two Bedroom Apartment Sea View - 1329,5c00a4c0-ae6d-4c75-ac18-49555f3203a6,78098606-3cfc-42a4-b738-1ca9f685ab65,2026-08-10,31
Two Bedroom Apartment Sea View - 1329,5c00a4c0-ae6d-4c75-ac18-49555f3203a6,78098606-3cfc-42a4-b738-1ca9f685ab65,2026-08-11,31
Two Bedroom Apartment Sea View - 1329,5c00a4c0-ae6d-4c75-ac18-49555f3203a6,78098606-3cfc-42a4-b738-1ca9f685ab65,2026-08-12,31
Two Bedroom Apartment Sea View - 1329,5c00a4c0-ae6d-4c75-ac18-49555f3203a6,78098606-3cfc-42a4-b738-1ca9f685ab65,2026-08-13,31
Two Bedroom Apartment Sea View - 1329,5c00a4c0-ae6d-4c75-ac18-49555f3203a6,78098606-3cfc-42a4-b738-1ca9f685ab65,2026-08-14,31
Two Bedroom Apartment Sea View - 1329,5c00a4c0-ae6d-4c75-ac18-49555f3203a6,78098606-3cfc-42a4-b738-1ca9f685ab65,2026-08-15,31
Two Bedroom Apartment Sea View - 1329,5c00a4c0-ae6d-4c75-ac18-49555f3203a6,78098606-3cfc-42a4-b738-1ca9f685ab65,2026-08-16,31
Two Bedroom Apartment Sea View - 1329,5c00a4c0-ae6d-4c75-ac18-49555f3203a6,78098606-3cfc-42a4-b738-1ca9f685ab65,2026-08-17,31
Two Bedroom Apartment Sea View - 1329,5c00a4c0-ae6d-4c75-ac18-49555f3203a6,78098606-3cfc-42a4-b738-1ca9f685ab65,2026-08-18,31
Two Bedroom Apartment Sea View - 1329,5c00a4c0-ae6d-4c75-ac18-49555f3203a6,78098606-3cfc-42a4-b738-1ca9f685ab65,2026-08-19,31
Two Bedroom Apartment Sea View - 1329,5c00a4c0-ae6d-4c75-ac18-49555f3203a6,78098606-3cfc-42a4-b738-1ca9f685ab65,2026-08-20,31
Two Bedroom Apartment Sea View - 1329,5c00a4c0-ae6d-4c75-ac18-49555f3203a6,78098606-3cfc-42a4-b738-1ca9f685ab65,2026-08-21,31
Two Bedroom Apartment Sea View - 1329,5c00a4c0-ae6d-4c75-ac18-49555f3203a6,78098606-3cfc-42a4-b738-1ca9f685ab65,2026-08-22,31
Two Bedroom Apartment Sea View - 1329,5c00a4c0-ae6d-4c75-ac18-49555f3203a6,78098606-3cfc-42a4-b738-1ca9f685ab65,2026-08-23,31
Two Bedroom Apartment Sea View - 1329,5c00a4c0-ae6d-4c75-ac18-49555f3203a6,78098606-3cfc-42a4-b738-1ca9f685ab65,2026-08-24,31
Two Bedroom Apartment Sea View - 1329,5c00a4c0-ae6d-4c75-ac18-49555f3203a6,78098606-3cfc-42a4-b738-1ca9f685ab65,2026-08-25,31
Two Bedroom Apartment Sea View - 1329,5c00a4c0-ae6d-4c75-ac18-49555f3203a6,78098606-3cfc-42a4-b738-1ca9f685ab65,2026-08-26,31
Two Bedroom Apartment Sea View - 1329,5c00a4c0-ae6d-4c75-ac18-49555f3203a6,78098606-3cfc-42a4-b738-1ca9f685ab65,2026-08-27,31
Two Bedroom Apartment Sea View - 1329,5c00a4c0-ae6d-4c75-ac18-49555f3203a6,78098606-3cfc-42a4-b738-1ca9f685ab65,2026-08-28,31
Two Bedroom Apartment Sea View - 1329,5c00a4c0-ae6d-4c75-ac18-49555f3203a6,78098606-3cfc-42a4-b738-1ca9f685ab65,2026-08-29,31
Two Bedroom Apartment Sea View - 1329,5c00a4c0-ae6d-4c75-ac18-49555f3203a6,78098606-3cfc-42a4-b738-1ca9f685ab65,2026-08-30,31
Two Bedroom Apartment Sea View - 1329,5c00a4c0-ae6d-4c75-ac18-49555f3203a6,78098606-3cfc-42a4-b738-1ca9f685ab65,2026-08-31,31
Two Bedroom Apartment Sea View - 1329,5c00a4c0-ae6d-4c75-ac18-49555f3203a6,78098606-3cfc-42a4-b738-1ca9f685ab65,2026-09-01,31
Two Bedroom Apartment Sea View - 1329,5c00a4c0-ae6d-4c75-ac18-49555f3203a6,78098606-3cfc-42a4-b738-1ca9f685ab65,2026-09-02,31
Two Bedroom Apartment Sea View - 1329,5c00a4c0-ae6d-4c75-ac18-49555f3203a6,78098606-3cfc-42a4-b738-1ca9f685ab65,2026-09-03,31
Two Bedroom Apartment Sea View - 1329,5c00a4c0-ae6d-4c75-ac18-49555f3203a6,78098606-3cfc-42a4-b738-1ca9f685ab65,2026-09-04,31
Two Bedroom Apartment Sea View - 1329,5c00a4c0-ae6d-4c75-ac18-49555f3203a6,78098606-3cfc-42a4-b738-1ca9f685ab65,2026-09-05,31
Two Bedroom Apartment Sea View - 1329,5c00a4c0-ae6d-4c75-ac18-49555f3203a6,78098606-3cfc-42a4-b738-1ca9f685ab65,2026-09-06,31
Two Bedroom Apartment Sea View - 1329,5c00a4c0-ae6d-4c75-ac18-49555f3203a6,78098606-3cfc-42a4-b738-1ca9f685ab65,2026-09-07,31
Two Bedroom Apartment Sea View - 1329,5c00a4c0-ae6d-4c75-ac18-49555f3203a6,78098606-3cfc-42a4-b738-1ca9f685ab65,2026-09-08,31
Two Bedroom Apartment Sea View - 1329,5c00a4c0-ae6d-4c75-ac18-49555f3203a6,78098606-3cfc-42a4-b738-1ca9f685ab65,2026-09-09,31
Two Bedroom Apartment Sea View - 1329,5c00a4c0-ae6d-4c75-ac18-49555f3203a6,78098606-3cfc-42a4-b738-1ca9f685ab65,2026-09-10,31
Two Bedroom Apartment Sea View - 1329,5c00a4c0-ae6d-4c75-ac18-49555f3203a6,78098606-3cfc-42a4-b738-1ca9f685ab65,2026-09-11,31
Two Bedroom Apartment Sea View - 1329,5c00a4c0-ae6d-4c75-ac18-49555f3203a6,78098606-3cfc-42a4-b738-1ca9f685ab65,2026-09-12,31
Two Bedroom Apartment Sea View - 1329,5c00a4c0-ae6d-4c75-ac18-49555f3203a6,78098606-3cfc-42a4-b738-1ca9f685ab65,2026-09-13,31
Two Bedroom Apartment Sea View - 1329,5c00a4c0-ae6d-4c75-ac18-49555f3203a6,78098606-3cfc-42a4-b738-1ca9f685ab65,2026-09-14,31
Two Bedroom Apartment Sea View - 1329,5c00a4c0-ae6d-4c75-ac18-49555f3203a6,78098606-3cfc-42a4-b738-1ca9f685ab65,2026-09-15,31
Two Bedroom Apartment Sea View - 1329,5c00a4c0-ae6d-4c75-ac18-49555f3203a6,78098606-3cfc-42a4-b738-1ca9f685ab65,2026-09-16,31
Two Bedroom Apartment Sea View - 1329,5c00a4c0-ae6d-4c75-ac18-49555f3203a6,78098606-3cfc-42a4-b738-1ca9f685ab65,2026-09-17,31
Two Bedroom Apartment Sea View - 1329,5c00a4c0-ae6d-4c75-ac18-49555f3203a6,78098606-3cfc-42a4-b738-1ca9f685ab65,2026-09-18,31
Two Bedroom Apartment Sea View - 1329,5c00a4c0-ae6d-4c75-ac18-49555f3203a6,78098606-3cfc-42a4-b738-1ca9f685ab65,2026-09-19,31
Two Bedroom Apartment Sea View - 1329,5c00a4c0-ae6d-4c75-ac18-49555f3203a6,78098606-3cfc-42a4-b738-1ca9f685ab65,2026-09-20,31
Two Bedroom Apartment Sea View - 1329,5c00a4c0-ae6d-4c75-ac18-49555f3203a6,78098606-3cfc-42a4-b738-1ca9f685ab65,2026-09-21,31
Two Bedroom Apartment Sea View - 1329,5c00a4c0-ae6d-4c75-ac18-49555f3203a6,78098606-3cfc-42a4-b738-1ca9f685ab65,2026-09-22,31
Two Bedroom Apartment Sea View - 1329,5c00a4c0-ae6d-4c75-ac18-49555f3203a6,78098606-3cfc-42a4-b738-1ca9f685ab65,2026-09-23,31
Two Bedroom Apartment Sea View - 1329,5c00a4c0-ae6d-4c75-ac18-49555f3203a6,78098606-3cfc-42a4-b738-1ca9f685ab65,2026-09-24,31
Two Bedroom Apartment Sea View - 1329,5c00a4c0-ae6d-4c75-ac18-49555f3203a6,78098606-3cfc-42a4-b738-1ca9f685ab65,2026-09-25,31
Two Bedroom Apartment Sea View - 1329,5c00a4c0-ae6d-4c75-ac18-49555f3203a6,78098606-3cfc-42a4-b738-1ca9f685ab65,2026-09-26,31
Two Bedroom Apartment Sea View - 1329,5c00a4c0-ae6d-4c75-ac18-49555f3203a6,78098606-3cfc-42a4-b738-1ca9f685ab65,2026-09-27,31
Two Bedroom Apartment Sea View - 1329,5c00a4c0-ae6d-4c75-ac18-49555f3203a6,78098606-3cfc-42a4-b738-1ca9f685ab65,2026-09-28,31
Two Bedroom Apartment Sea View - 1329,5c00a4c0-ae6d-4c75-ac18-49555f3203a6,78098606-3cfc-42a4-b738-1ca9f685ab65,2026-09-29,31
Two Bedroom Apartment Sea View - 1329,5c00a4c0-ae6d-4c75-ac18-49555f3203a6,78098606-3cfc-42a4-b738-1ca9f685ab65,2026-09-30,31
Two Bedroom Apartment Sea View - 1329,5c00a4c0-ae6d-4c75-ac18-49555f3203a6,78098606-3cfc-42a4-b738-1ca9f685ab65,2026-10-01,31
Two Bedroom Apartment Sea View - 1329,5c00a4c0-ae6d-4c75-ac18-49555f3203a6,78098606-3cfc-42a4-b738-1ca9f685ab65,2026-10-02,31
Two Bedroom Apartment Sea View - 1329,5c00a4c0-ae6d-4c75-ac18-49555f3203a6,78098606-3cfc-42a4-b738-1ca9f685ab65,2026-10-03,31
Two Bedroom Apartment Sea View - 1329,5c00a4c0-ae6d-4c75-ac18-49555f3203a6,78098606-3cfc-42a4-b738-1ca9f685ab65,2026-10-04,31
Two Bedroom Apartment Sea View - 1329,5c00a4c0-ae6d-4c75-ac18-49555f3203a6,78098606-3cfc-42a4-b738-1ca9f685ab65,2026-10-05,31
Two Bedroom Apartment Sea View - 1329,5c00a4c0-ae6d-4c75-ac18-49555f3203a6,78098606-3cfc-42a4-b738-1ca9f685ab65,2026-10-06,31
Two Bedroom Apartment Sea View - 1329,5c00a4c0-ae6d-4c75-ac18-49555f3203a6,78098606-3cfc-42a4-b738-1ca9f685ab65,2026-10-07,31
Two Bedroom Apartment Sea View - 1329,5c00a4c0-ae6d-4c75-ac18-49555f3203a6,78098606-3cfc-42a4-b738-1ca9f685ab65,2026-10-08,31
Two Bedroom Apartment Sea View - 1329,5c00a4c0-ae6d-4c75-ac18-49555f3203a6,78098606-3cfc-42a4-b738-1ca9f685ab65,2026-10-09,31
Two Bedroom Apartment Sea View - 1329,5c00a4c0-ae6d-4c75-ac18-49555f3203a6,78098606-3cfc-42a4-b738-1ca9f685ab65,2026-10-10,31
Two Bedroom Apartment Sea View - 1329,5c00a4c0-ae6d-4c75-ac18-49555f3203a6,78098606-3cfc-42a4-b738-1ca9f685ab65,2026-10-11,31
Two Bedroom Apartment Sea View - 1329,5c00a4c0-ae6d-4c75-ac18-49555f3203a6,78098606-3cfc-42a4-b738-1ca9f685ab65,2026-10-12,31
Two Bedroom Apartment Sea View - 1329,5c00a4c0-ae6d-4c75-ac18-49555f3203a6,78098606-3cfc-42a4-b738-1ca9f685ab65,2026-10-13,31
Two Bedroom Apartment Sea View - 1329,5c00a4c0-ae6d-4c75-ac18-49555f3203a6,78098606-3cfc-42a4-b738-1ca9f685ab65,2026-10-14,31
Two Bedroom Apartment Sea View - 1329,5c00a4c0-ae6d-4c75-ac18-49555f3203a6,78098606-3cfc-42a4-b738-1ca9f685ab65,2026-10-15,31
Two Bedroom Apartment Sea View - 1329,5c00a4c0-ae6d-4c75-ac18-49555f3203a6,78098606-3cfc-42a4-b738-1ca9f685ab65,2026-10-16,31
Two Bedroom Apartment Sea View - 1329,5c00a4c0-ae6d-4c75-ac18-49555f3203a6,78098606-3cfc-42a4-b738-1ca9f685ab65,2026-10-17,31
Two Bedroom Apartment Sea View - 1329,5c00a4c0-ae6d-4c75-ac18-49555f3203a6,78098606-3cfc-42a4-b738-1ca9f685ab65,2026-10-18,31
Two Bedroom Apartment Sea View - 1329,5c00a4c0-ae6d-4c75-ac18-49555f3203a6,78098606-3cfc-42a4-b738-1ca9f685ab65,2026-10-19,31
Two Bedroom Apartment Sea View - 1329,5c00a4c0-ae6d-4c75-ac18-49555f3203a6,78098606-3cfc-42a4-b738-1ca9f685ab65,2026-10-20,31
Two Bedroom Apartment Sea View - 1329,5c00a4c0-ae6d-4c75-ac18-49555f3203a6,78098606-3cfc-42a4-b738-1ca9f685ab65,2026-10-21,31
Two Bedroom Apartment Sea View - 1329,5c00a4c0-ae6d-4c75-ac18-49555f3203a6,78098606-3cfc-42a4-b738-1ca9f685ab65,2026-10-22,31
Two Bedroom Apartment Sea View - 1329,5c00a4c0-ae6d-4c75-ac18-49555f3203a6,78098606-3cfc-42a4-b738-1ca9f685ab65,2026-10-23,31
Two Bedroom Apartment Sea View - 1329,5c00a4c0-ae6d-4c75-ac18-49555f3203a6,78098606-3cfc-42a4-b738-1ca9f685ab65,2026-10-24,31
Two Bedroom Apartment Sea View - 1329,5c00a4c0-ae6d-4c75-ac18-49555f3203a6,78098606-3cfc-42a4-b738-1ca9f685ab65,2026-10-25,31
Two Bedroom Apartment Sea View - 1329,5c00a4c0-ae6d-4c75-ac18-49555f3203a6,78098606-3cfc-42a4-b738-1ca9f685ab65,2026-10-26,31
Two Bedroom Apartment Sea View - 1329,5c00a4c0-ae6d-4c75-ac18-49555f3203a6,78098606-3cfc-42a4-b738-1ca9f685ab65,2026-10-27,31
Two Bedroom Apartment Sea View - 1329,5c00a4c0-ae6d-4c75-ac18-49555f3203a6,78098606-3cfc-42a4-b738-1ca9f685ab65,2026-10-28,31
Two Bedroom Apartment Sea View - 1329,5c00a4c0-ae6d-4c75-ac18-49555f3203a6,78098606-3cfc-42a4-b738-1ca9f685ab65,2026-10-29,31
Two Bedroom Apartment Sea View - 1329,5c00a4c0-ae6d-4c75-ac18-49555f3203a6,78098606-3cfc-42a4-b738-1ca9f685ab65,2026-10-30,31
Two Bedroom Apartment Sea View - 1329,5c00a4c0-ae6d-4c75-ac18-49555f3203a6,78098606-3cfc-42a4-b738-1ca9f685ab65,2026-10-31,31
Two Bedroom Apartment Sea View - 1329,5c00a4c0-ae6d-4c75-ac18-49555f3203a6,78098606-3cfc-42a4-b738-1ca9f685ab65,2026-11-01,31
Two Bedroom Apartment Sea View - 1329,5c00a4c0-ae6d-4c75-ac18-49555f3203a6,78098606-3cfc-42a4-b738-1ca9f685ab65,2026-11-02,31
Two Bedroom Apartment Sea View - 1329,5c00a4c0-ae6d-4c75-ac18-49555f3203a6,78098606-3cfc-42a4-b738-1ca9f685ab65,2026-11-03,31
Two Bedroom Apartment Sea View - 1329,5c00a4c0-ae6d-4c75-ac18-49555f3203a6,78098606-3cfc-42a4-b738-1ca9f685ab65,2026-11-04,31
Two Bedroom Apartment Sea View - 1329,5c00a4c0-ae6d-4c75-ac18-49555f3203a6,78098606-3cfc-42a4-b738-1ca9f685ab65,2026-11-05,31
Two Bedroom Apartment Sea View - 1329,5c00a4c0-ae6d-4c75-ac18-49555f3203a6,78098606-3cfc-42a4-b738-1ca9f685ab65,2026-11-06,31
Two Bedroom Apartment Sea View - 1329,5c00a4c0-ae6d-4c75-ac18-49555f3203a6,78098606-3cfc-42a4-b738-1ca9f685ab65,2026-11-07,31
Two Bedroom Apartment Sea View - 1329,5c00a4c0-ae6d-4c75-ac18-49555f3203a6,78098606-3cfc-42a4-b738-1ca9f685ab65,2026-11-08,31
Two Bedroom Apartment Sea View - 1329,5c00a4c0-ae6d-4c75-ac18-49555f3203a6,78098606-3cfc-42a4-b738-1ca9f685ab65,2026-11-09,31
Two Bedroom Apartment Sea View - 1329,5c00a4c0-ae6d-4c75-ac18-49555f3203a6,78098606-3cfc-42a4-b738-1ca9f685ab65,2026-11-10,31
Two Bedroom Apartment Sea View - 1329,5c00a4c0-ae6d-4c75-ac18-49555f3203a6,78098606-3cfc-42a4-b738-1ca9f685ab65,2026-11-11,31
Two Bedroom Apartment Sea View - 1329,5c00a4c0-ae6d-4c75-ac18-49555f3203a6,78098606-3cfc-42a4-b738-1ca9f685ab65,2026-11-12,31
Two Bedroom Apartment Sea View - 1329,5c00a4c0-ae6d-4c75-ac18-49555f3203a6,78098606-3cfc-42a4-b738-1ca9f685ab65,2026-11-13,31
Two Bedroom Apartment Sea View - 1329,5c00a4c0-ae6d-4c75-ac18-49555f3203a6,78098606-3cfc-42a4-b738-1ca9f685ab65,2026-11-14,31
Two Bedroom Apartment Sea View - 1329,5c00a4c0-ae6d-4c75-ac18-49555f3203a6,78098606-3cfc-42a4-b738-1ca9f685ab65,2026-11-15,31
Two Bedroom Apartment Sea View - 1329,5c00a4c0-ae6d-4c75-ac18-49555f3203a6,78098606-3cfc-42a4-b738-1ca9f685ab65,2026-11-16,31
Two Bedroom Apartment Sea View - 1329,5c00a4c0-ae6d-4c75-ac18-49555f3203a6,78098606-3cfc-42a4-b738-1ca9f685ab65,2026-11-17,31
Two Bedroom Apartment Sea View - 1329,5c00a4c0-ae6d-4c75-ac18-49555f3203a6,78098606-3cfc-42a4-b738-1ca9f685ab65,2026-11-18,31
Two Bedroom Apartment Sea View - 1329,5c00a4c0-ae6d-4c75-ac18-49555f3203a6,78098606-3cfc-42a4-b738-1ca9f685ab65,2026-11-19,31
Two Bedroom Apartment Sea View - 1329,5c00a4c0-ae6d-4c75-ac18-49555f3203a6,78098606-3cfc-42a4-b738-1ca9f685ab65,2026-11-20,31
Two Bedroom Apartment Sea View - 1329,5c00a4c0-ae6d-4c75-ac18-49555f3203a6,78098606-3cfc-42a4-b738-1ca9f685ab65,2026-11-21,31
Two Bedroom Apartment Sea View - 1329,5c00a4c0-ae6d-4c75-ac18-49555f3203a6,78098606-3cfc-42a4-b738-1ca9f685ab65,2026-11-22,31
Two Bedroom Apartment Sea View - 1329,5c00a4c0-ae6d-4c75-ac18-49555f3203a6,78098606-3cfc-42a4-b738-1ca9f685ab65,2026-11-23,31
Two Bedroom Apartment Sea View - 1329,5c00a4c0-ae6d-4c75-ac18-49555f3203a6,78098606-3cfc-42a4-b738-1ca9f685ab65,2026-11-24,31
Two Bedroom Apartment Sea View - 1329,5c00a4c0-ae6d-4c75-ac18-49555f3203a6,78098606-3cfc-42a4-b738-1ca9f685ab65,2026-11-25,31
Two Bedroom Apartment Sea View - 1329,5c00a4c0-ae6d-4c75-ac18-49555f3203a6,78098606-3cfc-42a4-b738-1ca9f685ab65,2026-11-26,31
Two Bedroom Apartment Sea View - 1329,5c00a4c0-ae6d-4c75-ac18-49555f3203a6,78098606-3cfc-42a4-b738-1ca9f685ab65,2026-11-27,31
Two Bedroom Apartment Sea View - 1329,5c00a4c0-ae6d-4c75-ac18-49555f3203a6,78098606-3cfc-42a4-b738-1ca9f685ab65,2026-11-28,31
Two Bedroom Apartment Sea View - 1329,5c00a4c0-ae6d-4c75-ac18-49555f3203a6,78098606-3cfc-42a4-b738-1ca9f685ab65,2026-11-29,31
Two Bedroom Apartment Sea View - 1329,5c00a4c0-ae6d-4c75-ac18-49555f3203a6,78098606-3cfc-42a4-b738-1ca9f685ab65,2026-11-30,31
Two Bedroom Apartment Sea View - 1329,5c00a4c0-ae6d-4c75-ac18-49555f3203a6,78098606-3cfc-42a4-b738-1ca9f685ab65,2026-12-01,31
Two Bedroom Apartment Sea View - 1329,5c00a4c0-ae6d-4c75-ac18-49555f3203a6,78098606-3cfc-42a4-b738-1ca9f685ab65,2026-12-02,31
Two Bedroom Apartment Sea View - 1329,5c00a4c0-ae6d-4c75-ac18-49555f3203a6,78098606-3cfc-42a4-b738-1ca9f685ab65,2026-12-03,31
Two Bedroom Apartment Sea View - 1329,5c00a4c0-ae6d-4c75-ac18-49555f3203a6,78098606-3cfc-42a4-b738-1ca9f685ab65,2026-12-04,31
Two Bedroom Apartment Sea View - 1329,5c00a4c0-ae6d-4c75-ac18-49555f3203a6,78098606-3cfc-42a4-b738-1ca9f685ab65,2026-12-05,31
Two Bedroom Apartment Sea View - 1329,5c00a4c0-ae6d-4c75-ac18-49555f3203a6,78098606-3cfc-42a4-b738-1ca9f685ab65,2026-12-06,31
Two Bedroom Apartment Sea View - 1329,5c00a4c0-ae6d-4c75-ac18-49555f3203a6,78098606-3cfc-42a4-b738-1ca9f685ab65,2026-12-07,31
Two Bedroom Apartment Sea View - 1329,5c00a4c0-ae6d-4c75-ac18-49555f3203a6,78098606-3cfc-42a4-b738-1ca9f685ab65,2026-12-08,31
Two Bedroom Apartment Sea View - 1329,5c00a4c0-ae6d-4c75-ac18-49555f3203a6,78098606-3cfc-42a4-b738-1ca9f685ab65,2026-12-09,31
Two Bedroom Apartment Sea View - 1329,5c00a4c0-ae6d-4c75-ac18-49555f3203a6,78098606-3cfc-42a4-b738-1ca9f685ab65,2026-12-10,31
Two Bedroom Apartment Sea View - 1329,5c00a4c0-ae6d-4c75-ac18-49555f3203a6,78098606-3cfc-42a4-b738-1ca9f685ab65,2026-12-11,31
Two Bedroom Apartment Sea View - 1329,5c00a4c0-ae6d-4c75-ac18-49555f3203a6,78098606-3cfc-42a4-b738-1ca9f685ab65,2026-12-12,31
Two Bedroom Apartment Sea View - 1329,5c00a4c0-ae6d-4c75-ac18-49555f3203a6,78098606-3cfc-42a4-b738-1ca9f685ab65,2026-12-13,31
Two Bedroom Apartment Sea View - 1329,5c00a4c0-ae6d-4c75-ac18-49555f3203a6,78098606-3cfc-42a4-b738-1ca9f685ab65,2026-12-14,31
Two Bedroom Apartment Sea View - 1329,5c00a4c0-ae6d-4c75-ac18-49555f3203a6,78098606-3cfc-42a4-b738-1ca9f685ab65,2026-12-15,31
Two Bedroom Apartment Sea View - 1329,5c00a4c0-ae6d-4c75-ac18-49555f3203a6,78098606-3cfc-42a4-b738-1ca9f685ab65,2026-12-16,31
Two Bedroom Apartment Sea View - 1329,5c00a4c0-ae6d-4c75-ac18-49555f3203a6,78098606-3cfc-42a4-b738-1ca9f685ab65,2026-12-17,31
Two Bedroom Apartment Sea View - 1329,5c00a4c0-ae6d-4c75-ac18-49555f3203a6,78098606-3cfc-42a4-b738-1ca9f685ab65,2026-12-18,31
Two Bedroom Apartment Sea View - 1329,5c00a4c0-ae6d-4c75-ac18-49555f3203a6,78098606-3cfc-42a4-b738-1ca9f685ab65,2026-12-19,31
Two Bedroom Apartment Sea View - 1329,5c00a4c0-ae6d-4c75-ac18-49555f3203a6,78098606-3cfc-42a4-b738-1ca9f685ab65,2026-12-20,31
Two Bedroom Apartment Sea View - 1329,5c00a4c0-ae6d-4c75-ac18-49555f3203a6,78098606-3cfc-42a4-b738-1ca9f685ab65,2026-12-21,31
Two Bedroom Apartment Sea View - 1329,5c00a4c0-ae6d-4c75-ac18-49555f3203a6,78098606-3cfc-42a4-b738-1ca9f685ab65,2026-12-22,31
Two Bedroom Apartment Sea View - 1329,5c00a4c0-ae6d-4c75-ac18-49555f3203a6,78098606-3cfc-42a4-b738-1ca9f685ab65,2026-12-23,31
Two Bedroom Apartment Sea View - 1329,5c00a4c0-ae6d-4c75-ac18-49555f3203a6,78098606-3cfc-42a4-b738-1ca9f685ab65,2026-12-24,31
Two Bedroom Apartment Sea View - 1329,5c00a4c0-ae6d-4c75-ac18-49555f3203a6,78098606-3cfc-42a4-b738-1ca9f685ab65,2026-12-25,31
Two Bedroom Apartment Sea View - 1329,5c00a4c0-ae6d-4c75-ac18-49555f3203a6,78098606-3cfc-42a4-b738-1ca9f685ab65,2026-12-26,31
Two Bedroom Apartment Sea View - 1329,5c00a4c0-ae6d-4c75-ac18-49555f3203a6,78098606-3cfc-42a4-b738-1ca9f685ab65,2026-12-27,31
Two Bedroom Apartment Sea View - 1329,5c00a4c0-ae6d-4c75-ac18-49555f3203a6,78098606-3cfc-42a4-b738-1ca9f685ab65,2026-12-28,31
Two Bedroom Apartment Sea View - 1329,5c00a4c0-ae6d-4c75-ac18-49555f3203a6,78098606-3cfc-42a4-b738-1ca9f685ab65,2026-12-29,31
Two Bedroom Apartment Sea View - 1329,5c00a4c0-ae6d-4c75-ac18-49555f3203a6,78098606-3cfc-42a4-b738-1ca9f685ab65,2026-12-30,31
Two Bedroom Apartment Sea View - 1329,5c00a4c0-ae6d-4c75-ac18-49555f3203a6,78098606-3cfc-42a4-b738-1ca9f685ab65,2026-12-31,31
Two Bedroom Apartment Sea View - 1329,5c00a4c0-ae6d-4c75-ac18-49555f3203a6,78098606-3cfc-42a4-b738-1ca9f685ab65,2027-01-01,31
Two Bedroom Apartment Sea View - 1329,5c00a4c0-ae6d-4c75-ac18-49555f3203a6,78098606-3cfc-42a4-b738-1ca9f685ab65,2027-01-02,31
Two Bedroom Apartment Sea View - 1329,5c00a4c0-ae6d-4c75-ac18-49555f3203a6,78098606-3cfc-42a4-b738-1ca9f685ab65,2027-01-03,31
Two Bedroom Apartment Sea View - 1329,5c00a4c0-ae6d-4c75-ac18-49555f3203a6,78098606-3cfc-42a4-b738-1ca9f685ab65,2027-01-04,31
Two Bedroom Apartment Sea View - 1329,5c00a4c0-ae6d-4c75-ac18-49555f3203a6,78098606-3cfc-42a4-b738-1ca9f685ab65,2027-01-05,31
Two Bedroom Apartment Sea View - 1329,5c00a4c0-ae6d-4c75-ac18-49555f3203a6,78098606-3cfc-42a4-b738-1ca9f685ab65,2027-01-06,31
Two Bedroom Apartment Sea View - 1329,5c00a4c0-ae6d-4c75-ac18-49555f3203a6,78098606-3cfc-42a4-b738-1ca9f685ab65,2027-01-07,31
Two Bedroom Apartment Sea View - 1329,5c00a4c0-ae6d-4c75-ac18-49555f3203a6,78098606-3cfc-42a4-b738-1ca9f685ab65,2027-01-08,31
Two Bedroom Apartment Sea View - 1329,5c00a4c0-ae6d-4c75-ac18-49555f3203a6,78098606-3cfc-42a4-b738-1ca9f685ab65,2027-01-09,31
Two Bedroom Apartment Sea View - 1329,5c00a4c0-ae6d-4c75-ac18-49555f3203a6,78098606-3cfc-42a4-b738-1ca9f685ab65,2027-01-10,31
Two Bedroom Apartment Sea View - 1329,5c00a4c0-ae6d-4c75-ac18-49555f3203a6,78098606-3cfc-42a4-b738-1ca9f685ab65,2027-01-11,31
Two Bedroom Apartment Sea View - 1329,5c00a4c0-ae6d-4c75-ac18-49555f3203a6,78098606-3cfc-42a4-b738-1ca9f685ab65,2027-01-12,31
Two Bedroom Apartment Sea View - 1329,5c00a4c0-ae6d-4c75-ac18-49555f3203a6,78098606-3cfc-42a4-b738-1ca9f685ab65,2027-01-13,31
Two Bedroom Apartment Sea View - 1329,5c00a4c0-ae6d-4c75-ac18-49555f3203a6,78098606-3cfc-42a4-b738-1ca9f685ab65,2027-01-14,31
Two Bedroom Apartment Sea View - 1329,5c00a4c0-ae6d-4c75-ac18-49555f3203a6,78098606-3cfc-42a4-b738-1ca9f685ab65,2027-01-15,31
Two Bedroom Apartment Sea View - 1329,5c00a4c0-ae6d-4c75-ac18-49555f3203a6,78098606-3cfc-42a4-b738-1ca9f685ab65,2027-01-16,31
Two Bedroom Apartment Sea View - 1329,5c00a4c0-ae6d-4c75-ac18-49555f3203a6,78098606-3cfc-42a4-b738-1ca9f685ab65,2027-01-17,31
Two Bedroom Apartment Sea View - 1329,5c00a4c0-ae6d-4c75-ac18-49555f3203a6,78098606-3cfc-42a4-b738-1ca9f685ab65,2027-01-18,31
Two Bedroom Apartment Sea View - 1329,5c00a4c0-ae6d-4c75-ac18-49555f3203a6,78098606-3cfc-42a4-b738-1ca9f685ab65,2027-01-19,31
Two Bedroom Apartment Sea View - 1329,5c00a4c0-ae6d-4c75-ac18-49555f3203a6,78098606-3cfc-42a4-b738-1ca9f685ab65,2027-01-20,31
Two Bedroom Apartment Sea View - 1329,5c00a4c0-ae6d-4c75-ac18-49555f3203a6,78098606-3cfc-42a4-b738-1ca9f685ab65,2027-01-21,31
Two Bedroom Apartment Sea View - 1329,5c00a4c0-ae6d-4c75-ac18-49555f3203a6,78098606-3cfc-42a4-b738-1ca9f685ab65,2027-01-22,31
Two Bedroom Apartment Sea View - 1329,5c00a4c0-ae6d-4c75-ac18-49555f3203a6,78098606-3cfc-42a4-b738-1ca9f685ab65,2027-01-23,31
Two Bedroom Apartment Sea View - 1329,5c00a4c0-ae6d-4c75-ac18-49555f3203a6,78098606-3cfc-42a4-b738-1ca9f685ab65,2027-01-24,31
Two Bedroom Apartment Sea View - 1329,5c00a4c0-ae6d-4c75-ac18-49555f3203a6,78098606-3cfc-42a4-b738-1ca9f685ab65,2027-01-25,31
Two Bedroom Apartment Sea View - 1329,5c00a4c0-ae6d-4c75-ac18-49555f3203a6,78098606-3cfc-42a4-b738-1ca9f685ab65,2027-01-26,31
Two Bedroom Apartment Sea View - 1329,5c00a4c0-ae6d-4c75-ac18-49555f3203a6,78098606-3cfc-42a4-b738-1ca9f685ab65,2027-01-27,31
Two Bedroom Apartment Sea View - 1329,5c00a4c0-ae6d-4c75-ac18-49555f3203a6,78098606-3cfc-42a4-b738-1ca9f685ab65,2027-01-28,31
Two Bedroom Apartment Sea View - 1329,5c00a4c0-ae6d-4c75-ac18-49555f3203a6,78098606-3cfc-42a4-b738-1ca9f685ab65,2027-01-29,31
Two Bedroom Apartment Sea View - 1329,5c00a4c0-ae6d-4c75-ac18-49555f3203a6,78098606-3cfc-42a4-b738-1ca9f685ab65,2027-01-30,31
Two Bedroom Apartment Sea View - 1329,5c00a4c0-ae6d-4c75-ac18-49555f3203a6,78098606-3cfc-42a4-b738-1ca9f685ab65,2027-01-31,31
Two Bedroom Apartment Sea View - 1329,5c00a4c0-ae6d-4c75-ac18-49555f3203a6,78098606-3cfc-42a4-b738-1ca9f685ab65,2027-02-01,31
Two Bedroom Apartment Sea View - 1329,5c00a4c0-ae6d-4c75-ac18-49555f3203a6,78098606-3cfc-42a4-b738-1ca9f685ab65,2027-02-02,31
Two Bedroom Apartment Sea View - 1329,5c00a4c0-ae6d-4c75-ac18-49555f3203a6,78098606-3cfc-42a4-b738-1ca9f685ab65,2027-02-03,31
Two Bedroom Apartment Sea View - 1329,5c00a4c0-ae6d-4c75-ac18-49555f3203a6,78098606-3cfc-42a4-b738-1ca9f685ab65,2027-02-04,31
Two Bedroom Apartment Sea View - 1329,5c00a4c0-ae6d-4c75-ac18-49555f3203a6,78098606-3cfc-42a4-b738-1ca9f685ab65,2027-02-05,31
Two Bedroom Apartment Sea View - 1329,5c00a4c0-ae6d-4c75-ac18-49555f3203a6,78098606-3cfc-42a4-b738-1ca9f685ab65,2027-02-06,31
Two Bedroom Apartment Sea View - 1329,5c00a4c0-ae6d-4c75-ac18-49555f3203a6,78098606-3cfc-42a4-b738-1ca9f685ab65,2027-02-07,31
Two Bedroom Apartment Sea View - 1329,5c00a4c0-ae6d-4c75-ac18-49555f3203a6,78098606-3cfc-42a4-b738-1ca9f685ab65,2027-02-08,31
Two Bedroom Apartment Sea View - 1329,5c00a4c0-ae6d-4c75-ac18-49555f3203a6,78098606-3cfc-42a4-b738-1ca9f685ab65,2027-02-09,31
Two Bedroom Apartment Sea View - 1329,5c00a4c0-ae6d-4c75-ac18-49555f3203a6,78098606-3cfc-42a4-b738-1ca9f685ab65,2027-02-10,31
Two Bedroom Apartment Sea View - 1329,5c00a4c0-ae6d-4c75-ac18-49555f3203a6,78098606-3cfc-42a4-b738-1ca9f685ab65,2027-02-11,31
Two Bedroom Apartment Sea View - 1329,5c00a4c0-ae6d-4c75-ac18-49555f3203a6,78098606-3cfc-42a4-b738-1ca9f685ab65,2027-02-12,31
Two Bedroom Apartment Sea View - 1329,5c00a4c0-ae6d-4c75-ac18-49555f3203a6,78098606-3cfc-42a4-b738-1ca9f685ab65,2027-02-13,31
Two Bedroom Apartment Sea View - 1329,5c00a4c0-ae6d-4c75-ac18-49555f3203a6,78098606-3cfc-42a4-b738-1ca9f685ab65,2027-02-14,31
Two Bedroom Apartment Sea View - 1329,5c00a4c0-ae6d-4c75-ac18-49555f3203a6,78098606-3cfc-42a4-b738-1ca9f685ab65,2027-02-15,31
Two Bedroom Apartment Sea View - 1329,5c00a4c0-ae6d-4c75-ac18-49555f3203a6,78098606-3cfc-42a4-b738-1ca9f685ab65,2027-02-16,31
Two Bedroom Apartment Sea View - 1329,5c00a4c0-ae6d-4c75-ac18-49555f3203a6,78098606-3cfc-42a4-b738-1ca9f685ab65,2027-02-17,31
Two Bedroom Apartment Sea View - 1329,5c00a4c0-ae6d-4c75-ac18-49555f3203a6,78098606-3cfc-42a4-b738-1ca9f685ab65,2027-02-18,31
Two Bedroom Apartment Sea View - 1329,5c00a4c0-ae6d-4c75-ac18-49555f3203a6,78098606-3cfc-42a4-b738-1ca9f685ab65,2027-02-19,31
Two Bedroom Apartment Sea View - 1329,5c00a4c0-ae6d-4c75-ac18-49555f3203a6,78098606-3cfc-42a4-b738-1ca9f685ab65,2027-02-20,31
Two Bedroom Apartment Sea View - 1329,5c00a4c0-ae6d-4c75-ac18-49555f3203a6,78098606-3cfc-42a4-b738-1ca9f685ab65,2027-02-21,31
Two Bedroom Apartment Sea View - 1329,5c00a4c0-ae6d-4c75-ac18-49555f3203a6,78098606-3cfc-42a4-b738-1ca9f685ab65,2027-02-22,31
Two Bedroom Apartment Sea View - 1329,5c00a4c0-ae6d-4c75-ac18-49555f3203a6,78098606-3cfc-42a4-b738-1ca9f685ab65,2027-02-23,31
Two Bedroom Apartment Sea View - 1329,5c00a4c0-ae6d-4c75-ac18-49555f3203a6,78098606-3cfc-42a4-b738-1ca9f685ab65,2027-02-24,31
Two Bedroom Apartment Sea View - 1329,5c00a4c0-ae6d-4c75-ac18-49555f3203a6,78098606-3cfc-42a4-b738-1ca9f685ab65,2027-02-25,31
Two Bedroom Apartment Sea View - 1329,5c00a4c0-ae6d-4c75-ac18-49555f3203a6,78098606-3cfc-42a4-b738-1ca9f685ab65,2027-02-26,31
Two Bedroom Apartment Sea View - 1329,5c00a4c0-ae6d-4c75-ac18-49555f3203a6,78098606-3cfc-42a4-b738-1ca9f685ab65,2027-02-27,31
Two Bedroom Apartment Sea View - 1329,5c00a4c0-ae6d-4c75-ac18-49555f3203a6,78098606-3cfc-42a4-b738-1ca9f685ab65,2027-02-28,31
Two Bedroom Apartment Sea View - 1329,5c00a4c0-ae6d-4c75-ac18-49555f3203a6,78098606-3cfc-42a4-b738-1ca9f685ab65,2027-03-01,31
Two Bedroom Apartment Sea View - 1329,5c00a4c0-ae6d-4c75-ac18-49555f3203a6,78098606-3cfc-42a4-b738-1ca9f685ab65,2027-03-02,31
Two Bedroom Apartment Sea View - 1329,5c00a4c0-ae6d-4c75-ac18-49555f3203a6,78098606-3cfc-42a4-b738-1ca9f685ab65,2027-03-03,31
Two Bedroom Apartment Sea View - 1329,5c00a4c0-ae6d-4c75-ac18-49555f3203a6,78098606-3cfc-42a4-b738-1ca9f685ab65,2027-03-04,31
Two Bedroom Apartment Sea View - 1329,5c00a4c0-ae6d-4c75-ac18-49555f3203a6,78098606-3cfc-42a4-b738-1ca9f685ab65,2027-03-05,31
Two Bedroom Apartment Sea View - 1329,5c00a4c0-ae6d-4c75-ac18-49555f3203a6,78098606-3cfc-42a4-b738-1ca9f685ab65,2027-03-06,31
Two Bedroom Apartment Sea View - 1329,5c00a4c0-ae6d-4c75-ac18-49555f3203a6,78098606-3cfc-42a4-b738-1ca9f685ab65,2027-03-07,31
Two Bedroom Apartment Sea View - 1329,5c00a4c0-ae6d-4c75-ac18-49555f3203a6,78098606-3cfc-42a4-b738-1ca9f685ab65,2027-03-08,31
Two Bedroom Apartment Sea View - 1329,5c00a4c0-ae6d-4c75-ac18-49555f3203a6,78098606-3cfc-42a4-b738-1ca9f685ab65,2027-03-09,31
Two Bedroom Apartment Sea View - 1329,5c00a4c0-ae6d-4c75-ac18-49555f3203a6,78098606-3cfc-42a4-b738-1ca9f685ab65,2027-03-10,31
Two Bedroom Apartment Sea View - 1329,5c00a4c0-ae6d-4c75-ac18-49555f3203a6,78098606-3cfc-42a4-b738-1ca9f685ab65,2027-03-11,31
Two Bedroom Apartment Sea View - 1329,5c00a4c0-ae6d-4c75-ac18-49555f3203a6,78098606-3cfc-42a4-b738-1ca9f685ab65,2027-03-12,31
Two Bedroom Apartment Sea View - 1329,5c00a4c0-ae6d-4c75-ac18-49555f3203a6,78098606-3cfc-42a4-b738-1ca9f685ab65,2027-03-13,31
Two Bedroom Apartment Sea View - 1329,5c00a4c0-ae6d-4c75-ac18-49555f3203a6,78098606-3cfc-42a4-b738-1ca9f685ab65,2027-03-14,31
Two Bedroom Apartment Sea View - 1329,5c00a4c0-ae6d-4c75-ac18-49555f3203a6,78098606-3cfc-42a4-b738-1ca9f685ab65,2027-03-15,31
Two Bedroom Apartment Sea View - 1329,5c00a4c0-ae6d-4c75-ac18-49555f3203a6,78098606-3cfc-42a4-b738-1ca9f685ab65,2027-03-16,31
Two Bedroom Apartment Sea View - 1329,5c00a4c0-ae6d-4c75-ac18-49555f3203a6,78098606-3cfc-42a4-b738-1ca9f685ab65,2027-03-17,31
Two Bedroom Apartment Sea View - 1329,5c00a4c0-ae6d-4c75-ac18-49555f3203a6,78098606-3cfc-42a4-b738-1ca9f685ab65,2027-03-18,31
Two Bedroom Apartment Sea View - 1329,5c00a4c0-ae6d-4c75-ac18-49555f3203a6,78098606-3cfc-42a4-b738-1ca9f685ab65,2027-03-19,31
Two Bedroom Apartment Sea View - 1329,5c00a4c0-ae6d-4c75-ac18-49555f3203a6,78098606-3cfc-42a4-b738-1ca9f685ab65,2027-03-20,31
Two Bedroom Apartment Sea View - 1329,5c00a4c0-ae6d-4c75-ac18-49555f3203a6,78098606-3cfc-42a4-b738-1ca9f685ab65,2027-03-21,31
Two Bedroom Apartment Sea View - 1329,5c00a4c0-ae6d-4c75-ac18-49555f3203a6,78098606-3cfc-42a4-b738-1ca9f685ab65,2027-03-22,31
Two Bedroom Apartment Sea View - 1329,5c00a4c0-ae6d-4c75-ac18-49555f3203a6,78098606-3cfc-42a4-b738-1ca9f685ab65,2027-03-23,31
Two Bedroom Apartment Sea View - 1329,5c00a4c0-ae6d-4c75-ac18-49555f3203a6,78098606-3cfc-42a4-b738-1ca9f685ab65,2027-03-24,31
Two Bedroom Apartment Sea View - 1329,5c00a4c0-ae6d-4c75-ac18-49555f3203a6,78098606-3cfc-42a4-b738-1ca9f685ab65,2027-03-25,31
Two Bedroom Apartment Sea View - 1329,5c00a4c0-ae6d-4c75-ac18-49555f3203a6,78098606-3cfc-42a4-b738-1ca9f685ab65,2027-03-26,31
Two Bedroom Apartment Sea View - 1329,5c00a4c0-ae6d-4c75-ac18-49555f3203a6,78098606-3cfc-42a4-b738-1ca9f685ab65,2027-03-27,31
Two Bedroom Apartment Sea View - 1329,5c00a4c0-ae6d-4c75-ac18-49555f3203a6,78098606-3cfc-42a4-b738-1ca9f685ab65,2027-03-28,31
Two Bedroom Apartment Sea View - 1329,5c00a4c0-ae6d-4c75-ac18-49555f3203a6,78098606-3cfc-42a4-b738-1ca9f685ab65,2027-03-29,31
Two Bedroom Apartment Sea View - 1329,5c00a4c0-ae6d-4c75-ac18-49555f3203a6,78098606-3cfc-42a4-b738-1ca9f685ab65,2027-03-30,31
Two Bedroom Apartment Sea View - 1329,5c00a4c0-ae6d-4c75-ac18-49555f3203a6,78098606-3cfc-42a4-b738-1ca9f685ab65,2027-03-31,31
Two Bedroom Apartment Sea View - 1329,5c00a4c0-ae6d-4c75-ac18-49555f3203a6,78098606-3cfc-42a4-b738-1ca9f685ab65,2027-04-01,31
Two Bedroom Apartment Sea View - 1329,5c00a4c0-ae6d-4c75-ac18-49555f3203a6,78098606-3cfc-42a4-b738-1ca9f685ab65,2027-04-02,31
Two Bedroom Apartment Sea View - 1329,5c00a4c0-ae6d-4c75-ac18-49555f3203a6,78098606-3cfc-42a4-b738-1ca9f685ab65,2027-04-03,31
Two Bedroom Apartment Sea View - 1329,5c00a4c0-ae6d-4c75-ac18-49555f3203a6,78098606-3cfc-42a4-b738-1ca9f685ab65,2027-04-04,31
Two Bedroom Apartment Sea View - 1329,5c00a4c0-ae6d-4c75-ac18-49555f3203a6,78098606-3cfc-42a4-b738-1ca9f685ab65,2027-04-05,31
Two Bedroom Apartment Sea View - 1329,5c00a4c0-ae6d-4c75-ac18-49555f3203a6,78098606-3cfc-42a4-b738-1ca9f685ab65,2027-04-06,31
Two Bedroom Apartment Sea View - 1329,5c00a4c0-ae6d-4c75-ac18-49555f3203a6,78098606-3cfc-42a4-b738-1ca9f685ab65,2027-04-07,31
Two Bedroom Apartment Sea View - 1329,5c00a4c0-ae6d-4c75-ac18-49555f3203a6,78098606-3cfc-42a4-b738-1ca9f685ab65,2027-04-08,31
Two Bedroom Apartment Sea View - 1329,5c00a4c0-ae6d-4c75-ac18-49555f3203a6,78098606-3cfc-42a4-b738-1ca9f685ab65,2027-04-09,31
Two Bedroom Apartment Sea View - 1329,5c00a4c0-ae6d-4c75-ac18-49555f3203a6,78098606-3cfc-42a4-b738-1ca9f685ab65,2027-04-10,31
Two Bedroom Apartment Sea View - 1329,5c00a4c0-ae6d-4c75-ac18-49555f3203a6,78098606-3cfc-42a4-b738-1ca9f685ab65,2027-04-11,31
Two Bedroom Apartment Sea View - 1329,5c00a4c0-ae6d-4c75-ac18-49555f3203a6,78098606-3cfc-42a4-b738-1ca9f685ab65,2027-04-12,31
Two Bedroom Apartment Sea View - 1329,5c00a4c0-ae6d-4c75-ac18-49555f3203a6,78098606-3cfc-42a4-b738-1ca9f685ab65,2027-04-13,31
Two Bedroom Apartment Sea View - 1329,5c00a4c0-ae6d-4c75-ac18-49555f3203a6,78098606-3cfc-42a4-b738-1ca9f685ab65,2027-04-14,31
Two Bedroom Apartment Sea View - 1329,5c00a4c0-ae6d-4c75-ac18-49555f3203a6,78098606-3cfc-42a4-b738-1ca9f685ab65,2027-04-15,31
Two Bedroom Apartment Sea View - 1329,5c00a4c0-ae6d-4c75-ac18-49555f3203a6,78098606-3cfc-42a4-b738-1ca9f685ab65,2027-04-16,31
Two Bedroom Apartment Sea View - 1329,5c00a4c0-ae6d-4c75-ac18-49555f3203a6,78098606-3cfc-42a4-b738-1ca9f685ab65,2027-04-17,31
Two Bedroom Apartment Sea View - 1329,5c00a4c0-ae6d-4c75-ac18-49555f3203a6,78098606-3cfc-42a4-b738-1ca9f685ab65,2027-04-18,31
Two Bedroom Apartment Sea View - 1329,5c00a4c0-ae6d-4c75-ac18-49555f3203a6,78098606-3cfc-42a4-b738-1ca9f685ab65,2027-04-19,31
Two Bedroom Apartment Sea View - 1329,5c00a4c0-ae6d-4c75-ac18-49555f3203a6,78098606-3cfc-42a4-b738-1ca9f685ab65,2027-04-20,31
Two Bedroom Apartment Sea View - 1329,5c00a4c0-ae6d-4c75-ac18-49555f3203a6,78098606-3cfc-42a4-b738-1ca9f685ab65,2027-04-21,31
Two Bedroom Apartment Sea View - 1329,5c00a4c0-ae6d-4c75-ac18-49555f3203a6,78098606-3cfc-42a4-b738-1ca9f685ab65,2027-04-22,31
Two Bedroom Apartment Sea View - 1329,5c00a4c0-ae6d-4c75-ac18-49555f3203a6,78098606-3cfc-42a4-b738-1ca9f685ab65,2027-04-23,31
Two Bedroom Apartment Sea View - 1329,5c00a4c0-ae6d-4c75-ac18-49555f3203a6,78098606-3cfc-42a4-b738-1ca9f685ab65,2027-04-24,31
Two Bedroom Apartment Sea View - 1329,5c00a4c0-ae6d-4c75-ac18-49555f3203a6,78098606-3cfc-42a4-b738-1ca9f685ab65,2027-04-25,31
Two Bedroom Apartment Sea View - 1329,5c00a4c0-ae6d-4c75-ac18-49555f3203a6,78098606-3cfc-42a4-b738-1ca9f685ab65,2027-04-26,31
Two Bedroom Apartment Sea View - 1329,5c00a4c0-ae6d-4c75-ac18-49555f3203a6,78098606-3cfc-42a4-b738-1ca9f685ab65,2027-04-27,31
Two Bedroom Apartment Sea View - 1329,5c00a4c0-ae6d-4c75-ac18-49555f3203a6,78098606-3cfc-42a4-b738-1ca9f685ab65,2027-04-28,31
Two Bedroom Apartment Sea View - 1329,5c00a4c0-ae6d-4c75-ac18-49555f3203a6,78098606-3cfc-42a4-b738-1ca9f685ab65,2027-04-29,31
Two Bedroom Apartment Sea View - 1329,5c00a4c0-ae6d-4c75-ac18-49555f3203a6,78098606-3cfc-42a4-b738-1ca9f685ab65,2027-04-30,31
Two Bedroom Apartment Sea View - 1329,5c00a4c0-ae6d-4c75-ac18-49555f3203a6,78098606-3cfc-42a4-b738-1ca9f685ab65,2027-05-01,31
Two Bedroom Apartment Sea View - 1329,5c00a4c0-ae6d-4c75-ac18-49555f3203a6,78098606-3cfc-42a4-b738-1ca9f685ab65,2027-05-02,31
Two Bedroom Apartment Sea View - 1329,5c00a4c0-ae6d-4c75-ac18-49555f3203a6,78098606-3cfc-42a4-b738-1ca9f685ab65,2027-05-03,31
Two Bedroom Apartment Sea View - 1329,5c00a4c0-ae6d-4c75-ac18-49555f3203a6,78098606-3cfc-42a4-b738-1ca9f685ab65,2027-05-04,31
Two Bedroom Apartment Sea View - 1329,5c00a4c0-ae6d-4c75-ac18-49555f3203a6,78098606-3cfc-42a4-b738-1ca9f685ab65,2027-05-05,31
Two Bedroom Apartment Sea View - 1329,5c00a4c0-ae6d-4c75-ac18-49555f3203a6,78098606-3cfc-42a4-b738-1ca9f685ab65,2027-05-06,31
Two Bedroom Apartment Sea View - 1329,5c00a4c0-ae6d-4c75-ac18-49555f3203a6,78098606-3cfc-42a4-b738-1ca9f685ab65,2027-05-07,31
Two Bedroom Apartment Sea View - 1329,5c00a4c0-ae6d-4c75-ac18-49555f3203a6,78098606-3cfc-42a4-b738-1ca9f685ab65,2027-05-08,31
Two Bedroom Apartment Sea View - 1329,5c00a4c0-ae6d-4c75-ac18-49555f3203a6,78098606-3cfc-42a4-b738-1ca9f685ab65,2027-05-09,31
Two Bedroom Apartment Sea View - 1329,5c00a4c0-ae6d-4c75-ac18-49555f3203a6,78098606-3cfc-42a4-b738-1ca9f685ab65,2027-05-10,31
Two Bedroom Apartment Sea View - 1329,5c00a4c0-ae6d-4c75-ac18-49555f3203a6,78098606-3cfc-42a4-b738-1ca9f685ab65,2027-05-11,31
Two Bedroom Apartment Sea View - 1329,5c00a4c0-ae6d-4c75-ac18-49555f3203a6,78098606-3cfc-42a4-b738-1ca9f685ab65,2027-05-12,31
Two Bedroom Apartment Sea View - 1329,5c00a4c0-ae6d-4c75-ac18-49555f3203a6,78098606-3cfc-42a4-b738-1ca9f685ab65,2027-05-13,31
Two Bedroom Apartment Sea View - 1329,5c00a4c0-ae6d-4c75-ac18-49555f3203a6,78098606-3cfc-42a4-b738-1ca9f685ab65,2027-05-14,31
Two Bedroom Apartment Sea View - 1329,5c00a4c0-ae6d-4c75-ac18-49555f3203a6,78098606-3cfc-42a4-b738-1ca9f685ab65,2027-05-15,31
Two Bedroom Apartment Sea View - 1329,5c00a4c0-ae6d-4c75-ac18-49555f3203a6,78098606-3cfc-42a4-b738-1ca9f685ab65,2027-05-16,31
Two Bedroom Apartment Sea View - 1329,5c00a4c0-ae6d-4c75-ac18-49555f3203a6,78098606-3cfc-42a4-b738-1ca9f685ab65,2027-05-17,31
Two Bedroom Apartment Sea View - 1329,5c00a4c0-ae6d-4c75-ac18-49555f3203a6,78098606-3cfc-42a4-b738-1ca9f685ab65,2027-05-18,31
Two Bedroom Apartment Sea View - 1329,5c00a4c0-ae6d-4c75-ac18-49555f3203a6,78098606-3cfc-42a4-b738-1ca9f685ab65,2027-05-19,31
Two Bedroom Apartment Sea View - 1329,5c00a4c0-ae6d-4c75-ac18-49555f3203a6,78098606-3cfc-42a4-b738-1ca9f685ab65,2027-05-20,31
Two Bedroom Apartment Sea View - 1329,5c00a4c0-ae6d-4c75-ac18-49555f3203a6,78098606-3cfc-42a4-b738-1ca9f685ab65,2027-05-21,31
Two Bedroom Apartment Sea View - 1329,5c00a4c0-ae6d-4c75-ac18-49555f3203a6,78098606-3cfc-42a4-b738-1ca9f685ab65,2027-05-22,31
Two Bedroom Apartment Sea View - 1329,5c00a4c0-ae6d-4c75-ac18-49555f3203a6,78098606-3cfc-42a4-b738-1ca9f685ab65,2027-05-23,31
Two Bedroom Apartment Sea View - 1329,5c00a4c0-ae6d-4c75-ac18-49555f3203a6,78098606-3cfc-42a4-b738-1ca9f685ab65,2027-05-24,31
Two Bedroom Apartment Sea View - 1329,5c00a4c0-ae6d-4c75-ac18-49555f3203a6,78098606-3cfc-42a4-b738-1ca9f685ab65,2027-05-25,31
Two Bedroom Apartment Sea View - 1329,5c00a4c0-ae6d-4c75-ac18-49555f3203a6,78098606-3cfc-42a4-b738-1ca9f685ab65,2027-05-26,31
Two Bedroom Apartment Sea View - 1329,5c00a4c0-ae6d-4c75-ac18-49555f3203a6,78098606-3cfc-42a4-b738-1ca9f685ab65,2027-05-27,31
Two Bedroom Apartment Sea View - 1329,5c00a4c0-ae6d-4c75-ac18-49555f3203a6,78098606-3cfc-42a4-b738-1ca9f685ab65,2027-05-28,31
Two Bedroom Apartment Sea View - 1329,5c00a4c0-ae6d-4c75-ac18-49555f3203a6,78098606-3cfc-42a4-b738-1ca9f685ab65,2027-05-29,31
Two Bedroom Apartment Sea View - 1329,5c00a4c0-ae6d-4c75-ac18-49555f3203a6,78098606-3cfc-42a4-b738-1ca9f685ab65,2027-05-30,31
Two Bedroom Apartment Sea View - 1329,5c00a4c0-ae6d-4c75-ac18-49555f3203a6,78098606-3cfc-42a4-b738-1ca9f685ab65,2027-05-31,31
Two Bedroom Apartment Sea View - 1329,5c00a4c0-ae6d-4c75-ac18-49555f3203a6,78098606-3cfc-42a4-b738-1ca9f685ab65,2027-06-01,31
Two Bedroom Apartment Sea View - 1329,5c00a4c0-ae6d-4c75-ac18-49555f3203a6,78098606-3cfc-42a4-b738-1ca9f685ab65,2027-06-02,31
Two Bedroom Apartment Sea View - 1329,5c00a4c0-ae6d-4c75-ac18-49555f3203a6,78098606-3cfc-42a4-b738-1ca9f685ab65,2027-06-03,31
Two Bedroom Apartment Sea View - 1329,5c00a4c0-ae6d-4c75-ac18-49555f3203a6,78098606-3cfc-42a4-b738-1ca9f685ab65,2027-06-04,31
Two Bedroom Apartment Sea View - 1329,5c00a4c0-ae6d-4c75-ac18-49555f3203a6,78098606-3cfc-42a4-b738-1ca9f685ab65,2027-06-05,31
Two Bedroom Apartment Sea View - 1329,5c00a4c0-ae6d-4c75-ac18-49555f3203a6,78098606-3cfc-42a4-b738-1ca9f685ab65,2027-06-06,31
Two Bedroom Apartment Sea View - 1329,5c00a4c0-ae6d-4c75-ac18-49555f3203a6,78098606-3cfc-42a4-b738-1ca9f685ab65,2027-06-07,31
Two Bedroom Apartment Sea View - 1329,5c00a4c0-ae6d-4c75-ac18-49555f3203a6,78098606-3cfc-42a4-b738-1ca9f685ab65,2027-06-08,31
Two Bedroom Apartment Sea View - 1329,5c00a4c0-ae6d-4c75-ac18-49555f3203a6,78098606-3cfc-42a4-b738-1ca9f685ab65,2027-06-09,31
Two Bedroom Apartment Sea View - 1329,5c00a4c0-ae6d-4c75-ac18-49555f3203a6,78098606-3cfc-42a4-b738-1ca9f685ab65,2027-06-10,31
Two Bedroom Apartment Sea View - 1329,5c00a4c0-ae6d-4c75-ac18-49555f3203a6,78098606-3cfc-42a4-b738-1ca9f685ab65,2027-06-11,31
Two Bedroom Apartment Sea View - 1329,5c00a4c0-ae6d-4c75-ac18-49555f3203a6,78098606-3cfc-42a4-b738-1ca9f685ab65,2027-06-12,31
Two Bedroom Apartment Sea View - 1329,5c00a4c0-ae6d-4c75-ac18-49555f3203a6,78098606-3cfc-42a4-b738-1ca9f685ab65,2027-06-13,31
Two Bedroom Apartment Sea View - 1329,5c00a4c0-ae6d-4c75-ac18-49555f3203a6,78098606-3cfc-42a4-b738-1ca9f685ab65,2027-06-14,31
Two Bedroom Apartment Sea View - 1329,5c00a4c0-ae6d-4c75-ac18-49555f3203a6,78098606-3cfc-42a4-b738-1ca9f685ab65,2027-06-15,31
Two Bedroom Apartment Sea View - 1329,5c00a4c0-ae6d-4c75-ac18-49555f3203a6,78098606-3cfc-42a4-b738-1ca9f685ab65,2027-06-16,31
Two Bedroom Apartment Sea View - 1329,5c00a4c0-ae6d-4c75-ac18-49555f3203a6,78098606-3cfc-42a4-b738-1ca9f685ab65,2027-06-17,31
Two Bedroom Apartment Sea View - 1329,5c00a4c0-ae6d-4c75-ac18-49555f3203a6,78098606-3cfc-42a4-b738-1ca9f685ab65,2027-06-18,31
Two Bedroom Apartment Sea View - 1329,5c00a4c0-ae6d-4c75-ac18-49555f3203a6,78098606-3cfc-42a4-b738-1ca9f685ab65,2027-06-19,31
Two Bedroom Apartment Sea View - 1329,5c00a4c0-ae6d-4c75-ac18-49555f3203a6,78098606-3cfc-42a4-b738-1ca9f685ab65,2027-06-20,31
Two Bedroom Apartment Sea View - 1329,5c00a4c0-ae6d-4c75-ac18-49555f3203a6,78098606-3cfc-42a4-b738-1ca9f685ab65,2027-06-21,31
Two Bedroom Apartment Sea View - 1329,5c00a4c0-ae6d-4c75-ac18-49555f3203a6,78098606-3cfc-42a4-b738-1ca9f685ab65,2027-06-22,31
Two Bedroom Apartment Sea View - 1329,5c00a4c0-ae6d-4c75-ac18-49555f3203a6,78098606-3cfc-42a4-b738-1ca9f685ab65,2027-06-23,31
Two Bedroom Apartment Sea View - 1329,5c00a4c0-ae6d-4c75-ac18-49555f3203a6,78098606-3cfc-42a4-b738-1ca9f685ab65,2027-06-24,31
Two Bedroom Apartment Sea View - 1329,5c00a4c0-ae6d-4c75-ac18-49555f3203a6,78098606-3cfc-42a4-b738-1ca9f685ab65,2027-06-25,31
Two Bedroom Apartment Sea View - 1329,5c00a4c0-ae6d-4c75-ac18-49555f3203a6,78098606-3cfc-42a4-b738-1ca9f685ab65,2027-06-26,31
Two Bedroom Apartment Sea View - 1329,5c00a4c0-ae6d-4c75-ac18-49555f3203a6,78098606-3cfc-42a4-b738-1ca9f685ab65,2027-06-27,31
Two Bedroom Apartment Sea View - 1329,5c00a4c0-ae6d-4c75-ac18-49555f3203a6,78098606-3cfc-42a4-b738-1ca9f685ab65,2027-06-28,31
Two Bedroom Apartment Sea View - 1329,5c00a4c0-ae6d-4c75-ac18-49555f3203a6,78098606-3cfc-42a4-b738-1ca9f685ab65,2027-06-29,31
Two Bedroom Apartment Sea View - 1329,5c00a4c0-ae6d-4c75-ac18-49555f3203a6,78098606-3cfc-42a4-b738-1ca9f685ab65,2027-06-30,31
Two Bedroom Apartment Sea View - 1329,5c00a4c0-ae6d-4c75-ac18-49555f3203a6,78098606-3cfc-42a4-b738-1ca9f685ab65,2027-07-01,31
Two Bedroom Apartment Sea View - 1329,5c00a4c0-ae6d-4c75-ac18-49555f3203a6,78098606-3cfc-42a4-b738-1ca9f685ab65,2027-07-02,31
Two Bedroom Apartment Sea View - 1329,5c00a4c0-ae6d-4c75-ac18-49555f3203a6,78098606-3cfc-42a4-b738-1ca9f685ab65,2027-07-03,31
Two Bedroom Apartment Sea View - 1329,5c00a4c0-ae6d-4c75-ac18-49555f3203a6,78098606-3cfc-42a4-b738-1ca9f685ab65,2027-07-04,31
Two Bedroom Apartment Sea View - 1329,5c00a4c0-ae6d-4c75-ac18-49555f3203a6,78098606-3cfc-42a4-b738-1ca9f685ab65,2027-07-05,31
Two Bedroom Apartment Sea View - 1329,5c00a4c0-ae6d-4c75-ac18-49555f3203a6,78098606-3cfc-42a4-b738-1ca9f685ab65,2027-07-06,31
Two Bedroom Apartment Sea View - 1329,5c00a4c0-ae6d-4c75-ac18-49555f3203a6,78098606-3cfc-42a4-b738-1ca9f685ab65,2027-07-07,31
Two Bedroom Apartment Sea View - 1329,5c00a4c0-ae6d-4c75-ac18-49555f3203a6,78098606-3cfc-42a4-b738-1ca9f685ab65,2027-07-08,31
Two Bedroom Apartment Sea View - 1329,5c00a4c0-ae6d-4c75-ac18-49555f3203a6,78098606-3cfc-42a4-b738-1ca9f685ab65,2027-07-09,31
Two Bedroom Apartment Sea View - 1329,5c00a4c0-ae6d-4c75-ac18-49555f3203a6,78098606-3cfc-42a4-b738-1ca9f685ab65,2027-07-10,31
Two Bedroom Apartment Sea View - 1329,5c00a4c0-ae6d-4c75-ac18-49555f3203a6,78098606-3cfc-42a4-b738-1ca9f685ab65,2027-07-11,31
Two Bedroom Apartment Sea View - 1329,5c00a4c0-ae6d-4c75-ac18-49555f3203a6,78098606-3cfc-42a4-b738-1ca9f685ab65,2027-07-12,31
Two Bedroom Apartment Sea View - 1329,5c00a4c0-ae6d-4c75-ac18-49555f3203a6,78098606-3cfc-42a4-b738-1ca9f685ab65,2027-07-13,31
Two Bedroom Apartment Sea View - 1329,5c00a4c0-ae6d-4c75-ac18-49555f3203a6,78098606-3cfc-42a4-b738-1ca9f685ab65,2027-07-14,31
Two Bedroom Apartment Sea View - 1329,5c00a4c0-ae6d-4c75-ac18-49555f3203a6,78098606-3cfc-42a4-b738-1ca9f685ab65,2027-07-15,31
Two Bedroom Apartment Sea View - 1329,5c00a4c0-ae6d-4c75-ac18-49555f3203a6,78098606-3cfc-42a4-b738-1ca9f685ab65,2027-07-16,31
Two Bedroom Apartment Sea View - 1329,5c00a4c0-ae6d-4c75-ac18-49555f3203a6,78098606-3cfc-42a4-b738-1ca9f685ab65,2027-07-17,31
Two Bedroom Apartment Sea View - 1329,5c00a4c0-ae6d-4c75-ac18-49555f3203a6,78098606-3cfc-42a4-b738-1ca9f685ab65,2027-07-18,31
Two Bedroom Apartment Sea View - 1329,5c00a4c0-ae6d-4c75-ac18-49555f3203a6,78098606-3cfc-42a4-b738-1ca9f685ab65,2027-07-19,31
Two Bedroom Apartment Sea View - 1329,5c00a4c0-ae6d-4c75-ac18-49555f3203a6,78098606-3cfc-42a4-b738-1ca9f685ab65,2027-07-20,31
Two Bedroom Apartment Sea View - 1329,5c00a4c0-ae6d-4c75-ac18-49555f3203a6,78098606-3cfc-42a4-b738-1ca9f685ab65,2027-07-21,31
Two Bedroom Apartment Sea View - 1329,5c00a4c0-ae6d-4c75-ac18-49555f3203a6,78098606-3cfc-42a4-b738-1ca9f685ab65,2027-07-22,31
Two Bedroom Apartment Sea View - 1329,5c00a4c0-ae6d-4c75-ac18-49555f3203a6,78098606-3cfc-42a4-b738-1ca9f685ab65,2027-07-23,31
Two Bedroom Apartment Sea View - 1329,5c00a4c0-ae6d-4c75-ac18-49555f3203a6,78098606-3cfc-42a4-b738-1ca9f685ab65,2027-07-24,31
Two Bedroom Apartment Sea View - 1329,5c00a4c0-ae6d-4c75-ac18-49555f3203a6,78098606-3cfc-42a4-b738-1ca9f685ab65,2027-07-25,31
Two Bedroom Apartment Sea View - 1329,5c00a4c0-ae6d-4c75-ac18-49555f3203a6,78098606-3cfc-42a4-b738-1ca9f685ab65,2027-07-26,31
Two Bedroom Apartment Sea View - 1329,5c00a4c0-ae6d-4c75-ac18-49555f3203a6,78098606-3cfc-42a4-b738-1ca9f685ab65,2027-07-27,31
Two Bedroom Apartment Sea View - 1329,5c00a4c0-ae6d-4c75-ac18-49555f3203a6,78098606-3cfc-42a4-b738-1ca9f685ab65,2027-07-28,31
Two Bedroom Apartment Sea View - 1329,5c00a4c0-ae6d-4c75-ac18-49555f3203a6,78098606-3cfc-42a4-b738-1ca9f685ab65,2027-07-29,31
Two Bedroom Apartment Sea View - 1329,5c00a4c0-ae6d-4c75-ac18-49555f3203a6,78098606-3cfc-42a4-b738-1ca9f685ab65,2027-07-30,31
Two Bedroom Apartment Sea View - 1329,5c00a4c0-ae6d-4c75-ac18-49555f3203a6,78098606-3cfc-42a4-b738-1ca9f685ab65,2027-07-31,31
Two Bedroom Apartment Sea View - 1329,5c00a4c0-ae6d-4c75-ac18-49555f3203a6,78098606-3cfc-42a4-b738-1ca9f685ab65,2027-08-01,31
Two Bedroom Apartment Sea View - 1329,5c00a4c0-ae6d-4c75-ac18-49555f3203a6,78098606-3cfc-42a4-b738-1ca9f685ab65,2027-08-02,31
Two Bedroom Apartment Sea View - 1329,5c00a4c0-ae6d-4c75-ac18-49555f3203a6,78098606-3cfc-42a4-b738-1ca9f685ab65,2027-08-03,31
חניה זמנית,b7734491-4828-49d7-a7f8-a6a1a28d9877,a14608d7-8134-4797-93f6-fd05b9b5ce64,2026-07-25,31
חניה זמנית,b7734491-4828-49d7-a7f8-a6a1a28d9877,a14608d7-8134-4797-93f6-fd05b9b5ce64,2026-07-26,31
חניה זמנית,b7734491-4828-49d7-a7f8-a6a1a28d9877,a14608d7-8134-4797-93f6-fd05b9b5ce64,2026-07-27,31
חניה זמנית,b7734491-4828-49d7-a7f8-a6a1a28d9877,a14608d7-8134-4797-93f6-fd05b9b5ce64,2026-07-28,31
חניה זמנית,b7734491-4828-49d7-a7f8-a6a1a28d9877,a14608d7-8134-4797-93f6-fd05b9b5ce64,2026-07-29,31
חניה זמנית,b7734491-4828-49d7-a7f8-a6a1a28d9877,a14608d7-8134-4797-93f6-fd05b9b5ce64,2026-07-30,31
חניה זמנית,b7734491-4828-49d7-a7f8-a6a1a28d9877,a14608d7-8134-4797-93f6-fd05b9b5ce64,2026-07-31,31
חניה זמנית,b7734491-4828-49d7-a7f8-a6a1a28d9877,a14608d7-8134-4797-93f6-fd05b9b5ce64,2026-08-01,31
חניה זמנית,b7734491-4828-49d7-a7f8-a6a1a28d9877,a14608d7-8134-4797-93f6-fd05b9b5ce64,2026-08-02,31
חניה זמנית,b7734491-4828-49d7-a7f8-a6a1a28d9877,a14608d7-8134-4797-93f6-fd05b9b5ce64,2026-08-03,31
חניה זמנית,b7734491-4828-49d7-a7f8-a6a1a28d9877,a14608d7-8134-4797-93f6-fd05b9b5ce64,2026-08-04,31
חניה זמנית,b7734491-4828-49d7-a7f8-a6a1a28d9877,a14608d7-8134-4797-93f6-fd05b9b5ce64,2026-08-05,31
חניה זמנית,b7734491-4828-49d7-a7f8-a6a1a28d9877,a14608d7-8134-4797-93f6-fd05b9b5ce64,2026-08-06,31
חניה זמנית,b7734491-4828-49d7-a7f8-a6a1a28d9877,a14608d7-8134-4797-93f6-fd05b9b5ce64,2026-08-07,31
חניה זמנית,b7734491-4828-49d7-a7f8-a6a1a28d9877,a14608d7-8134-4797-93f6-fd05b9b5ce64,2026-08-08,31
חניה זמנית,b7734491-4828-49d7-a7f8-a6a1a28d9877,a14608d7-8134-4797-93f6-fd05b9b5ce64,2026-08-09,31
חניה זמנית,b7734491-4828-49d7-a7f8-a6a1a28d9877,a14608d7-8134-4797-93f6-fd05b9b5ce64,2026-08-10,31
חניה זמנית,b7734491-4828-49d7-a7f8-a6a1a28d9877,a14608d7-8134-4797-93f6-fd05b9b5ce64,2026-08-11,31
חניה זמנית,b7734491-4828-49d7-a7f8-a6a1a28d9877,a14608d7-8134-4797-93f6-fd05b9b5ce64,2026-08-12,31
חניה זמנית,b7734491-4828-49d7-a7f8-a6a1a28d9877,a14608d7-8134-4797-93f6-fd05b9b5ce64,2026-08-13,31
חניה זמנית,b7734491-4828-49d7-a7f8-a6a1a28d9877,a14608d7-8134-4797-93f6-fd05b9b5ce64,2026-08-14,31
חניה זמנית,b7734491-4828-49d7-a7f8-a6a1a28d9877,a14608d7-8134-4797-93f6-fd05b9b5ce64,2026-08-15,31
חניה זמנית,b7734491-4828-49d7-a7f8-a6a1a28d9877,a14608d7-8134-4797-93f6-fd05b9b5ce64,2026-08-16,31
חניה זמנית,b7734491-4828-49d7-a7f8-a6a1a28d9877,a14608d7-8134-4797-93f6-fd05b9b5ce64,2026-08-17,31
